timestamp,temperature,relative_humidity,pressure,energy,pm25,latitude,longitude,domain,entity_id,mask_temperature,mask_relative_humidity,mask_pressure,mask_energy,mask_pm25
2025-01-01 00:00:00+00:00,15.81217268183162,59.08236537952489,1012.7359141238684,23.92703137784383,,54.8,23.8,source,bdg2_0,1,1,1,1,0
2025-01-01 01:00:00+00:00,17.244437130379985,53.441863413449326,1013.9845794649372,22.944697873592293,,54.8,23.8,source,bdg2_0,1,1,1,1,0
2025-01-01 02:00:00+00:00,18.65951954802855,53.62594443678388,1013.9552442492816,20.439859290502348,,54.8,23.8,source,bdg2_0,1,1,1,1,0
2025-01-01 03:00:00+00:00,19.78853886629908,50.93863709375881,1013.9027781494776,20.36457482675323,,54.8,23.8,source,bdg2_0,1,1,1,1,0
2025-01-01 04:00:00+00:00,20.97596372271585,48.29090752770468,1013.4682336718864,21.25268819479363,,54.8,23.8,source,bdg2_0,1,1,1,1,0
2025-01-01 05:00:00+00:00,21.211171195417016,50.1259756492906,1014.0085301817852,20.67286520745653,,54.8,23.8,source,bdg2_0,1,1,1,1,0
2025-01-01 06:00:00+00:00,22.45042797463221,46.9744082112385,1013.6061176891096,19.06423056574093,,54.8,23.8,source,bdg2_0,1,1,1,1,0
2025-01-01 07:00:00+00:00,21.627536744210467,49.20442328463846,1013.4306267594447,19.77361734169868,,54.8,23.8,source,bdg2_0,1,1,1,1,0
2025-01-01 08:00:00+00:00,20.718591476431275,48.33988669233866,1013.5486424578144,20.657208382158903,,54.8,23.8,source,bdg2_0,1,1,1,1,0
2025-01-01 09:00:00+00:00,19.391092293988194,51.86634217248707,1014.8207382744204,22.2065102546446,,54.8,23.8,source,bdg2_0,1,1,1,1,0
2025-01-01 10:00:00+00:00,18.40408222381919,52.66855655387275,1013.7224439262238,24.192454601027748,,54.8,23.8,source,bdg2_0,1,1,1,1,0
2025-01-01 11:00:00+00:00,16.83713719310566,55.938677988915714,1014.295133815293,25.80615991096624,,54.8,23.8,source,bdg2_0,1,1,1,1,0
2025-01-01 12:00:00+00:00,15.060079476240814,60.92580466456113,1014.4517363773306,24.64775015350648,,54.8,23.8,source,bdg2_0,1,1,1,1,0
2025-01-01 13:00:00+00:00,12.617007585271285,62.58181445761094,1014.2973587681316,26.8807184166948,,54.8,23.8,source,bdg2_0,1,1,1,1,0
2025-01-01 14:00:00+00:00,11.919491706937254,67.39665312195534,1014.6427936626272,28.385141164270728,,54.8,23.8,source,bdg2_0,1,1,1,1,0
2025-01-01 15:00:00+00:00,9.673053561195845,70.3645836070885,1014.852561139755,28.23744107083002,,54.8,23.8,source,bdg2_0,1,1,1,1,0
2025-01-01 16:00:00+00:00,9.18208124677768,70.27894727588168,1015.2557748679168,30.84994383534439,,54.8,23.8,source,bdg2_0,1,1,1,1,0
2025-01-01 17:00:00+00:00,9.331306919243104,69.49636541223661,1014.0594036540056,29.32516326849889,,54.8,23.8,source,bdg2_0,1,1,1,1,0
2025-01-01 18:00:00+00:00,8.080018534723916,73.31425338167433,1015.0282868791968,27.977798784175995,,54.8,23.8,source,bdg2_0,1,1,1,1,0
2025-01-01 19:00:00+00:00,8.085417209662335,72.83307187937969,1015.0719096015166,30.59164031175737,,54.8,23.8,source,bdg2_0,1,1,1,1,0
2025-01-01 20:00:00+00:00,8.826658102203751,70.09116774201827,1015.133798908807,29.740178666130447,,54.8,23.8,source,bdg2_0,1,1,1,1,0
2025-01-01 21:00:00+00:00,10.149402391757553,68.66379434294976,1014.7859892004152,28.913097692253658,,54.8,23.8,source,bdg2_0,1,1,1,1,0
2025-01-01 22:00:00+00:00,11.560910635495716,67.69422586186788,1015.7986145554404,27.68515641748395,,54.8,23.8,source,bdg2_0,1,1,1,1,0
2025-01-01 23:00:00+00:00,13.00062420923729,62.147732930048925,1015.4856623464684,26.371435293861165,,54.8,23.8,source,bdg2_0,1,1,1,1,0
2025-01-02 00:00:00+00:00,14.82807316221446,60.06539528525137,1015.03549402543,25.69803203407222,,54.8,23.8,source,bdg2_0,1,1,1,1,0
2025-01-02 01:00:00+00:00,16.588169033324647,58.730933015978,1015.6155391601956,24.29948329772446,,54.8,23.8,source,bdg2_0,1,1,1,1,0
2025-01-02 02:00:00+00:00,17.952544077129478,54.254073649588,1015.8489945484962,21.546299398192065,,54.8,23.8,source,bdg2_0,1,1,1,1,0
2025-01-02 03:00:00+00:00,19.816638215304017,51.56364044580147,1014.8536139375616,21.77962548610956,,54.8,23.8,source,bdg2_0,1,1,1,1,0
2025-01-02 04:00:00+00:00,21.485258150283585,48.318421243338754,1015.7733492006854,19.35758956984038,,54.8,23.8,source,bdg2_0,1,1,1,1,0
2025-01-02 05:00:00+00:00,21.74213302939045,45.98523155247624,1016.2130550346316,20.57927140649149,,54.8,23.8,source,bdg2_0,1,1,1,1,0
2025-01-02 06:00:00+00:00,21.98769152206211,46.83725757124626,1016.3397845687866,21.96710174925473,,54.8,23.8,source,bdg2_0,1,1,1,1,0
2025-01-02 07:00:00+00:00,20.832489851800105,50.26313613021041,1016.5635121441844,20.50838256512913,,54.8,23.8,source,bdg2_0,1,1,1,1,0
2025-01-02 08:00:00+00:00,20.46254381032348,50.90271313090276,1015.7021610948937,20.065952353284548,,54.8,23.8,source,bdg2_0,1,1,1,1,0
2025-01-02 09:00:00+00:00,19.334718400472347,52.34052486972576,1016.2280534238848,20.840935364387477,,54.8,23.8,source,bdg2_0,1,1,1,1,0
2025-01-02 10:00:00+00:00,18.76028816853669,52.28348791556529,1016.267648933294,22.546567298424147,,54.8,23.8,source,bdg2_0,1,1,1,1,0
2025-01-02 11:00:00+00:00,16.71844842976397,56.74155264997603,1016.33222055737,24.456316414352404,,54.8,23.8,source,bdg2_0,1,1,1,1,0
2025-01-02 12:00:00+00:00,15.264732662176357,60.20655181499608,1015.963694300502,25.61838026199852,,54.8,23.8,source,bdg2_0,1,1,1,1,0
2025-01-02 13:00:00+00:00,13.304513963871727,64.12965565152696,1015.7926410329408,23.85925746140546,,54.8,23.8,source,bdg2_0,1,1,1,1,0
2025-01-02 14:00:00+00:00,12.019412300929712,69.28046947046137,1016.1871747004597,27.399844766716495,,54.8,23.8,source,bdg2_0,1,1,1,1,0
2025-01-02 15:00:00+00:00,9.982030159746158,68.30670009257634,1015.9898413338298,27.413515177185847,,54.8,23.8,source,bdg2_0,1,1,1,1,0
2025-01-02 16:00:00+00:00,8.679274944548816,68.89676460393787,1016.1160109722374,29.03348586655133,,54.8,23.8,source,bdg2_0,1,1,1,1,0
2025-01-02 17:00:00+00:00,8.486124877965507,71.32905517585507,1016.4910697082756,30.04316303278078,,54.8,23.8,source,bdg2_0,1,1,1,1,0
2025-01-02 18:00:00+00:00,9.095349864484866,69.15545861566336,1015.6765416558726,30.901486891648712,,54.8,23.8,source,bdg2_0,1,1,1,1,0
2025-01-02 19:00:00+00:00,9.50268206937972,71.21815774889563,1016.0197366109544,29.603314888931735,,54.8,23.8,source,bdg2_0,1,1,1,1,0
2025-01-02 20:00:00+00:00,9.603550729802723,69.96134305019923,1016.3316463114826,29.010325420023523,,54.8,23.8,source,bdg2_0,1,1,1,1,0
2025-01-02 21:00:00+00:00,9.413973154071172,68.95560295493371,1016.2327290363976,29.828759788465,,54.8,23.8,source,bdg2_0,1,1,1,1,0
2025-01-02 22:00:00+00:00,11.444776486791332,65.07395690443147,1016.2478730269848,27.74073709223774,,54.8,23.8,source,bdg2_0,1,1,1,1,0
2025-01-02 23:00:00+00:00,13.328599222843671,62.99615948560933,1016.5278687046967,26.66358794188833,,54.8,23.8,source,bdg2_0,1,1,1,1,0
2025-01-03 00:00:00+00:00,15.952329354170487,61.66658504784076,1016.2543086345956,23.372561659383745,,54.8,23.8,source,bdg2_0,1,1,1,1,0
2025-01-03 01:00:00+00:00,17.112892955865455,57.52459476424035,1016.303253315269,24.750346869194654,,54.8,23.8,source,bdg2_0,1,1,1,1,0
2025-01-03 02:00:00+00:00,18.29956090410554,55.23600842767561,1015.585565701849,24.45487807500903,,54.8,23.8,source,bdg2_0,1,1,1,1,0
2025-01-03 03:00:00+00:00,19.2837716350472,48.87368578516326,1015.0062893580132,20.573910509904216,,54.8,23.8,source,bdg2_0,1,1,1,1,0
2025-01-03 04:00:00+00:00,20.50262012721121,52.5418135101422,1015.6293714968936,19.32719719170037,,54.8,23.8,source,bdg2_0,1,1,1,1,0
2025-01-03 05:00:00+00:00,22.318672272413373,47.5291041762988,1015.1312600793392,21.04620979620396,,54.8,23.8,source,bdg2_0,1,1,1,1,0
2025-01-03 06:00:00+00:00,22.311681088289017,47.34756497556716,1016.4066766038278,20.129101579710724,,54.8,23.8,source,bdg2_0,1,1,1,1,0
2025-01-03 07:00:00+00:00,22.569955583452128,49.16300140753104,1016.4317489508238,20.279773564980086,,54.8,23.8,source,bdg2_0,1,1,1,1,0
2025-01-03 08:00:00+00:00,20.45230562800156,53.281748128178826,1015.325189127362,20.471035118188905,,54.8,23.8,source,bdg2_0,1,1,1,1,0
2025-01-03 09:00:00+00:00,19.59954821584521,51.20962695231458,1015.6615073182256,21.66629627294126,,54.8,23.8,source,bdg2_0,1,1,1,1,0
2025-01-03 10:00:00+00:00,18.830510143799348,56.68823731346335,1015.4184840370538,21.266879264553573,,54.8,23.8,source,bdg2_0,1,1,1,1,0
2025-01-03 11:00:00+00:00,16.22057425246283,55.89553968147106,1014.5766954354906,24.53093459892638,,54.8,23.8,source,bdg2_0,1,1,1,1,0
2025-01-03 12:00:00+00:00,14.750893218184476,59.533522532545696,1015.3445487059852,23.60337957540456,,54.8,23.8,source,bdg2_0,1,1,1,1,0
2025-01-03 13:00:00+00:00,12.75760850389434,64.11789582976219,1015.5831847348296,25.850923294811963,,54.8,23.8,source,bdg2_0,1,1,1,1,0
2025-01-03 14:00:00+00:00,12.405267457062736,64.04140961616338,1015.026662010412,27.269160256864524,,54.8,23.8,source,bdg2_0,1,1,1,1,0
2025-01-03 15:00:00+00:00,8.653710031620896,71.39157459466269,1015.3044863508296,27.490944524024947,,54.8,23.8,source,bdg2_0,1,1,1,1,0
2025-01-03 16:00:00+00:00,9.963408894937658,71.27079784567182,1015.2552812833238,28.723128620722143,,54.8,23.8,source,bdg2_0,1,1,1,1,0
2025-01-03 17:00:00+00:00,8.29163057799413,69.30258944112478,1015.3543752810468,29.45519081260212,,54.8,23.8,source,bdg2_0,1,1,1,1,0
2025-01-03 18:00:00+00:00,8.067024098277312,73.80308229329955,1015.0128434610008,30.26246744546327,,54.8,23.8,source,bdg2_0,1,1,1,1,0
2025-01-03 19:00:00+00:00,8.376768868387613,70.49120250962585,1015.1994629164376,31.37298824224983,,54.8,23.8,source,bdg2_0,1,1,1,1,0
2025-01-03 20:00:00+00:00,9.317225003557896,71.71966806711059,1014.2513194147318,28.462339796049264,,54.8,23.8,source,bdg2_0,1,1,1,1,0
2025-01-03 21:00:00+00:00,9.32981451954824,70.33366098048124,1014.4690062957424,29.93537784841373,,54.8,23.8,source,bdg2_0,1,1,1,1,0
2025-01-03 22:00:00+00:00,11.1090441586566,65.34373652575712,1014.5477125435956,28.42145006865951,,54.8,23.8,source,bdg2_0,1,1,1,1,0
2025-01-03 23:00:00+00:00,13.218641782182118,63.422515673741806,1014.410069668472,26.471282945788555,,54.8,23.8,source,bdg2_0,1,1,1,1,0
2025-01-04 00:00:00+00:00,14.441764991057624,60.121390651459926,1014.2083617205968,24.94317551911416,,54.8,23.8,source,bdg2_0,1,1,1,1,0
2025-01-04 01:00:00+00:00,17.057901593685948,55.87315424725645,1014.157422059257,23.408542891713907,,54.8,23.8,source,bdg2_0,1,1,1,1,0
2025-01-04 02:00:00+00:00,18.708651002487425,55.1771559765234,1013.6183104419124,23.085910431102626,,54.8,23.8,source,bdg2_0,1,1,1,1,0
2025-01-04 03:00:00+00:00,20.98263912841525,49.30798323701249,1013.575751238208,20.583888494223093,,54.8,23.8,source,bdg2_0,1,1,1,1,0
2025-01-04 04:00:00+00:00,20.922628965719426,52.04196878351775,1013.8909418614064,19.975179385790582,,54.8,23.8,source,bdg2_0,1,1,1,1,0
2025-01-04 05:00:00+00:00,22.072382536176264,47.509183287924905,1014.3381632163184,20.47563790879867,,54.8,23.8,source,bdg2_0,1,1,1,1,0
2025-01-04 06:00:00+00:00,22.69438969818513,47.00798363527047,1015.182991358055,20.824584625033456,,54.8,23.8,source,bdg2_0,1,1,1,1,0
2025-01-04 07:00:00+00:00,22.08877086031683,48.33210741311969,1013.1949362619216,19.302602190931065,,54.8,23.8,source,bdg2_0,1,1,1,1,0
2025-01-04 08:00:00+00:00,20.994189163440776,48.41179047634704,1013.5884646546529,19.84377554923049,,54.8,23.8,source,bdg2_0,1,1,1,1,0
2025-01-04 09:00:00+00:00,20.260288818725343,52.94890118194847,1012.9829731746088,22.657152161821948,,54.8,23.8,source,bdg2_0,1,1,1,1,0
2025-01-04 10:00:00+00:00,18.38102903212393,55.7329318291323,1013.4432734544048,23.62232832165708,,54.8,23.8,source,bdg2_0,1,1,1,1,0
2025-01-04 11:00:00+00:00,16.313223417952795,56.73398047860093,1013.8378882131244,23.08786792680582,,54.8,23.8,source,bdg2_0,1,1,1,1,0
2025-01-04 12:00:00+00:00,13.981399387159607,57.08611622778531,1011.746779673662,22.88583607808317,,54.8,23.8,source,bdg2_0,1,1,1,1,0
2025-01-04 13:00:00+00:00,12.98244710268811,65.02362066549284,1012.6667117774144,26.61762257911404,,54.8,23.8,source,bdg2_0,1,1,1,1,0
2025-01-04 14:00:00+00:00,11.445004254918205,66.01282341815403,1012.6917102993684,27.325819655692,,54.8,23.8,source,bdg2_0,1,1,1,1,0
2025-01-04 15:00:00+00:00,10.280834581682694,66.72130736707656,1013.1691701603576,29.455551839180487,,54.8,23.8,source,bdg2_0,1,1,1,1,0
2025-01-04 16:00:00+00:00,8.840293503070987,71.60039498176153,1012.2022009883428,28.79290399504685,,54.8,23.8,source,bdg2_0,1,1,1,1,0
2025-01-04 17:00:00+00:00,8.316651141111565,71.30577837784153,1012.2178961621754,29.157181092658742,,54.8,23.8,source,bdg2_0,1,1,1,1,0
2025-01-04 18:00:00+00:00,7.721252639106979,73.40875311629473,1011.3607754952968,30.35249436436933,,54.8,23.8,source,bdg2_0,1,1,1,1,0
2025-01-04 19:00:00+00:00,8.120300740070027,72.68283016546829,1012.481079671512,27.04709466379242,,54.8,23.8,source,bdg2_0,1,1,1,1,0
2025-01-04 20:00:00+00:00,9.23014547874763,70.8787162105859,1012.1266658950806,28.86145320264431,,54.8,23.8,source,bdg2_0,1,1,1,1,0
2025-01-04 21:00:00+00:00,10.47689314267197,67.86573740967204,1012.9265216274594,29.099916761427057,,54.8,23.8,source,bdg2_0,1,1,1,1,0
2025-01-04 22:00:00+00:00,12.56891403371974,64.82169900461965,1011.0260141067844,28.21478959748581,,54.8,23.8,source,bdg2_0,1,1,1,1,0
2025-01-04 23:00:00+00:00,13.614618715145006,63.158868686812376,1011.0309273041684,25.84620004079648,,54.8,23.8,source,bdg2_0,1,1,1,1,0
2025-01-05 00:00:00+00:00,15.30899276696016,59.72373551151939,1011.6403561899112,24.82454103133825,,54.8,23.8,source,bdg2_0,1,1,1,1,0
2025-01-05 01:00:00+00:00,16.344775987904374,56.09464096964439,1010.8849164049204,25.47386472279844,,54.8,23.8,source,bdg2_0,1,1,1,1,0
2025-01-05 02:00:00+00:00,18.262313562431,54.71641527272635,1010.9890570276792,23.29452823960109,,54.8,23.8,source,bdg2_0,1,1,1,1,0
2025-01-05 03:00:00+00:00,19.01316697948818,52.89564130284386,1011.3862198080146,23.575071147667973,,54.8,23.8,source,bdg2_0,1,1,1,1,0
2025-01-05 04:00:00+00:00,20.40891079006907,49.722265874826114,1011.493655732751,21.90277217345404,,54.8,23.8,source,bdg2_0,1,1,1,1,0
2025-01-05 05:00:00+00:00,21.550052303328087,48.53858669431761,1010.1473060787408,19.340202004531957,,54.8,23.8,source,bdg2_0,1,1,1,1,0
2025-01-05 06:00:00+00:00,22.225807975277625,49.65626148945482,1010.9886624598912,22.05635552319829,,54.8,23.8,source,bdg2_0,1,1,1,1,0
2025-01-05 07:00:00+00:00,22.641605397248025,48.31791134686897,1009.8363862655788,18.392804492748667,,54.8,23.8,source,bdg2_0,1,1,1,1,0
2025-01-05 08:00:00+00:00,20.67324841317736,51.28145681647299,1011.1146179305792,18.575625164855,,54.8,23.8,source,bdg2_0,1,1,1,1,0
2025-01-05 09:00:00+00:00,19.835364553870743,53.93476068760612,1010.691277312789,20.7144964767916,,54.8,23.8,source,bdg2_0,1,1,1,1,0
2025-01-05 10:00:00+00:00,19.527312051259063,54.08011430519751,1010.5612658351174,22.850167158828278,,54.8,23.8,source,bdg2_0,1,1,1,1,0
2025-01-05 11:00:00+00:00,16.82031567890471,56.25045804141708,1011.3303129948396,24.82160657727187,,54.8,23.8,source,bdg2_0,1,1,1,1,0
2025-01-05 12:00:00+00:00,15.42043077907056,59.84566917363968,1011.2279557407956,24.95029742084132,,54.8,23.8,source,bdg2_0,1,1,1,1,0
2025-01-05 13:00:00+00:00,13.421588317896797,64.65635884313946,1010.9906288408328,28.08384990871886,,54.8,23.8,source,bdg2_0,1,1,1,1,0
2025-01-05 14:00:00+00:00,11.725642008020074,63.47391002119766,1009.9411986245608,28.85010681868173,,54.8,23.8,source,bdg2_0,1,1,1,1,0
2025-01-05 15:00:00+00:00,9.884610946727854,69.0650900919382,1010.0340995740496,29.53641532961304,,54.8,23.8,source,bdg2_0,1,1,1,1,0
2025-01-05 16:00:00+00:00,8.745406049092542,72.57946720332752,1010.1358067781975,30.448260415639883,,54.8,23.8,source,bdg2_0,1,1,1,1,0
2025-01-05 17:00:00+00:00,8.575717268386958,70.5075220573476,1010.8971519858598,28.92799464096934,,54.8,23.8,source,bdg2_0,1,1,1,1,0
2025-01-05 18:00:00+00:00,7.588766405547874,73.08256693816904,1009.9844223955598,29.40615693274549,,54.8,23.8,source,bdg2_0,1,1,1,1,0
2025-01-05 19:00:00+00:00,8.06656886137133,70.09085613066004,1010.772810437227,30.438143829930187,,54.8,23.8,source,bdg2_0,1,1,1,1,0
2025-01-05 20:00:00+00:00,8.903157825163689,70.22971674465296,1010.432456510451,31.09546211944126,,54.8,23.8,source,bdg2_0,1,1,1,1,0
2025-01-05 21:00:00+00:00,10.485737432960278,67.72259567282548,1010.5570596116992,28.416762733829657,,54.8,23.8,source,bdg2_0,1,1,1,1,0
2025-01-05 22:00:00+00:00,11.400500908098136,68.79970706272819,1009.9238126338024,27.0208150848726,,54.8,23.8,source,bdg2_0,1,1,1,1,0
2025-01-05 23:00:00+00:00,12.21221404065972,61.002334823050575,1010.3277839905002,25.59917432432738,,54.8,23.8,source,bdg2_0,1,1,1,1,0
2025-01-06 00:00:00+00:00,15.257706900891586,58.32769342145115,1009.6915613502888,25.67457070695603,,54.8,23.8,source,bdg2_0,1,1,1,1,0
2025-01-06 01:00:00+00:00,17.542179505949186,57.782880660905775,1010.6512160011608,25.4104989458598,,54.8,23.8,source,bdg2_0,1,1,1,1,0
2025-01-06 02:00:00+00:00,19.020044576577035,52.62233994254999,1009.9808351650707,23.13019567068492,,54.8,23.8,source,bdg2_0,1,1,1,1,0
2025-01-06 03:00:00+00:00,19.742324017661694,52.19263768174329,1009.229285227623,20.63583811521087,,54.8,23.8,source,bdg2_0,1,1,1,1,0
2025-01-06 04:00:00+00:00,21.32661769928365,46.25206538791805,1009.4545323573142,20.65215466316767,,54.8,23.8,source,bdg2_0,1,1,1,1,0
2025-01-06 05:00:00+00:00,20.90178354671372,48.49457157865432,1009.6023241402888,19.878776273053827,,54.8,23.8,source,bdg2_0,1,1,1,1,0
2025-01-06 06:00:00+00:00,21.87050857329973,48.28393979633799,1009.7181056327088,20.08968640732259,,54.8,23.8,source,bdg2_0,1,1,1,1,0
2025-01-06 07:00:00+00:00,21.460902383698784,49.24300034964727,1010.8490024422788,20.367240647804955,,54.8,23.8,source,bdg2_0,1,1,1,1,0
2025-01-06 08:00:00+00:00,21.14711245416487,47.86168319784491,1010.3550717212868,19.911805652521565,,54.8,23.8,source,bdg2_0,1,1,1,1,0
2025-01-06 09:00:00+00:00,19.54532387006978,52.35087780504846,1010.1093827424992,22.57164154501632,,54.8,23.8,source,bdg2_0,1,1,1,1,0
2025-01-06 10:00:00+00:00,19.22143846424816,53.19047765669625,1010.0976960164026,24.26041518357532,,54.8,23.8,source,bdg2_0,1,1,1,1,0
2025-01-06 11:00:00+00:00,17.295002940832166,57.963745034224665,1010.7054036128678,23.101301805323025,,54.8,23.8,source,bdg2_0,1,1,1,1,0
2025-01-06 12:00:00+00:00,15.3182917047073,62.11388008404604,1010.8856724062654,24.193815182617787,,54.8,23.8,source,bdg2_0,1,1,1,1,0
2025-01-06 13:00:00+00:00,13.062429580466665,63.67990130181676,1009.957723849628,25.90227898570454,,54.8,23.8,source,bdg2_0,1,1,1,1,0
2025-01-06 14:00:00+00:00,11.842000664090987,65.46988502569947,1009.2393251370416,27.86184731583956,,54.8,23.8,source,bdg2_0,1,1,1,1,0
2025-01-06 15:00:00+00:00,9.838006136408708,67.38798490164307,1009.3854809337467,29.54935637290444,,54.8,23.8,source,bdg2_0,1,1,1,1,0
2025-01-06 16:00:00+00:00,7.82426585758392,67.84330443832982,1010.0694557227868,30.559082604572893,,54.8,23.8,source,bdg2_0,1,1,1,1,0
2025-01-06 17:00:00+00:00,8.893372168817844,69.85863596307478,1010.1614971343984,28.319172756357776,,54.8,23.8,source,bdg2_0,1,1,1,1,0
2025-01-06 18:00:00+00:00,8.505603531887454,69.78515600921973,1010.2254955237892,31.032983778949752,,54.8,23.8,source,bdg2_0,1,1,1,1,0
2025-01-06 19:00:00+00:00,8.127312201711565,73.79635043120743,1009.9126497078908,30.198819600992216,,54.8,23.8,source,bdg2_0,1,1,1,1,0
2025-01-06 20:00:00+00:00,9.364463266420795,70.18273724975165,1011.0950809207698,29.87825660361039,,54.8,23.8,source,bdg2_0,1,1,1,1,0
2025-01-06 21:00:00+00:00,9.231527735189967,74.42318543029558,1010.7841492243604,28.64287719975635,,54.8,23.8,source,bdg2_0,1,1,1,1,0
2025-01-06 22:00:00+00:00,10.80059359066678,66.1226517282084,1010.2913122616316,28.144353666030312,,54.8,23.8,source,bdg2_0,1,1,1,1,0
2025-01-06 23:00:00+00:00,13.374101829888268,65.88534276883435,1010.6573323469632,26.80760070550117,,54.8,23.8,source,bdg2_0,1,1,1,1,0
2025-01-07 00:00:00+00:00,15.186228425755711,59.77726529541092,1010.562805453936,26.101000202668487,,54.8,23.8,source,bdg2_0,1,1,1,1,0
2025-01-07 01:00:00+00:00,17.20174688338696,55.95000905268908,1010.1693667790772,23.63849474954054,,54.8,23.8,source,bdg2_0,1,1,1,1,0
2025-01-07 02:00:00+00:00,19.08071999083716,53.95870592059809,1011.6740619291244,21.72492971292659,,54.8,23.8,source,bdg2_0,1,1,1,1,0
2025-01-07 03:00:00+00:00,20.02056773713875,47.74026283431278,1010.5808457159852,21.15534477542539,,54.8,23.8,source,bdg2_0,1,1,1,1,0
2025-01-07 04:00:00+00:00,21.317646713737105,52.17368791259345,1010.9769535813692,22.12379056268663,,54.8,23.8,source,bdg2_0,1,1,1,1,0
2025-01-07 05:00:00+00:00,22.092321322256467,49.88841835484928,1010.8100603377528,21.5553622122033,,54.8,23.8,source,bdg2_0,1,1,1,1,0
2025-01-07 06:00:00+00:00,21.463517860644178,48.74273791680047,1010.6534995440708,19.481854447601243,,54.8,23.8,source,bdg2_0,1,1,1,1,0
2025-01-07 07:00:00+00:00,21.030778981662436,47.63436822156213,1011.394097891535,20.101600405476013,,54.8,23.8,source,bdg2_0,1,1,1,1,0
2025-01-07 08:00:00+00:00,20.38829535586425,51.813804939623765,1011.4786502949634,21.67793841415356,,54.8,23.8,source,bdg2_0,1,1,1,1,0
2025-01-07 09:00:00+00:00,20.34236092812319,50.51741697531059,1010.431380291148,20.54904172583555,,54.8,23.8,source,bdg2_0,1,1,1,1,0
2025-01-07 10:00:00+00:00,19.11257792463662,52.41968088944952,1011.908021842162,21.887593026871173,,54.8,23.8,source,bdg2_0,1,1,1,1,0
2025-01-07 11:00:00+00:00,17.008287938144633,54.15829167983196,1012.1817316981808,23.66623607439692,,54.8,23.8,source,bdg2_0,1,1,1,1,0
2025-01-07 12:00:00+00:00,15.44291289948299,60.28479247407458,1012.0973806802969,24.898067960736377,,54.8,23.8,source,bdg2_0,1,1,1,1,0
2025-01-07 13:00:00+00:00,13.55994495603931,60.84146951489414,1011.259968580818,27.01956922999412,,54.8,23.8,source,bdg2_0,1,1,1,1,0
2025-01-07 14:00:00+00:00,11.480410871895266,65.65686874316965,1011.8141707795752,28.00172510934516,,54.8,23.8,source,bdg2_0,1,1,1,1,0
2025-01-07 15:00:00+00:00,9.75358065457296,69.25074276935645,1011.5512668896,28.128281862912768,,54.8,23.8,source,bdg2_0,1,1,1,1,0
2025-01-07 16:00:00+00:00,9.430298009368531,71.9991834871821,1011.5671572966396,30.16876176615057,,54.8,23.8,source,bdg2_0,1,1,1,1,0
2025-01-07 17:00:00+00:00,7.718928054959079,72.69064476304743,1011.2741368350328,28.712518439006224,,54.8,23.8,source,bdg2_0,1,1,1,1,0
2025-01-07 18:00:00+00:00,7.745513861088569,71.75027106767106,1013.0442444128056,30.903999174003527,,54.8,23.8,source,bdg2_0,1,1,1,1,0
2025-01-07 19:00:00+00:00,9.02625317026271,73.40102176252218,1012.3008334026938,29.563302247126625,,54.8,23.8,source,bdg2_0,1,1,1,1,0
2025-01-07 20:00:00+00:00,9.472307984609534,70.45286199194757,1012.4743763652248,27.99492429590702,,54.8,23.8,source,bdg2_0,1,1,1,1,0
2025-01-07 21:00:00+00:00,9.997022470916368,64.29878676419786,1012.4360477941158,27.55564365427096,,54.8,23.8,source,bdg2_0,1,1,1,1,0
2025-01-07 22:00:00+00:00,11.846287173769692,65.28199146537648,1012.6112839445702,28.847105464670488,,54.8,23.8,source,bdg2_0,1,1,1,1,0
2025-01-07 23:00:00+00:00,12.663732811698072,63.580816883965184,1011.9401929434327,26.38382434295724,,54.8,23.8,source,bdg2_0,1,1,1,1,0
2025-01-08 00:00:00+00:00,15.20513287269841,61.28980645769539,1012.5506584033408,25.3196569419446,,54.8,23.8,source,bdg2_0,1,1,1,1,0
2025-01-08 01:00:00+00:00,16.970810415556986,56.8653240076233,1013.1871817221928,24.16943909621906,,54.8,23.8,source,bdg2_0,1,1,1,1,0
2025-01-08 02:00:00+00:00,18.69894021244093,52.505983666367385,1012.626259525597,25.005980285318664,,54.8,23.8,source,bdg2_0,1,1,1,1,0
2025-01-08 03:00:00+00:00,20.90964361151985,49.427177811680416,1013.5610022993288,22.091903176820388,,54.8,23.8,source,bdg2_0,1,1,1,1,0
2025-01-08 04:00:00+00:00,21.4378464440713,49.818288309257774,1012.9836908289242,20.48745257471472,,54.8,23.8,source,bdg2_0,1,1,1,1,0
2025-01-08 05:00:00+00:00,21.515918215128067,48.61044975859082,1013.4235491694284,20.03869524226764,,54.8,23.8,source,bdg2_0,1,1,1,1,0
2025-01-08 06:00:00+00:00,22.50927623738394,49.845837299932086,1013.077011215483,19.54006989556542,,54.8,23.8,source,bdg2_0,1,1,1,1,0
2025-01-08 07:00:00+00:00,21.366080807135905,50.24447340247133,1013.7467731840331,21.61936027271289,,54.8,23.8,source,bdg2_0,1,1,1,1,0
2025-01-08 08:00:00+00:00,20.823387399162723,49.6466951458652,1013.209917299834,21.972408517563974,,54.8,23.8,source,bdg2_0,1,1,1,1,0
2025-01-08 09:00:00+00:00,19.768441424517174,49.28698394877328,1013.6946065432888,19.159558156297138,,54.8,23.8,source,bdg2_0,1,1,1,1,0
2025-01-08 10:00:00+00:00,18.48409141365061,54.16873161362128,1014.2400621566018,23.998108183577028,,54.8,23.8,source,bdg2_0,1,1,1,1,0
2025-01-08 11:00:00+00:00,16.661245238739973,58.10535533427766,1014.3557954174656,23.512583134013397,,54.8,23.8,source,bdg2_0,1,1,1,1,0
2025-01-08 12:00:00+00:00,13.96159898903821,61.42125175101854,1014.0496642427814,25.017955891650832,,54.8,23.8,source,bdg2_0,1,1,1,1,0
2025-01-08 13:00:00+00:00,12.55303629608964,63.53032184194671,1014.4558212934752,26.32351284448335,,54.8,23.8,source,bdg2_0,1,1,1,1,0
2025-01-08 14:00:00+00:00,11.432603435352153,67.57382743612882,1014.9831104312892,28.22591685252081,,54.8,23.8,source,bdg2_0,1,1,1,1,0
2025-01-08 15:00:00+00:00,11.710791909779356,67.58494337867258,1014.406337471779,27.520730215074064,,54.8,23.8,source,bdg2_0,1,1,1,1,0
2025-01-08 16:00:00+00:00,9.155815271657156,69.36107375582296,1013.340779303358,28.11678889309347,,54.8,23.8,source,bdg2_0,1,1,1,1,0
2025-01-08 17:00:00+00:00,8.274645165554473,73.10579091789015,1014.002989777788,29.217187003160998,,54.8,23.8,source,bdg2_0,1,1,1,1,0
2025-01-08 18:00:00+00:00,7.930324097274539,70.90719376586294,1015.1360513023044,30.004000841975376,,54.8,23.8,source,bdg2_0,1,1,1,1,0
2025-01-08 19:00:00+00:00,8.399152173218447,70.50328752685076,1015.725130397845,29.82925412268698,,54.8,23.8,source,bdg2_0,1,1,1,1,0
2025-01-08 20:00:00+00:00,9.584596983840582,69.73380834991384,1015.3355379453932,28.65074323592496,,54.8,23.8,source,bdg2_0,1,1,1,1,0
2025-01-08 21:00:00+00:00,9.574797906168785,67.42875587695337,1015.0983870005248,28.316800446965026,,54.8,23.8,source,bdg2_0,1,1,1,1,0
2025-01-08 22:00:00+00:00,12.269603504827543,64.27694365554456,1014.653986449262,29.20018814664552,,54.8,23.8,source,bdg2_0,1,1,1,1,0
2025-01-08 23:00:00+00:00,13.492658513736384,60.2837122404812,1015.5225497187594,26.531427924852217,,54.8,23.8,source,bdg2_0,1,1,1,1,0
2025-01-09 00:00:00+00:00,13.92777797663576,59.44565636199387,1015.336766971486,25.73140251712508,,54.8,23.8,source,bdg2_0,1,1,1,1,0
2025-01-09 01:00:00+00:00,17.288981148991486,57.03779161543496,1015.930518740932,23.559631499876044,,54.8,23.8,source,bdg2_0,1,1,1,1,0
2025-01-09 02:00:00+00:00,18.07125158763008,52.59872723527814,1015.7500389702312,20.541830914401014,,54.8,23.8,source,bdg2_0,1,1,1,1,0
2025-01-09 03:00:00+00:00,20.28865125386572,49.85485902467364,1015.3605605498296,21.9698479968202,,54.8,23.8,source,bdg2_0,1,1,1,1,0
2025-01-09 04:00:00+00:00,21.67114827689173,46.69667370803942,1015.1949871053764,20.71893467345092,,54.8,23.8,source,bdg2_0,1,1,1,1,0
2025-01-09 05:00:00+00:00,21.46343761672963,49.701324736543015,1014.6091508977856,20.53217250912572,,54.8,23.8,source,bdg2_0,1,1,1,1,0
2025-01-09 06:00:00+00:00,22.212960088251407,48.07362059571245,1016.25402497,18.77042574645357,,54.8,23.8,source,bdg2_0,1,1,1,1,0
2025-01-09 07:00:00+00:00,22.315789163018312,47.35450948016593,1016.1124620266492,19.84616664906945,,54.8,23.8,source,bdg2_0,1,1,1,1,0
2025-01-09 08:00:00+00:00,21.46934939106552,50.77840004922431,1015.0605944591424,20.515381787267284,,54.8,23.8,source,bdg2_0,1,1,1,1,0
2025-01-09 09:00:00+00:00,19.903531309035056,51.15790572757616,1015.453818608374,23.315903988640763,,54.8,23.8,source,bdg2_0,1,1,1,1,0
2025-01-09 10:00:00+00:00,18.604548338287767,56.33252399149962,1015.5821440906024,21.438203238689145,,54.8,23.8,source,bdg2_0,1,1,1,1,0
2025-01-09 11:00:00+00:00,16.877857205177538,56.04931655259356,1017.092850460034,23.95132762367652,,54.8,23.8,source,bdg2_0,1,1,1,1,0
2025-01-09 12:00:00+00:00,15.57629956750534,59.66364634181468,1015.7617530836654,24.969088582395838,,54.8,23.8,source,bdg2_0,1,1,1,1,0
2025-01-09 13:00:00+00:00,13.366125315070391,64.38020880887244,1015.886622412144,25.613243651495267,,54.8,23.8,source,bdg2_0,1,1,1,1,0
2025-01-09 14:00:00+00:00,10.96606171175674,65.88498095594137,1016.2529738416538,27.957947076309733,,54.8,23.8,source,bdg2_0,1,1,1,1,0
2025-01-09 15:00:00+00:00,10.04134375716724,67.58507317538508,1016.0545192613732,29.107338784797697,,54.8,23.8,source,bdg2_0,1,1,1,1,0
2025-01-09 16:00:00+00:00,8.919413345250415,70.5608575786016,1015.9163592287184,30.245626286984766,,54.8,23.8,source,bdg2_0,1,1,1,1,0
2025-01-09 17:00:00+00:00,8.019419082307184,71.86941334691865,1016.1951161293712,30.555151689698903,,54.8,23.8,source,bdg2_0,1,1,1,1,0
2025-01-09 18:00:00+00:00,8.747942382942238,73.01318071380632,1016.2996066177296,28.52976291097869,,54.8,23.8,source,bdg2_0,1,1,1,1,0
2025-01-09 19:00:00+00:00,8.541721188128435,75.03168633400459,1015.5828966215812,28.810109282039623,,54.8,23.8,source,bdg2_0,1,1,1,1,0
2025-01-09 20:00:00+00:00,8.830495252395915,71.92417703456161,1016.253986637692,28.853002812452864,,54.8,23.8,source,bdg2_0,1,1,1,1,0
2025-01-09 21:00:00+00:00,10.032257440830575,70.04083984689943,1016.3174465037404,30.964410875455712,,54.8,23.8,source,bdg2_0,1,1,1,1,0
2025-01-09 22:00:00+00:00,12.002843340155575,66.530350824004,1016.2738556165892,27.15101580908447,,54.8,23.8,source,bdg2_0,1,1,1,1,0
2025-01-09 23:00:00+00:00,12.699380183515846,63.36376423948168,1016.1929799416048,24.89881220044729,,54.8,23.8,source,bdg2_0,1,1,1,1,0
2025-01-10 00:00:00+00:00,14.738821767432135,59.446116147256575,1016.0576049378026,24.73953394113463,,54.8,23.8,source,bdg2_0,1,1,1,1,0
2025-01-10 01:00:00+00:00,17.03428167088988,57.04133982810283,1016.4279412334456,21.99473711486294,,54.8,23.8,source,bdg2_0,1,1,1,1,0
2025-01-10 02:00:00+00:00,19.328562319021422,56.12651101949911,1015.891876960432,23.15032321425237,,54.8,23.8,source,bdg2_0,1,1,1,1,0
2025-01-10 03:00:00+00:00,20.25302166851249,50.40878418412152,1015.9139825238498,22.24264027316682,,54.8,23.8,source,bdg2_0,1,1,1,1,0
2025-01-10 04:00:00+00:00,21.21708620579483,51.18467630635984,1015.8401193009672,20.75062396970082,,54.8,23.8,source,bdg2_0,1,1,1,1,0
2025-01-10 05:00:00+00:00,21.377578911011195,47.86208300997123,1015.5198279270908,21.875854386310102,,54.8,23.8,source,bdg2_0,1,1,1,1,0
2025-01-10 06:00:00+00:00,22.12025277607368,46.500860247962734,1015.902205797788,19.80799630336896,,54.8,23.8,source,bdg2_0,1,1,1,1,0
2025-01-10 07:00:00+00:00,20.234598593810325,49.1286686412619,1014.8759967889256,20.748835288810906,,54.8,23.8,source,bdg2_0,1,1,1,1,0
2025-01-10 08:00:00+00:00,20.581546026975836,47.42020846399698,1015.8452470368444,19.17567921580311,,54.8,23.8,source,bdg2_0,1,1,1,1,0
2025-01-10 09:00:00+00:00,19.72639786656729,51.82128471814315,1015.846288859249,22.209350630507902,,54.8,23.8,source,bdg2_0,1,1,1,1,0
2025-01-10 10:00:00+00:00,18.48185935572316,52.75140697846695,1016.4406240359334,21.8940186794614,,54.8,23.8,source,bdg2_0,1,1,1,1,0
2025-01-10 11:00:00+00:00,17.713527806460945,56.21538399884362,1015.9944361859708,24.77587031343749,,54.8,23.8,source,bdg2_0,1,1,1,1,0
2025-01-10 12:00:00+00:00,14.477232876311591,60.53292676050928,1015.7231904619996,25.70098212152321,,54.8,23.8,source,bdg2_0,1,1,1,1,0
2025-01-10 13:00:00+00:00,13.088797959140436,63.55876860933941,1015.0765703289386,25.122281846291457,,54.8,23.8,source,bdg2_0,1,1,1,1,0
2025-01-10 14:00:00+00:00,11.992006118470096,65.16047786712221,1015.8890347112928,28.102450901239628,,54.8,23.8,source,bdg2_0,1,1,1,1,0
2025-01-10 15:00:00+00:00,9.60392919493773,68.2434838949267,1014.978127885862,27.66464625628077,,54.8,23.8,source,bdg2_0,1,1,1,1,0
2025-01-10 16:00:00+00:00,9.188536968455596,69.67438373462149,1015.8563639701282,30.19101825994062,,54.8,23.8,source,bdg2_0,1,1,1,1,0
2025-01-10 17:00:00+00:00,7.798424683705731,71.56260913314784,1014.8434821377496,28.265121277634147,,54.8,23.8,source,bdg2_0,1,1,1,1,0
2025-01-10 18:00:00+00:00,8.465627839384059,73.42471322281699,1015.3332200129272,29.54301214240646,,54.8,23.8,source,bdg2_0,1,1,1,1,0
2025-01-10 19:00:00+00:00,8.773012201785976,71.27648051233498,1015.249034446516,31.642156946562885,,54.8,23.8,source,bdg2_0,1,1,1,1,0
2025-01-10 20:00:00+00:00,9.0078771141613,68.26358167969653,1014.5315095759267,29.971112885305704,,54.8,23.8,source,bdg2_0,1,1,1,1,0
2025-01-10 21:00:00+00:00,10.660189721209443,66.78459332114826,1014.5008220807152,28.76887303219289,,54.8,23.8,source,bdg2_0,1,1,1,1,0
2025-01-10 22:00:00+00:00,11.71749916213139,67.36563540450469,1014.0257801717732,27.076521702774485,,54.8,23.8,source,bdg2_0,1,1,1,1,0
2025-01-10 23:00:00+00:00,13.692249923082615,63.69433090791676,1014.62599621021,27.41941872417688,,54.8,23.8,source,bdg2_0,1,1,1,1,0
2025-01-11 00:00:00+00:00,15.052026694854478,60.79200513310787,1014.144369286394,23.65498997973167,,54.8,23.8,source,bdg2_0,1,1,1,1,0
2025-01-11 01:00:00+00:00,16.164104373077095,57.00565228929371,1014.0998957139612,23.051301605962426,,54.8,23.8,source,bdg2_0,1,1,1,1,0
2025-01-11 02:00:00+00:00,18.65900714820959,52.66459267183762,1014.1516917062906,22.480477441679724,,54.8,23.8,source,bdg2_0,1,1,1,1,0
2025-01-11 03:00:00+00:00,19.52975301099972,48.06740980495464,1014.719100879102,21.781103329771213,,54.8,23.8,source,bdg2_0,1,1,1,1,0
2025-01-11 04:00:00+00:00,19.730114856859988,48.96805222813647,1014.0811593888574,20.44173229037736,,54.8,23.8,source,bdg2_0,1,1,1,1,0
2025-01-11 05:00:00+00:00,22.05164584032509,46.948988706657325,1013.8640409999166,20.116887175819507,,54.8,23.8,source,bdg2_0,1,1,1,1,0
2025-01-11 06:00:00+00:00,21.908469006519013,47.6684566473175,1013.7674425794652,20.932721413688093,,54.8,23.8,source,bdg2_0,1,1,1,1,0
2025-01-11 07:00:00+00:00,21.49642088392345,47.79803004851328,1013.63801731736,20.05022089292591,,54.8,23.8,source,bdg2_0,1,1,1,1,0
2025-01-11 08:00:00+00:00,21.25497897266325,50.68513125821822,1014.092721249954,20.55342883280613,,54.8,23.8,source,bdg2_0,1,1,1,1,0
2025-01-11 09:00:00+00:00,18.811098469975704,51.410281816578646,1013.5128286417512,21.27751107753448,,54.8,23.8,source,bdg2_0,1,1,1,1,0
2025-01-11 10:00:00+00:00,18.423381919116466,50.35123723102931,1013.478182449067,22.175967670979983,,54.8,23.8,source,bdg2_0,1,1,1,1,0
2025-01-11 11:00:00+00:00,16.056195011762497,55.58703836037739,1012.6797586120962,24.31465385682913,,54.8,23.8,source,bdg2_0,1,1,1,1,0
2025-01-11 12:00:00+00:00,15.280819048261696,62.27212557372339,1013.3239624061564,23.64835061468233,,54.8,23.8,source,bdg2_0,1,1,1,1,0
2025-01-11 13:00:00+00:00,12.483662046046293,64.80191657302389,1013.6711695177192,26.056347127367214,,54.8,23.8,source,bdg2_0,1,1,1,1,0
2025-01-11 14:00:00+00:00,11.77940149409253,63.74266307433077,1011.8038488400748,26.325976323457173,,54.8,23.8,source,bdg2_0,1,1,1,1,0
2025-01-11 15:00:00+00:00,9.871658768892669,67.7032167961265,1012.5490495399644,28.04451947323362,,54.8,23.8,source,bdg2_0,1,1,1,1,0
2025-01-11 16:00:00+00:00,9.277472745983786,72.53362527240424,1012.5709719328516,31.36012450636264,,54.8,23.8,source,bdg2_0,1,1,1,1,0
2025-01-11 17:00:00+00:00,7.9213168608260975,70.80345482456042,1012.6361325098828,29.47483036943467,,54.8,23.8,source,bdg2_0,1,1,1,1,0
2025-01-11 18:00:00+00:00,8.58852612788832,71.03833827720317,1012.9937841906852,30.194175016293777,,54.8,23.8,source,bdg2_0,1,1,1,1,0
2025-01-11 19:00:00+00:00,9.521245606334894,70.89493755699654,1012.1221959108389,29.975280948731843,,54.8,23.8,source,bdg2_0,1,1,1,1,0
2025-01-11 20:00:00+00:00,7.847308189967949,71.29570253672108,1012.3561575334,29.439445382827632,,54.8,23.8,source,bdg2_0,1,1,1,1,0
2025-01-11 21:00:00+00:00,9.278054641000782,66.16543981428565,1012.3024720734348,29.71071259349012,,54.8,23.8,source,bdg2_0,1,1,1,1,0
2025-01-11 22:00:00+00:00,12.29723231591112,64.65683771407511,1011.3885779130214,27.22806120031544,,54.8,23.8,source,bdg2_0,1,1,1,1,0
2025-01-11 23:00:00+00:00,12.200401613345408,62.22243177716468,1012.2262187457984,27.92869772688204,,54.8,23.8,source,bdg2_0,1,1,1,1,0
2025-01-12 00:00:00+00:00,15.139577726817365,62.46083047283285,1011.9037852516468,25.191363915138897,,54.8,23.8,source,bdg2_0,1,1,1,1,0
2025-01-12 01:00:00+00:00,16.72601272197887,57.17457702742775,1011.4707676415588,23.56499402209724,,54.8,23.8,source,bdg2_0,1,1,1,1,0
2025-01-12 02:00:00+00:00,18.16905408253012,54.38854785268808,1011.5072242075088,21.020419965383915,,54.8,23.8,source,bdg2_0,1,1,1,1,0
2025-01-12 03:00:00+00:00,19.829397217429847,50.23121153716967,1010.3798035410836,21.948349743408578,,54.8,23.8,source,bdg2_0,1,1,1,1,0
2025-01-12 04:00:00+00:00,21.84152195375225,53.16229043818412,1012.0912495905555,19.799071428469755,,54.8,23.8,source,bdg2_0,1,1,1,1,0
2025-01-12 05:00:00+00:00,22.349103280377488,50.08873858986541,1010.224624677582,21.03165938394612,,54.8,23.8,source,bdg2_0,1,1,1,1,0
2025-01-12 06:00:00+00:00,22.313588517695763,48.24421237546019,1011.2738389522624,20.058307382744083,,54.8,23.8,source,bdg2_0,1,1,1,1,0
2025-01-12 07:00:00+00:00,22.577448708351003,47.80620683378333,1010.943168069555,20.177759852260834,,54.8,23.8,source,bdg2_0,1,1,1,1,0
2025-01-12 08:00:00+00:00,21.200009864066104,46.9628204530999,1011.6534686914616,20.89607273792097,,54.8,23.8,source,bdg2_0,1,1,1,1,0
2025-01-12 09:00:00+00:00,20.23430976621824,51.81069261338308,1010.7854590207984,21.109224580570288,,54.8,23.8,source,bdg2_0,1,1,1,1,0
2025-01-12 10:00:00+00:00,18.548057071169733,54.22807851140019,1011.3784752622196,22.846057746284696,,54.8,23.8,source,bdg2_0,1,1,1,1,0
2025-01-12 11:00:00+00:00,16.74498898103462,59.87401912518334,1010.0863717524068,22.36569559858389,,54.8,23.8,source,bdg2_0,1,1,1,1,0
2025-01-12 12:00:00+00:00,15.177301026056458,59.681440071764,1009.7672075584836,24.687770338622155,,54.8,23.8,source,bdg2_0,1,1,1,1,0
2025-01-12 13:00:00+00:00,12.832938798941948,64.80252144186771,1010.2755807754849,27.344709874379888,,54.8,23.8,source,bdg2_0,1,1,1,1,0
2025-01-12 14:00:00+00:00,11.729890850105113,65.69050363193266,1010.531869591346,27.92865873963387,,54.8,23.8,source,bdg2_0,1,1,1,1,0
2025-01-12 15:00:00+00:00,8.896233274880062,68.97588398559255,1010.2702675969148,30.333453272320817,,54.8,23.8,source,bdg2_0,1,1,1,1,0
2025-01-12 16:00:00+00:00,8.59218769512785,72.1061507254211,1009.144461476444,30.14475203390648,,54.8,23.8,source,bdg2_0,1,1,1,1,0
2025-01-12 17:00:00+00:00,8.376570592938172,71.22058517914019,1010.287209164243,29.569068540822983,,54.8,23.8,source,bdg2_0,1,1,1,1,0
2025-01-12 18:00:00+00:00,8.211501604791637,71.79862715305453,1009.403224542084,29.81418914321967,,54.8,23.8,source,bdg2_0,1,1,1,1,0
2025-01-12 19:00:00+00:00,9.35588008478946,71.66137922275628,1010.3957072056244,29.39157462395772,,54.8,23.8,source,bdg2_0,1,1,1,1,0
2025-01-12 20:00:00+00:00,9.024849406589812,70.65922318235565,1010.0767777943393,30.1933904178596,,54.8,23.8,source,bdg2_0,1,1,1,1,0
2025-01-12 21:00:00+00:00,9.588713553152,68.28998856193606,1010.4208768852208,28.268529726590824,,54.8,23.8,source,bdg2_0,1,1,1,1,0
2025-01-12 22:00:00+00:00,10.888060174712342,66.83739632785151,1009.6422011036271,27.05269183824665,,54.8,23.8,source,bdg2_0,1,1,1,1,0
2025-01-12 23:00:00+00:00,12.774192889688235,62.939735920168566,1009.8875295345264,25.819505358433183,,54.8,23.8,source,bdg2_0,1,1,1,1,0
2025-01-13 00:00:00+00:00,15.340489463657004,62.64391335212501,1009.8964591564452,25.522655174098137,,54.8,23.8,source,bdg2_0,1,1,1,1,0
2025-01-13 01:00:00+00:00,16.634026570471516,57.042584827818594,1010.6161762527752,23.756198013514485,,54.8,23.8,source,bdg2_0,1,1,1,1,0
2025-01-13 02:00:00+00:00,18.092226324397625,52.90511008156854,1009.725134308794,22.486695778692503,,54.8,23.8,source,bdg2_0,1,1,1,1,0
2025-01-13 03:00:00+00:00,20.378753194351347,49.47652336410858,1009.5002187856428,20.539924882491235,,54.8,23.8,source,bdg2_0,1,1,1,1,0
2025-01-13 04:00:00+00:00,20.18747511562642,51.59657917981953,1009.9901992865744,22.570652300801655,,54.8,23.8,source,bdg2_0,1,1,1,1,0
2025-01-13 05:00:00+00:00,21.04931394643297,50.35016355441996,1009.6512736195529,19.76300118338028,,54.8,23.8,source,bdg2_0,1,1,1,1,0
2025-01-13 06:00:00+00:00,21.50551777145423,46.57520421076851,1009.3381272943856,20.216332957620477,,54.8,23.8,source,bdg2_0,1,1,1,1,0
2025-01-13 07:00:00+00:00,21.104380267760064,48.04618728654687,1009.9974971135132,20.83698155396077,,54.8,23.8,source,bdg2_0,1,1,1,1,0
2025-01-13 08:00:00+00:00,21.112373687690862,50.089683904780586,1010.2655943887396,20.65262211581808,,54.8,23.8,source,bdg2_0,1,1,1,1,0
2025-01-13 09:00:00+00:00,20.131421427592947,50.04513833859399,1009.6311281529682,23.361976901206624,,54.8,23.8,source,bdg2_0,1,1,1,1,0
2025-01-13 10:00:00+00:00,18.49413289281173,52.93424898799954,1010.72344747186,22.34315738948522,,54.8,23.8,source,bdg2_0,1,1,1,1,0
2025-01-13 11:00:00+00:00,16.488487802325704,54.72068413598659,1010.4420465133262,22.619603867276467,,54.8,23.8,source,bdg2_0,1,1,1,1,0
2025-01-13 12:00:00+00:00,14.730483709989976,60.96614998191441,1010.1670330505837,24.913573126158195,,54.8,23.8,source,bdg2_0,1,1,1,1,0
2025-01-13 13:00:00+00:00,13.081272793501626,64.82471957243168,1011.2173595950336,25.745334396360192,,54.8,23.8,source,bdg2_0,1,1,1,1,0
2025-01-13 14:00:00+00:00,11.784452045251424,68.89320045803106,1010.6728101101168,26.813168374221565,,54.8,23.8,source,bdg2_0,1,1,1,1,0
2025-01-13 15:00:00+00:00,9.834912218157202,67.5883285604882,1009.7116283042476,27.91162875326407,,54.8,23.8,source,bdg2_0,1,1,1,1,0
2025-01-13 16:00:00+00:00,9.068759912979129,69.51176133768102,1010.6454786853924,29.45338248249497,,54.8,23.8,source,bdg2_0,1,1,1,1,0
2025-01-13 17:00:00+00:00,8.03995637454845,72.92024479577931,1010.4097991452504,30.09449675723112,,54.8,23.8,source,bdg2_0,1,1,1,1,0
2025-01-13 18:00:00+00:00,8.52001922726724,72.85989817278755,1010.2426441628736,30.937554842867748,,54.8,23.8,source,bdg2_0,1,1,1,1,0
2025-01-13 19:00:00+00:00,8.39317811707886,75.96707305977847,1010.8969980700095,30.982841752820057,,54.8,23.8,source,bdg2_0,1,1,1,1,0
2025-01-13 20:00:00+00:00,9.583318859323168,70.51206426229771,1011.0583714944116,29.353484046491857,,54.8,23.8,source,bdg2_0,1,1,1,1,0
2025-01-13 21:00:00+00:00,9.63466583010143,67.6393016866234,1010.7238026794814,26.97441401527408,,54.8,23.8,source,bdg2_0,1,1,1,1,0
2025-01-13 22:00:00+00:00,11.604176460727132,64.90747487182892,1010.8803918683328,26.753826289342648,,54.8,23.8,source,bdg2_0,1,1,1,1,0
2025-01-13 23:00:00+00:00,14.124418315419987,64.25755573471659,1009.9517771811132,28.052854575596463,,54.8,23.8,source,bdg2_0,1,1,1,1,0
2025-01-14 00:00:00+00:00,14.886373745319757,58.90878583542042,1010.1426058944328,25.567764739655704,,54.8,23.8,source,bdg2_0,1,1,1,1,0
2025-01-14 01:00:00+00:00,17.563994249049973,56.0265309999723,1010.2272744096448,22.566204686454626,,54.8,23.8,source,bdg2_0,1,1,1,1,0
2025-01-14 02:00:00+00:00,19.24820265568006,56.506093832566464,1010.6266088144508,23.03770508744092,,54.8,23.8,source,bdg2_0,1,1,1,1,0
2025-01-14 03:00:00+00:00,19.948294743168063,51.42377317234256,1011.360690972549,21.905422094747703,,54.8,23.8,source,bdg2_0,1,1,1,1,0
2025-01-14 04:00:00+00:00,21.226922809871795,49.1688267515469,1011.3672819665428,20.38786707866685,,54.8,23.8,source,bdg2_0,1,1,1,1,0
2025-01-14 05:00:00+00:00,21.78644202805741,48.73810632519432,1010.4425599385388,19.87127590179351,,54.8,23.8,source,bdg2_0,1,1,1,1,0
2025-01-14 06:00:00+00:00,21.843698493167462,48.15180462974748,1010.573621549036,18.81344829905499,,54.8,23.8,source,bdg2_0,1,1,1,1,0
2025-01-14 07:00:00+00:00,22.573211835670037,50.14355549412163,1011.6630591216306,21.995189655144635,,54.8,23.8,source,bdg2_0,1,1,1,1,0
2025-01-14 08:00:00+00:00,21.271975445265845,49.47107705219597,1011.551127700026,18.79058598962764,,54.8,23.8,source,bdg2_0,1,1,1,1,0
2025-01-14 09:00:00+00:00,19.400705895595337,52.65267422029357,1011.4202115120324,20.18682975898601,,54.8,23.8,source,bdg2_0,1,1,1,1,0
2025-01-14 10:00:00+00:00,18.82926843577996,55.498352473489824,1011.8339397806822,22.469703220561147,,54.8,23.8,source,bdg2_0,1,1,1,1,0
2025-01-14 11:00:00+00:00,16.39370857569146,57.0555638660225,1011.8116562795936,23.347315976822085,,54.8,23.8,source,bdg2_0,1,1,1,1,0
2025-01-14 12:00:00+00:00,15.301517955063398,60.47164790062862,1011.8649060578832,22.967460211178377,,54.8,23.8,source,bdg2_0,1,1,1,1,0
2025-01-14 13:00:00+00:00,13.728813180792985,65.69241612115793,1011.599090114756,24.81719624432706,,54.8,23.8,source,bdg2_0,1,1,1,1,0
2025-01-14 14:00:00+00:00,11.819464659709928,65.3015104013492,1011.4204707413968,28.71771625587533,,54.8,23.8,source,bdg2_0,1,1,1,1,0
2025-01-14 15:00:00+00:00,9.358562855451064,69.5614243072942,1011.3852957536816,29.997801888708224,,54.8,23.8,source,bdg2_0,1,1,1,1,0
2025-01-14 16:00:00+00:00,9.196098406530169,70.00621235065293,1012.1904194558248,29.912214406405496,,54.8,23.8,source,bdg2_0,1,1,1,1,0
2025-01-14 17:00:00+00:00,8.65346640469209,72.83279705790714,1012.4969079976509,29.35224746921267,,54.8,23.8,source,bdg2_0,1,1,1,1,0
2025-01-14 18:00:00+00:00,8.332039773763686,70.03301342698576,1012.8344837504318,30.87300583731553,,54.8,23.8,source,bdg2_0,1,1,1,1,0
2025-01-14 19:00:00+00:00,8.935559737226733,70.70794050471605,1012.535371027746,30.687915132327557,,54.8,23.8,source,bdg2_0,1,1,1,1,0
2025-01-14 20:00:00+00:00,9.096751113060074,69.75230391935555,1012.706538734995,29.398159053590597,,54.8,23.8,source,bdg2_0,1,1,1,1,0
2025-01-14 21:00:00+00:00,10.548104502399417,67.5425875451064,1012.8338504744746,28.828465031613312,,54.8,23.8,source,bdg2_0,1,1,1,1,0
2025-01-14 22:00:00+00:00,11.87866406214858,65.8906616321821,1012.8394670370268,27.429050325099105,,54.8,23.8,source,bdg2_0,1,1,1,1,0
2025-01-14 23:00:00+00:00,13.2052996155592,63.11836728536661,1012.72445414148,29.12139501957231,,54.8,23.8,source,bdg2_0,1,1,1,1,0
2025-01-15 00:00:00+00:00,14.578044256031074,58.239885140501904,1012.6021866936054,24.289947451006967,,54.8,23.8,source,bdg2_0,1,1,1,1,0
2025-01-15 01:00:00+00:00,16.817451601295293,59.04057065553381,1013.9563654743264,23.943229138450636,,54.8,23.8,source,bdg2_0,1,1,1,1,0
2025-01-15 02:00:00+00:00,17.250893642870164,54.57653902961199,1012.5688629979468,21.999298424812498,,54.8,23.8,source,bdg2_0,1,1,1,1,0
2025-01-15 03:00:00+00:00,19.37488607423523,52.15315249517804,1013.0225897060112,22.236585771507983,,54.8,23.8,source,bdg2_0,1,1,1,1,0
2025-01-15 04:00:00+00:00,21.300829024687022,49.24759080445754,1013.4874069838296,21.58729274748004,,54.8,23.8,source,bdg2_0,1,1,1,1,0
2025-01-15 05:00:00+00:00,21.575414826085385,49.78231841277109,1013.548076818145,20.43976832135954,,54.8,23.8,source,bdg2_0,1,1,1,1,0
2025-01-15 06:00:00+00:00,22.39962043556776,49.99729878536839,1013.9279689013078,20.058371883963,,54.8,23.8,source,bdg2_0,1,1,1,1,0
2025-01-15 07:00:00+00:00,22.12182375140456,46.09071862840149,1014.5959379368844,18.844879602859677,,54.8,23.8,source,bdg2_0,1,1,1,1,0
2025-01-15 08:00:00+00:00,21.51403254310007,48.76144925876863,1014.1378913155024,20.553305557021044,,54.8,23.8,source,bdg2_0,1,1,1,1,0
2025-01-15 09:00:00+00:00,20.10154234784021,50.3135380664113,1012.9105231837156,21.87112174341581,,54.8,23.8,source,bdg2_0,1,1,1,1,0
2025-01-15 10:00:00+00:00,18.19974783068788,53.02704634859761,1013.7333615047082,24.484411248885102,,54.8,23.8,source,bdg2_0,1,1,1,1,0
2025-01-15 11:00:00+00:00,16.52063709665444,57.3843909274484,1013.6194544760244,25.22900148841541,,54.8,23.8,source,bdg2_0,1,1,1,1,0
2025-01-15 12:00:00+00:00,14.721866015691964,56.09903728633019,1015.6576261543004,23.90185136744271,,54.8,23.8,source,bdg2_0,1,1,1,1,0
2025-01-15 13:00:00+00:00,13.842732851423143,64.20543738204385,1014.7278957027266,26.06261039514175,,54.8,23.8,source,bdg2_0,1,1,1,1,0
2025-01-15 14:00:00+00:00,11.594599375912615,67.83590401337523,1014.3495346419004,27.751309632086222,,54.8,23.8,source,bdg2_0,1,1,1,1,0
2025-01-15 15:00:00+00:00,10.514397639156714,68.61036463009242,1014.3836046319968,29.98721281425066,,54.8,23.8,source,bdg2_0,1,1,1,1,0
2025-01-15 16:00:00+00:00,9.108666472945403,70.20454584853266,1014.302012762205,28.3245297969662,,54.8,23.8,source,bdg2_0,1,1,1,1,0
2025-01-15 17:00:00+00:00,8.685411268667043,73.01501204481889,1013.696105027182,29.214137492019585,,54.8,23.8,source,bdg2_0,1,1,1,1,0
2025-01-15 18:00:00+00:00,8.482444068434813,75.63645992889677,1015.9456463093726,30.94186617524213,,54.8,23.8,source,bdg2_0,1,1,1,1,0
2025-01-15 19:00:00+00:00,8.925185443539558,70.79998073001835,1015.3441294955988,28.59246443051397,,54.8,23.8,source,bdg2_0,1,1,1,1,0
2025-01-15 20:00:00+00:00,8.656884000374491,70.87376147031642,1016.124486748338,30.07809034826003,,54.8,23.8,source,bdg2_0,1,1,1,1,0
2025-01-15 21:00:00+00:00,10.187166077027412,68.23015603020987,1014.4600988578884,29.13839690822011,,54.8,23.8,source,bdg2_0,1,1,1,1,0
2025-01-15 22:00:00+00:00,11.325453151708388,66.35856705844567,1014.7544901585022,27.621254953703573,,54.8,23.8,source,bdg2_0,1,1,1,1,0
2025-01-15 23:00:00+00:00,12.41975225081254,63.86168787001486,1015.9337781254224,27.208046040391743,,54.8,23.8,source,bdg2_0,1,1,1,1,0
2025-01-01 00:00:00+00:00,16.05691187955972,60.48683027389361,1013.2526817207564,25.514864837855843,,54.82,23.82,source,bdg2_1,1,1,1,1,0
2025-01-01 01:00:00+00:00,16.371868414911532,60.12402166266418,1013.6064626250331,23.463078353013213,,54.82,23.82,source,bdg2_1,1,1,1,1,0
2025-01-01 02:00:00+00:00,18.04858412874811,54.87226392486218,1013.6529640575544,22.63788486790983,,54.82,23.82,source,bdg2_1,1,1,1,1,0
2025-01-01 03:00:00+00:00,20.042784726862507,51.23254337561498,1013.334519730446,22.799607421785893,,54.82,23.82,source,bdg2_1,1,1,1,1,0
2025-01-01 04:00:00+00:00,21.762486769393416,47.35742982934455,1013.5165662357966,19.465771631408103,,54.82,23.82,source,bdg2_1,1,1,1,1,0
2025-01-01 05:00:00+00:00,21.093633058174174,49.28781926431044,1013.1369501525004,17.01701341836361,,54.82,23.82,source,bdg2_1,1,1,1,1,0
2025-01-01 06:00:00+00:00,22.32257632656429,49.92321274513398,1014.6869513716582,19.60370670815736,,54.82,23.82,source,bdg2_1,1,1,1,1,0
2025-01-01 07:00:00+00:00,22.48420343802993,44.47737263081918,1013.2547573318556,20.68934023996301,,54.82,23.82,source,bdg2_1,1,1,1,1,0
2025-01-01 08:00:00+00:00,21.297944960534718,51.58832202368447,1014.3626102680488,20.588302961426105,,54.82,23.82,source,bdg2_1,1,1,1,1,0
2025-01-01 09:00:00+00:00,20.714371400006552,52.5444425859589,1014.8493815523937,20.66018910134405,,54.82,23.82,source,bdg2_1,1,1,1,1,0
2025-01-01 10:00:00+00:00,18.65012683816009,53.35560648914952,1014.4989797267684,22.28044783290584,,54.82,23.82,source,bdg2_1,1,1,1,1,0
2025-01-01 11:00:00+00:00,16.685807217092606,54.90443698710457,1014.3537781398776,24.8213941485822,,54.82,23.82,source,bdg2_1,1,1,1,1,0
2025-01-01 12:00:00+00:00,15.504097805455132,55.47595202218605,1013.4918283704422,27.00514052554659,,54.82,23.82,source,bdg2_1,1,1,1,1,0
2025-01-01 13:00:00+00:00,13.09445350972674,62.88241669751354,1014.9844736053888,26.49074052047951,,54.82,23.82,source,bdg2_1,1,1,1,1,0
2025-01-01 14:00:00+00:00,11.183704928805216,65.68522957720963,1015.4485803436928,26.11860884687813,,54.82,23.82,source,bdg2_1,1,1,1,1,0
2025-01-01 15:00:00+00:00,10.700864950558753,68.01669320145142,1014.4604818719858,30.398446995706205,,54.82,23.82,source,bdg2_1,1,1,1,1,0
2025-01-01 16:00:00+00:00,8.616385376049115,71.64489239345498,1014.5084334487937,27.898059992773284,,54.82,23.82,source,bdg2_1,1,1,1,1,0
2025-01-01 17:00:00+00:00,8.15550928112919,73.34449947696062,1014.6885144679094,30.37905095842552,,54.82,23.82,source,bdg2_1,1,1,1,1,0
2025-01-01 18:00:00+00:00,8.094276657640082,72.07024703699616,1014.661720494209,30.131782300517525,,54.82,23.82,source,bdg2_1,1,1,1,1,0
2025-01-01 19:00:00+00:00,7.222072489976621,70.91862743203139,1014.0548904211764,30.099327978255115,,54.82,23.82,source,bdg2_1,1,1,1,1,0
2025-01-01 20:00:00+00:00,9.11515241670689,69.19820697117026,1015.4411720175416,29.725957570058338,,54.82,23.82,source,bdg2_1,1,1,1,1,0
2025-01-01 21:00:00+00:00,10.197038575318295,67.94317558343586,1015.357716845402,29.589740941568504,,54.82,23.82,source,bdg2_1,1,1,1,1,0
2025-01-01 22:00:00+00:00,11.16977840461992,64.77473336120971,1015.7936609940188,25.1815715223126,,54.82,23.82,source,bdg2_1,1,1,1,1,0
2025-01-01 23:00:00+00:00,11.87962163708838,60.383737909879365,1015.3647856843512,26.44646943283151,,54.82,23.82,source,bdg2_1,1,1,1,1,0
2025-01-02 00:00:00+00:00,15.248252519179138,60.11396593563408,1016.1141843512696,26.575783445862164,,54.82,23.82,source,bdg2_1,1,1,1,1,0
2025-01-02 01:00:00+00:00,17.391238635149126,55.16047105153845,1015.5955822822953,22.839702093786453,,54.82,23.82,source,bdg2_1,1,1,1,1,0
2025-01-02 02:00:00+00:00,18.24964481720324,52.46495669776973,1015.484072536262,23.044124083587555,,54.82,23.82,source,bdg2_1,1,1,1,1,0
2025-01-02 03:00:00+00:00,19.98909349322617,49.72466559021704,1014.7771550036936,20.70238128882213,,54.82,23.82,source,bdg2_1,1,1,1,1,0
2025-01-02 04:00:00+00:00,20.67335864780309,50.78410490524736,1015.4384357819793,20.48120664217269,,54.82,23.82,source,bdg2_1,1,1,1,1,0
2025-01-02 05:00:00+00:00,21.683013250532063,50.05416230631539,1016.4704037415938,20.59742940572884,,54.82,23.82,source,bdg2_1,1,1,1,1,0
2025-01-02 06:00:00+00:00,21.875847083406537,50.10375228942846,1015.922027300216,19.578903114934185,,54.82,23.82,source,bdg2_1,1,1,1,1,0
2025-01-02 07:00:00+00:00,22.26676763967225,48.71973500354843,1015.0326714031338,20.79727717452495,,54.82,23.82,source,bdg2_1,1,1,1,1,0
2025-01-02 08:00:00+00:00,21.21209042737872,46.82273302125063,1014.7170996683308,20.80617398644808,,54.82,23.82,source,bdg2_1,1,1,1,1,0
2025-01-02 09:00:00+00:00,20.291425595595463,52.427588700952974,1015.1511601039728,21.11745614495568,,54.82,23.82,source,bdg2_1,1,1,1,1,0
2025-01-02 10:00:00+00:00,18.83329495951429,51.69637168681216,1015.909359908448,22.71332926939765,,54.82,23.82,source,bdg2_1,1,1,1,1,0
2025-01-02 11:00:00+00:00,17.27361130024963,53.21333356327285,1015.9702711423678,25.72402662682776,,54.82,23.82,source,bdg2_1,1,1,1,1,0
2025-01-02 12:00:00+00:00,14.689396330604463,59.52564100855166,1016.4017798516546,24.23685739891732,,54.82,23.82,source,bdg2_1,1,1,1,1,0
2025-01-02 13:00:00+00:00,13.766744126581372,63.916628283097154,1015.160662707133,26.394688643192325,,54.82,23.82,source,bdg2_1,1,1,1,1,0
2025-01-02 14:00:00+00:00,10.770509020506516,67.42882172764723,1015.1261552422898,25.688246285280854,,54.82,23.82,source,bdg2_1,1,1,1,1,0
2025-01-02 15:00:00+00:00,9.481600326057118,67.28067237500834,1016.6386070234388,28.517276370758687,,54.82,23.82,source,bdg2_1,1,1,1,1,0
2025-01-02 16:00:00+00:00,9.083324444694124,72.00465446823092,1015.6427064414802,28.75180130190241,,54.82,23.82,source,bdg2_1,1,1,1,1,0
2025-01-02 17:00:00+00:00,7.81479294705167,72.76846688654987,1016.8145402191548,30.088371625757603,,54.82,23.82,source,bdg2_1,1,1,1,1,0
2025-01-02 18:00:00+00:00,7.688360003144242,71.21945845929496,1015.4438428548968,30.731145369558565,,54.82,23.82,source,bdg2_1,1,1,1,1,0
2025-01-02 19:00:00+00:00,7.707054834790345,71.20916031727042,1015.4134214419656,27.93016603182389,,54.82,23.82,source,bdg2_1,1,1,1,1,0
2025-01-02 20:00:00+00:00,7.66784447185609,69.0573625799317,1016.1006506404366,29.012311452607413,,54.82,23.82,source,bdg2_1,1,1,1,1,0
2025-01-02 21:00:00+00:00,9.93846508796656,66.87821155365852,1015.5152958486,27.467831563038384,,54.82,23.82,source,bdg2_1,1,1,1,1,0
2025-01-02 22:00:00+00:00,11.60561683058001,69.07148225571535,1015.8983062237972,26.130719594786683,,54.82,23.82,source,bdg2_1,1,1,1,1,0
2025-01-02 23:00:00+00:00,13.8245783499296,61.607978919046445,1016.2264657403886,25.85143981584245,,54.82,23.82,source,bdg2_1,1,1,1,1,0
2025-01-03 00:00:00+00:00,15.04054160289896,65.14899514769334,1015.5510206022556,24.413319560302547,,54.82,23.82,source,bdg2_1,1,1,1,1,0
2025-01-03 01:00:00+00:00,16.999351041268927,56.861251313022855,1015.6947420282694,23.017497231318806,,54.82,23.82,source,bdg2_1,1,1,1,1,0
2025-01-03 02:00:00+00:00,18.79524693310016,55.61606485143957,1015.390676381534,21.3635668986823,,54.82,23.82,source,bdg2_1,1,1,1,1,0
2025-01-03 03:00:00+00:00,20.86470058732941,49.37698436736787,1016.1893167154776,21.90359346728607,,54.82,23.82,source,bdg2_1,1,1,1,1,0
2025-01-03 04:00:00+00:00,20.510693052028888,50.74693554407938,1015.241013072796,19.580321882614765,,54.82,23.82,source,bdg2_1,1,1,1,1,0
2025-01-03 05:00:00+00:00,21.066705664788216,49.66031489240881,1015.5250138438336,21.255622188924605,,54.82,23.82,source,bdg2_1,1,1,1,1,0
2025-01-03 06:00:00+00:00,21.594929984678146,48.92199387918804,1016.4066119010362,19.91398648690686,,54.82,23.82,source,bdg2_1,1,1,1,1,0
2025-01-03 07:00:00+00:00,21.198754410898378,47.89503367106261,1016.2807149159544,20.909464704797283,,54.82,23.82,source,bdg2_1,1,1,1,1,0
2025-01-03 08:00:00+00:00,20.8691837797267,46.99113659275589,1015.9558446038816,22.300779235158178,,54.82,23.82,source,bdg2_1,1,1,1,1,0
2025-01-03 09:00:00+00:00,20.774044506831384,52.163903925213226,1015.4446580119852,20.67834482382709,,54.82,23.82,source,bdg2_1,1,1,1,1,0
2025-01-03 10:00:00+00:00,18.213699091344683,51.52537454397799,1016.5459921024044,22.47303561071697,,54.82,23.82,source,bdg2_1,1,1,1,1,0
2025-01-03 11:00:00+00:00,18.003935884951584,56.782425335709966,1014.6046343734952,25.56746987676488,,54.82,23.82,source,bdg2_1,1,1,1,1,0
2025-01-03 12:00:00+00:00,14.570086488066265,59.34313768347674,1016.169769992402,26.45877321076626,,54.82,23.82,source,bdg2_1,1,1,1,1,0
2025-01-03 13:00:00+00:00,12.175163476365432,63.10741069614298,1014.7291476668856,26.83323344758316,,54.82,23.82,source,bdg2_1,1,1,1,1,0
2025-01-03 14:00:00+00:00,12.406088545797516,65.22376526630703,1015.9457670158166,26.57135572462064,,54.82,23.82,source,bdg2_1,1,1,1,1,0
2025-01-03 15:00:00+00:00,11.136387789604896,67.24680053784277,1014.8896513596414,28.83249127369005,,54.82,23.82,source,bdg2_1,1,1,1,1,0
2025-01-03 16:00:00+00:00,8.23752495017461,72.71671812523014,1014.5055097612484,29.94407858300201,,54.82,23.82,source,bdg2_1,1,1,1,1,0
2025-01-03 17:00:00+00:00,7.593954196239061,71.75578433463734,1014.9515991461238,29.441388224456134,,54.82,23.82,source,bdg2_1,1,1,1,1,0
2025-01-03 18:00:00+00:00,8.244609596878247,70.32475161414563,1015.63140228891,30.20244735691398,,54.82,23.82,source,bdg2_1,1,1,1,1,0
2025-01-03 19:00:00+00:00,6.842797197015604,74.59945227930079,1015.0078173678388,31.38319435300745,,54.82,23.82,source,bdg2_1,1,1,1,1,0
2025-01-03 20:00:00+00:00,8.849353894896245,66.99838185589486,1014.4801012392344,28.104057057682475,,54.82,23.82,source,bdg2_1,1,1,1,1,0
2025-01-03 21:00:00+00:00,10.03101130055177,67.76119108069025,1014.700602369581,26.77112582530203,,54.82,23.82,source,bdg2_1,1,1,1,1,0
2025-01-03 22:00:00+00:00,11.52689120221354,65.31062725024145,1014.8167544353892,25.80769745114961,,54.82,23.82,source,bdg2_1,1,1,1,1,0
2025-01-03 23:00:00+00:00,12.97573119640457,65.59342755094212,1013.8112744359504,27.0321489108719,,54.82,23.82,source,bdg2_1,1,1,1,1,0
2025-01-04 00:00:00+00:00,15.665253057597424,59.98486534746522,1014.7959065384622,26.041439634377145,,54.82,23.82,source,bdg2_1,1,1,1,1,0
2025-01-04 01:00:00+00:00,17.59661107067372,56.34242315672096,1014.1435265312656,24.510027625507885,,54.82,23.82,source,bdg2_1,1,1,1,1,0
2025-01-04 02:00:00+00:00,18.12717797516488,54.07207605999971,1013.7467377420744,20.170958877573,,54.82,23.82,source,bdg2_1,1,1,1,1,0
2025-01-04 03:00:00+00:00,20.117205040189365,54.06836369612334,1013.8048048453604,21.548763484977552,,54.82,23.82,source,bdg2_1,1,1,1,1,0
2025-01-04 04:00:00+00:00,20.8356253508021,48.49625014067721,1013.9523177551754,21.74280407907461,,54.82,23.82,source,bdg2_1,1,1,1,1,0
2025-01-04 05:00:00+00:00,22.86940245194744,49.64860492013384,1013.2957752340268,18.743355239843037,,54.82,23.82,source,bdg2_1,1,1,1,1,0
2025-01-04 06:00:00+00:00,22.653415292883725,48.47507248730801,1013.3623311801476,18.94382786359419,,54.82,23.82,source,bdg2_1,1,1,1,1,0
2025-01-04 07:00:00+00:00,21.357619600675942,50.25902744848008,1013.5465551354772,18.76990089143025,,54.82,23.82,source,bdg2_1,1,1,1,1,0
2025-01-04 08:00:00+00:00,21.498467321356934,50.072849048784285,1013.3015607131314,21.277588229550098,,54.82,23.82,source,bdg2_1,1,1,1,1,0
2025-01-04 09:00:00+00:00,19.53590548966934,52.96057552192436,1012.6234629774827,20.56102336770776,,54.82,23.82,source,bdg2_1,1,1,1,1,0
2025-01-04 10:00:00+00:00,17.811558479497087,53.37516141018911,1012.8454647640576,22.13735408123256,,54.82,23.82,source,bdg2_1,1,1,1,1,0
2025-01-04 11:00:00+00:00,16.814117231605792,57.7255502686329,1013.1854396192116,23.957764477740906,,54.82,23.82,source,bdg2_1,1,1,1,1,0
2025-01-04 12:00:00+00:00,15.802161971558176,59.60026415864085,1012.270832030318,25.95138181247994,,54.82,23.82,source,bdg2_1,1,1,1,1,0
2025-01-04 13:00:00+00:00,14.106201457052316,63.38676158243974,1013.307593528564,25.63847853836626,,54.82,23.82,source,bdg2_1,1,1,1,1,0
2025-01-04 14:00:00+00:00,11.592837676879451,66.95553797819227,1012.9650975076388,26.960302347186808,,54.82,23.82,source,bdg2_1,1,1,1,1,0
2025-01-04 15:00:00+00:00,10.865567427763702,68.74450550039403,1013.1292056744604,28.941312892561275,,54.82,23.82,source,bdg2_1,1,1,1,1,0
2025-01-04 16:00:00+00:00,9.37465928484244,71.79218479029224,1012.4447956267716,30.163805831784718,,54.82,23.82,source,bdg2_1,1,1,1,1,0
2025-01-04 17:00:00+00:00,9.318747079406162,74.58959793631448,1012.8242858885352,31.516884354600545,,54.82,23.82,source,bdg2_1,1,1,1,1,0
2025-01-04 18:00:00+00:00,7.346014328168156,74.20859446009285,1012.3698752470754,28.213064596220217,,54.82,23.82,source,bdg2_1,1,1,1,1,0
2025-01-04 19:00:00+00:00,8.321124509241148,73.05555436259073,1011.8755290290444,31.76676071206965,,54.82,23.82,source,bdg2_1,1,1,1,1,0
2025-01-04 20:00:00+00:00,9.612436012640272,68.47963404840803,1012.6202796081034,29.44209970641873,,54.82,23.82,source,bdg2_1,1,1,1,1,0
2025-01-04 21:00:00+00:00,9.774412409788654,68.01033391036039,1011.7866653127766,27.319262883350607,,54.82,23.82,source,bdg2_1,1,1,1,1,0
2025-01-04 22:00:00+00:00,11.275838446638708,67.03903336745176,1012.6169479406497,28.95833833675249,,54.82,23.82,source,bdg2_1,1,1,1,1,0
2025-01-04 23:00:00+00:00,12.9015863196538,62.9299570255359,1011.3706382685816,27.32409771407931,,54.82,23.82,source,bdg2_1,1,1,1,1,0
2025-01-05 00:00:00+00:00,14.175923540696193,57.95508516443231,1011.3804254333556,25.251473444471205,,54.82,23.82,source,bdg2_1,1,1,1,1,0
2025-01-05 01:00:00+00:00,16.651159325690976,56.94376731736398,1011.6219614262634,23.93918450154345,,54.82,23.82,source,bdg2_1,1,1,1,1,0
2025-01-05 02:00:00+00:00,17.982768509400014,53.490960344128105,1011.7888061678858,22.780229155715677,,54.82,23.82,source,bdg2_1,1,1,1,1,0
2025-01-05 03:00:00+00:00,20.49640078481449,50.3953822126415,1011.8570344771632,22.931090834339976,,54.82,23.82,source,bdg2_1,1,1,1,1,0
2025-01-05 04:00:00+00:00,20.99088268057625,50.006590371139104,1011.4226345429588,21.20554357044762,,54.82,23.82,source,bdg2_1,1,1,1,1,0
2025-01-05 05:00:00+00:00,21.955441341473637,50.61312164624077,1011.475221911086,21.03487257207722,,54.82,23.82,source,bdg2_1,1,1,1,1,0
2025-01-05 06:00:00+00:00,22.165763365250356,46.43734457696807,1011.346210770476,19.770043977354117,,54.82,23.82,source,bdg2_1,1,1,1,1,0
2025-01-05 07:00:00+00:00,21.44393707444988,47.06733411881784,1011.0079392258784,19.562906766621893,,54.82,23.82,source,bdg2_1,1,1,1,1,0
2025-01-05 08:00:00+00:00,22.082013959344383,52.002853001619215,1010.8260166388624,21.37903015295086,,54.82,23.82,source,bdg2_1,1,1,1,1,0
2025-01-05 09:00:00+00:00,20.52822871683494,51.25545956791824,1011.8027963404244,22.38657646220783,,54.82,23.82,source,bdg2_1,1,1,1,1,0
2025-01-05 10:00:00+00:00,18.44914544311943,51.301051305672914,1010.3178667803942,22.81869254278046,,54.82,23.82,source,bdg2_1,1,1,1,1,0
2025-01-05 11:00:00+00:00,16.59260134120725,56.86304156637208,1010.3324280595796,23.95282750562614,,54.82,23.82,source,bdg2_1,1,1,1,1,0
2025-01-05 12:00:00+00:00,14.77084898099763,57.67094118784236,1010.4836839269464,24.4279741127869,,54.82,23.82,source,bdg2_1,1,1,1,1,0
2025-01-05 13:00:00+00:00,12.412437864686469,65.24059432071886,1010.5481811776224,25.96722914679704,,54.82,23.82,source,bdg2_1,1,1,1,1,0
2025-01-05 14:00:00+00:00,11.875187405746235,65.8761071415575,1010.9049304902956,26.01934538071974,,54.82,23.82,source,bdg2_1,1,1,1,1,0
2025-01-05 15:00:00+00:00,9.531924597913267,69.30312276071584,1011.2057760827628,28.56554543210441,,54.82,23.82,source,bdg2_1,1,1,1,1,0
2025-01-05 16:00:00+00:00,9.046039305683571,69.15713898912321,1010.3869558502292,28.62119030528161,,54.82,23.82,source,bdg2_1,1,1,1,1,0
2025-01-05 17:00:00+00:00,8.15840015808168,72.67453010092089,1009.3482718473996,30.0426548578402,,54.82,23.82,source,bdg2_1,1,1,1,1,0
2025-01-05 18:00:00+00:00,7.597729207323279,71.03012667692792,1010.8661797809332,30.29543966465864,,54.82,23.82,source,bdg2_1,1,1,1,1,0
2025-01-05 19:00:00+00:00,8.70533403008097,68.94544784184188,1010.0452048227544,29.375962006722336,,54.82,23.82,source,bdg2_1,1,1,1,1,0
2025-01-05 20:00:00+00:00,8.643107337883377,71.0526566019836,1010.6553394946528,28.22334814904074,,54.82,23.82,source,bdg2_1,1,1,1,1,0
2025-01-05 21:00:00+00:00,9.56892124950416,66.6073452256276,1010.7421533463782,28.020798983864424,,54.82,23.82,source,bdg2_1,1,1,1,1,0
2025-01-05 22:00:00+00:00,11.449309609399638,65.50168398088437,1009.6514532901912,27.87326097365045,,54.82,23.82,source,bdg2_1,1,1,1,1,0
2025-01-05 23:00:00+00:00,13.37978011916094,64.51781691805459,1009.9895124799538,25.997007804288728,,54.82,23.82,source,bdg2_1,1,1,1,1,0
2025-01-06 00:00:00+00:00,14.70723912661111,62.23221235015967,1010.5789997561536,24.959614792116408,,54.82,23.82,source,bdg2_1,1,1,1,1,0
2025-01-06 01:00:00+00:00,17.13622011872767,56.01540583770933,1011.0795379612928,23.114338524220667,,54.82,23.82,source,bdg2_1,1,1,1,1,0
2025-01-06 02:00:00+00:00,18.310155522274865,53.44345272315781,1010.884125003996,22.647602435986816,,54.82,23.82,source,bdg2_1,1,1,1,1,0
2025-01-06 03:00:00+00:00,20.49195675002225,51.349573188283465,1009.412375884732,22.239946267939292,,54.82,23.82,source,bdg2_1,1,1,1,1,0
2025-01-06 04:00:00+00:00,20.74894955332604,47.62991138747993,1009.8003508363764,21.301530082068687,,54.82,23.82,source,bdg2_1,1,1,1,1,0
2025-01-06 05:00:00+00:00,22.64362331342976,46.32767318278878,1008.9025688901504,21.10052786594636,,54.82,23.82,source,bdg2_1,1,1,1,1,0
2025-01-06 06:00:00+00:00,22.15002562947467,47.15479063413977,1010.2091809583168,20.72944307378099,,54.82,23.82,source,bdg2_1,1,1,1,1,0
2025-01-06 07:00:00+00:00,22.717515157292024,48.213377186108175,1010.64199797145,19.71861492695957,,54.82,23.82,source,bdg2_1,1,1,1,1,0
2025-01-06 08:00:00+00:00,20.80734345618421,50.24335529987847,1009.4509048563588,19.367913955061837,,54.82,23.82,source,bdg2_1,1,1,1,1,0
2025-01-06 09:00:00+00:00,20.431344016876054,48.57010602383851,1010.0755374979068,21.139723830026288,,54.82,23.82,source,bdg2_1,1,1,1,1,0
2025-01-06 10:00:00+00:00,18.31348990384248,52.00154205972535,1009.0155563038212,21.839091523939924,,54.82,23.82,source,bdg2_1,1,1,1,1,0
2025-01-06 11:00:00+00:00,16.22912431470262,56.25604292156232,1010.0963186283624,22.96414454298486,,54.82,23.82,source,bdg2_1,1,1,1,1,0
2025-01-06 12:00:00+00:00,14.463737349004504,60.43506204653328,1009.6942989181651,24.04046817710508,,54.82,23.82,source,bdg2_1,1,1,1,1,0
2025-01-06 13:00:00+00:00,13.038690048851953,63.53406569547295,1011.156596736132,27.907656776604878,,54.82,23.82,source,bdg2_1,1,1,1,1,0
2025-01-06 14:00:00+00:00,10.868309529466789,64.01362617422951,1010.1656402687352,28.05699894017249,,54.82,23.82,source,bdg2_1,1,1,1,1,0
2025-01-06 15:00:00+00:00,9.984399750407023,71.7437805686217,1010.756885119185,30.175591273581805,,54.82,23.82,source,bdg2_1,1,1,1,1,0
2025-01-06 16:00:00+00:00,8.728886864617975,69.04698546578909,1009.6722346082692,29.216345454608444,,54.82,23.82,source,bdg2_1,1,1,1,1,0
2025-01-06 17:00:00+00:00,7.609344257335025,70.64042183492379,1010.034928362694,30.773913860644637,,54.82,23.82,source,bdg2_1,1,1,1,1,0
2025-01-06 18:00:00+00:00,7.763562220485223,69.88940383425371,1010.073356759928,30.188582912377708,,54.82,23.82,source,bdg2_1,1,1,1,1,0
2025-01-06 19:00:00+00:00,8.518978245183192,70.20862133369813,1010.671341377412,31.216454725386388,,54.82,23.82,source,bdg2_1,1,1,1,1,0
2025-01-06 20:00:00+00:00,9.182580482579825,70.7504986316977,1010.1778678856,28.719332016073785,,54.82,23.82,source,bdg2_1,1,1,1,1,0
2025-01-06 21:00:00+00:00,9.035279997101494,69.39720125337233,1010.2827729605352,28.68811539605425,,54.82,23.82,source,bdg2_1,1,1,1,1,0
2025-01-06 22:00:00+00:00,11.750637424520436,64.82039584395693,1011.0297815198884,27.613110581874015,,54.82,23.82,source,bdg2_1,1,1,1,1,0
2025-01-06 23:00:00+00:00,13.936764308112972,63.35923504301469,1010.74551900836,26.020718087117,,54.82,23.82,source,bdg2_1,1,1,1,1,0
2025-01-07 00:00:00+00:00,15.738206996422337,56.84476082729727,1010.3880895720356,24.69494600605196,,54.82,23.82,source,bdg2_1,1,1,1,1,0
2025-01-07 01:00:00+00:00,16.046522948165006,55.70211748113139,1009.6400234753312,23.896292011762032,,54.82,23.82,source,bdg2_1,1,1,1,1,0
2025-01-07 02:00:00+00:00,17.79738622796183,54.5547907105806,1010.6699535365298,21.66728648721524,,54.82,23.82,source,bdg2_1,1,1,1,1,0
2025-01-07 03:00:00+00:00,19.172856163307276,50.4904468590838,1011.033991566548,21.33901890020068,,54.82,23.82,source,bdg2_1,1,1,1,1,0
2025-01-07 04:00:00+00:00,21.39529972613411,48.42519975180302,1011.76247854747,20.431919564713283,,54.82,23.82,source,bdg2_1,1,1,1,1,0
2025-01-07 05:00:00+00:00,21.33888306949136,50.37412893161837,1011.7219210051472,20.080201551465223,,54.82,23.82,source,bdg2_1,1,1,1,1,0
2025-01-07 06:00:00+00:00,21.757848941666744,49.36511195840345,1010.6824621103422,20.9351915417928,,54.82,23.82,source,bdg2_1,1,1,1,1,0
2025-01-07 07:00:00+00:00,21.067890524043094,48.2838001751761,1011.224417196876,21.3784703296952,,54.82,23.82,source,bdg2_1,1,1,1,1,0
2025-01-07 08:00:00+00:00,20.147568009616137,49.95935023753853,1011.2496845924212,20.672781268235884,,54.82,23.82,source,bdg2_1,1,1,1,1,0
2025-01-07 09:00:00+00:00,19.507694695404947,49.5618763800255,1011.1723352395786,21.222802309396997,,54.82,23.82,source,bdg2_1,1,1,1,1,0
2025-01-07 10:00:00+00:00,19.237591739154414,54.16707246529716,1011.4978618726648,23.19834629261439,,54.82,23.82,source,bdg2_1,1,1,1,1,0
2025-01-07 11:00:00+00:00,16.005805995263746,57.9780211294963,1012.0558821858344,24.613048642042013,,54.82,23.82,source,bdg2_1,1,1,1,1,0
2025-01-07 12:00:00+00:00,14.833502968860046,58.14712500610441,1011.20588452985,25.247453868946693,,54.82,23.82,source,bdg2_1,1,1,1,1,0
2025-01-07 13:00:00+00:00,13.456649106901027,65.02065320450136,1012.561040949548,27.165343506401864,,54.82,23.82,source,bdg2_1,1,1,1,1,0
2025-01-07 14:00:00+00:00,11.516964399195716,66.39737993506527,1011.7863207420232,28.55486845217148,,54.82,23.82,source,bdg2_1,1,1,1,1,0
2025-01-07 15:00:00+00:00,10.34738830636224,68.80907088277948,1011.3813625451144,29.58219529089053,,54.82,23.82,source,bdg2_1,1,1,1,1,0
2025-01-07 16:00:00+00:00,8.17437899069707,72.23997812648408,1012.6080492287556,27.74305819883597,,54.82,23.82,source,bdg2_1,1,1,1,1,0
2025-01-07 17:00:00+00:00,8.214287047955096,69.72901852557575,1012.151233204756,30.38479910496444,,54.82,23.82,source,bdg2_1,1,1,1,1,0
2025-01-07 18:00:00+00:00,7.931680950146611,69.95419796306935,1012.4628508367256,30.25948770656642,,54.82,23.82,source,bdg2_1,1,1,1,1,0
2025-01-07 19:00:00+00:00,8.22490181069627,70.0234014532796,1012.2673743474955,30.09815629986372,,54.82,23.82,source,bdg2_1,1,1,1,1,0
2025-01-07 20:00:00+00:00,8.86029726285807,73.56123802437281,1012.6809129201974,29.12336568486384,,54.82,23.82,source,bdg2_1,1,1,1,1,0
2025-01-07 21:00:00+00:00,10.291551507456216,66.82713284439703,1012.8744841716168,30.15232813345619,,54.82,23.82,source,bdg2_1,1,1,1,1,0
2025-01-07 22:00:00+00:00,11.058114340713344,66.44825252860262,1013.1593662674632,25.806651291927885,,54.82,23.82,source,bdg2_1,1,1,1,1,0
2025-01-07 23:00:00+00:00,14.007711149641814,61.53833125762788,1012.7202993883528,26.674767403150703,,54.82,23.82,source,bdg2_1,1,1,1,1,0
2025-01-08 00:00:00+00:00,14.88369855795949,61.20440500067471,1013.0754627084876,25.569751291004675,,54.82,23.82,source,bdg2_1,1,1,1,1,0
2025-01-08 01:00:00+00:00,16.849220027569327,59.10217388062155,1012.1044245783324,24.069999021101136,,54.82,23.82,source,bdg2_1,1,1,1,1,0
2025-01-08 02:00:00+00:00,18.34969243609964,52.56145107452891,1012.8183852754728,21.928020021820537,,54.82,23.82,source,bdg2_1,1,1,1,1,0
2025-01-08 03:00:00+00:00,20.23895273667221,50.17052297139174,1013.2543016401293,21.73971496418307,,54.82,23.82,source,bdg2_1,1,1,1,1,0
2025-01-08 04:00:00+00:00,20.484282000941413,51.27621813346671,1014.6579214504974,19.995855673871336,,54.82,23.82,source,bdg2_1,1,1,1,1,0
2025-01-08 05:00:00+00:00,22.221204376232585,47.94437086390161,1013.8244185497024,19.98866567306838,,54.82,23.82,source,bdg2_1,1,1,1,1,0
2025-01-08 06:00:00+00:00,23.104330814990558,47.51350227657475,1014.0645280064404,20.607366152617693,,54.82,23.82,source,bdg2_1,1,1,1,1,0
2025-01-08 07:00:00+00:00,21.21950071558117,45.16848596495721,1014.0660007431824,21.014889308131536,,54.82,23.82,source,bdg2_1,1,1,1,1,0
2025-01-08 08:00:00+00:00,20.79382511738745,48.65763315328022,1014.3726671510136,21.522706405990597,,54.82,23.82,source,bdg2_1,1,1,1,1,0
2025-01-08 09:00:00+00:00,20.427685791988047,51.9068216790718,1013.5966989553044,20.24649271437268,,54.82,23.82,source,bdg2_1,1,1,1,1,0
2025-01-08 10:00:00+00:00,17.50343172713387,53.91347736314348,1015.055607452496,22.97789455603833,,54.82,23.82,source,bdg2_1,1,1,1,1,0
2025-01-08 11:00:00+00:00,16.77186319394775,54.6130521338204,1013.8657110396738,23.710843550110944,,54.82,23.82,source,bdg2_1,1,1,1,1,0
2025-01-08 12:00:00+00:00,14.888890262160984,61.3625095352539,1014.2223478324058,25.69530599523936,,54.82,23.82,source,bdg2_1,1,1,1,1,0
2025-01-08 13:00:00+00:00,13.131157554216692,62.82117779156463,1015.031372649619,25.54211779130164,,54.82,23.82,source,bdg2_1,1,1,1,1,0
2025-01-08 14:00:00+00:00,11.358473566039288,64.0608938960632,1014.5483696772984,28.569501001033775,,54.82,23.82,source,bdg2_1,1,1,1,1,0
2025-01-08 15:00:00+00:00,10.390953486760976,69.58629908911692,1015.1226174175572,29.160752092900044,,54.82,23.82,source,bdg2_1,1,1,1,1,0
2025-01-08 16:00:00+00:00,9.316951889583551,70.99789096102964,1014.2022659015054,29.856222118589404,,54.82,23.82,source,bdg2_1,1,1,1,1,0
2025-01-08 17:00:00+00:00,8.711462403388584,70.25324543264074,1014.8994555472366,30.91244220301645,,54.82,23.82,source,bdg2_1,1,1,1,1,0
2025-01-08 18:00:00+00:00,7.813261772305711,70.0183401395162,1014.9012363915076,31.593685559521685,,54.82,23.82,source,bdg2_1,1,1,1,1,0
2025-01-08 19:00:00+00:00,7.7820465063379505,71.43302480986043,1014.5813467602452,29.47066183738829,,54.82,23.82,source,bdg2_1,1,1,1,1,0
2025-01-08 20:00:00+00:00,9.05520781403438,72.60752525835254,1014.6821962003286,28.621472024693865,,54.82,23.82,source,bdg2_1,1,1,1,1,0
2025-01-08 21:00:00+00:00,9.614001311500122,66.84459570600683,1014.3539703134536,27.684271706922207,,54.82,23.82,source,bdg2_1,1,1,1,1,0
2025-01-08 22:00:00+00:00,11.447093365261708,66.06129807979258,1015.78538020925,26.678399515427195,,54.82,23.82,source,bdg2_1,1,1,1,1,0
2025-01-08 23:00:00+00:00,12.79829762228621,61.970572680446,1015.3717881289638,26.13562280885261,,54.82,23.82,source,bdg2_1,1,1,1,1,0
2025-01-09 00:00:00+00:00,15.388604397555596,58.81628878977592,1015.8021238737012,25.94251314301395,,54.82,23.82,source,bdg2_1,1,1,1,1,0
2025-01-09 01:00:00+00:00,16.680499464683503,55.96036527835621,1015.5043778840394,22.91437100900781,,54.82,23.82,source,bdg2_1,1,1,1,1,0
2025-01-09 02:00:00+00:00,19.49610236783869,54.21133095466682,1015.8749367072298,21.232892699497825,,54.82,23.82,source,bdg2_1,1,1,1,1,0
2025-01-09 03:00:00+00:00,19.07436867591073,52.54561793353695,1015.7981159571628,20.703861337154056,,54.82,23.82,source,bdg2_1,1,1,1,1,0
2025-01-09 04:00:00+00:00,20.778790001589734,48.58777945342208,1015.7119896687836,21.59372510908332,,54.82,23.82,source,bdg2_1,1,1,1,1,0
2025-01-09 05:00:00+00:00,20.989050679053072,49.12700778128163,1015.2152623200782,19.639438904252454,,54.82,23.82,source,bdg2_1,1,1,1,1,0
2025-01-09 06:00:00+00:00,21.919782395961985,45.95781893977747,1017.1248758885768,22.42497747453344,,54.82,23.82,source,bdg2_1,1,1,1,1,0
2025-01-09 07:00:00+00:00,22.13761571353552,49.39291285665898,1015.2278816713168,22.547719744438343,,54.82,23.82,source,bdg2_1,1,1,1,1,0
2025-01-09 08:00:00+00:00,21.07133645892676,49.4226018895883,1016.394618035474,20.930673046663625,,54.82,23.82,source,bdg2_1,1,1,1,1,0
2025-01-09 09:00:00+00:00,19.561445662701583,51.18633648001514,1015.6436071012988,21.529121787436925,,54.82,23.82,source,bdg2_1,1,1,1,1,0
2025-01-09 10:00:00+00:00,18.77722876943723,54.79913835576424,1016.5173193632515,22.495896935784724,,54.82,23.82,source,bdg2_1,1,1,1,1,0
2025-01-09 11:00:00+00:00,17.290767574850676,59.45416422099296,1015.2847661749682,24.418475337977902,,54.82,23.82,source,bdg2_1,1,1,1,1,0
2025-01-09 12:00:00+00:00,14.463833944903788,57.7393866139377,1016.7171147563392,26.135483968795995,,54.82,23.82,source,bdg2_1,1,1,1,1,0
2025-01-09 13:00:00+00:00,13.449953156238784,62.39043144476367,1016.6994800317552,24.926927500473745,,54.82,23.82,source,bdg2_1,1,1,1,1,0
2025-01-09 14:00:00+00:00,11.533696459909462,66.7277663304938,1016.6100559452768,25.973572300626422,,54.82,23.82,source,bdg2_1,1,1,1,1,0
2025-01-09 15:00:00+00:00,8.518181853641659,68.65833684416789,1016.139850207352,28.70921417860979,,54.82,23.82,source,bdg2_1,1,1,1,1,0
2025-01-09 16:00:00+00:00,8.499198742853123,70.32606364565301,1015.2215718558728,29.750720410607308,,54.82,23.82,source,bdg2_1,1,1,1,1,0
2025-01-09 17:00:00+00:00,8.684813413891744,70.49306208856103,1014.9959312304526,29.699847421190206,,54.82,23.82,source,bdg2_1,1,1,1,1,0
2025-01-09 18:00:00+00:00,7.90074984029965,71.87908950851063,1016.6517877257288,30.13859547911853,,54.82,23.82,source,bdg2_1,1,1,1,1,0
2025-01-09 19:00:00+00:00,9.280580639821968,72.16222509543366,1015.4542852790316,30.9632425897238,,54.82,23.82,source,bdg2_1,1,1,1,1,0
2025-01-09 20:00:00+00:00,8.892649989703257,69.65914855941571,1016.1313120671545,29.44491083032283,,54.82,23.82,source,bdg2_1,1,1,1,1,0
2025-01-09 21:00:00+00:00,9.270955435285618,67.21100320961635,1016.5571399146872,28.711461798392577,,54.82,23.82,source,bdg2_1,1,1,1,1,0
2025-01-09 22:00:00+00:00,11.819492976846572,67.53022896677308,1016.8627990144917,26.86090349980323,,54.82,23.82,source,bdg2_1,1,1,1,1,0
2025-01-09 23:00:00+00:00,12.836569155019337,61.7190641494078,1015.647474148922,25.381508458383077,,54.82,23.82,source,bdg2_1,1,1,1,1,0
2025-01-10 00:00:00+00:00,14.992499633751075,59.83765084661843,1016.215402872406,23.809348766439133,,54.82,23.82,source,bdg2_1,1,1,1,1,0
2025-01-10 01:00:00+00:00,16.484821054060962,57.43336305724677,1016.2471014676594,21.38928746406921,,54.82,23.82,source,bdg2_1,1,1,1,1,0
2025-01-10 02:00:00+00:00,18.198964688822333,53.6195694156091,1014.84614132769,22.94870035677319,,54.82,23.82,source,bdg2_1,1,1,1,1,0
2025-01-10 03:00:00+00:00,20.55181123143525,48.60006950730703,1015.0491856069387,22.41664822080767,,54.82,23.82,source,bdg2_1,1,1,1,1,0
2025-01-10 04:00:00+00:00,21.6298474405506,47.69853169838898,1015.2988108895806,21.32929178781348,,54.82,23.82,source,bdg2_1,1,1,1,1,0
2025-01-10 05:00:00+00:00,21.6399689181767,47.62691543837016,1016.5467554574266,20.468169907015632,,54.82,23.82,source,bdg2_1,1,1,1,1,0
2025-01-10 06:00:00+00:00,21.090275578897767,48.37997085858419,1015.0002777737022,20.742056579716028,,54.82,23.82,source,bdg2_1,1,1,1,1,0
2025-01-10 07:00:00+00:00,22.25247761288305,49.06673308166474,1016.1162561069837,22.13465032581037,,54.82,23.82,source,bdg2_1,1,1,1,1,0
2025-01-10 08:00:00+00:00,21.42551780950883,49.049755243328576,1015.0514242569687,20.894323715771566,,54.82,23.82,source,bdg2_1,1,1,1,1,0
2025-01-10 09:00:00+00:00,19.43222838317047,49.35660071612569,1015.3092478452144,19.686147968935582,,54.82,23.82,source,bdg2_1,1,1,1,1,0
2025-01-10 10:00:00+00:00,17.849763108537022,54.75173458649639,1015.2410886862656,22.19336561929739,,54.82,23.82,source,bdg2_1,1,1,1,1,0
2025-01-10 11:00:00+00:00,16.798775266388617,53.962883735181485,1015.5069052120592,23.702074831420884,,54.82,23.82,source,bdg2_1,1,1,1,1,0
2025-01-10 12:00:00+00:00,14.97739676514488,60.51426946589285,1014.263030662701,26.911829512041187,,54.82,23.82,source,bdg2_1,1,1,1,1,0
2025-01-10 13:00:00+00:00,13.03659112689385,60.95450796574654,1015.3296801087064,25.02292750242318,,54.82,23.82,source,bdg2_1,1,1,1,1,0
2025-01-10 14:00:00+00:00,11.53319634992282,66.8109033481366,1014.5397072017728,28.345426429123897,,54.82,23.82,source,bdg2_1,1,1,1,1,0
2025-01-10 15:00:00+00:00,10.11579863153166,69.00890690056053,1015.3233543961336,29.04796805273841,,54.82,23.82,source,bdg2_1,1,1,1,1,0
2025-01-10 16:00:00+00:00,9.498003073296497,71.68298651708116,1015.2839733900496,28.565787392652595,,54.82,23.82,source,bdg2_1,1,1,1,1,0
2025-01-10 17:00:00+00:00,8.381684767211123,70.75435898386004,1014.2324860969986,29.78825225623432,,54.82,23.82,source,bdg2_1,1,1,1,1,0
2025-01-10 18:00:00+00:00,7.54359495162462,73.70271207867981,1014.851614808476,30.045262568720712,,54.82,23.82,source,bdg2_1,1,1,1,1,0
2025-01-10 19:00:00+00:00,8.626122275273048,70.96392403259362,1014.6531631275152,30.99430029374428,,54.82,23.82,source,bdg2_1,1,1,1,1,0
2025-01-10 20:00:00+00:00,8.245982872724966,69.09187201776504,1014.6231132380713,30.11491620998252,,54.82,23.82,source,bdg2_1,1,1,1,1,0
2025-01-10 21:00:00+00:00,10.175148768668585,66.74900611765179,1014.1362092442838,30.2299939257307,,54.82,23.82,source,bdg2_1,1,1,1,1,0
2025-01-10 22:00:00+00:00,11.658134640695163,65.07233816637928,1014.2578612397136,31.24024890370461,,54.82,23.82,source,bdg2_1,1,1,1,1,0
2025-01-10 23:00:00+00:00,13.85840263944698,60.651117524812406,1014.172418397048,27.01691790891288,,54.82,23.82,source,bdg2_1,1,1,1,1,0
2025-01-11 00:00:00+00:00,14.86225945851757,61.70857994325074,1015.183776006872,25.007560395037363,,54.82,23.82,source,bdg2_1,1,1,1,1,0
2025-01-11 01:00:00+00:00,16.95910307314861,56.64117802865383,1014.6410756060126,25.20582993798949,,54.82,23.82,source,bdg2_1,1,1,1,1,0
2025-01-11 02:00:00+00:00,18.96719768699093,52.37553359143229,1014.4732046080112,21.92124606667044,,54.82,23.82,source,bdg2_1,1,1,1,1,0
2025-01-11 03:00:00+00:00,20.823928451383203,52.229144349321885,1014.5199015530236,21.44340670798342,,54.82,23.82,source,bdg2_1,1,1,1,1,0
2025-01-11 04:00:00+00:00,21.04600887037102,50.25386160372947,1013.868864867202,22.24878688601937,,54.82,23.82,source,bdg2_1,1,1,1,1,0
2025-01-11 05:00:00+00:00,21.19038263356769,49.43701475605956,1013.4831272370876,21.03141711096073,,54.82,23.82,source,bdg2_1,1,1,1,1,0
2025-01-11 06:00:00+00:00,21.10144195382289,49.92918937267828,1013.5128784126696,18.76632684751853,,54.82,23.82,source,bdg2_1,1,1,1,1,0
2025-01-11 07:00:00+00:00,22.119822939153263,48.121224819444585,1013.6963042372766,21.398279566729943,,54.82,23.82,source,bdg2_1,1,1,1,1,0
2025-01-11 08:00:00+00:00,20.516582548113988,48.503129452170725,1013.4873303637236,21.23738837959658,,54.82,23.82,source,bdg2_1,1,1,1,1,0
2025-01-11 09:00:00+00:00,19.59793998037764,50.32500065311936,1013.7215610744332,22.448104736282943,,54.82,23.82,source,bdg2_1,1,1,1,1,0
2025-01-11 10:00:00+00:00,19.19863662925499,53.55729701102321,1011.9330728819332,23.023390284769484,,54.82,23.82,source,bdg2_1,1,1,1,1,0
2025-01-11 11:00:00+00:00,17.19169936698239,54.69393673403962,1013.1573637060516,23.98121305403363,,54.82,23.82,source,bdg2_1,1,1,1,1,0
2025-01-11 12:00:00+00:00,15.170177481126672,59.3029582967631,1013.0417165973817,25.600394496115197,,54.82,23.82,source,bdg2_1,1,1,1,1,0
2025-01-11 13:00:00+00:00,12.300179963211413,64.47245219273123,1012.70490809018,27.058597344709348,,54.82,23.82,source,bdg2_1,1,1,1,1,0
2025-01-11 14:00:00+00:00,11.1486898612844,63.43235270240936,1013.3663790834536,29.14113618570753,,54.82,23.82,source,bdg2_1,1,1,1,1,0
2025-01-11 15:00:00+00:00,9.11998716308534,66.54686644218545,1012.7111931506134,27.486173584306016,,54.82,23.82,source,bdg2_1,1,1,1,1,0
2025-01-11 16:00:00+00:00,9.317948047020655,69.19670899699298,1012.294082938506,29.541561987913795,,54.82,23.82,source,bdg2_1,1,1,1,1,0
2025-01-11 17:00:00+00:00,7.149406667313761,71.11122603477679,1013.449589615511,30.416513876801883,,54.82,23.82,source,bdg2_1,1,1,1,1,0
2025-01-11 18:00:00+00:00,7.500445243559368,73.56902268127453,1013.3640299175232,31.27466847717737,,54.82,23.82,source,bdg2_1,1,1,1,1,0
2025-01-11 19:00:00+00:00,7.946213797335787,70.6047157057546,1012.0383044375088,28.78057576520172,,54.82,23.82,source,bdg2_1,1,1,1,1,0
2025-01-11 20:00:00+00:00,8.952430069142178,68.8837708645154,1011.6781147831948,29.6509457907314,,54.82,23.82,source,bdg2_1,1,1,1,1,0
2025-01-11 21:00:00+00:00,9.768441502601942,68.17870415269017,1013.083251935852,28.90375339496644,,54.82,23.82,source,bdg2_1,1,1,1,1,0
2025-01-11 22:00:00+00:00,12.095161616720349,66.65687719827118,1012.2054664356826,26.15082479303621,,54.82,23.82,source,bdg2_1,1,1,1,1,0
2025-01-11 23:00:00+00:00,12.914780727762867,62.71244773082344,1011.5770106018148,26.09118672092894,,54.82,23.82,source,bdg2_1,1,1,1,1,0
2025-01-12 00:00:00+00:00,15.079950871639731,59.66608138582819,1012.0431451911064,24.752202493892444,,54.82,23.82,source,bdg2_1,1,1,1,1,0
2025-01-12 01:00:00+00:00,17.353709304817492,56.874528341752,1011.300855986321,22.454514017618397,,54.82,23.82,source,bdg2_1,1,1,1,1,0
2025-01-12 02:00:00+00:00,18.115308187785377,53.61853392641788,1012.1010296755032,21.228126421585404,,54.82,23.82,source,bdg2_1,1,1,1,1,0
2025-01-12 03:00:00+00:00,20.469823837933298,51.37707233572433,1010.9881812302788,20.145374864058788,,54.82,23.82,source,bdg2_1,1,1,1,1,0
2025-01-12 04:00:00+00:00,21.336675389085173,46.748345886056136,1011.0792833405468,20.229511049797864,,54.82,23.82,source,bdg2_1,1,1,1,1,0
2025-01-12 05:00:00+00:00,21.67991828091704,49.28066750099729,1010.911218980821,20.2907132965625,,54.82,23.82,source,bdg2_1,1,1,1,1,0
2025-01-12 06:00:00+00:00,21.39107697462041,48.086538138866544,1011.4337082827695,19.648308123876426,,54.82,23.82,source,bdg2_1,1,1,1,1,0
2025-01-12 07:00:00+00:00,21.94581363052143,48.56583856954184,1010.8709931915256,20.109553394019134,,54.82,23.82,source,bdg2_1,1,1,1,1,0
2025-01-12 08:00:00+00:00,20.964667388171524,46.64632351062982,1010.209900355798,21.102725208456107,,54.82,23.82,source,bdg2_1,1,1,1,1,0
2025-01-12 09:00:00+00:00,18.905573947463665,53.25229131825906,1010.1736940874544,21.494991381958368,,54.82,23.82,source,bdg2_1,1,1,1,1,0
2025-01-12 10:00:00+00:00,18.736067957950556,53.04489746371412,1011.3821386578984,21.12914645121164,,54.82,23.82,source,bdg2_1,1,1,1,1,0
2025-01-12 11:00:00+00:00,17.265116504381897,57.11700628269563,1010.6504919196234,24.71760072025429,,54.82,23.82,source,bdg2_1,1,1,1,1,0
2025-01-12 12:00:00+00:00,15.26962691136361,58.19328384513757,1011.3604108557852,26.00399640332264,,54.82,23.82,source,bdg2_1,1,1,1,1,0
2025-01-12 13:00:00+00:00,13.240170524826675,63.33035983438935,1011.2543250197016,27.95226747976916,,54.82,23.82,source,bdg2_1,1,1,1,1,0
2025-01-12 14:00:00+00:00,11.80632924335277,64.25606784842094,1010.5814087503052,28.32001990552675,,54.82,23.82,source,bdg2_1,1,1,1,1,0
2025-01-12 15:00:00+00:00,9.633003363966308,66.67648100649959,1010.4627165981676,28.647897751587458,,54.82,23.82,source,bdg2_1,1,1,1,1,0
2025-01-12 16:00:00+00:00,9.12673706915791,72.23775386263792,1009.3107110888922,29.429988466945737,,54.82,23.82,source,bdg2_1,1,1,1,1,0
2025-01-12 17:00:00+00:00,8.135680354097465,71.61473378394862,1010.4313704468768,30.855378679251974,,54.82,23.82,source,bdg2_1,1,1,1,1,0
2025-01-12 18:00:00+00:00,8.279466367857191,71.93145011516694,1010.3416521613226,30.10535739192515,,54.82,23.82,source,bdg2_1,1,1,1,1,0
2025-01-12 19:00:00+00:00,8.172036325046445,73.57413059221683,1009.2941940894052,28.428132943335232,,54.82,23.82,source,bdg2_1,1,1,1,1,0
2025-01-12 20:00:00+00:00,9.736640654931804,71.25278486179418,1010.52269959033,30.488313871662697,,54.82,23.82,source,bdg2_1,1,1,1,1,0
2025-01-12 21:00:00+00:00,9.041075005846764,70.64398447803947,1009.5851179345092,27.55279493588059,,54.82,23.82,source,bdg2_1,1,1,1,1,0
2025-01-12 22:00:00+00:00,12.018121387880315,64.26642606882623,1010.3987421890348,28.92732938693686,,54.82,23.82,source,bdg2_1,1,1,1,1,0
2025-01-12 23:00:00+00:00,12.863469910202822,62.22220831430524,1010.4382368051238,27.190416872381466,,54.82,23.82,source,bdg2_1,1,1,1,1,0
2025-01-13 00:00:00+00:00,15.170862610661713,57.62794799221368,1010.8803182749496,25.62249493078789,,54.82,23.82,source,bdg2_1,1,1,1,1,0
2025-01-13 01:00:00+00:00,15.63330086183217,55.54449021913354,1009.522283449764,22.928207155924248,,54.82,23.82,source,bdg2_1,1,1,1,1,0
2025-01-13 02:00:00+00:00,18.62802619306526,52.927151788842814,1010.6459810284886,23.608737925665928,,54.82,23.82,source,bdg2_1,1,1,1,1,0
2025-01-13 03:00:00+00:00,19.9868728093575,49.93487816550246,1010.0185568677828,21.871225819817447,,54.82,23.82,source,bdg2_1,1,1,1,1,0
2025-01-13 04:00:00+00:00,21.64340651996953,48.91125400106979,1010.0482495893316,19.67313320977239,,54.82,23.82,source,bdg2_1,1,1,1,1,0
2025-01-13 05:00:00+00:00,21.530989597485817,50.16139733405681,1010.8001996252892,19.8253967481504,,54.82,23.82,source,bdg2_1,1,1,1,1,0
2025-01-13 06:00:00+00:00,21.867930528555817,46.85900675174816,1009.2352010103128,20.372760482388287,,54.82,23.82,source,bdg2_1,1,1,1,1,0
2025-01-13 07:00:00+00:00,21.99782594255354,49.31556070530032,1010.0151638754002,20.6995821728188,,54.82,23.82,source,bdg2_1,1,1,1,1,0
2025-01-13 08:00:00+00:00,21.14486877647292,51.4743837476301,1010.1956766644344,22.12120809683833,,54.82,23.82,source,bdg2_1,1,1,1,1,0
2025-01-13 09:00:00+00:00,20.485928403588265,52.053243441572825,1009.3977131144868,21.9817384050372,,54.82,23.82,source,bdg2_1,1,1,1,1,0
2025-01-13 10:00:00+00:00,18.660380990327813,56.87792928960163,1010.4046783082024,21.36872879170872,,54.82,23.82,source,bdg2_1,1,1,1,1,0
2025-01-13 11:00:00+00:00,16.415301448367877,58.34007684433303,1009.9557444491498,22.50301476251603,,54.82,23.82,source,bdg2_1,1,1,1,1,0
2025-01-13 12:00:00+00:00,15.245380690750792,60.74047385571527,1010.0159453884,25.86159623734172,,54.82,23.82,source,bdg2_1,1,1,1,1,0
2025-01-13 13:00:00+00:00,13.136149721576972,65.90305155559967,1009.5534676198096,27.202017312425404,,54.82,23.82,source,bdg2_1,1,1,1,1,0
2025-01-13 14:00:00+00:00,11.99549308551694,67.90029984659716,1010.0706544631907,27.087005661907327,,54.82,23.82,source,bdg2_1,1,1,1,1,0
2025-01-13 15:00:00+00:00,10.920590063711936,69.30513502822912,1009.8757823691903,29.367885721370364,,54.82,23.82,source,bdg2_1,1,1,1,1,0
2025-01-13 16:00:00+00:00,9.731363434478403,71.39187642960194,1009.8443887263912,30.30955200488212,,54.82,23.82,source,bdg2_1,1,1,1,1,0
2025-01-13 17:00:00+00:00,7.469751795368781,72.756338841965,1010.7394770036916,29.60766023173474,,54.82,23.82,source,bdg2_1,1,1,1,1,0
2025-01-13 18:00:00+00:00,8.138563250280576,72.2254204606102,1010.0291955652858,29.14239967979709,,54.82,23.82,source,bdg2_1,1,1,1,1,0
2025-01-13 19:00:00+00:00,8.099178542146795,70.65809168395991,1011.1045741937508,28.474357667147704,,54.82,23.82,source,bdg2_1,1,1,1,1,0
2025-01-13 20:00:00+00:00,9.837428078980173,70.0391884083582,1010.0164045319824,28.785881108148672,,54.82,23.82,source,bdg2_1,1,1,1,1,0
2025-01-13 21:00:00+00:00,9.529771108032238,65.43703038862913,1010.8678219792212,28.381886580991345,,54.82,23.82,source,bdg2_1,1,1,1,1,0
2025-01-13 22:00:00+00:00,11.080774854683751,64.04125056985221,1010.2398691548342,26.24850059645993,,54.82,23.82,source,bdg2_1,1,1,1,1,0
2025-01-13 23:00:00+00:00,13.837552495169312,60.26141164559371,1010.107100252814,25.411073495145768,,54.82,23.82,source,bdg2_1,1,1,1,1,0
2025-01-14 00:00:00+00:00,15.237588696384508,60.38066221126663,1010.5821089953575,24.827775011162903,,54.82,23.82,source,bdg2_1,1,1,1,1,0
2025-01-14 01:00:00+00:00,17.01076920965801,55.70101305665679,1010.9679171972462,22.38314235472162,,54.82,23.82,source,bdg2_1,1,1,1,1,0
2025-01-14 02:00:00+00:00,18.770152758135065,53.239114195968575,1011.3650336556288,21.2766494284073,,54.82,23.82,source,bdg2_1,1,1,1,1,0
2025-01-14 03:00:00+00:00,19.722995908849,50.28336056860624,1011.3487891089997,20.053172627228367,,54.82,23.82,source,bdg2_1,1,1,1,1,0
2025-01-14 04:00:00+00:00,21.50425172404874,50.30252098890165,1011.2424683894036,19.981713673851857,,54.82,23.82,source,bdg2_1,1,1,1,1,0
2025-01-14 05:00:00+00:00,21.999151042664195,51.034972791804606,1010.6974834969744,20.42356041667201,,54.82,23.82,source,bdg2_1,1,1,1,1,0
2025-01-14 06:00:00+00:00,21.86845937353126,46.34948040578146,1010.7171167974456,20.524850945250076,,54.82,23.82,source,bdg2_1,1,1,1,1,0
2025-01-14 07:00:00+00:00,21.738789505675268,44.72951029033035,1011.4846835331402,19.85278154072452,,54.82,23.82,source,bdg2_1,1,1,1,1,0
2025-01-14 08:00:00+00:00,21.52105138242807,48.6422439042337,1012.4635034627948,19.721123729068704,,54.82,23.82,source,bdg2_1,1,1,1,1,0
2025-01-14 09:00:00+00:00,20.33286056364956,49.901528900956414,1011.501381577849,20.31695603639304,,54.82,23.82,source,bdg2_1,1,1,1,1,0
2025-01-14 10:00:00+00:00,19.127424376756043,53.96834427090519,1012.2473845912644,22.40271415469835,,54.82,23.82,source,bdg2_1,1,1,1,1,0
2025-01-14 11:00:00+00:00,15.99955383413471,55.62949546363048,1011.4021096275236,25.087404190072185,,54.82,23.82,source,bdg2_1,1,1,1,1,0
2025-01-14 12:00:00+00:00,16.364731067722595,59.828764397995535,1011.857357213122,26.25011222621868,,54.82,23.82,source,bdg2_1,1,1,1,1,0
2025-01-14 13:00:00+00:00,12.61761252335411,62.63242372712751,1012.1351202749966,26.64722847998786,,54.82,23.82,source,bdg2_1,1,1,1,1,0
2025-01-14 14:00:00+00:00,11.457838733652029,64.53389893496576,1011.9560719148373,28.212877299456004,,54.82,23.82,source,bdg2_1,1,1,1,1,0
2025-01-14 15:00:00+00:00,9.691042053243097,68.59699701662318,1013.0540332726592,29.01287056562296,,54.82,23.82,source,bdg2_1,1,1,1,1,0
2025-01-14 16:00:00+00:00,9.23438395669699,68.83802199582533,1011.8402966519656,29.01266084833077,,54.82,23.82,source,bdg2_1,1,1,1,1,0
2025-01-14 17:00:00+00:00,7.819180512089266,69.77745922750651,1011.4406554422357,29.62174929364276,,54.82,23.82,source,bdg2_1,1,1,1,1,0
2025-01-14 18:00:00+00:00,8.416409371760855,72.92517084537097,1012.670577953449,30.912086858151024,,54.82,23.82,source,bdg2_1,1,1,1,1,0
2025-01-14 19:00:00+00:00,7.809107640605415,70.56620383784824,1012.324472352538,28.938371492533484,,54.82,23.82,source,bdg2_1,1,1,1,1,0
2025-01-14 20:00:00+00:00,9.06265768094571,69.39757109846947,1013.109849572412,28.45227547639333,,54.82,23.82,source,bdg2_1,1,1,1,1,0
2025-01-14 21:00:00+00:00,10.331523423456614,71.00342197347963,1012.0564938626244,27.984210761488058,,54.82,23.82,source,bdg2_1,1,1,1,1,0
2025-01-14 22:00:00+00:00,11.115920761812983,64.40958927176196,1012.906153959696,28.000319519486634,,54.82,23.82,source,bdg2_1,1,1,1,1,0
2025-01-14 23:00:00+00:00,12.821862965672556,62.33710460295895,1013.009031793384,26.608056968468038,,54.82,23.82,source,bdg2_1,1,1,1,1,0
2025-01-15 00:00:00+00:00,14.444313533846064,63.45245175417132,1012.8832794755843,25.088119704462,,54.82,23.82,source,bdg2_1,1,1,1,1,0
2025-01-15 01:00:00+00:00,16.497698809388186,56.50612830462332,1012.6600292634572,25.33414348250524,,54.82,23.82,source,bdg2_1,1,1,1,1,0
2025-01-15 02:00:00+00:00,17.576406244559063,53.72257595329319,1013.5547475124956,20.902785755742247,,54.82,23.82,source,bdg2_1,1,1,1,1,0
2025-01-15 03:00:00+00:00,20.180255450177395,53.489478229824606,1013.4840782642,21.46447360628853,,54.82,23.82,source,bdg2_1,1,1,1,1,0
2025-01-15 04:00:00+00:00,21.045072426444776,49.185446173760695,1013.7372156208849,19.80634638455976,,54.82,23.82,source,bdg2_1,1,1,1,1,0
2025-01-15 05:00:00+00:00,21.92488731501221,47.90110149681886,1013.2669233963562,19.013995276260523,,54.82,23.82,source,bdg2_1,1,1,1,1,0
2025-01-15 06:00:00+00:00,22.3372641096697,47.11403193184725,1014.2063227929692,19.97195458107768,,54.82,23.82,source,bdg2_1,1,1,1,1,0
2025-01-15 07:00:00+00:00,21.759934665044696,46.7620810206842,1013.276399275334,20.71736909820012,,54.82,23.82,source,bdg2_1,1,1,1,1,0
2025-01-15 08:00:00+00:00,21.014083979871582,49.69580880050332,1014.2097727760536,21.19171781752512,,54.82,23.82,source,bdg2_1,1,1,1,1,0
2025-01-15 09:00:00+00:00,19.771831316421423,55.85629791320181,1015.5583608559094,21.9047792031845,,54.82,23.82,source,bdg2_1,1,1,1,1,0
2025-01-15 10:00:00+00:00,17.78040282047798,52.65958478799087,1014.386892717584,21.92339311337911,,54.82,23.82,source,bdg2_1,1,1,1,1,0
2025-01-15 11:00:00+00:00,16.770882181512942,53.899053150392746,1014.4177668309096,24.91434737866895,,54.82,23.82,source,bdg2_1,1,1,1,1,0
2025-01-15 12:00:00+00:00,14.392813318261878,59.48474996159932,1014.1221409137428,22.515104591444963,,54.82,23.82,source,bdg2_1,1,1,1,1,0
2025-01-15 13:00:00+00:00,12.950441645653774,62.25208170761187,1013.705027401333,25.419554704823085,,54.82,23.82,source,bdg2_1,1,1,1,1,0
2025-01-15 14:00:00+00:00,11.623426635542904,66.51208357061294,1014.6624342761193,26.924047803846378,,54.82,23.82,source,bdg2_1,1,1,1,1,0
2025-01-15 15:00:00+00:00,9.637800271944997,68.70336333741407,1014.3995251502662,29.571950916518528,,54.82,23.82,source,bdg2_1,1,1,1,1,0
2025-01-15 16:00:00+00:00,9.51997649707078,69.68338515603543,1013.8732166948624,29.51348678205781,,54.82,23.82,source,bdg2_1,1,1,1,1,0
2025-01-15 17:00:00+00:00,7.904071466163695,72.82455552094717,1015.1315103155856,28.779019772267265,,54.82,23.82,source,bdg2_1,1,1,1,1,0
2025-01-15 18:00:00+00:00,8.52411527968071,74.08841601038822,1015.0635813470255,30.610146036650463,,54.82,23.82,source,bdg2_1,1,1,1,1,0
2025-01-15 19:00:00+00:00,7.978055193383361,70.30236931821678,1015.5843056695472,30.07073824849251,,54.82,23.82,source,bdg2_1,1,1,1,1,0
2025-01-15 20:00:00+00:00,8.891984573691895,70.28891731616811,1015.4168989459662,29.11447575271311,,54.82,23.82,source,bdg2_1,1,1,1,1,0
2025-01-15 21:00:00+00:00,9.801038581151388,68.02816596552145,1015.040071743048,28.049062553864548,,54.82,23.82,source,bdg2_1,1,1,1,1,0
2025-01-15 22:00:00+00:00,11.544141155332648,65.26260205968516,1014.9716916941784,29.486539197727144,,54.82,23.82,source,bdg2_1,1,1,1,1,0
2025-01-15 23:00:00+00:00,13.191896926275245,65.66780781260852,1014.7715328654662,27.04891195979372,,54.82,23.82,source,bdg2_1,1,1,1,1,0
2025-01-01 00:00:00+00:00,15.005659003562489,62.53651502747739,1012.7674068264362,26.79232298935285,,54.84,23.84,source,bdg2_2,1,1,1,1,0
2025-01-01 01:00:00+00:00,16.517410266468467,56.90561263108904,1012.5341306162262,23.671353622866143,,54.84,23.84,source,bdg2_2,1,1,1,1,0
2025-01-01 02:00:00+00:00,18.39658844818088,52.33592126592495,1012.3011920046868,23.396406942349167,,54.84,23.84,source,bdg2_2,1,1,1,1,0
2025-01-01 03:00:00+00:00,20.19731625741426,50.47021085005846,1013.2824966100752,20.7392622484035,,54.84,23.84,source,bdg2_2,1,1,1,1,0
2025-01-01 04:00:00+00:00,20.993140498318024,49.98275918770979,1013.6236846270637,20.168896107461777,,54.84,23.84,source,bdg2_2,1,1,1,1,0
2025-01-01 05:00:00+00:00,21.656578595529886,49.18306541123115,1013.2280715959904,19.61481375309725,,54.84,23.84,source,bdg2_2,1,1,1,1,0
2025-01-01 06:00:00+00:00,22.04092510429867,48.74214337289101,1013.4555879262488,20.79653079865309,,54.84,23.84,source,bdg2_2,1,1,1,1,0
2025-01-01 07:00:00+00:00,21.72644872602545,47.399776289074936,1013.8236648389308,18.713680574526595,,54.84,23.84,source,bdg2_2,1,1,1,1,0
2025-01-01 08:00:00+00:00,20.144228305845644,50.11623284900259,1012.996103853349,19.867925897876145,,54.84,23.84,source,bdg2_2,1,1,1,1,0
2025-01-01 09:00:00+00:00,20.449082762755527,52.01225972215361,1013.565853751834,21.44947566540533,,54.84,23.84,source,bdg2_2,1,1,1,1,0
2025-01-01 10:00:00+00:00,17.7830521359585,52.29121452888656,1014.012114024814,23.087449551426594,,54.84,23.84,source,bdg2_2,1,1,1,1,0
2025-01-01 11:00:00+00:00,16.79486855521732,56.76773005811131,1013.874503907824,23.780423017017505,,54.84,23.84,source,bdg2_2,1,1,1,1,0
2025-01-01 12:00:00+00:00,15.398008907736918,61.65562203519234,1014.473037922863,25.12197818894065,,54.84,23.84,source,bdg2_2,1,1,1,1,0
2025-01-01 13:00:00+00:00,13.365853023184224,63.89386885324381,1014.1609176977864,25.92498330955611,,54.84,23.84,source,bdg2_2,1,1,1,1,0
2025-01-01 14:00:00+00:00,11.168277512988666,65.05680086029491,1015.4415147681616,28.284937722295258,,54.84,23.84,source,bdg2_2,1,1,1,1,0
2025-01-01 15:00:00+00:00,9.707882678857365,68.54875654310014,1014.7498408308712,28.445575473411477,,54.84,23.84,source,bdg2_2,1,1,1,1,0
2025-01-01 16:00:00+00:00,8.455944976553663,72.56209780899609,1014.0957478716748,30.198467400082382,,54.84,23.84,source,bdg2_2,1,1,1,1,0
2025-01-01 17:00:00+00:00,8.26553769414876,70.37090220812449,1014.700708499446,27.979129998664323,,54.84,23.84,source,bdg2_2,1,1,1,1,0
2025-01-01 18:00:00+00:00,8.137486284720252,73.09269690985523,1014.6054389283938,30.297857928006685,,54.84,23.84,source,bdg2_2,1,1,1,1,0
2025-01-01 19:00:00+00:00,6.98907207862115,70.79401660331449,1014.2881614387684,30.75492173494177,,54.84,23.84,source,bdg2_2,1,1,1,1,0
2025-01-01 20:00:00+00:00,9.034978767129436,70.32144847766219,1014.9459038642908,29.087238633035877,,54.84,23.84,source,bdg2_2,1,1,1,1,0
2025-01-01 21:00:00+00:00,10.442783770768552,66.92265216691023,1015.5874469071872,29.23512280081332,,54.84,23.84,source,bdg2_2,1,1,1,1,0
2025-01-01 22:00:00+00:00,12.01537716553132,65.4780949973588,1015.7398985757446,28.500785925774466,,54.84,23.84,source,bdg2_2,1,1,1,1,0
2025-01-01 23:00:00+00:00,13.413065530239328,64.79013315992333,1015.053264347595,26.22094733354894,,54.84,23.84,source,bdg2_2,1,1,1,1,0
2025-01-02 00:00:00+00:00,15.673799789814463,63.02608557032971,1014.5221770566149,25.937043436892587,,54.84,23.84,source,bdg2_2,1,1,1,1,0
2025-01-02 01:00:00+00:00,16.182675355950273,57.20960871094522,1015.1198442880492,23.911593815205205,,54.84,23.84,source,bdg2_2,1,1,1,1,0
2025-01-02 02:00:00+00:00,18.350880675301937,54.591110177610446,1015.8035886682608,22.15184418437389,,54.84,23.84,source,bdg2_2,1,1,1,1,0
2025-01-02 03:00:00+00:00,20.284029166311903,51.08335518600496,1015.882582326106,22.641920487957567,,54.84,23.84,source,bdg2_2,1,1,1,1,0
2025-01-02 04:00:00+00:00,21.14472036838118,49.95736410913677,1014.6967151861412,19.897982502813957,,54.84,23.84,source,bdg2_2,1,1,1,1,0
2025-01-02 05:00:00+00:00,21.450152494795653,48.182900663323615,1014.9523347370656,18.869304789797173,,54.84,23.84,source,bdg2_2,1,1,1,1,0
2025-01-02 06:00:00+00:00,21.961446521566295,48.31173790096949,1016.1960045678438,21.43275642662214,,54.84,23.84,source,bdg2_2,1,1,1,1,0
2025-01-02 07:00:00+00:00,22.025610033781124,47.857292122295206,1016.0955471972946,19.37202412028979,,54.84,23.84,source,bdg2_2,1,1,1,1,0
2025-01-02 08:00:00+00:00,21.16908669011505,52.2926590488963,1016.5294082120204,20.367487578812653,,54.84,23.84,source,bdg2_2,1,1,1,1,0
2025-01-02 09:00:00+00:00,20.43492932054044,50.932843094972384,1015.5240969857314,19.855128726346557,,54.84,23.84,source,bdg2_2,1,1,1,1,0
2025-01-02 10:00:00+00:00,18.76844508155458,54.45891117624883,1016.3589654259443,23.305922147436437,,54.84,23.84,source,bdg2_2,1,1,1,1,0
2025-01-02 11:00:00+00:00,16.661973148795457,58.18882387341542,1016.8381428561792,26.007188536366247,,54.84,23.84,source,bdg2_2,1,1,1,1,0
2025-01-02 12:00:00+00:00,15.38622790228283,60.43271383239809,1016.1191157800166,25.083389668652675,,54.84,23.84,source,bdg2_2,1,1,1,1,0
2025-01-02 13:00:00+00:00,12.900482242620866,65.47176564402828,1016.3289526546876,26.44059192521292,,54.84,23.84,source,bdg2_2,1,1,1,1,0
2025-01-02 14:00:00+00:00,12.24381048417316,67.25959721316923,1015.3383533726084,28.73663876665428,,54.84,23.84,source,bdg2_2,1,1,1,1,0
2025-01-02 15:00:00+00:00,9.845536900736686,66.50890831692645,1016.1260663304262,28.22533700559928,,54.84,23.84,source,bdg2_2,1,1,1,1,0
2025-01-02 16:00:00+00:00,8.565585770980801,72.76762578292318,1016.0214724792615,29.277903030765216,,54.84,23.84,source,bdg2_2,1,1,1,1,0
2025-01-02 17:00:00+00:00,8.11283664316302,71.0016364161146,1016.0922917161946,29.50848538828151,,54.84,23.84,source,bdg2_2,1,1,1,1,0
2025-01-02 18:00:00+00:00,9.619171598376187,70.41843744613392,1016.058621591056,29.529726722434088,,54.84,23.84,source,bdg2_2,1,1,1,1,0
2025-01-02 19:00:00+00:00,7.887248945280902,70.58920214076466,1016.0117296412106,30.76082384211081,,54.84,23.84,source,bdg2_2,1,1,1,1,0
2025-01-02 20:00:00+00:00,9.53507537985474,71.43726713251193,1015.7797705063228,31.251865186839037,,54.84,23.84,source,bdg2_2,1,1,1,1,0
2025-01-02 21:00:00+00:00,10.93911932992324,71.13001879956293,1015.745410049828,29.15696854867452,,54.84,23.84,source,bdg2_2,1,1,1,1,0
2025-01-02 22:00:00+00:00,11.855127141237206,66.87739909962544,1016.2508698766848,28.049022707734377,,54.84,23.84,source,bdg2_2,1,1,1,1,0
2025-01-02 23:00:00+00:00,13.03705095385472,64.91680408698056,1016.6365327278156,26.93037915553053,,54.84,23.84,source,bdg2_2,1,1,1,1,0
2025-01-03 00:00:00+00:00,15.027648676749523,60.60872567536968,1016.549012378039,24.872518389078078,,54.84,23.84,source,bdg2_2,1,1,1,1,0
2025-01-03 01:00:00+00:00,17.161451149018284,55.7912957687273,1016.0873855285477,22.431242953967374,,54.84,23.84,source,bdg2_2,1,1,1,1,0
2025-01-03 02:00:00+00:00,17.93154308896527,57.13272270682363,1015.9325418259784,23.6037148180302,,54.84,23.84,source,bdg2_2,1,1,1,1,0
2025-01-03 03:00:00+00:00,18.61132678013208,51.15817093025799,1015.743758361046,20.90622755351715,,54.84,23.84,source,bdg2_2,1,1,1,1,0
2025-01-03 04:00:00+00:00,21.13200561060832,48.30817727692949,1016.420551817643,21.32880586907114,,54.84,23.84,source,bdg2_2,1,1,1,1,0
2025-01-03 05:00:00+00:00,21.18930291402437,49.135872161042194,1015.906946719159,21.78125234593734,,54.84,23.84,source,bdg2_2,1,1,1,1,0
2025-01-03 06:00:00+00:00,22.527934301091523,46.32252024468068,1015.3143189427346,20.994435002355907,,54.84,23.84,source,bdg2_2,1,1,1,1,0
2025-01-03 07:00:00+00:00,21.100724094847727,49.30874314719384,1015.3131721470168,20.679315941406983,,54.84,23.84,source,bdg2_2,1,1,1,1,0
2025-01-03 08:00:00+00:00,21.33131023615696,50.16949564020343,1015.2246675910254,20.703410848392693,,54.84,23.84,source,bdg2_2,1,1,1,1,0
2025-01-03 09:00:00+00:00,20.55985870744418,51.237818876874414,1015.7635097788342,23.113213889141107,,54.84,23.84,source,bdg2_2,1,1,1,1,0
2025-01-03 10:00:00+00:00,19.45476434577629,56.33203421202375,1015.550105159515,22.602803356902324,,54.84,23.84,source,bdg2_2,1,1,1,1,0
2025-01-03 11:00:00+00:00,16.723433253483332,56.12607008513881,1015.331818232688,22.29493880287609,,54.84,23.84,source,bdg2_2,1,1,1,1,0
2025-01-03 12:00:00+00:00,15.289012471867602,59.573047270866375,1015.9111268828042,26.0500034382632,,54.84,23.84,source,bdg2_2,1,1,1,1,0
2025-01-03 13:00:00+00:00,13.884774561068392,61.940614453333694,1015.1605774898968,25.56388240284372,,54.84,23.84,source,bdg2_2,1,1,1,1,0
2025-01-03 14:00:00+00:00,10.720452418763111,64.99469554634508,1014.8027853074112,28.63060517736339,,54.84,23.84,source,bdg2_2,1,1,1,1,0
2025-01-03 15:00:00+00:00,8.680681662212272,69.25075384147854,1014.9945106831436,28.077871238250644,,54.84,23.84,source,bdg2_2,1,1,1,1,0
2025-01-03 16:00:00+00:00,8.78480392514019,71.09094117904966,1014.9915303880416,31.708366639690738,,54.84,23.84,source,bdg2_2,1,1,1,1,0
2025-01-03 17:00:00+00:00,8.336942098343627,70.88484495065283,1014.692024549422,29.6134534500287,,54.84,23.84,source,bdg2_2,1,1,1,1,0
2025-01-03 18:00:00+00:00,8.795278364956717,72.81467058217007,1015.558988133904,28.735789026010345,,54.84,23.84,source,bdg2_2,1,1,1,1,0
2025-01-03 19:00:00+00:00,7.994948092611258,71.69555271983714,1014.6812064737006,30.53260207239468,,54.84,23.84,source,bdg2_2,1,1,1,1,0
2025-01-03 20:00:00+00:00,9.463572532201695,69.84311995526005,1013.2539350490472,28.40730783175414,,54.84,23.84,source,bdg2_2,1,1,1,1,0
2025-01-03 21:00:00+00:00,9.449998379727258,69.35906220921147,1015.6178312195116,28.87860872454757,,54.84,23.84,source,bdg2_2,1,1,1,1,0
2025-01-03 22:00:00+00:00,12.409886543104916,66.50702536767551,1015.0614873781024,27.824113062376064,,54.84,23.84,source,bdg2_2,1,1,1,1,0
2025-01-03 23:00:00+00:00,13.56595385138768,61.71533983016628,1014.246758496058,27.80220679715285,,54.84,23.84,source,bdg2_2,1,1,1,1,0
2025-01-04 00:00:00+00:00,15.464854602343287,57.96721435932651,1014.8392090632713,26.231669344536748,,54.84,23.84,source,bdg2_2,1,1,1,1,0
2025-01-04 01:00:00+00:00,16.67393218389977,57.39523681236899,1013.9126458924712,24.0143020365581,,54.84,23.84,source,bdg2_2,1,1,1,1,0
2025-01-04 02:00:00+00:00,18.578558164212524,53.422045628155686,1014.075759371534,21.957462633094167,,54.84,23.84,source,bdg2_2,1,1,1,1,0
2025-01-04 03:00:00+00:00,20.294232360675256,50.54837914633807,1014.1678584380276,21.745276389399358,,54.84,23.84,source,bdg2_2,1,1,1,1,0
2025-01-04 04:00:00+00:00,20.668103617110773,49.00947733997537,1014.0405223193884,22.044297665812596,,54.84,23.84,source,bdg2_2,1,1,1,1,0
2025-01-04 05:00:00+00:00,21.44122955589941,48.223107807332994,1013.683330913502,18.41696395551091,,54.84,23.84,source,bdg2_2,1,1,1,1,0
2025-01-04 06:00:00+00:00,21.926056515533933,49.12788132208083,1014.0582222233631,19.519965263589317,,54.84,23.84,source,bdg2_2,1,1,1,1,0
2025-01-04 07:00:00+00:00,22.02933566620343,48.03561235196495,1013.7365007027752,21.106345776518975,,54.84,23.84,source,bdg2_2,1,1,1,1,0
2025-01-04 08:00:00+00:00,20.730301823948995,50.32730053335056,1012.6272074178892,21.64521159414964,,54.84,23.84,source,bdg2_2,1,1,1,1,0
2025-01-04 09:00:00+00:00,19.176847044730724,51.41912204368965,1013.2410715988487,22.32613648417649,,54.84,23.84,source,bdg2_2,1,1,1,1,0
2025-01-04 10:00:00+00:00,19.394592712727317,53.71797713186994,1013.2284845859853,21.441353017060017,,54.84,23.84,source,bdg2_2,1,1,1,1,0
2025-01-04 11:00:00+00:00,17.094320670266022,58.391137315405565,1013.7004590841487,22.70982004760761,,54.84,23.84,source,bdg2_2,1,1,1,1,0
2025-01-04 12:00:00+00:00,14.563255445624256,61.35692928556889,1013.4695863359452,22.950006771492976,,54.84,23.84,source,bdg2_2,1,1,1,1,0
2025-01-04 13:00:00+00:00,12.77998595169391,59.81348957067584,1012.7922346225088,26.4357842682709,,54.84,23.84,source,bdg2_2,1,1,1,1,0
2025-01-04 14:00:00+00:00,11.67456697624568,66.67810382997045,1013.1044408753928,27.399272391356693,,54.84,23.84,source,bdg2_2,1,1,1,1,0
2025-01-04 15:00:00+00:00,9.294311629317658,68.80593458054817,1013.0396901110788,27.12307506079856,,54.84,23.84,source,bdg2_2,1,1,1,1,0
2025-01-04 16:00:00+00:00,8.453930247305816,72.1941179601893,1013.3679491681823,28.865068426221036,,54.84,23.84,source,bdg2_2,1,1,1,1,0
2025-01-04 17:00:00+00:00,7.586365459229573,70.69357372847378,1012.0277875197888,29.372401450978764,,54.84,23.84,source,bdg2_2,1,1,1,1,0
2025-01-04 18:00:00+00:00,8.41138051939855,69.11686916296112,1011.3106626352236,31.94295389355845,,54.84,23.84,source,bdg2_2,1,1,1,1,0
2025-01-04 19:00:00+00:00,7.836301133643849,73.36659659062371,1011.3009173983892,30.688233066825184,,54.84,23.84,source,bdg2_2,1,1,1,1,0
2025-01-04 20:00:00+00:00,8.23085210248861,68.91127852500881,1011.4174043798696,29.874852849384823,,54.84,23.84,source,bdg2_2,1,1,1,1,0
2025-01-04 21:00:00+00:00,9.529655751276332,66.98764739197507,1012.3459894942434,30.10342920354339,,54.84,23.84,source,bdg2_2,1,1,1,1,0
2025-01-04 22:00:00+00:00,11.714660592283716,66.39156200464701,1012.293901628944,29.167778232658893,,54.84,23.84,source,bdg2_2,1,1,1,1,0
2025-01-04 23:00:00+00:00,13.064107187385442,61.63905806334442,1012.7218711795274,27.70899637903206,,54.84,23.84,source,bdg2_2,1,1,1,1,0
2025-01-05 00:00:00+00:00,14.392935393739982,61.2198921910872,1011.9021067859518,24.928989136082595,,54.84,23.84,source,bdg2_2,1,1,1,1,0
2025-01-05 01:00:00+00:00,16.2355458809025,54.77792356364234,1011.3244123263572,23.633865157336828,,54.84,23.84,source,bdg2_2,1,1,1,1,0
2025-01-05 02:00:00+00:00,19.320524599361388,51.90161252002041,1012.0091115793692,22.71290878678855,,54.84,23.84,source,bdg2_2,1,1,1,1,0
2025-01-05 03:00:00+00:00,20.357710222296543,54.54858228707218,1011.1821178299936,21.602373783214023,,54.84,23.84,source,bdg2_2,1,1,1,1,0
2025-01-05 04:00:00+00:00,20.22132823860665,48.60294212812055,1012.0908998614308,22.694538884515254,,54.84,23.84,source,bdg2_2,1,1,1,1,0
2025-01-05 05:00:00+00:00,21.84507034148135,48.33059027974974,1011.4489539354844,20.467397467724176,,54.84,23.84,source,bdg2_2,1,1,1,1,0
2025-01-05 06:00:00+00:00,23.12627653038043,46.48438507694955,1010.2870535366808,19.255013499973412,,54.84,23.84,source,bdg2_2,1,1,1,1,0
2025-01-05 07:00:00+00:00,21.072603235615865,48.5792225915034,1011.0713096300718,18.67709655755966,,54.84,23.84,source,bdg2_2,1,1,1,1,0
2025-01-05 08:00:00+00:00,21.045706882248428,49.16702973508615,1011.079417536168,20.02893552580006,,54.84,23.84,source,bdg2_2,1,1,1,1,0
2025-01-05 09:00:00+00:00,19.74949378619389,51.08290143483502,1011.5431358163736,20.329407892438223,,54.84,23.84,source,bdg2_2,1,1,1,1,0
2025-01-05 10:00:00+00:00,18.20875321716675,54.09726187146468,1010.7645343394972,23.656329143421644,,54.84,23.84,source,bdg2_2,1,1,1,1,0
2025-01-05 11:00:00+00:00,16.660066455780328,57.41389444284395,1010.742463982521,22.852023700384624,,54.84,23.84,source,bdg2_2,1,1,1,1,0
2025-01-05 12:00:00+00:00,14.84630329802426,59.956883841473335,1010.254987619558,27.5962535922784,,54.84,23.84,source,bdg2_2,1,1,1,1,0
2025-01-05 13:00:00+00:00,13.299989914887249,64.67417960923622,1011.419091707838,28.29847182929418,,54.84,23.84,source,bdg2_2,1,1,1,1,0
2025-01-05 14:00:00+00:00,10.598447800567884,65.03847844299804,1009.820646719638,27.009355982077984,,54.84,23.84,source,bdg2_2,1,1,1,1,0
2025-01-05 15:00:00+00:00,9.87197222965966,66.27760132748898,1011.014996340624,29.81029228651658,,54.84,23.84,source,bdg2_2,1,1,1,1,0
2025-01-05 16:00:00+00:00,8.584213294675973,71.41306692769392,1010.828949208944,29.991682795230048,,54.84,23.84,source,bdg2_2,1,1,1,1,0
2025-01-05 17:00:00+00:00,7.559468485495602,75.25917697979091,1011.391260690697,29.340393742706095,,54.84,23.84,source,bdg2_2,1,1,1,1,0
2025-01-05 18:00:00+00:00,7.768407932312455,70.00384617675002,1010.6045112824922,29.99680742917122,,54.84,23.84,source,bdg2_2,1,1,1,1,0
2025-01-05 19:00:00+00:00,8.479522310917698,70.95945807230454,1009.6191397905416,28.868708763574634,,54.84,23.84,source,bdg2_2,1,1,1,1,0
2025-01-05 20:00:00+00:00,8.629184737772295,70.61614591847264,1010.0935986069294,30.10905284742463,,54.84,23.84,source,bdg2_2,1,1,1,1,0
2025-01-05 21:00:00+00:00,10.389334147629649,69.8863142879687,1010.3166570673086,30.391504833016903,,54.84,23.84,source,bdg2_2,1,1,1,1,0
2025-01-05 22:00:00+00:00,12.571992956674954,65.26291349065963,1009.604476947608,28.266948467267632,,54.84,23.84,source,bdg2_2,1,1,1,1,0
2025-01-05 23:00:00+00:00,13.481938207171956,64.30961856237343,1009.853340696752,25.2697948131314,,54.84,23.84,source,bdg2_2,1,1,1,1,0
2025-01-06 00:00:00+00:00,14.921675757960308,62.60483493668286,1009.9741224432138,25.69608236948172,,54.84,23.84,source,bdg2_2,1,1,1,1,0
2025-01-06 01:00:00+00:00,16.530281285572077,55.57455215236736,1009.6520386601584,21.454324335282163,,54.84,23.84,source,bdg2_2,1,1,1,1,0
2025-01-06 02:00:00+00:00,18.17225918301347,55.32516326808046,1010.0551677447284,21.653992445194863,,54.84,23.84,source,bdg2_2,1,1,1,1,0
2025-01-06 03:00:00+00:00,19.922953134844185,51.90443894777304,1010.4350295430594,20.7331328804796,,54.84,23.84,source,bdg2_2,1,1,1,1,0
2025-01-06 04:00:00+00:00,21.05838428411985,50.10702603843016,1010.535126585016,19.41919491801656,,54.84,23.84,source,bdg2_2,1,1,1,1,0
2025-01-06 05:00:00+00:00,21.608573636512585,45.71063239390983,1009.5822730379236,20.507505110933515,,54.84,23.84,source,bdg2_2,1,1,1,1,0
2025-01-06 06:00:00+00:00,22.854603848649727,47.64272247067743,1009.7992027773452,19.000537714774364,,54.84,23.84,source,bdg2_2,1,1,1,1,0
2025-01-06 07:00:00+00:00,21.078085933421228,47.116316209150895,1010.3124566396629,18.074504164773764,,54.84,23.84,source,bdg2_2,1,1,1,1,0
2025-01-06 08:00:00+00:00,20.95914862935136,48.58295808921367,1009.485634068368,20.907756659469165,,54.84,23.84,source,bdg2_2,1,1,1,1,0
2025-01-06 09:00:00+00:00,19.5536143151,49.883314447730505,1009.7270752975452,19.919978962914566,,54.84,23.84,source,bdg2_2,1,1,1,1,0
2025-01-06 10:00:00+00:00,17.677690595219573,52.80500637549913,1009.4609224660207,23.391121190677914,,54.84,23.84,source,bdg2_2,1,1,1,1,0
2025-01-06 11:00:00+00:00,16.770776908518016,55.14808661187555,1009.999286143386,24.407037701664947,,54.84,23.84,source,bdg2_2,1,1,1,1,0
2025-01-06 12:00:00+00:00,15.288200945433903,62.57198263991002,1009.6738904038732,26.282932454837287,,54.84,23.84,source,bdg2_2,1,1,1,1,0
2025-01-06 13:00:00+00:00,13.003715031309046,63.22033949771006,1009.672998080578,25.255924915879284,,54.84,23.84,source,bdg2_2,1,1,1,1,0
2025-01-06 14:00:00+00:00,12.408388959733625,68.83693101239339,1010.2812184088968,28.33435634225538,,54.84,23.84,source,bdg2_2,1,1,1,1,0
2025-01-06 15:00:00+00:00,10.157643522760148,70.8582510969269,1009.2779560495092,30.165686040978844,,54.84,23.84,source,bdg2_2,1,1,1,1,0
2025-01-06 16:00:00+00:00,8.097761666626669,72.79088098903107,1011.2773379731505,28.077007771774337,,54.84,23.84,source,bdg2_2,1,1,1,1,0
2025-01-06 17:00:00+00:00,7.8841054674838436,71.5726483714556,1010.66763618498,27.660450694473944,,54.84,23.84,source,bdg2_2,1,1,1,1,0
2025-01-06 18:00:00+00:00,7.921482261338183,72.9993167170558,1010.6899178524284,30.650194709772546,,54.84,23.84,source,bdg2_2,1,1,1,1,0
2025-01-06 19:00:00+00:00,8.01225681142404,70.97467464422326,1010.0656861824313,32.358757023698566,,54.84,23.84,source,bdg2_2,1,1,1,1,0
2025-01-06 20:00:00+00:00,8.422460167577015,70.75616612043564,1010.2434180623146,29.16639155794872,,54.84,23.84,source,bdg2_2,1,1,1,1,0
2025-01-06 21:00:00+00:00,10.210788967651157,67.61276795598206,1010.4786234651737,28.08651971677909,,54.84,23.84,source,bdg2_2,1,1,1,1,0
2025-01-06 22:00:00+00:00,11.86664722521428,65.39902146244295,1010.550083074159,27.50521394201162,,54.84,23.84,source,bdg2_2,1,1,1,1,0
2025-01-06 23:00:00+00:00,14.130749350271326,65.88674620037908,1009.9865087607792,25.49557990857659,,54.84,23.84,source,bdg2_2,1,1,1,1,0
2025-01-07 00:00:00+00:00,14.26944025577608,59.41653962733498,1010.5906290414772,24.268541840680463,,54.84,23.84,source,bdg2_2,1,1,1,1,0
2025-01-07 01:00:00+00:00,16.967670764237273,56.06895511508605,1010.680602462634,21.80318797247643,,54.84,23.84,source,bdg2_2,1,1,1,1,0
2025-01-07 02:00:00+00:00,18.800016119474936,52.48479203220721,1010.5563021965388,23.078704673197358,,54.84,23.84,source,bdg2_2,1,1,1,1,0
2025-01-07 03:00:00+00:00,19.21558813833343,53.00066551145786,1010.9947963970628,21.68581467702404,,54.84,23.84,source,bdg2_2,1,1,1,1,0
2025-01-07 04:00:00+00:00,20.34204526841721,47.550068120110446,1010.9767190282334,20.33439239848286,,54.84,23.84,source,bdg2_2,1,1,1,1,0
2025-01-07 05:00:00+00:00,21.453459554195017,48.170213035007485,1010.5778034400762,19.986916392559227,,54.84,23.84,source,bdg2_2,1,1,1,1,0
2025-01-07 06:00:00+00:00,22.25100948639136,46.608543965135205,1010.6903410579788,19.841474899112256,,54.84,23.84,source,bdg2_2,1,1,1,1,0
2025-01-07 07:00:00+00:00,21.51075271087677,48.23046138039008,1011.2304240111235,18.4031487680532,,54.84,23.84,source,bdg2_2,1,1,1,1,0
2025-01-07 08:00:00+00:00,21.832892579217997,49.24171838709577,1011.3283959900969,19.427993042169923,,54.84,23.84,source,bdg2_2,1,1,1,1,0
2025-01-07 09:00:00+00:00,19.79942074959115,50.994279574785146,1010.8612270477812,21.18832509265687,,54.84,23.84,source,bdg2_2,1,1,1,1,0
2025-01-07 10:00:00+00:00,17.701344751820443,57.3357312230768,1011.5835029044588,22.9343230758629,,54.84,23.84,source,bdg2_2,1,1,1,1,0
2025-01-07 11:00:00+00:00,16.927053567049025,55.61230009146873,1011.6089439572268,20.9955110340199,,54.84,23.84,source,bdg2_2,1,1,1,1,0
2025-01-07 12:00:00+00:00,14.466599556573534,60.79330128105868,1011.5430669528612,22.77660401807082,,54.84,23.84,source,bdg2_2,1,1,1,1,0
2025-01-07 13:00:00+00:00,12.43985331208714,64.30761872066408,1010.8980004843236,26.316696354386384,,54.84,23.84,source,bdg2_2,1,1,1,1,0
2025-01-07 14:00:00+00:00,10.565069730120884,67.28741126421681,1012.1475469386248,28.388690139785187,,54.84,23.84,source,bdg2_2,1,1,1,1,0
2025-01-07 15:00:00+00:00,9.861958017651766,69.00176256275854,1012.0994653991094,27.2007306125932,,54.84,23.84,source,bdg2_2,1,1,1,1,0
2025-01-07 16:00:00+00:00,8.968661741750092,69.3260819152879,1011.4901291870312,28.161187425488947,,54.84,23.84,source,bdg2_2,1,1,1,1,0
2025-01-07 17:00:00+00:00,8.785885094274128,72.8063613196111,1012.0300175313146,27.756781039677467,,54.84,23.84,source,bdg2_2,1,1,1,1,0
2025-01-07 18:00:00+00:00,8.28434871443234,73.72024609383332,1012.6426329053857,29.73593683963225,,54.84,23.84,source,bdg2_2,1,1,1,1,0
2025-01-07 19:00:00+00:00,7.5224166702810065,71.44094666042176,1011.986283283078,29.02493680543692,,54.84,23.84,source,bdg2_2,1,1,1,1,0
2025-01-07 20:00:00+00:00,8.891811623651403,69.41647191352887,1012.581970085734,30.24420003255239,,54.84,23.84,source,bdg2_2,1,1,1,1,0
2025-01-07 21:00:00+00:00,9.2916316645777,68.86422840335341,1012.8630395799908,28.2319886339606,,54.84,23.84,source,bdg2_2,1,1,1,1,0
2025-01-07 22:00:00+00:00,10.472178354859643,64.66362274715605,1013.9089763796244,28.209205200719413,,54.84,23.84,source,bdg2_2,1,1,1,1,0
2025-01-07 23:00:00+00:00,12.582209193544566,62.50769859183907,1012.6624409964222,26.37645836561045,,54.84,23.84,source,bdg2_2,1,1,1,1,0
2025-01-08 00:00:00+00:00,15.144085881110971,61.17927371134757,1013.0564455766804,24.10905346188128,,54.84,23.84,source,bdg2_2,1,1,1,1,0
2025-01-08 01:00:00+00:00,17.25342453248052,55.71252382374093,1013.379625109251,25.507521489085413,,54.84,23.84,source,bdg2_2,1,1,1,1,0
2025-01-08 02:00:00+00:00,18.561418562458808,51.47599330453721,1013.5274911026204,22.88172253316767,,54.84,23.84,source,bdg2_2,1,1,1,1,0
2025-01-08 03:00:00+00:00,19.41341491584573,52.434903089795206,1013.358006096992,20.373514964643984,,54.84,23.84,source,bdg2_2,1,1,1,1,0
2025-01-08 04:00:00+00:00,21.14235122130302,49.3346882641336,1012.5214342640454,20.87974881446986,,54.84,23.84,source,bdg2_2,1,1,1,1,0
2025-01-08 05:00:00+00:00,20.958112844258924,49.09484723518243,1012.833493972068,20.62712260153629,,54.84,23.84,source,bdg2_2,1,1,1,1,0
2025-01-08 06:00:00+00:00,22.049809023383723,45.73149013338909,1013.8895574179908,21.028667566034077,,54.84,23.84,source,bdg2_2,1,1,1,1,0
2025-01-08 07:00:00+00:00,20.96816942383007,46.96195957633965,1013.1946428791312,19.76893134924861,,54.84,23.84,source,bdg2_2,1,1,1,1,0
2025-01-08 08:00:00+00:00,21.740187711958704,49.46345780911238,1014.5318910300232,20.37325744628391,,54.84,23.84,source,bdg2_2,1,1,1,1,0
2025-01-08 09:00:00+00:00,20.53389151208695,50.44062481951112,1013.7401461765382,19.7110526256048,,54.84,23.84,source,bdg2_2,1,1,1,1,0
2025-01-08 10:00:00+00:00,18.85006445619413,53.59494632183122,1013.8064280224552,21.359511999054675,,54.84,23.84,source,bdg2_2,1,1,1,1,0
2025-01-08 11:00:00+00:00,17.06224145707671,57.23282226345858,1013.655132499764,24.98596287099035,,54.84,23.84,source,bdg2_2,1,1,1,1,0
2025-01-08 12:00:00+00:00,14.950590581932069,59.5947765486533,1015.174185438549,24.81944202273964,,54.84,23.84,source,bdg2_2,1,1,1,1,0
2025-01-08 13:00:00+00:00,13.087077796713556,62.5169938020298,1015.4750069753272,28.430500710950504,,54.84,23.84,source,bdg2_2,1,1,1,1,0
2025-01-08 14:00:00+00:00,11.987114815813202,65.71531504903687,1014.1685760772812,27.91396653548981,,54.84,23.84,source,bdg2_2,1,1,1,1,0
2025-01-08 15:00:00+00:00,10.066214944707292,66.09479239210542,1015.1680034591016,28.025997119320664,,54.84,23.84,source,bdg2_2,1,1,1,1,0
2025-01-08 16:00:00+00:00,9.262219520168324,70.21436133523305,1014.65354971248,27.98669754730008,,54.84,23.84,source,bdg2_2,1,1,1,1,0
2025-01-08 17:00:00+00:00,7.798496479975008,70.61061625407552,1014.7704541546192,30.16792894626693,,54.84,23.84,source,bdg2_2,1,1,1,1,0
2025-01-08 18:00:00+00:00,7.855622468042128,70.8568693307182,1015.3970524844988,29.9908149477487,,54.84,23.84,source,bdg2_2,1,1,1,1,0
2025-01-08 19:00:00+00:00,8.476399405744697,72.15202497466872,1014.517230454616,29.19078139481822,,54.84,23.84,source,bdg2_2,1,1,1,1,0
2025-01-08 20:00:00+00:00,9.365615583097522,73.32593524319913,1015.2771640000534,28.655044355087867,,54.84,23.84,source,bdg2_2,1,1,1,1,0
2025-01-08 21:00:00+00:00,10.664505163826885,66.02225088247765,1014.7011543139424,29.806582139994084,,54.84,23.84,source,bdg2_2,1,1,1,1,0
2025-01-08 22:00:00+00:00,11.286846214843331,68.27073361061656,1014.3408083299096,26.84291663991096,,54.84,23.84,source,bdg2_2,1,1,1,1,0
2025-01-08 23:00:00+00:00,13.355283887925385,63.39541699209117,1015.4129550629306,26.261604683082822,,54.84,23.84,source,bdg2_2,1,1,1,1,0
2025-01-09 00:00:00+00:00,14.686682514261303,61.49129661625786,1015.0135657508536,23.743974181567456,,54.84,23.84,source,bdg2_2,1,1,1,1,0
2025-01-09 01:00:00+00:00,16.75641052996817,53.03678425091807,1015.8292909756088,24.19703206187636,,54.84,23.84,source,bdg2_2,1,1,1,1,0
2025-01-09 02:00:00+00:00,18.46332328791116,52.966178872230856,1014.5745637152044,20.77556633252314,,54.84,23.84,source,bdg2_2,1,1,1,1,0
2025-01-09 03:00:00+00:00,20.289585331928432,51.66232979003176,1015.7293548244415,21.32147077068989,,54.84,23.84,source,bdg2_2,1,1,1,1,0
2025-01-09 04:00:00+00:00,21.21407907895188,47.2153507239642,1015.919907063022,21.03075084761096,,54.84,23.84,source,bdg2_2,1,1,1,1,0
2025-01-09 05:00:00+00:00,22.207142690939342,48.577546118261424,1015.1448940148427,20.644674833909807,,54.84,23.84,source,bdg2_2,1,1,1,1,0
2025-01-09 06:00:00+00:00,21.41008755575615,49.48493560334327,1015.8617175538644,19.339503822306263,,54.84,23.84,source,bdg2_2,1,1,1,1,0
2025-01-09 07:00:00+00:00,21.947536056404,50.79789258432571,1015.2572123138668,21.866764722416256,,54.84,23.84,source,bdg2_2,1,1,1,1,0
2025-01-09 08:00:00+00:00,21.11109274176093,51.26569808231778,1015.9387080723408,21.151128773319343,,54.84,23.84,source,bdg2_2,1,1,1,1,0
2025-01-09 09:00:00+00:00,20.84882874286256,51.79593849196351,1015.75723178688,21.65289167092682,,54.84,23.84,source,bdg2_2,1,1,1,1,0
2025-01-09 10:00:00+00:00,19.047843759250625,53.67895570026732,1015.4053295990047,22.27467867963824,,54.84,23.84,source,bdg2_2,1,1,1,1,0
2025-01-09 11:00:00+00:00,17.098912138570284,56.87370607075875,1016.1048944118012,22.95318980544245,,54.84,23.84,source,bdg2_2,1,1,1,1,0
2025-01-09 12:00:00+00:00,15.680188397577473,60.57956236058479,1016.1190414772,25.03052196582331,,54.84,23.84,source,bdg2_2,1,1,1,1,0
2025-01-09 13:00:00+00:00,13.495125937552196,62.98244919830352,1015.875589606255,27.086472911321867,,54.84,23.84,source,bdg2_2,1,1,1,1,0
2025-01-09 14:00:00+00:00,11.348864082243676,65.91548835841843,1015.273462601235,27.26249961753017,,54.84,23.84,source,bdg2_2,1,1,1,1,0
2025-01-09 15:00:00+00:00,9.428182626212664,67.07737603903139,1015.646316327054,30.440569493757884,,54.84,23.84,source,bdg2_2,1,1,1,1,0
2025-01-09 16:00:00+00:00,9.493024288462898,70.87837892427389,1016.1441257834726,30.51652478156976,,54.84,23.84,source,bdg2_2,1,1,1,1,0
2025-01-09 17:00:00+00:00,7.200687251241263,69.73208786015876,1015.968475741914,29.05581312981985,,54.84,23.84,source,bdg2_2,1,1,1,1,0
2025-01-09 18:00:00+00:00,7.350908387091479,71.36743148694791,1016.3114905630662,30.95177321372353,,54.84,23.84,source,bdg2_2,1,1,1,1,0
2025-01-09 19:00:00+00:00,8.203597892065694,72.02615380292148,1016.3051789616748,27.242719165396444,,54.84,23.84,source,bdg2_2,1,1,1,1,0
2025-01-09 20:00:00+00:00,9.25805437013438,67.27726792222926,1016.1518791867758,29.87207519474925,,54.84,23.84,source,bdg2_2,1,1,1,1,0
2025-01-09 21:00:00+00:00,10.349225352031551,67.60827879245862,1016.2776330848528,29.12102665206865,,54.84,23.84,source,bdg2_2,1,1,1,1,0
2025-01-09 22:00:00+00:00,11.981850348426294,63.65544444771176,1015.5509183843012,27.83329306855718,,54.84,23.84,source,bdg2_2,1,1,1,1,0
2025-01-09 23:00:00+00:00,13.079860336536337,64.13841471716255,1016.18337740331,26.5013904319394,,54.84,23.84,source,bdg2_2,1,1,1,1,0
2025-01-10 00:00:00+00:00,15.222726523566743,60.2664812451539,1015.4866583154934,25.530069685056933,,54.84,23.84,source,bdg2_2,1,1,1,1,0
2025-01-10 01:00:00+00:00,16.492432978894666,59.21989442230088,1016.4308487588152,23.016685806172767,,54.84,23.84,source,bdg2_2,1,1,1,1,0
2025-01-10 02:00:00+00:00,18.57853814151991,51.85901552380756,1015.9134247562124,24.054828526589425,,54.84,23.84,source,bdg2_2,1,1,1,1,0
2025-01-10 03:00:00+00:00,20.043156533547137,52.92894326331379,1016.4438713110236,21.60149735769969,,54.84,23.84,source,bdg2_2,1,1,1,1,0
2025-01-10 04:00:00+00:00,21.620800785841613,49.29106219094265,1015.9047508765228,19.151079324833628,,54.84,23.84,source,bdg2_2,1,1,1,1,0
2025-01-10 05:00:00+00:00,21.39341888934618,47.872278844264486,1016.0237657173676,19.05508725872225,,54.84,23.84,source,bdg2_2,1,1,1,1,0
2025-01-10 06:00:00+00:00,22.07808629464415,45.60054135870973,1015.5034975890328,19.300057108097867,,54.84,23.84,source,bdg2_2,1,1,1,1,0
2025-01-10 07:00:00+00:00,22.55690295588728,47.26036874284273,1015.5729922196904,21.061583692167865,,54.84,23.84,source,bdg2_2,1,1,1,1,0
2025-01-10 08:00:00+00:00,20.70170410039225,50.248379362663805,1015.53817169275,19.74764638644776,,54.84,23.84,source,bdg2_2,1,1,1,1,0
2025-01-10 09:00:00+00:00,19.56313721421108,52.64050234378728,1015.2383950139877,22.21803855956752,,54.84,23.84,source,bdg2_2,1,1,1,1,0
2025-01-10 10:00:00+00:00,18.51335446261786,52.71741959019391,1015.4412420628098,24.61453680022649,,54.84,23.84,source,bdg2_2,1,1,1,1,0
2025-01-10 11:00:00+00:00,16.84340593197676,55.71285164142582,1015.5776832820547,23.317660213054936,,54.84,23.84,source,bdg2_2,1,1,1,1,0
2025-01-10 12:00:00+00:00,14.302435561861149,60.55508217863068,1014.8467766713368,26.23673461173184,,54.84,23.84,source,bdg2_2,1,1,1,1,0
2025-01-10 13:00:00+00:00,13.74641625563471,64.11868914591368,1015.2851411515476,25.42305775598511,,54.84,23.84,source,bdg2_2,1,1,1,1,0
2025-01-10 14:00:00+00:00,11.643716783804877,64.85672275805646,1015.7345184115604,26.1233484306346,,54.84,23.84,source,bdg2_2,1,1,1,1,0
2025-01-10 15:00:00+00:00,10.77611241824702,68.32326657119768,1014.775232891146,27.388958650557505,,54.84,23.84,source,bdg2_2,1,1,1,1,0
2025-01-10 16:00:00+00:00,9.221787471795457,71.02811187355277,1015.4100759307968,29.222134384525003,,54.84,23.84,source,bdg2_2,1,1,1,1,0
2025-01-10 17:00:00+00:00,7.946378212753527,71.74585689631023,1014.348449767279,29.66072598917585,,54.84,23.84,source,bdg2_2,1,1,1,1,0
2025-01-10 18:00:00+00:00,7.580442050870724,73.91978489502496,1015.1026304641932,29.5952314047741,,54.84,23.84,source,bdg2_2,1,1,1,1,0
2025-01-10 19:00:00+00:00,7.979292644429933,73.17178487516077,1014.4638889633626,29.690318022993853,,54.84,23.84,source,bdg2_2,1,1,1,1,0
2025-01-10 20:00:00+00:00,9.21990812455536,69.24044124159124,1015.3216397012836,29.588594899301665,,54.84,23.84,source,bdg2_2,1,1,1,1,0
2025-01-10 21:00:00+00:00,10.840261329731373,68.495457355459,1015.9897769535212,28.94166650303033,,54.84,23.84,source,bdg2_2,1,1,1,1,0
2025-01-10 22:00:00+00:00,11.59362403189802,64.00495564514183,1014.630271736823,26.114460885242053,,54.84,23.84,source,bdg2_2,1,1,1,1,0
2025-01-10 23:00:00+00:00,13.04405637623106,62.611788592745086,1014.8486461282772,25.98502235280308,,54.84,23.84,source,bdg2_2,1,1,1,1,0
2025-01-11 00:00:00+00:00,14.859952256831232,58.81974613091538,1014.1181823716008,24.44122726175707,,54.84,23.84,source,bdg2_2,1,1,1,1,0
2025-01-11 01:00:00+00:00,17.71872061307621,55.60834936504136,1013.6244660248972,23.082326515639235,,54.84,23.84,source,bdg2_2,1,1,1,1,0
2025-01-11 02:00:00+00:00,19.044055264207365,51.09035428464997,1014.7922063327702,21.56968640189285,,54.84,23.84,source,bdg2_2,1,1,1,1,0
2025-01-11 03:00:00+00:00,19.45275690784534,49.52015689309129,1014.2144248212472,20.768338247822676,,54.84,23.84,source,bdg2_2,1,1,1,1,0
2025-01-11 04:00:00+00:00,21.14133733837609,49.62675231268511,1012.6763216522562,20.578771992416524,,54.84,23.84,source,bdg2_2,1,1,1,1,0
2025-01-11 05:00:00+00:00,21.951408425729063,46.47756766845071,1013.1049277923954,20.07700978660334,,54.84,23.84,source,bdg2_2,1,1,1,1,0
2025-01-11 06:00:00+00:00,22.779672799594078,50.14588454900058,1014.5228276778372,19.12767683238512,,54.84,23.84,source,bdg2_2,1,1,1,1,0
2025-01-11 07:00:00+00:00,22.03848837096135,47.60009174698983,1013.903552828843,20.078033595454496,,54.84,23.84,source,bdg2_2,1,1,1,1,0
2025-01-11 08:00:00+00:00,20.13514769537667,50.46079547591277,1012.4081967756946,23.01748889303452,,54.84,23.84,source,bdg2_2,1,1,1,1,0
2025-01-11 09:00:00+00:00,21.3028099293712,50.53767632548814,1013.311038716732,21.54425560288727,,54.84,23.84,source,bdg2_2,1,1,1,1,0
2025-01-11 10:00:00+00:00,18.683961344325265,54.88760127802127,1012.3973553360591,21.46955401920981,,54.84,23.84,source,bdg2_2,1,1,1,1,0
2025-01-11 11:00:00+00:00,17.23216384523388,57.56921024734072,1012.7822538965264,22.381982166087862,,54.84,23.84,source,bdg2_2,1,1,1,1,0
2025-01-11 12:00:00+00:00,15.18192346841144,59.37137234449434,1013.4921758615776,26.06559062056157,,54.84,23.84,source,bdg2_2,1,1,1,1,0
2025-01-11 13:00:00+00:00,13.539093900367588,63.585980315560704,1013.0322656202104,27.17669298805778,,54.84,23.84,source,bdg2_2,1,1,1,1,0
2025-01-11 14:00:00+00:00,11.135017397304606,63.613175426682346,1013.0734043513032,27.773333791524816,,54.84,23.84,source,bdg2_2,1,1,1,1,0
2025-01-11 15:00:00+00:00,10.199308672878974,68.28632651868135,1011.5385682973446,31.4291264577617,,54.84,23.84,source,bdg2_2,1,1,1,1,0
2025-01-11 16:00:00+00:00,10.308899779350089,69.62697790149042,1012.9695487791254,29.419049145479093,,54.84,23.84,source,bdg2_2,1,1,1,1,0
2025-01-11 17:00:00+00:00,8.365213522573194,72.1060485246038,1012.9790165984092,29.160579653311032,,54.84,23.84,source,bdg2_2,1,1,1,1,0
2025-01-11 18:00:00+00:00,8.357676828602848,73.0614925026262,1011.058078838028,31.468340471621623,,54.84,23.84,source,bdg2_2,1,1,1,1,0
2025-01-11 19:00:00+00:00,8.56722892284218,70.71778401899861,1012.2474829181346,30.342096952594453,,54.84,23.84,source,bdg2_2,1,1,1,1,0
2025-01-11 20:00:00+00:00,8.795662569307565,71.18042020047443,1011.0902964140028,29.542035595603483,,54.84,23.84,source,bdg2_2,1,1,1,1,0
2025-01-11 21:00:00+00:00,10.605506471548551,69.61231287702402,1012.118096388705,27.7550168708923,,54.84,23.84,source,bdg2_2,1,1,1,1,0
2025-01-11 22:00:00+00:00,11.535178953767328,64.22054573093105,1011.9642804725822,27.325585388660475,,54.84,23.84,source,bdg2_2,1,1,1,1,0
2025-01-11 23:00:00+00:00,13.43798761635173,65.18909229119764,1012.2255949265956,25.462559341583965,,54.84,23.84,source,bdg2_2,1,1,1,1,0
2025-01-12 00:00:00+00:00,14.516250993677922,58.70140725329232,1011.2631240092772,23.961465818149957,,54.84,23.84,source,bdg2_2,1,1,1,1,0
2025-01-12 01:00:00+00:00,17.807490940700585,58.84361523308068,1011.30215781096,23.75556414442351,,54.84,23.84,source,bdg2_2,1,1,1,1,0
2025-01-12 02:00:00+00:00,19.73900272139188,51.33195790832144,1011.6978765630056,24.503271757473748,,54.84,23.84,source,bdg2_2,1,1,1,1,0
2025-01-12 03:00:00+00:00,20.02415908477104,50.68770612425814,1012.0388377343912,23.725213746025197,,54.84,23.84,source,bdg2_2,1,1,1,1,0
2025-01-12 04:00:00+00:00,20.970719937438744,51.39787844663137,1010.8303739870096,20.933839545707556,,54.84,23.84,source,bdg2_2,1,1,1,1,0
2025-01-12 05:00:00+00:00,22.080997566438228,47.731413211604256,1010.9536741481184,20.80328835229243,,54.84,23.84,source,bdg2_2,1,1,1,1,0
2025-01-12 06:00:00+00:00,22.437498028680977,46.425946301744816,1010.8258546914284,20.418137791496758,,54.84,23.84,source,bdg2_2,1,1,1,1,0
2025-01-12 07:00:00+00:00,20.99059093129457,46.871098568885024,1011.2061252101004,20.975515142859635,,54.84,23.84,source,bdg2_2,1,1,1,1,0
2025-01-12 08:00:00+00:00,21.199047290111068,49.49378506275277,1011.8007208447634,20.87206015180795,,54.84,23.84,source,bdg2_2,1,1,1,1,0
2025-01-12 09:00:00+00:00,19.685766506921,48.40782210173036,1011.1417622906256,21.01418296921477,,54.84,23.84,source,bdg2_2,1,1,1,1,0
2025-01-12 10:00:00+00:00,18.325623227987197,53.84157192565566,1010.369976998378,22.97313566900846,,54.84,23.84,source,bdg2_2,1,1,1,1,0
2025-01-12 11:00:00+00:00,16.742292632998403,60.872380977935904,1010.39796132908,23.98546673443461,,54.84,23.84,source,bdg2_2,1,1,1,1,0
2025-01-12 12:00:00+00:00,14.69614244832868,61.09472041727602,1010.2109117778016,25.077327247017763,,54.84,23.84,source,bdg2_2,1,1,1,1,0
2025-01-12 13:00:00+00:00,13.22497484722858,63.72986778644388,1009.6466066430936,26.869554071090796,,54.84,23.84,source,bdg2_2,1,1,1,1,0
2025-01-12 14:00:00+00:00,11.55103120718144,67.77645557482856,1010.1238621537152,27.374096949048937,,54.84,23.84,source,bdg2_2,1,1,1,1,0
2025-01-12 15:00:00+00:00,9.570079331552892,67.21941147561755,1010.773998260118,29.072748393793955,,54.84,23.84,source,bdg2_2,1,1,1,1,0
2025-01-12 16:00:00+00:00,8.867636676073094,70.60476735465949,1010.5579080949946,30.099212199916284,,54.84,23.84,source,bdg2_2,1,1,1,1,0
2025-01-12 17:00:00+00:00,8.530662099958276,74.27399889336236,1010.3353382978612,31.319918930015767,,54.84,23.84,source,bdg2_2,1,1,1,1,0
2025-01-12 18:00:00+00:00,7.839461426074807,72.84120903957697,1010.4324862377952,30.76666871144074,,54.84,23.84,source,bdg2_2,1,1,1,1,0
2025-01-12 19:00:00+00:00,8.25519342213872,74.23196839521701,1009.2335203760116,30.68986527102956,,54.84,23.84,source,bdg2_2,1,1,1,1,0
2025-01-12 20:00:00+00:00,9.28690639075488,71.54462471249457,1011.0832766958368,30.65619710752897,,54.84,23.84,source,bdg2_2,1,1,1,1,0
2025-01-12 21:00:00+00:00,9.347802522152726,70.17298592859227,1009.9478153797074,28.75575808342436,,54.84,23.84,source,bdg2_2,1,1,1,1,0
2025-01-12 22:00:00+00:00,11.72405555098077,64.73236416639791,1009.4480666378482,27.655500372337684,,54.84,23.84,source,bdg2_2,1,1,1,1,0
2025-01-12 23:00:00+00:00,13.260521632783863,62.24188710005488,1009.645822370751,26.30008210361889,,54.84,23.84,source,bdg2_2,1,1,1,1,0
2025-01-13 00:00:00+00:00,14.849830177265495,59.9144821616248,1010.9992323908898,25.58337653280099,,54.84,23.84,source,bdg2_2,1,1,1,1,0
2025-01-13 01:00:00+00:00,17.480826032613383,55.96171522132619,1010.8546299456252,23.684433664863736,,54.84,23.84,source,bdg2_2,1,1,1,1,0
2025-01-13 02:00:00+00:00,18.56644005697242,54.09229035793726,1010.2171659063454,20.95236677281397,,54.84,23.84,source,bdg2_2,1,1,1,1,0
2025-01-13 03:00:00+00:00,19.950440618903684,52.53628293535272,1010.7330642264352,21.916806595088197,,54.84,23.84,source,bdg2_2,1,1,1,1,0
2025-01-13 04:00:00+00:00,20.72945734791381,47.5400236456048,1010.1742854271446,18.86234331833225,,54.84,23.84,source,bdg2_2,1,1,1,1,0
2025-01-13 05:00:00+00:00,21.6932434259702,49.21087475852274,1010.054388081131,19.909668408304075,,54.84,23.84,source,bdg2_2,1,1,1,1,0
2025-01-13 06:00:00+00:00,21.05228309928281,47.93056798405208,1010.5293860949134,19.754338553056552,,54.84,23.84,source,bdg2_2,1,1,1,1,0
2025-01-13 07:00:00+00:00,21.55415730594485,49.01548679305622,1010.353811771799,21.059193205511576,,54.84,23.84,source,bdg2_2,1,1,1,1,0
2025-01-13 08:00:00+00:00,20.626742917313734,48.878912446871006,1010.159759804674,21.66941571220927,,54.84,23.84,source,bdg2_2,1,1,1,1,0
2025-01-13 09:00:00+00:00,20.653105103807132,50.60734116397258,1010.4659501165354,22.791331722449303,,54.84,23.84,source,bdg2_2,1,1,1,1,0
2025-01-13 10:00:00+00:00,18.6432965324439,53.67357884486357,1009.5469407635971,23.579812790727782,,54.84,23.84,source,bdg2_2,1,1,1,1,0
2025-01-13 11:00:00+00:00,16.808219293364367,59.08132269229168,1010.946838922206,22.373340467147347,,54.84,23.84,source,bdg2_2,1,1,1,1,0
2025-01-13 12:00:00+00:00,14.766061655617603,59.84552946931368,1009.5520120962648,24.183269706243603,,54.84,23.84,source,bdg2_2,1,1,1,1,0
2025-01-13 13:00:00+00:00,13.9472600987732,62.17913499286852,1010.2336515852456,24.39366800952976,,54.84,23.84,source,bdg2_2,1,1,1,1,0
2025-01-13 14:00:00+00:00,11.166983962641812,64.80939883211919,1009.7286462106232,27.372134802089487,,54.84,23.84,source,bdg2_2,1,1,1,1,0
2025-01-13 15:00:00+00:00,9.98252536902895,66.26703046209725,1009.9218977225412,29.33048115904084,,54.84,23.84,source,bdg2_2,1,1,1,1,0
2025-01-13 16:00:00+00:00,8.391715416437764,73.522076808179,1010.865705251787,28.86371314332157,,54.84,23.84,source,bdg2_2,1,1,1,1,0
2025-01-13 17:00:00+00:00,7.169863126383661,68.35873565697915,1009.8751277283072,29.101592640806047,,54.84,23.84,source,bdg2_2,1,1,1,1,0
2025-01-13 18:00:00+00:00,7.525530587800841,74.63070138175524,1010.7846949316232,30.91379972089294,,54.84,23.84,source,bdg2_2,1,1,1,1,0
2025-01-13 19:00:00+00:00,7.885366865399549,72.85920079109887,1010.3469378000982,29.94291766630873,,54.84,23.84,source,bdg2_2,1,1,1,1,0
2025-01-13 20:00:00+00:00,9.171872536074003,74.66397802169152,1009.6818194428926,29.16037545031872,,54.84,23.84,source,bdg2_2,1,1,1,1,0
2025-01-13 21:00:00+00:00,9.147593109783168,69.39731442199697,1010.5689291785524,30.711004331773182,,54.84,23.84,source,bdg2_2,1,1,1,1,0
2025-01-13 22:00:00+00:00,11.788524746344608,63.79022916076978,1009.8979049582751,29.286062882737173,,54.84,23.84,source,bdg2_2,1,1,1,1,0
2025-01-13 23:00:00+00:00,12.034975427771348,64.59402993293068,1010.1283902326765,26.050197947352533,,54.84,23.84,source,bdg2_2,1,1,1,1,0
2025-01-14 00:00:00+00:00,15.017406033605573,58.18993647936599,1010.26336624831,24.91744149086552,,54.84,23.84,source,bdg2_2,1,1,1,1,0
2025-01-14 01:00:00+00:00,17.676402321273912,57.88158568621467,1010.3295330964736,23.688354505467075,,54.84,23.84,source,bdg2_2,1,1,1,1,0
2025-01-14 02:00:00+00:00,18.09971968140129,54.24155779950336,1010.2828297503994,22.15955867579045,,54.84,23.84,source,bdg2_2,1,1,1,1,0
2025-01-14 03:00:00+00:00,20.83753045856281,49.63291363633676,1011.2717875825276,21.185586019136736,,54.84,23.84,source,bdg2_2,1,1,1,1,0
2025-01-14 04:00:00+00:00,21.408905851018066,49.40975997250865,1010.9393374842422,20.703551096950758,,54.84,23.84,source,bdg2_2,1,1,1,1,0
2025-01-14 05:00:00+00:00,22.464914714875928,49.99189384523586,1011.1486855913316,21.616764670146924,,54.84,23.84,source,bdg2_2,1,1,1,1,0
2025-01-14 06:00:00+00:00,22.59614697485325,49.6793273527684,1011.7450921346892,18.676828182501072,,54.84,23.84,source,bdg2_2,1,1,1,1,0
2025-01-14 07:00:00+00:00,22.61907443359478,46.648530354072726,1011.1617780893916,20.87492251471416,,54.84,23.84,source,bdg2_2,1,1,1,1,0
2025-01-14 08:00:00+00:00,20.018680191544043,49.72266483794839,1011.8418767290984,20.90027555485236,,54.84,23.84,source,bdg2_2,1,1,1,1,0
2025-01-14 09:00:00+00:00,20.350172924865976,50.73749243548138,1010.6317493891694,21.574273363529088,,54.84,23.84,source,bdg2_2,1,1,1,1,0
2025-01-14 10:00:00+00:00,17.902404656057122,53.566331610083,1011.067745665608,22.72702246677628,,54.84,23.84,source,bdg2_2,1,1,1,1,0
2025-01-14 11:00:00+00:00,16.399732642030408,56.24850251503317,1012.7389005798108,23.697699055843213,,54.84,23.84,source,bdg2_2,1,1,1,1,0
2025-01-14 12:00:00+00:00,14.904315212914437,61.89077351709189,1011.947796037176,26.41000385720661,,54.84,23.84,source,bdg2_2,1,1,1,1,0
2025-01-14 13:00:00+00:00,13.395917211854115,63.693765145496094,1011.689125674919,27.72949893186304,,54.84,23.84,source,bdg2_2,1,1,1,1,0
2025-01-14 14:00:00+00:00,11.66736105945714,66.02814548425208,1012.954343449832,25.42521023310777,,54.84,23.84,source,bdg2_2,1,1,1,1,0
2025-01-14 15:00:00+00:00,9.737022524625178,69.76790485687563,1011.6019931589384,27.842636774556897,,54.84,23.84,source,bdg2_2,1,1,1,1,0
2025-01-14 16:00:00+00:00,9.245478966705484,70.49700628546177,1012.4728322152504,28.709080376700943,,54.84,23.84,source,bdg2_2,1,1,1,1,0
2025-01-14 17:00:00+00:00,8.241834578400942,70.84021371131517,1011.727154221005,28.84280832142735,,54.84,23.84,source,bdg2_2,1,1,1,1,0
2025-01-14 18:00:00+00:00,8.379532149174041,68.53109704887046,1012.1708504349848,28.926088221941043,,54.84,23.84,source,bdg2_2,1,1,1,1,0
2025-01-14 19:00:00+00:00,8.393452380168966,71.12545772753921,1012.7602067032648,30.257018887664447,,54.84,23.84,source,bdg2_2,1,1,1,1,0
2025-01-14 20:00:00+00:00,8.03136182912153,71.17288560347343,1012.3571502545464,29.342482654903208,,54.84,23.84,source,bdg2_2,1,1,1,1,0
2025-01-14 21:00:00+00:00,9.907088749390969,69.2192826178065,1013.8019354643568,28.42499194026555,,54.84,23.84,source,bdg2_2,1,1,1,1,0
2025-01-14 22:00:00+00:00,12.627388540327352,65.08205350745827,1012.61031409498,28.74196357913137,,54.84,23.84,source,bdg2_2,1,1,1,1,0
2025-01-14 23:00:00+00:00,13.269321616361625,64.1716781949523,1013.0713285279304,27.960825316292173,,54.84,23.84,source,bdg2_2,1,1,1,1,0
2025-01-15 00:00:00+00:00,14.318367493408797,58.52680092993005,1013.2043098845528,27.77705299314407,,54.84,23.84,source,bdg2_2,1,1,1,1,0
2025-01-15 01:00:00+00:00,16.504449425414908,57.72524711747503,1014.0466843729488,24.696168792878257,,54.84,23.84,source,bdg2_2,1,1,1,1,0
2025-01-15 02:00:00+00:00,19.65078055739051,51.61027872577721,1012.6710482214816,20.504615234971094,,54.84,23.84,source,bdg2_2,1,1,1,1,0
2025-01-15 03:00:00+00:00,19.68951652455937,51.92367988534233,1012.9151708789864,21.76515482246821,,54.84,23.84,source,bdg2_2,1,1,1,1,0
2025-01-15 04:00:00+00:00,21.210246881761517,48.546536743627165,1013.6974529673756,20.04027118124889,,54.84,23.84,source,bdg2_2,1,1,1,1,0
2025-01-15 05:00:00+00:00,21.351152890009807,50.049879300054535,1014.5129721940448,21.103155946740447,,54.84,23.84,source,bdg2_2,1,1,1,1,0
2025-01-15 06:00:00+00:00,21.73424619213529,48.831794649091606,1014.1538357869304,20.530842806684998,,54.84,23.84,source,bdg2_2,1,1,1,1,0
2025-01-15 07:00:00+00:00,21.66401550571692,44.43736913742168,1014.1352039409088,20.19364240155358,,54.84,23.84,source,bdg2_2,1,1,1,1,0
2025-01-15 08:00:00+00:00,21.11112451835667,48.68759679468449,1012.808842984712,20.5288459781935,,54.84,23.84,source,bdg2_2,1,1,1,1,0
2025-01-15 09:00:00+00:00,20.51769798974286,52.589217057566,1013.703584609391,21.514676268020487,,54.84,23.84,source,bdg2_2,1,1,1,1,0
2025-01-15 10:00:00+00:00,18.31322225165704,50.97903257053904,1014.1801427945232,23.9834634079483,,54.84,23.84,source,bdg2_2,1,1,1,1,0
2025-01-15 11:00:00+00:00,17.764792945626233,56.56812061866446,1014.4918649160657,21.868058006955927,,54.84,23.84,source,bdg2_2,1,1,1,1,0
2025-01-15 12:00:00+00:00,14.40084763116139,60.60398278703626,1014.543704279459,23.46615647914236,,54.84,23.84,source,bdg2_2,1,1,1,1,0
2025-01-15 13:00:00+00:00,12.751181108060528,61.911342800128764,1014.7733759640636,26.035053149098083,,54.84,23.84,source,bdg2_2,1,1,1,1,0
2025-01-15 14:00:00+00:00,11.520894205646837,67.64886244742806,1014.7673115274368,26.489911442351737,,54.84,23.84,source,bdg2_2,1,1,1,1,0
2025-01-15 15:00:00+00:00,10.083867472596712,66.87101605456847,1014.6591234755472,29.71067279814433,,54.84,23.84,source,bdg2_2,1,1,1,1,0
2025-01-15 16:00:00+00:00,9.371546618223729,71.44089558059285,1014.9272138839392,30.289201993665497,,54.84,23.84,source,bdg2_2,1,1,1,1,0
2025-01-15 17:00:00+00:00,8.379636077931222,72.73044081097761,1014.8588230085292,30.36170444711839,,54.84,23.84,source,bdg2_2,1,1,1,1,0
2025-01-15 18:00:00+00:00,8.127484975825709,73.4890661819974,1015.4054277764576,29.46872020974805,,54.84,23.84,source,bdg2_2,1,1,1,1,0
2025-01-15 19:00:00+00:00,7.721864396536146,71.31046783362804,1015.904870091024,30.5104055551618,,54.84,23.84,source,bdg2_2,1,1,1,1,0
2025-01-15 20:00:00+00:00,7.7799485295764015,71.49281215003745,1014.567377798934,29.42829893635212,,54.84,23.84,source,bdg2_2,1,1,1,1,0
2025-01-15 21:00:00+00:00,9.287722231363189,64.96758481359137,1015.9715952696216,29.539803895098583,,54.84,23.84,source,bdg2_2,1,1,1,1,0
2025-01-15 22:00:00+00:00,12.282788393185765,66.92292746704409,1014.4668718485192,29.582492618352592,,54.84,23.84,source,bdg2_2,1,1,1,1,0
2025-01-15 23:00:00+00:00,11.787485576019558,62.91278276405114,1014.9469970205956,25.600226217633224,,54.84,23.84,source,bdg2_2,1,1,1,1,0
2025-01-01 00:00:00+00:00,13.856302350304912,57.79970832805256,1012.798956213608,26.41893132253585,,54.86,23.86,source,bdg2_3,1,1,1,1,0
2025-01-01 01:00:00+00:00,16.33852366546632,57.63113916180927,1013.3805661509888,24.6441123725821,,54.86,23.86,source,bdg2_3,1,1,1,1,0
2025-01-01 02:00:00+00:00,18.20935672865355,55.79363402582502,1012.6577032990044,23.150963512269147,,54.86,23.86,source,bdg2_3,1,1,1,1,0
2025-01-01 03:00:00+00:00,19.59388728950635,50.35821843837035,1013.0362871673244,19.92429096335898,,54.86,23.86,source,bdg2_3,1,1,1,1,0
2025-01-01 04:00:00+00:00,20.59004750619981,50.1213343861746,1013.7878462586788,20.544881230765657,,54.86,23.86,source,bdg2_3,1,1,1,1,0
2025-01-01 05:00:00+00:00,22.26934564469886,46.11667420937312,1013.524683568702,20.90193580531729,,54.86,23.86,source,bdg2_3,1,1,1,1,0
2025-01-01 06:00:00+00:00,22.421269312180524,48.00120452671781,1014.7890001300692,20.21872734260702,,54.86,23.86,source,bdg2_3,1,1,1,1,0
2025-01-01 07:00:00+00:00,21.19031913882811,48.85547406170279,1013.0259626458592,21.194920376655453,,54.86,23.86,source,bdg2_3,1,1,1,1,0
2025-01-01 08:00:00+00:00,20.90116456161073,48.9818308443732,1014.0259072662112,20.55294585730612,,54.86,23.86,source,bdg2_3,1,1,1,1,0
2025-01-01 09:00:00+00:00,18.93959416275025,48.15318462846336,1013.826485856936,21.681146158823324,,54.86,23.86,source,bdg2_3,1,1,1,1,0
2025-01-01 10:00:00+00:00,18.77419404040378,53.59617284596293,1013.6765109142592,22.606349723081703,,54.86,23.86,source,bdg2_3,1,1,1,1,0
2025-01-01 11:00:00+00:00,16.38633244099182,56.92560520774114,1013.4320142998452,23.37487390511255,,54.86,23.86,source,bdg2_3,1,1,1,1,0
2025-01-01 12:00:00+00:00,14.049799187113722,62.78934631929418,1014.0679218413668,25.96531771132756,,54.86,23.86,source,bdg2_3,1,1,1,1,0
2025-01-01 13:00:00+00:00,12.953429187447648,63.05560583123871,1014.4549137464288,25.490261361503837,,54.86,23.86,source,bdg2_3,1,1,1,1,0
2025-01-01 14:00:00+00:00,11.263902234805297,65.41762530412097,1014.8112597570852,26.72558589831742,,54.86,23.86,source,bdg2_3,1,1,1,1,0
2025-01-01 15:00:00+00:00,10.232235303998117,69.46367208879191,1014.2313010108,28.631317107156743,,54.86,23.86,source,bdg2_3,1,1,1,1,0
2025-01-01 16:00:00+00:00,9.23507816950203,71.21399752550596,1014.8474847629911,30.918689192168777,,54.86,23.86,source,bdg2_3,1,1,1,1,0
2025-01-01 17:00:00+00:00,7.757442914264462,74.58991825860133,1014.2820062951648,29.17293853630293,,54.86,23.86,source,bdg2_3,1,1,1,1,0
2025-01-01 18:00:00+00:00,8.318245359092638,75.38756632646691,1014.4191240630528,28.484432612789465,,54.86,23.86,source,bdg2_3,1,1,1,1,0
2025-01-01 19:00:00+00:00,8.249206106889972,70.83691837364273,1015.9482440551178,30.22378011441181,,54.86,23.86,source,bdg2_3,1,1,1,1,0
2025-01-01 20:00:00+00:00,8.588758345494298,71.64256478425659,1015.3963240521244,27.81297575553901,,54.86,23.86,source,bdg2_3,1,1,1,1,0
2025-01-01 21:00:00+00:00,11.459796078972124,69.32530151645472,1015.1120909785084,28.407681561024503,,54.86,23.86,source,bdg2_3,1,1,1,1,0
2025-01-01 22:00:00+00:00,12.458992793939682,66.509039323125,1015.3153033109784,25.69616911127343,,54.86,23.86,source,bdg2_3,1,1,1,1,0
2025-01-01 23:00:00+00:00,12.869815316627127,60.59671228649096,1015.3783435636694,26.82738721571051,,54.86,23.86,source,bdg2_3,1,1,1,1,0
2025-01-02 00:00:00+00:00,13.373482882511688,59.80380380116373,1014.4653364922584,25.49777780153764,,54.86,23.86,source,bdg2_3,1,1,1,1,0
2025-01-02 01:00:00+00:00,17.016950975150674,55.20671609738747,1015.4188007118933,24.007493876424427,,54.86,23.86,source,bdg2_3,1,1,1,1,0
2025-01-02 02:00:00+00:00,18.617190049579985,57.07800772091398,1015.6540946736612,21.16300240320466,,54.86,23.86,source,bdg2_3,1,1,1,1,0
2025-01-02 03:00:00+00:00,19.981419559762003,51.7408129544264,1015.5050329040952,21.221785053554672,,54.86,23.86,source,bdg2_3,1,1,1,1,0
2025-01-02 04:00:00+00:00,21.55399524825261,52.552861300979984,1016.347799769618,19.97554900136779,,54.86,23.86,source,bdg2_3,1,1,1,1,0
2025-01-02 05:00:00+00:00,21.436059184170364,49.38066478276626,1015.8023902914848,22.25884785261811,,54.86,23.86,source,bdg2_3,1,1,1,1,0
2025-01-02 06:00:00+00:00,22.28166082755328,46.75557527380479,1014.9693302417544,20.20822191248236,,54.86,23.86,source,bdg2_3,1,1,1,1,0
2025-01-02 07:00:00+00:00,22.63697831910266,47.21831563179498,1015.7582908661724,20.34578635448821,,54.86,23.86,source,bdg2_3,1,1,1,1,0
2025-01-02 08:00:00+00:00,20.751161184594928,51.22638899392604,1016.4245487493212,20.71348607462375,,54.86,23.86,source,bdg2_3,1,1,1,1,0
2025-01-02 09:00:00+00:00,19.01861769736541,50.79414489620788,1015.8019084323238,21.552044235095497,,54.86,23.86,source,bdg2_3,1,1,1,1,0
2025-01-02 10:00:00+00:00,18.487776988811817,54.18184492291916,1015.5085588751082,22.462593222227728,,54.86,23.86,source,bdg2_3,1,1,1,1,0
2025-01-02 11:00:00+00:00,17.202072420823203,55.9092757764561,1016.20130985929,24.263188893939247,,54.86,23.86,source,bdg2_3,1,1,1,1,0
2025-01-02 12:00:00+00:00,15.498805753900546,59.55517244524509,1014.9848256157971,25.464719972462756,,54.86,23.86,source,bdg2_3,1,1,1,1,0
2025-01-02 13:00:00+00:00,14.03557585234168,65.46965806003581,1016.4256528426544,28.0261460820995,,54.86,23.86,source,bdg2_3,1,1,1,1,0
2025-01-02 14:00:00+00:00,11.33772559420676,67.4217969835668,1015.664669466978,27.0231612161594,,54.86,23.86,source,bdg2_3,1,1,1,1,0
2025-01-02 15:00:00+00:00,10.281093749755634,68.00930328677633,1015.5301117037542,29.349662294974323,,54.86,23.86,source,bdg2_3,1,1,1,1,0
2025-01-02 16:00:00+00:00,9.045492890275128,72.53777764846987,1015.329811334293,28.909407203893068,,54.86,23.86,source,bdg2_3,1,1,1,1,0
2025-01-02 17:00:00+00:00,7.979891990760832,71.24209399006168,1016.3585749642764,28.670365677808405,,54.86,23.86,source,bdg2_3,1,1,1,1,0
2025-01-02 18:00:00+00:00,8.535416587332648,71.25153666995249,1016.5791256970114,31.50105535371244,,54.86,23.86,source,bdg2_3,1,1,1,1,0
2025-01-02 19:00:00+00:00,9.160000111675345,70.07122113545799,1015.8096882816508,30.57725066557957,,54.86,23.86,source,bdg2_3,1,1,1,1,0
2025-01-02 20:00:00+00:00,9.4096390579348,69.75396228428944,1016.3945003641642,29.386980203023327,,54.86,23.86,source,bdg2_3,1,1,1,1,0
2025-01-02 21:00:00+00:00,9.774573385563698,67.57899874729719,1016.5986209727783,28.432423381010235,,54.86,23.86,source,bdg2_3,1,1,1,1,0
2025-01-02 22:00:00+00:00,11.315572767117512,68.83885411551478,1016.0601670977296,26.26564584875869,,54.86,23.86,source,bdg2_3,1,1,1,1,0
2025-01-02 23:00:00+00:00,13.240833825050364,62.77306934987849,1015.7777546237968,26.60375233102369,,54.86,23.86,source,bdg2_3,1,1,1,1,0
2025-01-03 00:00:00+00:00,13.867344385667778,60.35244564357307,1015.4261785959388,25.530446937511,,54.86,23.86,source,bdg2_3,1,1,1,1,0
2025-01-03 01:00:00+00:00,17.096932736855095,52.86648416475232,1016.1425510298156,24.34776491265833,,54.86,23.86,source,bdg2_3,1,1,1,1,0
2025-01-03 02:00:00+00:00,18.616518781410026,52.85905236821653,1016.4885442928338,23.35027109471879,,54.86,23.86,source,bdg2_3,1,1,1,1,0
2025-01-03 03:00:00+00:00,19.47267951718785,51.714685504276,1016.5295997682334,22.613298701550185,,54.86,23.86,source,bdg2_3,1,1,1,1,0
2025-01-03 04:00:00+00:00,21.60697638578099,49.39665948153189,1016.3845806566744,22.225074566336897,,54.86,23.86,source,bdg2_3,1,1,1,1,0
2025-01-03 05:00:00+00:00,22.785973154977818,49.43779220962281,1015.9700330892352,20.71843015904103,,54.86,23.86,source,bdg2_3,1,1,1,1,0
2025-01-03 06:00:00+00:00,21.957351631656906,48.04717850939819,1015.7124060713236,19.50035125391412,,54.86,23.86,source,bdg2_3,1,1,1,1,0
2025-01-03 07:00:00+00:00,21.75838265759113,48.16943736039635,1015.8775416937189,20.04987181706107,,54.86,23.86,source,bdg2_3,1,1,1,1,0
2025-01-03 08:00:00+00:00,21.25496045069763,50.29183461187839,1015.7399423834,23.035474447825514,,54.86,23.86,source,bdg2_3,1,1,1,1,0
2025-01-03 09:00:00+00:00,20.441089392474545,49.14127747915627,1014.9058777063764,22.407669419126872,,54.86,23.86,source,bdg2_3,1,1,1,1,0
2025-01-03 10:00:00+00:00,19.04800823590355,53.55547966564029,1015.5929014541184,22.45480744893809,,54.86,23.86,source,bdg2_3,1,1,1,1,0
2025-01-03 11:00:00+00:00,16.72674933206659,58.04849797822089,1014.919534355738,22.990058807294755,,54.86,23.86,source,bdg2_3,1,1,1,1,0
2025-01-03 12:00:00+00:00,15.344178235895557,58.91549624764735,1015.3616186068008,25.33636815957519,,54.86,23.86,source,bdg2_3,1,1,1,1,0
2025-01-03 13:00:00+00:00,12.183593291285266,64.17548919165228,1015.272817012769,28.188860285147435,,54.86,23.86,source,bdg2_3,1,1,1,1,0
2025-01-03 14:00:00+00:00,12.749471714530918,63.70252387767251,1015.2137732494728,27.05594369390093,,54.86,23.86,source,bdg2_3,1,1,1,1,0
2025-01-03 15:00:00+00:00,9.989046560786496,66.84435624833611,1014.5606634960312,26.578143317349795,,54.86,23.86,source,bdg2_3,1,1,1,1,0
2025-01-03 16:00:00+00:00,8.598164604416876,71.10885185153707,1015.2405950496384,32.047513262057464,,54.86,23.86,source,bdg2_3,1,1,1,1,0
2025-01-03 17:00:00+00:00,8.962790955248005,70.03029946166522,1014.8779471693662,31.267910623839505,,54.86,23.86,source,bdg2_3,1,1,1,1,0
2025-01-03 18:00:00+00:00,8.366053889633422,72.33900325369633,1014.3194305418052,29.87007412650735,,54.86,23.86,source,bdg2_3,1,1,1,1,0
2025-01-03 19:00:00+00:00,7.095631912489321,73.70955417469956,1015.130860742782,30.45950240017924,,54.86,23.86,source,bdg2_3,1,1,1,1,0
2025-01-03 20:00:00+00:00,8.819773477310301,68.5197222851298,1014.6376720781956,30.026022763880263,,54.86,23.86,source,bdg2_3,1,1,1,1,0
2025-01-03 21:00:00+00:00,10.838272190844934,67.82357783503544,1013.8433976443852,29.135220597326303,,54.86,23.86,source,bdg2_3,1,1,1,1,0
2025-01-03 22:00:00+00:00,11.996784094008037,65.9357036834174,1014.8211071377676,29.34703060201114,,54.86,23.86,source,bdg2_3,1,1,1,1,0
2025-01-03 23:00:00+00:00,13.002767196606923,64.04298029292838,1014.6486075021872,26.986188266166057,,54.86,23.86,source,bdg2_3,1,1,1,1,0
2025-01-04 00:00:00+00:00,15.122500225999394,61.57552853211998,1014.2531315632224,23.424185145897948,,54.86,23.86,source,bdg2_3,1,1,1,1,0
2025-01-04 01:00:00+00:00,16.972241856704393,57.48010265767588,1014.1566452892016,23.32944571442902,,54.86,23.86,source,bdg2_3,1,1,1,1,0
2025-01-04 02:00:00+00:00,18.63768460703091,51.79518553927868,1014.7594608430388,22.210583841852177,,54.86,23.86,source,bdg2_3,1,1,1,1,0
2025-01-04 03:00:00+00:00,19.80435567329384,51.00474867135279,1013.289732167855,21.79084865183617,,54.86,23.86,source,bdg2_3,1,1,1,1,0
2025-01-04 04:00:00+00:00,21.16388356685916,51.08743803981812,1013.9637072509464,20.91735986257451,,54.86,23.86,source,bdg2_3,1,1,1,1,0
2025-01-04 05:00:00+00:00,22.726257640358217,48.03196851193421,1013.8596655395124,19.612263810412003,,54.86,23.86,source,bdg2_3,1,1,1,1,0
2025-01-04 06:00:00+00:00,21.819971959213277,47.94566995927615,1012.925735566856,19.763714910776912,,54.86,23.86,source,bdg2_3,1,1,1,1,0
2025-01-04 07:00:00+00:00,22.027512787767428,50.092437378326,1013.8533406668664,22.14066342815209,,54.86,23.86,source,bdg2_3,1,1,1,1,0
2025-01-04 08:00:00+00:00,21.427724002376195,48.74080294644342,1013.3652756584752,21.678685835347,,54.86,23.86,source,bdg2_3,1,1,1,1,0
2025-01-04 09:00:00+00:00,20.847635323623564,53.38553667622615,1013.6490804989604,23.032786854307037,,54.86,23.86,source,bdg2_3,1,1,1,1,0
2025-01-04 10:00:00+00:00,18.745262416627483,54.69607801808263,1013.7246366742888,22.64780073279672,,54.86,23.86,source,bdg2_3,1,1,1,1,0
2025-01-04 11:00:00+00:00,16.618260562898087,54.89821496517924,1012.7104381567616,23.9689452621011,,54.86,23.86,source,bdg2_3,1,1,1,1,0
2025-01-04 12:00:00+00:00,14.916070755351464,62.70968632578191,1012.5711540802556,22.84467493925866,,54.86,23.86,source,bdg2_3,1,1,1,1,0
2025-01-04 13:00:00+00:00,12.534904354346253,62.10935804655359,1012.3979776401076,25.802512277605445,,54.86,23.86,source,bdg2_3,1,1,1,1,0
2025-01-04 14:00:00+00:00,11.610270116539663,65.57057261665553,1012.5525870237068,27.71233876041488,,54.86,23.86,source,bdg2_3,1,1,1,1,0
2025-01-04 15:00:00+00:00,9.85154690168038,69.54478420170608,1012.6968148692788,28.30820255732607,,54.86,23.86,source,bdg2_3,1,1,1,1,0
2025-01-04 16:00:00+00:00,9.182347696697237,69.09105007674486,1012.3203528959234,28.30738424499605,,54.86,23.86,source,bdg2_3,1,1,1,1,0
2025-01-04 17:00:00+00:00,8.053480677655402,70.60579908705387,1012.3890151440372,28.750770193824906,,54.86,23.86,source,bdg2_3,1,1,1,1,0
2025-01-04 18:00:00+00:00,7.4215852026905855,74.45767678224198,1013.4518186812004,31.563937724439228,,54.86,23.86,source,bdg2_3,1,1,1,1,0
2025-01-04 19:00:00+00:00,8.308920017575906,68.56478549389321,1012.683072150825,29.785494789235557,,54.86,23.86,source,bdg2_3,1,1,1,1,0
2025-01-04 20:00:00+00:00,8.729416515285951,71.1754944183034,1012.3964051202074,30.892558813201344,,54.86,23.86,source,bdg2_3,1,1,1,1,0
2025-01-04 21:00:00+00:00,11.094666670634922,68.98087478368069,1011.69398837183,28.72977574360602,,54.86,23.86,source,bdg2_3,1,1,1,1,0
2025-01-04 22:00:00+00:00,10.838084648209996,65.45085242351252,1011.3734120009198,28.438927119509483,,54.86,23.86,source,bdg2_3,1,1,1,1,0
2025-01-04 23:00:00+00:00,13.825588466482731,62.72786167451998,1012.0447089369616,26.68474533686977,,54.86,23.86,source,bdg2_3,1,1,1,1,0
2025-01-05 00:00:00+00:00,15.39676667702316,59.94154157977368,1012.2412690486992,24.474575232281865,,54.86,23.86,source,bdg2_3,1,1,1,1,0
2025-01-05 01:00:00+00:00,17.337101667607396,58.72807188510625,1011.581505873622,24.158922664073863,,54.86,23.86,source,bdg2_3,1,1,1,1,0
2025-01-05 02:00:00+00:00,18.54639316705428,54.89742749487885,1011.8381948429728,22.76047172122109,,54.86,23.86,source,bdg2_3,1,1,1,1,0
2025-01-05 03:00:00+00:00,19.83773778076856,52.75222549767947,1011.6350606060128,23.847232213627603,,54.86,23.86,source,bdg2_3,1,1,1,1,0
2025-01-05 04:00:00+00:00,20.523673536341764,52.52721872002032,1011.5196201322389,21.4751679722043,,54.86,23.86,source,bdg2_3,1,1,1,1,0
2025-01-05 05:00:00+00:00,21.454026947842937,47.8062518718951,1011.4000985462852,20.201522425129443,,54.86,23.86,source,bdg2_3,1,1,1,1,0
2025-01-05 06:00:00+00:00,21.310215523226194,48.12078957305135,1011.1738514101548,19.542355189957505,,54.86,23.86,source,bdg2_3,1,1,1,1,0
2025-01-05 07:00:00+00:00,22.277039751854492,50.24338475209971,1010.6360355250812,19.86890826567617,,54.86,23.86,source,bdg2_3,1,1,1,1,0
2025-01-05 08:00:00+00:00,20.78421381705858,49.87748695072332,1011.474635764157,21.113486123254667,,54.86,23.86,source,bdg2_3,1,1,1,1,0
2025-01-05 09:00:00+00:00,19.86725015974419,50.75429866583481,1011.6411443744784,22.77065451778292,,54.86,23.86,source,bdg2_3,1,1,1,1,0
2025-01-05 10:00:00+00:00,18.74701842471346,52.18548222624816,1011.2938833685628,22.64710122373604,,54.86,23.86,source,bdg2_3,1,1,1,1,0
2025-01-05 11:00:00+00:00,16.324664865486746,59.01514695129065,1010.9970224075628,22.36401955243802,,54.86,23.86,source,bdg2_3,1,1,1,1,0
2025-01-05 12:00:00+00:00,14.874223970708927,59.78256731879768,1010.3891991848602,25.62941111244772,,54.86,23.86,source,bdg2_3,1,1,1,1,0
2025-01-05 13:00:00+00:00,13.71393703135092,62.55762233848145,1011.6025092744474,26.56173447380793,,54.86,23.86,source,bdg2_3,1,1,1,1,0
2025-01-05 14:00:00+00:00,12.409005890016685,66.72033887517924,1011.040927803479,28.95787582148248,,54.86,23.86,source,bdg2_3,1,1,1,1,0
2025-01-05 15:00:00+00:00,9.762178310701197,70.16139567059021,1010.0491424507948,28.50027839841489,,54.86,23.86,source,bdg2_3,1,1,1,1,0
2025-01-05 16:00:00+00:00,8.999775339545703,71.67928014098325,1009.5364538002668,29.51570910931544,,54.86,23.86,source,bdg2_3,1,1,1,1,0
2025-01-05 17:00:00+00:00,8.2286592733637,69.15887190692021,1009.483051645592,29.55473990185562,,54.86,23.86,source,bdg2_3,1,1,1,1,0
2025-01-05 18:00:00+00:00,7.249444272246934,72.45509183130703,1009.7579684826924,29.561221934472083,,54.86,23.86,source,bdg2_3,1,1,1,1,0
2025-01-05 19:00:00+00:00,7.934576033388395,71.94917073439296,1010.4577598116108,27.733971284548023,,54.86,23.86,source,bdg2_3,1,1,1,1,0
2025-01-05 20:00:00+00:00,7.885013976782162,71.5743387086994,1009.6918224940262,29.77186053045052,,54.86,23.86,source,bdg2_3,1,1,1,1,0
2025-01-05 21:00:00+00:00,10.225385941408373,68.76240277872436,1010.1940472848908,28.962046295062184,,54.86,23.86,source,bdg2_3,1,1,1,1,0
2025-01-05 22:00:00+00:00,10.920253728147076,66.19535373230944,1010.3462679039696,28.29472985673541,,54.86,23.86,source,bdg2_3,1,1,1,1,0
2025-01-05 23:00:00+00:00,13.528363991809709,62.83302252768125,1010.2017312645856,26.50287854769332,,54.86,23.86,source,bdg2_3,1,1,1,1,0
2025-01-06 00:00:00+00:00,14.643400462186898,60.20911450187426,1010.1902133799751,24.61743757506057,,54.86,23.86,source,bdg2_3,1,1,1,1,0
2025-01-06 01:00:00+00:00,16.879200833818665,58.64990458045733,1009.767358129845,26.066517362856388,,54.86,23.86,source,bdg2_3,1,1,1,1,0
2025-01-06 02:00:00+00:00,18.581817177323558,54.94685904464141,1010.5355310132134,22.837558639083472,,54.86,23.86,source,bdg2_3,1,1,1,1,0
2025-01-06 03:00:00+00:00,19.639871251633043,51.26676436928798,1010.3620376106458,21.943344064059357,,54.86,23.86,source,bdg2_3,1,1,1,1,0
2025-01-06 04:00:00+00:00,19.702208781012544,52.15906335753736,1009.8612075964772,20.03718237373204,,54.86,23.86,source,bdg2_3,1,1,1,1,0
2025-01-06 05:00:00+00:00,22.056806242288022,47.28948609142501,1010.2443560312366,19.27908953648669,,54.86,23.86,source,bdg2_3,1,1,1,1,0
2025-01-06 06:00:00+00:00,21.96247052024457,47.98652592191287,1010.4795469924462,20.66256765228873,,54.86,23.86,source,bdg2_3,1,1,1,1,0
2025-01-06 07:00:00+00:00,21.61439678028172,45.264389985779445,1009.6089056909718,20.60043338298289,,54.86,23.86,source,bdg2_3,1,1,1,1,0
2025-01-06 08:00:00+00:00,21.436483432219116,48.054599187326005,1010.0790871155092,20.40374480690882,,54.86,23.86,source,bdg2_3,1,1,1,1,0
2025-01-06 09:00:00+00:00,20.686535467684124,53.367389820434745,1010.2301191693228,19.50227998493907,,54.86,23.86,source,bdg2_3,1,1,1,1,0
2025-01-06 10:00:00+00:00,18.392971237009668,53.37235592114861,1010.0610198872824,21.05925124449384,,54.86,23.86,source,bdg2_3,1,1,1,1,0
2025-01-06 11:00:00+00:00,17.403668384926622,59.24278180543188,1009.9428259964184,23.455111587092727,,54.86,23.86,source,bdg2_3,1,1,1,1,0
2025-01-06 12:00:00+00:00,14.797746837953714,59.996531907818245,1010.37553348321,26.53457969898656,,54.86,23.86,source,bdg2_3,1,1,1,1,0
2025-01-06 13:00:00+00:00,13.213490199333746,63.11247582014266,1010.8052466403108,25.12474765806206,,54.86,23.86,source,bdg2_3,1,1,1,1,0
2025-01-06 14:00:00+00:00,11.999597430007675,67.50939844343223,1010.4616970140632,26.88238274784556,,54.86,23.86,source,bdg2_3,1,1,1,1,0
2025-01-06 15:00:00+00:00,10.360253612046789,69.36999085547714,1011.0385050162594,28.366094329857592,,54.86,23.86,source,bdg2_3,1,1,1,1,0
2025-01-06 16:00:00+00:00,9.271961148275498,68.72967720759372,1010.3348561278066,29.3009224210125,,54.86,23.86,source,bdg2_3,1,1,1,1,0
2025-01-06 17:00:00+00:00,7.94196361138928,71.10537649465805,1011.2100043718008,30.326512837577937,,54.86,23.86,source,bdg2_3,1,1,1,1,0
2025-01-06 18:00:00+00:00,8.059303048901839,70.3440390059715,1010.0485777532836,30.3129407572982,,54.86,23.86,source,bdg2_3,1,1,1,1,0
2025-01-06 19:00:00+00:00,8.35160174864521,73.7857734004132,1010.3602857483028,29.690837541453817,,54.86,23.86,source,bdg2_3,1,1,1,1,0
2025-01-06 20:00:00+00:00,8.929324004868285,70.53786852295875,1010.3710022690872,29.497781190632185,,54.86,23.86,source,bdg2_3,1,1,1,1,0
2025-01-06 21:00:00+00:00,10.377206200390546,70.43892399074596,1010.2547427128036,27.204449767840146,,54.86,23.86,source,bdg2_3,1,1,1,1,0
2025-01-06 22:00:00+00:00,11.808675083894537,68.35378092050809,1010.4802401616168,28.18188068121904,,54.86,23.86,source,bdg2_3,1,1,1,1,0
2025-01-06 23:00:00+00:00,12.825379520435284,63.41242812959327,1010.3646033314996,25.978014412667257,,54.86,23.86,source,bdg2_3,1,1,1,1,0
2025-01-07 00:00:00+00:00,14.694315656872677,59.38958048999312,1010.469931484208,25.18065711805248,,54.86,23.86,source,bdg2_3,1,1,1,1,0
2025-01-07 01:00:00+00:00,16.879270592007675,58.34710444740321,1010.6789263996208,22.758276722451907,,54.86,23.86,source,bdg2_3,1,1,1,1,0
2025-01-07 02:00:00+00:00,18.382853820796303,52.36291486222025,1011.299432505126,23.586480784625177,,54.86,23.86,source,bdg2_3,1,1,1,1,0
2025-01-07 03:00:00+00:00,19.30023429506609,49.55831928503127,1011.4699575553216,21.034945013205384,,54.86,23.86,source,bdg2_3,1,1,1,1,0
2025-01-07 04:00:00+00:00,21.10338717909674,46.39842601467502,1011.582915723789,22.47518484136424,,54.86,23.86,source,bdg2_3,1,1,1,1,0
2025-01-07 05:00:00+00:00,21.919921928670345,46.95154429679619,1011.8665197892036,20.3167681443323,,54.86,23.86,source,bdg2_3,1,1,1,1,0
2025-01-07 06:00:00+00:00,21.878786250853967,51.03599378645594,1010.6716994850094,20.64647735110895,,54.86,23.86,source,bdg2_3,1,1,1,1,0
2025-01-07 07:00:00+00:00,21.161520115659048,49.58458540564698,1010.949585621205,18.953289826186268,,54.86,23.86,source,bdg2_3,1,1,1,1,0
2025-01-07 08:00:00+00:00,22.068606155248467,49.755495363470736,1010.8387541316956,19.14458800176541,,54.86,23.86,source,bdg2_3,1,1,1,1,0
2025-01-07 09:00:00+00:00,19.574160487500254,53.244466685561214,1011.3574963214548,20.352929331448827,,54.86,23.86,source,bdg2_3,1,1,1,1,0
2025-01-07 10:00:00+00:00,19.27667856568908,52.45865310828489,1011.4641433835276,22.94552528306672,,54.86,23.86,source,bdg2_3,1,1,1,1,0
2025-01-07 11:00:00+00:00,16.750803765548508,57.18044493353091,1010.462114552306,20.791405857130297,,54.86,23.86,source,bdg2_3,1,1,1,1,0
2025-01-07 12:00:00+00:00,15.195467592862164,58.251392260774345,1012.1042770179478,24.037151220820075,,54.86,23.86,source,bdg2_3,1,1,1,1,0
2025-01-07 13:00:00+00:00,12.404286535315508,62.87790744977706,1011.5841334720758,26.25833266472705,,54.86,23.86,source,bdg2_3,1,1,1,1,0
2025-01-07 14:00:00+00:00,12.256409970108775,64.8360082238939,1011.7680925271336,28.519646021444427,,54.86,23.86,source,bdg2_3,1,1,1,1,0
2025-01-07 15:00:00+00:00,9.832630714120045,66.96209657372891,1012.102117829192,29.098686959289147,,54.86,23.86,source,bdg2_3,1,1,1,1,0
2025-01-07 16:00:00+00:00,7.728335461139784,69.31707488073003,1012.403255697945,29.8108631695647,,54.86,23.86,source,bdg2_3,1,1,1,1,0
2025-01-07 17:00:00+00:00,8.423575636865017,71.34743805045025,1011.5722889364594,29.63751371864001,,54.86,23.86,source,bdg2_3,1,1,1,1,0
2025-01-07 18:00:00+00:00,8.830369376823091,73.30306860069011,1011.3248531081788,29.003095060647752,,54.86,23.86,source,bdg2_3,1,1,1,1,0
2025-01-07 19:00:00+00:00,7.721393820054904,72.91039149677475,1012.7985175931068,31.601816306979025,,54.86,23.86,source,bdg2_3,1,1,1,1,0
2025-01-07 20:00:00+00:00,9.56088369566113,68.64686649426947,1012.5836603170624,28.753666996443943,,54.86,23.86,source,bdg2_3,1,1,1,1,0
2025-01-07 21:00:00+00:00,9.25378428196639,69.5588097648418,1013.126532371323,28.169386994204523,,54.86,23.86,source,bdg2_3,1,1,1,1,0
2025-01-07 22:00:00+00:00,12.260814345318057,67.94693201397584,1012.649052671405,27.117537282457924,,54.86,23.86,source,bdg2_3,1,1,1,1,0
2025-01-07 23:00:00+00:00,13.674802215149496,64.71039945119693,1012.6156190467348,26.231024184429938,,54.86,23.86,source,bdg2_3,1,1,1,1,0
2025-01-08 00:00:00+00:00,15.446909429098426,62.756873984755245,1013.292339263168,26.604546236063246,,54.86,23.86,source,bdg2_3,1,1,1,1,0
2025-01-08 01:00:00+00:00,17.09503985308924,55.7301897747807,1013.65461792695,25.947894235481243,,54.86,23.86,source,bdg2_3,1,1,1,1,0
2025-01-08 02:00:00+00:00,18.03762235818904,55.69333484311901,1012.6597946464666,21.775262377916896,,54.86,23.86,source,bdg2_3,1,1,1,1,0
2025-01-08 03:00:00+00:00,20.261533072697308,53.67166832187405,1013.4729643497178,20.959997079407408,,54.86,23.86,source,bdg2_3,1,1,1,1,0
2025-01-08 04:00:00+00:00,21.615513324505848,50.64765131205065,1013.630812965018,19.129128222979386,,54.86,23.86,source,bdg2_3,1,1,1,1,0
2025-01-08 05:00:00+00:00,21.820290588100324,47.200216817340056,1012.773093212534,19.87058275270245,,54.86,23.86,source,bdg2_3,1,1,1,1,0
2025-01-08 06:00:00+00:00,22.963135899032466,49.22671902019854,1013.6878145565576,20.058993418173976,,54.86,23.86,source,bdg2_3,1,1,1,1,0
2025-01-08 07:00:00+00:00,21.737540605627792,49.00674362592284,1013.643027552708,19.10633855296841,,54.86,23.86,source,bdg2_3,1,1,1,1,0
2025-01-08 08:00:00+00:00,20.75095603942543,50.5521322462732,1014.125552222578,19.596924138820107,,54.86,23.86,source,bdg2_3,1,1,1,1,0
2025-01-08 09:00:00+00:00,19.889484663441674,52.40541765500477,1013.5925639442414,23.097524264772574,,54.86,23.86,source,bdg2_3,1,1,1,1,0
2025-01-08 10:00:00+00:00,18.054444910883824,53.45305602404608,1014.9369834051442,22.09186631580036,,54.86,23.86,source,bdg2_3,1,1,1,1,0
2025-01-08 11:00:00+00:00,16.07260667495064,55.67828872118131,1013.8468240970664,24.611338563938244,,54.86,23.86,source,bdg2_3,1,1,1,1,0
2025-01-08 12:00:00+00:00,15.144377724808551,59.7817587616654,1014.2646134257676,25.17425317077234,,54.86,23.86,source,bdg2_3,1,1,1,1,0
2025-01-08 13:00:00+00:00,13.854681452745004,62.5270289175696,1014.0107705125472,26.00945362536508,,54.86,23.86,source,bdg2_3,1,1,1,1,0
2025-01-08 14:00:00+00:00,11.30296056283831,66.46107378085198,1014.309670718563,27.1809714129759,,54.86,23.86,source,bdg2_3,1,1,1,1,0
2025-01-08 15:00:00+00:00,9.69636134575945,67.36870061328004,1014.3567492188242,28.803295783573752,,54.86,23.86,source,bdg2_3,1,1,1,1,0
2025-01-08 16:00:00+00:00,9.256655001112716,70.78391434755962,1013.9587451011656,30.49563797628901,,54.86,23.86,source,bdg2_3,1,1,1,1,0
2025-01-08 17:00:00+00:00,9.665731256701468,71.14991150084,1014.2600118611474,30.0586968527792,,54.86,23.86,source,bdg2_3,1,1,1,1,0
2025-01-08 18:00:00+00:00,8.582842790688284,71.28771847791685,1015.2275836045038,30.031853177798677,,54.86,23.86,source,bdg2_3,1,1,1,1,0
2025-01-08 19:00:00+00:00,8.893386202377494,72.40532901149994,1015.1427598809456,28.25004042457581,,54.86,23.86,source,bdg2_3,1,1,1,1,0
2025-01-08 20:00:00+00:00,8.739869364288316,70.92349304670284,1016.171685753494,30.153809252675227,,54.86,23.86,source,bdg2_3,1,1,1,1,0
2025-01-08 21:00:00+00:00,10.297639915279667,66.78863706727242,1015.020417990698,26.495581996101148,,54.86,23.86,source,bdg2_3,1,1,1,1,0
2025-01-08 22:00:00+00:00,10.728297133862668,64.42526912991512,1014.7745808683744,27.00528721724876,,54.86,23.86,source,bdg2_3,1,1,1,1,0
2025-01-08 23:00:00+00:00,12.624551568227796,63.24279645082534,1014.6631440486788,26.97927789546364,,54.86,23.86,source,bdg2_3,1,1,1,1,0
2025-01-09 00:00:00+00:00,14.587978346401725,59.70478451561225,1015.2001546757044,24.11273588713068,,54.86,23.86,source,bdg2_3,1,1,1,1,0
2025-01-09 01:00:00+00:00,17.070550364649325,55.70756001785519,1015.5994479940504,23.12422439908864,,54.86,23.86,source,bdg2_3,1,1,1,1,0
2025-01-09 02:00:00+00:00,18.495938336213012,53.13344106785284,1016.2961383986092,23.395244210120445,,54.86,23.86,source,bdg2_3,1,1,1,1,0
2025-01-09 03:00:00+00:00,21.315170123769253,49.45274876283411,1016.4241116665746,21.87471940342142,,54.86,23.86,source,bdg2_3,1,1,1,1,0
2025-01-09 04:00:00+00:00,21.373643143144847,49.624280330331885,1015.634006441178,20.36737122244844,,54.86,23.86,source,bdg2_3,1,1,1,1,0
2025-01-09 05:00:00+00:00,22.23316362640245,48.38725559750353,1016.05387121036,20.49728221928161,,54.86,23.86,source,bdg2_3,1,1,1,1,0
2025-01-09 06:00:00+00:00,22.95547877974277,48.5476141413828,1016.307264616767,19.67677838248493,,54.86,23.86,source,bdg2_3,1,1,1,1,0
2025-01-09 07:00:00+00:00,21.41971993777145,48.89280819744377,1015.6926315228638,20.050194206287145,,54.86,23.86,source,bdg2_3,1,1,1,1,0
2025-01-09 08:00:00+00:00,20.907390726025977,48.95440554241306,1016.696974584214,19.8581270073621,,54.86,23.86,source,bdg2_3,1,1,1,1,0
2025-01-09 09:00:00+00:00,20.0762877008485,48.3750670156872,1016.2524229323752,21.978952584322236,,54.86,23.86,source,bdg2_3,1,1,1,1,0
2025-01-09 10:00:00+00:00,19.003691614926804,53.00727870686825,1015.0883952001744,22.17456232342105,,54.86,23.86,source,bdg2_3,1,1,1,1,0
2025-01-09 11:00:00+00:00,18.01312170215035,56.710564787627405,1016.0795915070784,23.423344629947778,,54.86,23.86,source,bdg2_3,1,1,1,1,0
2025-01-09 12:00:00+00:00,15.433187585601488,58.514885033904896,1015.976882707178,25.263517418381603,,54.86,23.86,source,bdg2_3,1,1,1,1,0
2025-01-09 13:00:00+00:00,13.826232255116247,65.66896892220262,1014.8269274319716,26.05513229131477,,54.86,23.86,source,bdg2_3,1,1,1,1,0
2025-01-09 14:00:00+00:00,10.73899511769998,64.89993988797977,1016.3000044104894,28.655079341442264,,54.86,23.86,source,bdg2_3,1,1,1,1,0
2025-01-09 15:00:00+00:00,10.66889187467729,65.66389368764335,1015.3091215942824,27.24854879313873,,54.86,23.86,source,bdg2_3,1,1,1,1,0
2025-01-09 16:00:00+00:00,8.546320340305908,70.34869870489202,1016.2271886051874,29.27549941039813,,54.86,23.86,source,bdg2_3,1,1,1,1,0
2025-01-09 17:00:00+00:00,8.036826544706809,73.45912759345688,1015.5094912141532,29.550394199783643,,54.86,23.86,source,bdg2_3,1,1,1,1,0
2025-01-09 18:00:00+00:00,7.403928792181616,71.18146058424324,1016.3120585611914,28.15788299406766,,54.86,23.86,source,bdg2_3,1,1,1,1,0
2025-01-09 19:00:00+00:00,7.905855855557215,70.66911668307424,1015.78449792613,29.820642617767668,,54.86,23.86,source,bdg2_3,1,1,1,1,0
2025-01-09 20:00:00+00:00,8.694421362579059,69.4159557295202,1015.9426199501823,29.162301153604957,,54.86,23.86,source,bdg2_3,1,1,1,1,0
2025-01-09 21:00:00+00:00,9.248081356989,65.81648179128861,1015.694856109218,29.235479947667574,,54.86,23.86,source,bdg2_3,1,1,1,1,0
2025-01-09 22:00:00+00:00,11.401646870962988,64.88032209411564,1016.4353665449536,24.87459876310605,,54.86,23.86,source,bdg2_3,1,1,1,1,0
2025-01-09 23:00:00+00:00,13.561349101363357,64.11699356429686,1016.4548331695622,26.213380992627076,,54.86,23.86,source,bdg2_3,1,1,1,1,0
2025-01-10 00:00:00+00:00,14.88917613266391,59.030461334180586,1016.6118260652188,24.08708947209371,,54.86,23.86,source,bdg2_3,1,1,1,1,0
2025-01-10 01:00:00+00:00,17.05158890437886,58.00772158903095,1016.0135514254642,22.798941035444383,,54.86,23.86,source,bdg2_3,1,1,1,1,0
2025-01-10 02:00:00+00:00,19.740972621563216,54.33992919136481,1015.7977602991972,21.95845075759055,,54.86,23.86,source,bdg2_3,1,1,1,1,0
2025-01-10 03:00:00+00:00,19.547451468684805,52.910659703923294,1016.6031825958056,22.84625299408217,,54.86,23.86,source,bdg2_3,1,1,1,1,0
2025-01-10 04:00:00+00:00,20.978843447525,47.119820843070265,1015.515446667152,21.17655645269704,,54.86,23.86,source,bdg2_3,1,1,1,1,0
2025-01-10 05:00:00+00:00,21.837718689966824,47.850318378318434,1015.1911637493004,19.742556138636576,,54.86,23.86,source,bdg2_3,1,1,1,1,0
2025-01-10 06:00:00+00:00,22.46959190448104,46.61893513240191,1015.4815879325344,20.680653690387764,,54.86,23.86,source,bdg2_3,1,1,1,1,0
2025-01-10 07:00:00+00:00,21.24339388087693,45.78222026695025,1015.9194177182172,20.87020356750373,,54.86,23.86,source,bdg2_3,1,1,1,1,0
2025-01-10 08:00:00+00:00,21.168593361378697,47.44301404621132,1015.5352608705562,22.2462292816271,,54.86,23.86,source,bdg2_3,1,1,1,1,0
2025-01-10 09:00:00+00:00,19.23147828820769,51.93070770422326,1015.2578665952848,21.674697715452524,,54.86,23.86,source,bdg2_3,1,1,1,1,0
2025-01-10 10:00:00+00:00,17.8935939483315,51.47444861136234,1015.7531858302184,22.633089616003357,,54.86,23.86,source,bdg2_3,1,1,1,1,0
2025-01-10 11:00:00+00:00,16.928416370393943,54.6675608415452,1015.6297355636268,24.97375646140084,,54.86,23.86,source,bdg2_3,1,1,1,1,0
2025-01-10 12:00:00+00:00,14.729806502796272,60.5047359853313,1015.0952549646148,25.89058631733784,,54.86,23.86,source,bdg2_3,1,1,1,1,0
2025-01-10 13:00:00+00:00,12.775017785397951,62.91800987788593,1015.7023745419992,26.755924654355745,,54.86,23.86,source,bdg2_3,1,1,1,1,0
2025-01-10 14:00:00+00:00,11.025326424805304,65.94173378908842,1016.3853538852908,27.40106304746404,,54.86,23.86,source,bdg2_3,1,1,1,1,0
2025-01-10 15:00:00+00:00,11.184182063994694,67.8793606483615,1014.8244728676358,28.86220975724425,,54.86,23.86,source,bdg2_3,1,1,1,1,0
2025-01-10 16:00:00+00:00,9.527879319559078,69.00131425143122,1014.9041618800732,31.16289971199496,,54.86,23.86,source,bdg2_3,1,1,1,1,0
2025-01-10 17:00:00+00:00,8.114915338958337,73.4065450281748,1015.9921250000845,27.840294243977816,,54.86,23.86,source,bdg2_3,1,1,1,1,0
2025-01-10 18:00:00+00:00,8.045763439894094,68.43540066094916,1013.961359520413,29.767973456588635,,54.86,23.86,source,bdg2_3,1,1,1,1,0
2025-01-10 19:00:00+00:00,8.86692495298973,70.65763974801432,1015.5264042644848,29.75423878419193,,54.86,23.86,source,bdg2_3,1,1,1,1,0
2025-01-10 20:00:00+00:00,9.081487487916297,70.37698907928376,1015.2658657069252,29.249724893305512,,54.86,23.86,source,bdg2_3,1,1,1,1,0
2025-01-10 21:00:00+00:00,10.68408985851733,67.18595099351906,1014.165930877224,28.36168768198568,,54.86,23.86,source,bdg2_3,1,1,1,1,0
2025-01-10 22:00:00+00:00,10.929583961437435,64.30924517834606,1014.7921464575328,27.711545494515484,,54.86,23.86,source,bdg2_3,1,1,1,1,0
2025-01-10 23:00:00+00:00,12.67317405960705,64.88446624192828,1014.1188709240664,26.54324753277469,,54.86,23.86,source,bdg2_3,1,1,1,1,0
2025-01-11 00:00:00+00:00,14.410608149834616,59.28975025354487,1014.8338212083588,26.267505308297917,,54.86,23.86,source,bdg2_3,1,1,1,1,0
2025-01-11 01:00:00+00:00,16.272582891423276,56.15011936559836,1013.9680919408024,23.10127521446896,,54.86,23.86,source,bdg2_3,1,1,1,1,0
2025-01-11 02:00:00+00:00,18.910344190054293,53.4286402336491,1014.7541015939012,20.86599970213734,,54.86,23.86,source,bdg2_3,1,1,1,1,0
2025-01-11 03:00:00+00:00,20.188586182366105,52.98384125157237,1013.5838792560522,21.15102183811548,,54.86,23.86,source,bdg2_3,1,1,1,1,0
2025-01-11 04:00:00+00:00,20.49133734536886,48.43401578509981,1013.376764114402,21.741422242120382,,54.86,23.86,source,bdg2_3,1,1,1,1,0
2025-01-11 05:00:00+00:00,21.335547813155173,51.00176276439142,1014.3620967437396,19.555429706241277,,54.86,23.86,source,bdg2_3,1,1,1,1,0
2025-01-11 06:00:00+00:00,21.90838446196345,45.997416353657606,1012.7939577860714,20.81606477267351,,54.86,23.86,source,bdg2_3,1,1,1,1,0
2025-01-11 07:00:00+00:00,21.99959595334023,48.76150746651629,1014.2720811983506,20.21378293879259,,54.86,23.86,source,bdg2_3,1,1,1,1,0
2025-01-11 08:00:00+00:00,20.998730601223617,49.65959231907569,1014.0395367316852,19.360348646149514,,54.86,23.86,source,bdg2_3,1,1,1,1,0
2025-01-11 09:00:00+00:00,19.85634646773036,54.46870814100404,1013.410926105835,20.94040121648512,,54.86,23.86,source,bdg2_3,1,1,1,1,0
2025-01-11 10:00:00+00:00,19.39233300170029,54.0478617307592,1013.7848342523112,22.13426203339844,,54.86,23.86,source,bdg2_3,1,1,1,1,0
2025-01-11 11:00:00+00:00,17.201655401086107,56.27518972510229,1013.3727587723404,24.64906139721502,,54.86,23.86,source,bdg2_3,1,1,1,1,0
2025-01-11 12:00:00+00:00,14.390613422725608,59.00073447438416,1013.2362135879875,25.661290974360472,,54.86,23.86,source,bdg2_3,1,1,1,1,0
2025-01-11 13:00:00+00:00,13.007255377101874,64.42104063990492,1013.7348520726404,25.91773533270429,,54.86,23.86,source,bdg2_3,1,1,1,1,0
2025-01-11 14:00:00+00:00,11.04001267410755,66.59566755267993,1012.7397891883556,27.70531701707472,,54.86,23.86,source,bdg2_3,1,1,1,1,0
2025-01-11 15:00:00+00:00,10.616285003783435,68.03515939611201,1013.1370399926824,29.50410757267349,,54.86,23.86,source,bdg2_3,1,1,1,1,0
2025-01-11 16:00:00+00:00,8.648932272604855,67.9430400671101,1011.6813352873936,30.73810968460557,,54.86,23.86,source,bdg2_3,1,1,1,1,0
2025-01-11 17:00:00+00:00,9.804534080046771,72.28682906661274,1012.7195125089578,30.62884527558319,,54.86,23.86,source,bdg2_3,1,1,1,1,0
2025-01-11 18:00:00+00:00,7.873203708350312,72.13153595161603,1012.001961367469,30.549570458054703,,54.86,23.86,source,bdg2_3,1,1,1,1,0
2025-01-11 19:00:00+00:00,8.624485883225518,72.62899201510977,1011.6685384261394,31.16168051121202,,54.86,23.86,source,bdg2_3,1,1,1,1,0
2025-01-11 20:00:00+00:00,9.262216993471185,70.39139825476441,1012.1801353241324,28.15196217173942,,54.86,23.86,source,bdg2_3,1,1,1,1,0
2025-01-11 21:00:00+00:00,10.013200446742024,68.41585270718757,1012.637621352847,28.591600994607923,,54.86,23.86,source,bdg2_3,1,1,1,1,0
2025-01-11 22:00:00+00:00,11.437134171680285,66.074069569632,1011.9292105311512,26.89743036423161,,54.86,23.86,source,bdg2_3,1,1,1,1,0
2025-01-11 23:00:00+00:00,13.405429445364236,61.97853153833066,1011.6130706717682,24.718748239459988,,54.86,23.86,source,bdg2_3,1,1,1,1,0
2025-01-12 00:00:00+00:00,15.152306478989644,60.11626553696007,1011.1953209007028,24.555932267036106,,54.86,23.86,source,bdg2_3,1,1,1,1,0
2025-01-12 01:00:00+00:00,17.39230431422634,56.490536114567966,1010.766668476478,25.34203468439488,,54.86,23.86,source,bdg2_3,1,1,1,1,0
2025-01-12 02:00:00+00:00,19.16002867382009,53.8664471584422,1011.2497654880184,21.564375064175582,,54.86,23.86,source,bdg2_3,1,1,1,1,0
2025-01-12 03:00:00+00:00,19.890011529807172,51.38300391493899,1010.6648921884564,21.58970630651181,,54.86,23.86,source,bdg2_3,1,1,1,1,0
2025-01-12 04:00:00+00:00,21.16009399509526,50.93782773229225,1011.3170015775836,18.575492312307254,,54.86,23.86,source,bdg2_3,1,1,1,1,0
2025-01-12 05:00:00+00:00,21.568720045662808,46.29543093003779,1011.25676017584,19.75787422226805,,54.86,23.86,source,bdg2_3,1,1,1,1,0
2025-01-12 06:00:00+00:00,22.241394991455664,48.99904457032841,1011.18198551909,18.43649488272868,,54.86,23.86,source,bdg2_3,1,1,1,1,0
2025-01-12 07:00:00+00:00,22.240802209951877,46.09593164054978,1010.8841291268748,18.747601024095115,,54.86,23.86,source,bdg2_3,1,1,1,1,0
2025-01-12 08:00:00+00:00,20.97740740778452,51.80006148891693,1011.3344748810232,21.00810443688724,,54.86,23.86,source,bdg2_3,1,1,1,1,0
2025-01-12 09:00:00+00:00,19.79216201814268,52.221875065325335,1010.0060388239518,20.18617945308465,,54.86,23.86,source,bdg2_3,1,1,1,1,0
2025-01-12 10:00:00+00:00,18.878151439398,53.35626596360784,1011.4419370058304,21.172014898911677,,54.86,23.86,source,bdg2_3,1,1,1,1,0
2025-01-12 11:00:00+00:00,17.504249207908675,57.337246472474135,1011.0706304323804,24.036672074783443,,54.86,23.86,source,bdg2_3,1,1,1,1,0
2025-01-12 12:00:00+00:00,16.50637728411866,58.35212555605479,1010.2684241744612,24.28624118965813,,54.86,23.86,source,bdg2_3,1,1,1,1,0
2025-01-12 13:00:00+00:00,14.045385047813795,63.833073002701646,1010.6065955681812,24.617830424811917,,54.86,23.86,source,bdg2_3,1,1,1,1,0
2025-01-12 14:00:00+00:00,11.94418425046844,67.43426360410376,1011.445379594556,27.21597106464789,,54.86,23.86,source,bdg2_3,1,1,1,1,0
2025-01-12 15:00:00+00:00,9.653061850736076,68.65222601897584,1010.3175135726972,27.364831947987437,,54.86,23.86,source,bdg2_3,1,1,1,1,0
2025-01-12 16:00:00+00:00,9.499981549440395,73.3530614860719,1010.7937259645904,29.08688702711579,,54.86,23.86,source,bdg2_3,1,1,1,1,0
2025-01-12 17:00:00+00:00,7.874487121534305,72.09062602520535,1009.7933276837452,30.496227403143266,,54.86,23.86,source,bdg2_3,1,1,1,1,0
2025-01-12 18:00:00+00:00,7.88232785859748,70.95682376081682,1010.467979150068,29.966803472991007,,54.86,23.86,source,bdg2_3,1,1,1,1,0
2025-01-12 19:00:00+00:00,8.038539214839814,72.61294515214027,1009.9414596371118,28.848518116462134,,54.86,23.86,source,bdg2_3,1,1,1,1,0
2025-01-12 20:00:00+00:00,8.102175263583343,74.62498816596117,1009.6680370778766,29.750530396738963,,54.86,23.86,source,bdg2_3,1,1,1,1,0
2025-01-12 21:00:00+00:00,10.651654258833627,65.73582735877736,1009.9239427193714,29.690299974414437,,54.86,23.86,source,bdg2_3,1,1,1,1,0
2025-01-12 22:00:00+00:00,11.357490856040153,67.74412567691631,1010.0656845087562,27.7937664707026,,54.86,23.86,source,bdg2_3,1,1,1,1,0
2025-01-12 23:00:00+00:00,13.910995029711652,61.24048553219269,1009.1957136680056,27.331155583793034,,54.86,23.86,source,bdg2_3,1,1,1,1,0
2025-01-13 00:00:00+00:00,16.047962530279047,59.699721460670375,1010.145794916668,24.411423938201544,,54.86,23.86,source,bdg2_3,1,1,1,1,0
2025-01-13 01:00:00+00:00,17.205577177145706,57.886045403378176,1010.3486233921504,22.503789391805896,,54.86,23.86,source,bdg2_3,1,1,1,1,0
2025-01-13 02:00:00+00:00,18.27044228081132,54.39308803901004,1010.7289861153536,21.55181345453821,,54.86,23.86,source,bdg2_3,1,1,1,1,0
2025-01-13 03:00:00+00:00,18.983895244264072,52.5888510636535,1010.3709351399964,21.19642016892121,,54.86,23.86,source,bdg2_3,1,1,1,1,0
2025-01-13 04:00:00+00:00,20.52794782771712,45.34028876356355,1009.9792189746196,20.98640294171325,,54.86,23.86,source,bdg2_3,1,1,1,1,0
2025-01-13 05:00:00+00:00,21.41962411899685,48.090128651715794,1009.4180268274504,19.763357739488097,,54.86,23.86,source,bdg2_3,1,1,1,1,0
2025-01-13 06:00:00+00:00,21.833071939441272,46.60482691903932,1009.7572998613292,19.139385256001763,,54.86,23.86,source,bdg2_3,1,1,1,1,0
2025-01-13 07:00:00+00:00,22.203642237739217,49.145656009746205,1009.4931483315928,18.81796847969986,,54.86,23.86,source,bdg2_3,1,1,1,1,0
2025-01-13 08:00:00+00:00,21.50114163115048,50.700905619027886,1009.825993091038,19.470647667287928,,54.86,23.86,source,bdg2_3,1,1,1,1,0
2025-01-13 09:00:00+00:00,19.216521008097743,50.48009949232039,1009.9701323895284,21.010714582079387,,54.86,23.86,source,bdg2_3,1,1,1,1,0
2025-01-13 10:00:00+00:00,18.82227238954308,53.23409544879572,1009.854625237224,24.69295900908291,,54.86,23.86,source,bdg2_3,1,1,1,1,0
2025-01-13 11:00:00+00:00,16.529297167828698,57.33580006164304,1009.6495967304317,24.733532109033163,,54.86,23.86,source,bdg2_3,1,1,1,1,0
2025-01-13 12:00:00+00:00,14.54320734732922,60.00936621310512,1010.0978427420332,26.35997426776114,,54.86,23.86,source,bdg2_3,1,1,1,1,0
2025-01-13 13:00:00+00:00,12.645587479170494,62.84707380458276,1009.395406841738,27.58507112625593,,54.86,23.86,source,bdg2_3,1,1,1,1,0
2025-01-13 14:00:00+00:00,12.0486773469972,67.14588118225613,1009.5559438735056,28.753404199509223,,54.86,23.86,source,bdg2_3,1,1,1,1,0
2025-01-13 15:00:00+00:00,10.231696618052007,70.87481190914205,1010.2767339132712,29.635743144891325,,54.86,23.86,source,bdg2_3,1,1,1,1,0
2025-01-13 16:00:00+00:00,8.80873523271503,70.94565240517952,1010.1184157211532,28.607581627677845,,54.86,23.86,source,bdg2_3,1,1,1,1,0
2025-01-13 17:00:00+00:00,8.597453548727415,72.82708268901783,1008.7578951642548,27.429447169842497,,54.86,23.86,source,bdg2_3,1,1,1,1,0
2025-01-13 18:00:00+00:00,8.898801763168862,74.26343215889885,1010.3909272659176,30.003641128371573,,54.86,23.86,source,bdg2_3,1,1,1,1,0
2025-01-13 19:00:00+00:00,8.86256309144885,71.4881937613001,1011.1699500291984,30.86671523539685,,54.86,23.86,source,bdg2_3,1,1,1,1,0
2025-01-13 20:00:00+00:00,9.32355205477799,69.5966600382537,1010.7916752982646,28.18115093755731,,54.86,23.86,source,bdg2_3,1,1,1,1,0
2025-01-13 21:00:00+00:00,10.40751035376918,68.41776674038852,1009.8638976344538,27.366605914001205,,54.86,23.86,source,bdg2_3,1,1,1,1,0
2025-01-13 22:00:00+00:00,11.571640120093528,65.45073802600147,1010.77237651207,27.775823845710956,,54.86,23.86,source,bdg2_3,1,1,1,1,0
2025-01-13 23:00:00+00:00,12.710235496659248,62.87499981352071,1010.914346148082,26.5345836857406,,54.86,23.86,source,bdg2_3,1,1,1,1,0
2025-01-14 00:00:00+00:00,14.959507728677025,61.55358301312683,1011.2443465769894,25.819973400295687,,54.86,23.86,source,bdg2_3,1,1,1,1,0
2025-01-14 01:00:00+00:00,16.24008615420509,56.50870907698806,1010.92386462161,21.94408059622448,,54.86,23.86,source,bdg2_3,1,1,1,1,0
2025-01-14 02:00:00+00:00,18.73970700819868,53.5515959328444,1011.6203189362004,23.10522042995066,,54.86,23.86,source,bdg2_3,1,1,1,1,0
2025-01-14 03:00:00+00:00,20.01048615791805,52.1686660522281,1010.56237860326,22.237023995461616,,54.86,23.86,source,bdg2_3,1,1,1,1,0
2025-01-14 04:00:00+00:00,21.99063548374625,52.61089317965124,1011.0280109185144,20.22369663748705,,54.86,23.86,source,bdg2_3,1,1,1,1,0
2025-01-14 05:00:00+00:00,22.46618675443523,48.40961035424532,1011.097110175593,19.432024273097063,,54.86,23.86,source,bdg2_3,1,1,1,1,0
2025-01-14 06:00:00+00:00,22.616138330766365,44.73940004772278,1010.1190269241558,19.348824181603163,,54.86,23.86,source,bdg2_3,1,1,1,1,0
2025-01-14 07:00:00+00:00,21.69113090849969,47.00897678488389,1010.8070287746714,20.59892064962143,,54.86,23.86,source,bdg2_3,1,1,1,1,0
2025-01-14 08:00:00+00:00,21.91702825440508,47.27440647461472,1011.6057266377986,21.031075762605504,,54.86,23.86,source,bdg2_3,1,1,1,1,0
2025-01-14 09:00:00+00:00,20.62374026355327,50.04912285640069,1010.868919275151,20.76594235691774,,54.86,23.86,source,bdg2_3,1,1,1,1,0
2025-01-14 10:00:00+00:00,18.08134530449141,53.54775938986954,1011.8411819894208,22.001458116208397,,54.86,23.86,source,bdg2_3,1,1,1,1,0
2025-01-14 11:00:00+00:00,16.58142601754117,58.70487687895607,1010.9567241559234,23.42572129836264,,54.86,23.86,source,bdg2_3,1,1,1,1,0
2025-01-14 12:00:00+00:00,14.607267170490724,57.388907199564784,1011.601029463637,24.479485190549664,,54.86,23.86,source,bdg2_3,1,1,1,1,0
2025-01-14 13:00:00+00:00,13.072101798440382,63.10277036446745,1011.0750656860451,25.974793900796133,,54.86,23.86,source,bdg2_3,1,1,1,1,0
2025-01-14 14:00:00+00:00,11.156394380095229,64.82185371157063,1012.0293510455892,26.27272873511093,,54.86,23.86,source,bdg2_3,1,1,1,1,0
2025-01-14 15:00:00+00:00,9.78216266171267,67.38023552826705,1012.0279951536552,30.574361790249892,,54.86,23.86,source,bdg2_3,1,1,1,1,0
2025-01-14 16:00:00+00:00,8.778113001906691,71.10121475252936,1012.1225007278994,28.08836774336108,,54.86,23.86,source,bdg2_3,1,1,1,1,0
2025-01-14 17:00:00+00:00,7.6985499213981,72.9830196159569,1012.116659313802,29.033725739714374,,54.86,23.86,source,bdg2_3,1,1,1,1,0
2025-01-14 18:00:00+00:00,8.076452530337354,70.4440310032833,1012.49579546497,29.667248745347436,,54.86,23.86,source,bdg2_3,1,1,1,1,0
2025-01-14 19:00:00+00:00,8.27557582182792,69.04183872869956,1012.5430933939612,31.31529211172234,,54.86,23.86,source,bdg2_3,1,1,1,1,0
2025-01-14 20:00:00+00:00,9.518706144998962,70.53385927850448,1012.2897271260008,28.97037468577905,,54.86,23.86,source,bdg2_3,1,1,1,1,0
2025-01-14 21:00:00+00:00,9.524421110121528,68.74101486412317,1012.0537476048474,27.34799681132645,,54.86,23.86,source,bdg2_3,1,1,1,1,0
2025-01-14 22:00:00+00:00,11.42800319107462,66.77989097877148,1013.1050345134404,27.45453334840607,,54.86,23.86,source,bdg2_3,1,1,1,1,0
2025-01-14 23:00:00+00:00,13.442072104658136,64.55951609201438,1012.5709720815164,25.892015213103768,,54.86,23.86,source,bdg2_3,1,1,1,1,0
2025-01-15 00:00:00+00:00,14.525921375974995,59.30582550182925,1013.5420133749868,23.72852159404188,,54.86,23.86,source,bdg2_3,1,1,1,1,0
2025-01-15 01:00:00+00:00,17.82438923044178,54.78466761178748,1013.2526996527034,24.81816849860105,,54.86,23.86,source,bdg2_3,1,1,1,1,0
2025-01-15 02:00:00+00:00,19.13141260212793,53.98294225433957,1014.08750483567,22.46232291337609,,54.86,23.86,source,bdg2_3,1,1,1,1,0
2025-01-15 03:00:00+00:00,20.698288100483264,52.46318004414738,1013.7091657264738,21.238855367135557,,54.86,23.86,source,bdg2_3,1,1,1,1,0
2025-01-15 04:00:00+00:00,21.256584839315018,50.668636016562886,1013.4509771596388,18.95048111531954,,54.86,23.86,source,bdg2_3,1,1,1,1,0
2025-01-15 05:00:00+00:00,21.631883407852303,48.13276601796858,1013.215664130496,22.78437852952471,,54.86,23.86,source,bdg2_3,1,1,1,1,0
2025-01-15 06:00:00+00:00,21.83196937481253,45.6129442070767,1013.7032781148662,18.86723215153693,,54.86,23.86,source,bdg2_3,1,1,1,1,0
2025-01-15 07:00:00+00:00,21.74588077244188,48.97697707139376,1012.9458858753884,18.536853720965155,,54.86,23.86,source,bdg2_3,1,1,1,1,0
2025-01-15 08:00:00+00:00,21.21659245545056,51.44929911794996,1013.8106769894164,19.65619320202408,,54.86,23.86,source,bdg2_3,1,1,1,1,0
2025-01-15 09:00:00+00:00,20.16093529528077,50.16576040290036,1013.6303303924808,23.116745288422845,,54.86,23.86,source,bdg2_3,1,1,1,1,0
2025-01-15 10:00:00+00:00,18.505059071195607,54.22113850902143,1014.3192222320038,22.83787784254313,,54.86,23.86,source,bdg2_3,1,1,1,1,0
2025-01-15 11:00:00+00:00,16.510423014818926,57.83867860945355,1013.8913970180372,24.347699297242904,,54.86,23.86,source,bdg2_3,1,1,1,1,0
2025-01-15 12:00:00+00:00,14.420791980744704,60.43559922465473,1013.9604680936152,26.681414660957465,,54.86,23.86,source,bdg2_3,1,1,1,1,0
2025-01-15 13:00:00+00:00,12.239067279797624,62.62063176418794,1014.3565941282328,27.38569961628881,,54.86,23.86,source,bdg2_3,1,1,1,1,0
2025-01-15 14:00:00+00:00,11.767568680734923,66.80102662492416,1013.4543332161272,28.54732309453022,,54.86,23.86,source,bdg2_3,1,1,1,1,0
2025-01-15 15:00:00+00:00,10.612022790641278,70.2280073032703,1014.8746503501494,27.86473474692823,,54.86,23.86,source,bdg2_3,1,1,1,1,0
2025-01-15 16:00:00+00:00,8.692107587449753,68.98910222757145,1014.790913288506,30.37310043164109,,54.86,23.86,source,bdg2_3,1,1,1,1,0
2025-01-15 17:00:00+00:00,8.368865251729304,71.36659113278341,1015.115721106952,31.79896228206339,,54.86,23.86,source,bdg2_3,1,1,1,1,0
2025-01-15 18:00:00+00:00,7.714777457458287,72.36248915285135,1014.8887415461392,27.715465462340216,,54.86,23.86,source,bdg2_3,1,1,1,1,0
2025-01-15 19:00:00+00:00,9.006213763702252,73.52830021559043,1015.18252405987,30.077288876958956,,54.86,23.86,source,bdg2_3,1,1,1,1,0
2025-01-15 20:00:00+00:00,9.11003683977706,70.46575316792517,1014.9960821773486,28.328529144297026,,54.86,23.86,source,bdg2_3,1,1,1,1,0
2025-01-15 21:00:00+00:00,10.187571033284785,67.80846894419453,1015.17375818539,29.925122096395462,,54.86,23.86,source,bdg2_3,1,1,1,1,0
2025-01-15 22:00:00+00:00,11.141197920555316,65.83227950450105,1014.402304308127,27.920005232913308,,54.86,23.86,source,bdg2_3,1,1,1,1,0
2025-01-15 23:00:00+00:00,13.29037333343005,62.55839605888448,1014.912580012988,27.6587330534268,,54.86,23.86,source,bdg2_3,1,1,1,1,0
