timestamp,temperature,relative_humidity,pressure,energy,pm25,latitude,longitude,domain,entity_id,mask_temperature,mask_relative_humidity,mask_pressure,mask_energy,mask_pm25,temperature_scaled,relative_humidity_scaled,pressure_scaled,energy_scaled,pm25_scaled
2025-01-01 00:00:00+00:00,15.81217268183162,59.08236537952489,1012.7359141238684,23.92703137784383,,54.8,23.8,source,bdg2_0,1,1,1,1,0,0.12032070952408448,-0.05679957681118504,-0.4367619470069195,-0.20095326002293154,0.0
2025-01-01 01:00:00+00:00,17.244437130379985,53.441863413449326,1013.9845794649372,22.944697873592293,,54.8,23.8,source,bdg2_0,1,1,1,1,0,0.40787407729743913,-0.7070877564500728,0.15765242362032808,-0.4820012688135838,0.0
2025-01-01 02:00:00+00:00,18.65951954802855,53.62594443678388,1013.9552442492816,20.439859290502348,,54.8,23.8,source,bdg2_0,1,1,1,1,0,0.6919778371052875,-0.6858652279782711,0.1436876940986453,-1.2543864920315666,0.0
2025-01-01 03:00:00+00:00,19.78853886629908,50.93863709375881,1013.9027781494776,20.36457482675323,,54.8,23.8,source,bdg2_0,1,1,1,1,0,0.918649180919562,-0.9956823702709899,0.11871174364298663,-1.2789753191326616,0.0
2025-01-01 04:00:00+00:00,20.97596372271585,48.29090752770468,1013.4682336718864,21.25268819479363,,54.8,23.8,source,bdg2_0,1,1,1,1,0,1.1570465081634937,-1.300936627789377,-0.08814871260691154,-0.9942731407890094,0.0
2025-01-01 05:00:00+00:00,21.211171195417016,50.1259756492906,1014.0085301817852,20.67286520745653,,54.8,23.8,source,bdg2_0,1,1,1,1,0,1.2042687239835046,-1.0893733457487669,0.16905391752991208,-1.1788274447317861,0.0
2025-01-01 06:00:00+00:00,22.45042797463221,46.9744082112385,1013.6061176891096,19.06423056574093,,54.8,23.8,source,bdg2_0,1,1,1,1,0,1.4530722607608515,-1.452714598819193,-0.02251043578316882,-1.717929690091817,0.0
2025-01-01 07:00:00+00:00,21.627536744210467,49.20442328463846,1013.4306267594447,19.77361734169868,,54.8,23.8,source,bdg2_0,1,1,1,1,0,1.2878617475356178,-1.1956182532509454,-0.10605109882283578,-1.4750536391558755,0.0
2025-01-01 08:00:00+00:00,20.718591476431275,48.33988669233866,1013.5486424578144,20.657208382158903,,54.8,23.8,source,bdg2_0,1,1,1,1,0,1.105374307359004,-1.2952898658519423,-0.04987093207738282,-1.1838791157721251,0.0
2025-01-01 09:00:00+00:00,19.391092293988194,51.86634217248707,1014.8207382744204,22.2065102546446,,54.8,23.8,source,bdg2_0,1,1,1,1,0,0.8388544890288261,-0.8887281221355725,0.5556972769018093,-0.7008934162944483,0.0
2025-01-01 10:00:00+00:00,18.40408222381919,52.66855655387275,1013.7224439262238,24.192454601027748,,54.8,23.8,source,bdg2_0,1,1,1,1,0,0.6406941074100765,-0.7962415787589403,0.032865480202850135,-0.12691484131813874,0.0
2025-01-01 11:00:00+00:00,16.83713719310566,55.938677988915714,1014.295133815293,25.80615991096624,,54.8,23.8,source,bdg2_0,1,1,1,1,0,0.3261011415970435,-0.41923234660513115,0.3054886473392422,0.3070881262974171,0.0
2025-01-01 12:00:00+00:00,15.060079476240814,60.92580466456113,1014.4517363773306,24.64775015350648,,54.8,23.8,source,bdg2_0,1,1,1,1,0,-0.03067580118752776,0.15572880880962237,0.38003769606396304,-0.001710758388607138,0.0
2025-01-01 13:00:00+00:00,12.617007585271285,62.58181445761094,1014.2973587681316,26.8807184166948,,54.8,23.8,source,bdg2_0,1,1,1,1,0,-0.5211673097023979,0.34664862414935294,0.3065478133926089,0.581829205053105,0.0
2025-01-01 14:00:00+00:00,11.919491706937254,67.39665312195534,1014.6427936626272,28.385141164270728,,54.8,23.8,source,bdg2_0,1,1,1,1,0,-0.6612064205618664,0.9017468563852159,0.4709885635687518,0.949191696696729,0.0
2025-01-01 15:00:00+00:00,9.673053561195845,70.3645836070885,1014.852561139755,28.23744107083002,,54.8,23.8,source,bdg2_0,1,1,1,1,0,-1.1122200968122122,1.2439167774454212,0.570846226622217,0.9139677910961664,0.0
2025-01-01 16:00:00+00:00,9.18208124677768,70.27894727588168,1015.2557748679168,30.84994383534439,,54.8,23.8,source,bdg2_0,1,1,1,1,0,-1.210791797476508,1.2340438451662774,0.7627919998975314,1.5122291759223514,0.0
2025-01-01 17:00:00+00:00,9.331306919243104,69.49636541223661,1014.0594036540056,29.32516326849889,,54.8,23.8,source,bdg2_0,1,1,1,1,0,-1.1808320056802604,1.1438207163403458,0.19327171390568454,1.1693045621257925,0.0
2025-01-01 18:00:00+00:00,8.080018534723916,73.31425338167433,1015.0282868791968,27.977798784175995,,54.8,23.8,source,bdg2_0,1,1,1,1,0,-1.4320511079828075,1.5839814383191821,0.6544986684557315,0.8516140697419039,0.0
2025-01-01 19:00:00+00:00,8.085417209662335,72.83307187937969,1015.0719096015166,30.59164031175737,,54.8,23.8,source,bdg2_0,1,1,1,1,0,-1.4309672249319998,1.5285064743735886,0.6752648194650827,1.4553072644446252,0.0
2025-01-01 20:00:00+00:00,8.826658102203751,70.09116774201827,1015.133798908807,29.740178666130447,,54.8,23.8,source,bdg2_0,1,1,1,1,0,-1.2821495151873779,1.21239491888562,0.7047265915120798,1.2643205892400085,0.0
2025-01-01 21:00:00+00:00,10.149402391757553,68.66379434294976,1014.7859892004152,28.913097692253658,,54.8,23.8,source,bdg2_0,1,1,1,1,0,-1.0165843288492873,1.0478343788968283,0.5391553354581725,1.0736685522915208,0.0
2025-01-01 22:00:00+00:00,11.560910635495716,67.69422586186788,1015.7986145554404,27.68515641748395,,54.8,23.8,source,bdg2_0,1,1,1,1,0,-0.7331981500342399,0.9360537383811309,1.0212052837439891,0.7806620443878137,0.0
2025-01-01 23:00:00+00:00,13.00062420923729,62.147732930048925,1015.4856623464684,26.371435293861165,,54.8,23.8,source,bdg2_0,1,1,1,1,0,-0.44414923369899517,0.29660377210056127,0.8722275839439273,0.4529617841408278,0.0
2025-01-02 00:00:00+00:00,14.82807316221446,60.06539528525137,1015.03549402543,25.69803203407222,,54.8,23.8,source,bdg2_0,1,1,1,1,0,-0.07725532566750555,0.05653301872201509,0.6579295567420733,0.2788346935473355,0.0
2025-01-02 01:00:00+00:00,16.588169033324647,58.730933015978,1015.6155391601956,24.29948329772446,,54.8,23.8,source,bdg2_0,1,1,1,1,0,0.2761162153594864,-0.09731588428374477,0.9340541134002651,-0.09728020430004171,0.0
2025-01-02 02:00:00+00:00,17.952544077129478,54.254073649588,1015.8489945484962,21.546299398192065,,54.8,23.8,source,bdg2_0,1,1,1,1,0,0.5500395394702218,-0.6134488003572748,1.0451881644082635,-0.9026444658925032,0.0
2025-01-02 03:00:00+00:00,19.816638215304017,51.56364044580147,1014.8536139375616,21.77962548610956,,54.8,23.8,source,bdg2_0,1,1,1,1,0,0.9242906408097364,-0.923626320204438,0.5713474002553725,-0.830676169059045,0.0
2025-01-02 04:00:00+00:00,21.485258150283585,48.318421243338754,1015.7733492006854,19.35758956984038,,54.8,23.8,source,bdg2_0,1,1,1,1,0,1.2592967092235947,-1.2977645973278344,1.0091779698982244,-1.6164656978113268,0.0
2025-01-02 05:00:00+00:00,21.74213302939045,45.98523155247624,1016.2130550346316,20.57927140649149,,54.8,23.8,source,bdg2_0,1,1,1,1,0,1.3108690544412787,-1.5667558477428825,1.2184954370768402,-1.2090799232174803,0.0
2025-01-02 06:00:00+00:00,21.98769152206211,46.83725757124626,1016.3397845687866,21.96710174925473,,54.8,23.8,source,bdg2_0,1,1,1,1,0,1.3601694274447778,-1.4685265674264678,1.2788237362672281,-0.7733821281145693,0.0
2025-01-02 07:00:00+00:00,20.832489851800105,50.26313613021041,1016.5635121441844,20.50838256512913,,54.8,23.8,source,bdg2_0,1,1,1,1,0,1.1282414960645644,-1.0735602425901847,1.3853269613893484,-1.2320808950257254,0.0
2025-01-02 08:00:00+00:00,20.46254381032348,50.90271313090276,1015.7021610948937,20.065952353284548,,54.8,23.8,source,bdg2_0,1,1,1,1,0,1.053968040328899,-0.9998240102440944,0.9752895998853842,-1.3773700847181476,0.0
2025-01-02 09:00:00+00:00,19.334718400472347,52.34052486972576,1016.2280534238848,20.84093536438748,,54.8,23.8,source,bdg2_0,1,1,1,1,0,0.8275363955360999,-0.8340600438584637,1.2256352669537318,-1.1248283458722892,0.0
2025-01-02 10:00:00+00:00,18.76028816853669,52.28348791556529,1016.267648933294,22.546567298424147,,54.8,23.8,source,bdg2_0,1,1,1,1,0,0.7122089866128798,-0.8406357807904317,1.2444843044268046,-0.5992053488058405,0.0
2025-01-02 11:00:00+00:00,16.71844842976397,56.74155264997603,1016.33222055737,24.456316414352404,,54.8,23.8,source,bdg2_0,1,1,1,1,0,0.30227219461008953,-0.32666968020429704,1.2752229659585048,-0.05408114952386855,0.0
2025-01-02 12:00:00+00:00,15.264732662176357,60.20655181499608,1015.963694300502,25.61838026199852,,54.8,23.8,source,bdg2_0,1,1,1,1,0,0.010412080942728654,0.07280682260044849,1.0997898087858182,0.25794867728689924,0.0
2025-01-02 13:00:00+00:00,13.304513963871727,64.12965565152696,1015.7926410329408,23.85925746140546,,54.8,23.8,source,bdg2_0,1,1,1,1,0,-0.3831377895725163,0.5250977831808575,1.0183616494247998,-0.21998479689950648,0.0
2025-01-02 14:00:00+00:00,12.019412300929712,69.28046947046137,1016.1871747004597,27.39984476671649,,54.8,23.8,source,bdg2_0,1,1,1,1,0,-0.6411455279372074,1.1189302757708999,1.206175368566526,0.7107870360876621,0.0
2025-01-02 15:00:00+00:00,9.982030159746158,68.30670009257634,1015.9898413338298,27.413515177185847,,54.8,23.8,source,bdg2_0,1,1,1,1,0,-1.0501873754342943,1.0066653178041307,1.1122368367028452,0.7141510040665269,0.0
2025-01-02 16:00:00+00:00,8.679274944548816,68.89676460393787,1016.1160109722374,29.03348586655133,,54.8,23.8,source,bdg2_0,1,1,1,1,0,-1.3117393883282644,1.0746933017088633,1.172298603246438,1.1017449082076658,0.0
2025-01-02 17:00:00+00:00,8.486124877965507,71.32905517585507,1016.4910697082756,30.04316303278078,,54.8,23.8,source,bdg2_0,1,1,1,1,0,-1.3505178081849958,1.35510979972231,1.3508414803471924,1.3328809464259341,0.0
2025-01-02 18:00:00+00:00,9.095349864484866,69.15545861566336,1015.6765416558726,30.901486891648712,,54.8,23.8,source,bdg2_0,1,1,1,1,0,-1.228204713851842,1.1045178916088823,0.9630937278445298,1.5235323675356558,0.0
2025-01-02 19:00:00+00:00,9.50268206937972,71.21815774889563,1016.0197366109544,29.60331488893173,,54.8,23.8,source,bdg2_0,1,1,1,1,0,-1.1464252998345668,1.3423245394143049,1.1264681777614178,1.2331287128919475,0.0
2025-01-02 20:00:00+00:00,9.603550729802723,69.96134305019923,1016.3316463114826,29.010325420023523,,54.8,23.8,source,bdg2_0,1,1,1,1,0,-1.1261740654784957,1.1974275519698843,1.2749496020742803,1.096352292622875,0.0
2025-01-02 21:00:00+00:00,9.413973154071172,68.95560295493371,1016.2327290363976,29.828759788465,,54.8,23.8,source,bdg2_0,1,1,1,1,0,-1.1642352422473297,1.081476719991875,1.2278610444920814,1.2844346879238195,0.0
2025-01-02 22:00:00+00:00,11.444776486791332,65.07395690443147,1016.2478730269848,27.74073709223774,,54.8,23.8,source,bdg2_0,1,1,1,1,0,-0.7565142112597236,0.6339653886661967,1.2350701863955538,0.7941932643283738,0.0
2025-01-02 23:00:00+00:00,13.328599222843671,62.99615948560933,1016.5278687046967,26.66358794188833,,54.8,23.8,source,bdg2_0,1,1,1,1,0,-0.3783022319085002,0.39441807368062715,1.3683592664007775,0.5271774377282338,0.0
2025-01-03 00:00:00+00:00,15.952329354170487,61.66658504784076,1016.2543086345956,23.372561659383745,,54.8,23.8,source,bdg2_0,1,1,1,1,0,0.14845973314349725,0.24113268418319547,1.2381337916080613,-0.3581970762766086,0.0
2025-01-03 01:00:00+00:00,17.112892955865455,57.52459476424035,1016.303253315269,24.75034686919465,,54.8,23.8,source,bdg2_0,1,1,1,1,0,0.381464170641614,-0.23639348951628752,1.2614334064857318,0.02619589507306579,0.0
2025-01-03 02:00:00+00:00,18.29956090410554,55.23600842767561,1015.585565701849,24.45487807500903,,54.8,23.8,source,bdg2_0,1,1,1,1,0,0.6197095346810404,-0.5002424610620905,0.919785554970215,-0.054476123823365925,0.0
2025-01-03 03:00:00+00:00,19.2837716350472,48.87368578516326,1015.0062893580132,20.573910509904216,,54.8,23.8,source,bdg2_0,1,1,1,1,0,0.8173078975865706,-1.2337486692610093,0.6440269733748689,-1.2108167054671508,0.0
2025-01-03 04:00:00+00:00,20.50262012721121,52.5418135101422,1015.6293714968936,19.32719719170037,,54.8,23.8,source,bdg2_0,1,1,1,1,0,1.062014096279459,-0.8108536653578171,0.9406388558786628,-1.6269093760908309,0.0
2025-01-03 05:00:00+00:00,22.318672272413373,47.5291041762988,1015.1312600793392,21.04620979620396,,54.8,23.8,source,bdg2_0,1,1,1,1,0,1.426619886037197,-1.3887642214340628,0.7035180076981647,-1.059436821913499,0.0
2025-01-03 06:00:00+00:00,22.311681088289017,47.34756497556716,1016.4066766038278,20.129101579710724,,54.8,23.8,source,bdg2_0,1,1,1,1,0,1.4252162775473545,-1.4096937055627623,1.3106670057175875,-1.356446910231374,0.0
2025-01-03 07:00:00+00:00,22.569955583452128,49.16300140753104,1016.4317489508238,20.279773564980086,,54.8,23.8,source,bdg2_0,1,1,1,1,0,1.4770696213690122,-1.2003937425998392,1.3226024401927898,-1.3067764311756465,0.0
2025-01-03 08:00:00+00:00,20.45230562800156,53.281748128178826,1015.325189127362,20.471035118188905,,54.8,23.8,source,bdg2_0,1,1,1,1,0,1.0519125373737501,-0.7255472974655967,0.7958359484909805,-1.2442293560658113,0.0
2025-01-03 09:00:00+00:00,19.59954821584521,51.20962695231458,1015.6615073182256,21.66629627294126,,54.8,23.8,source,bdg2_0,1,1,1,1,0,0.8807058401693485,-0.9644402037261139,0.9559367851023136,-0.8655394793610925,0.0
2025-01-03 10:00:00+00:00,18.830510143799348,56.68823731346335,1015.4184840370538,21.266879264553573,,54.8,23.8,source,bdg2_0,1,1,1,1,0,0.7263073366060953,-0.33281635532934606,0.8402480365046291,-0.9898167324572047,0.0
2025-01-03 11:00:00+00:00,16.22057425246283,55.89553968147106,1014.5766954354906,24.53093459892638,,54.8,23.8,source,bdg2_0,1,1,1,1,0,0.20231481833405798,-0.4242057215972166,0.4395231782563198,-0.03362121897235478,0.0
2025-01-03 12:00:00+00:00,14.750893218184476,59.533522532545696,1015.3445487059852,23.60337957540456,,54.8,23.8,source,bdg2_0,1,1,1,1,0,-0.0927506155581919,-0.004786091923936862,0.8050518779833777,-0.29230841192040125,0.0
2025-01-03 13:00:00+00:00,12.75760850389434,64.11789582976219,1015.5831847348296,25.850923294811963,,54.8,23.8,source,bdg2_0,1,1,1,1,0,-0.492939095490236,0.5237420043628934,0.9186521199610563,0.3187512991807067,0.0
2025-01-03 14:00:00+00:00,12.405267457062736,64.04140961616338,1015.026662010412,27.269160256864524,,54.8,23.8,source,bdg2_0,1,1,1,1,0,-0.5636780255278449,0.5149239805579574,0.6537251662816075,0.6785466629317781,0.0
2025-01-03 15:00:00+00:00,8.653710031620896,71.39157459466269,1015.3044863508296,27.490944524024947,,54.8,23.8,source,bdg2_0,1,1,1,1,0,-1.3168720136731904,1.3623176048596901,0.7859806033652708,0.7331740617013558,0.0
2025-01-03 16:00:00+00:00,9.963408894937658,71.27079784567182,1015.2552812833238,28.723128620722143,,54.8,23.8,source,bdg2_0,1,1,1,1,0,-1.0539259360145772,1.3483933667836567,0.7625570339979221,1.0291342165438644,0.0
2025-01-03 17:00:00+00:00,8.29163057799413,69.30258944112478,1015.3543752810468,29.45519081260212,,54.8,23.8,source,bdg2_0,1,1,1,1,0,-1.3895661075588819,1.1214804664352926,0.8097297185853229,1.199212988320387,0.0
2025-01-03 18:00:00+00:00,8.067024098277312,73.80308229329955,1015.0128434610008,30.26246744546327,,54.8,23.8,source,bdg2_0,1,1,1,1,0,-1.4346599795262749,1.6403380649115473,0.6471469871001331,1.3820897303740605,0.0
2025-01-03 19:00:00+00:00,8.376768868387613,70.49120250962585,1015.1994629164376,31.37298824224983,,54.8,23.8,source,bdg2_0,1,1,1,1,0,-1.3724730336129882,1.2585145519226053,0.7359852710676568,1.6260911736821064,0.0
2025-01-03 20:00:00+00:00,9.317225003557896,71.71966806711059,1014.2513194147318,28.462339796049264,,54.8,23.8,source,bdg2_0,1,1,1,1,0,-1.183659208634356,1.4001431934744555,0.2846312498626184,0.9675318406163849,0.0
2025-01-03 21:00:00+00:00,9.32981451954824,70.33366098048124,1014.4690062957424,29.93537784841373,,54.8,23.8,source,bdg2_0,1,1,1,1,0,-1.1811316323021157,1.2403517368360866,0.3882588641751387,1.308567925544312,0.0
2025-01-03 22:00:00+00:00,11.1090441586566,65.34373652575712,1014.5477125435956,28.42145006865951,,54.8,23.8,source,bdg2_0,1,1,1,1,0,-0.8239186362759124,0.6650680280962806,0.4257261688590886,0.9578236276487363,0.0
2025-01-03 23:00:00+00:00,13.218641782182118,63.422515673741806,1014.410069668472,26.471282945788555,,54.8,23.8,source,bdg2_0,1,1,1,1,0,-0.40037820566182114,0.44357227859465254,0.36020268526670624,0.4784148515677539,0.0
2025-01-04 00:00:00+00:00,14.441764991057624,60.121390651459926,1014.2083617205968,24.94317551911416,,54.8,23.8,source,bdg2_0,1,1,1,1,0,-0.15481377915498845,0.06298867195624483,0.2641816787221264,0.0783463634218479,0.0
2025-01-04 01:00:00+00:00,17.057901593685948,55.87315424725645,1014.157422059257,23.408542891713907,,54.8,23.8,source,bdg2_0,1,1,1,1,0,0.3704236456818635,-0.4267865173053635,0.23993237369267087,-0.3478850206632042,0.0
2025-01-04 02:00:00+00:00,18.708651002487425,55.1771559765234,1013.6183104419124,23.085910431102626,,54.8,23.8,source,bdg2_0,1,1,1,1,0,0.7018418780703287,-0.5070275049389001,-0.01670620045677467,-0.4408979161714349,0.0
2025-01-04 03:00:00+00:00,20.98263912841525,49.30798323701249,1013.575751238208,20.583888494223093,,54.8,23.8,source,bdg2_0,1,1,1,1,0,1.1583867183405052,-1.1836789235037286,-0.03696607430151072,-1.2075844602551342,0.0
2025-01-04 04:00:00+00:00,20.922628965719426,52.04196878351775,1013.8909418614064,19.975179385790582,,54.8,23.8,source,bdg2_0,1,1,1,1,0,1.1463385770902628,-0.8684802949261887,0.11307719970794948,-1.4075559461212896,0.0
2025-01-04 05:00:00+00:00,22.072382536176264,47.509183287924905,1014.3381632163184,20.47563790879867,,54.8,23.8,source,bdg2_0,1,1,1,1,0,1.3771727024708023,-1.3910608819645196,0.32597235381189466,-1.2427310088734675,0.0
2025-01-04 06:00:00+00:00,22.69438969818513,47.00798363527047,1015.182991358055,20.824584625033456,,54.8,23.8,source,bdg2_0,1,1,1,1,0,1.5020520530656423,-1.4488437196836703,0.7281441540868191,-1.1300633803176854,0.0
2025-01-04 07:00:00+00:00,22.08877086031683,48.33210741311969,1013.1949362619216,19.302602190931065,,54.8,23.8,source,bdg2_0,1,1,1,1,0,1.380462959241162,-1.2961867316544247,-0.21824915072689868,-1.6353723495653474,0.0
2025-01-04 08:00:00+00:00,20.994189163440776,48.41179047634704,1013.5884646546529,19.84377554923049,,54.8,23.8,source,bdg2_0,1,1,1,1,0,1.16070559979627,-1.287000146055161,-0.030913982371000848,-1.4514855273528497,0.0
2025-01-04 09:00:00+00:00,20.260288818725343,52.94890118194847,1012.9829731746088,22.657152161821948,,54.8,23.8,source,bdg2_0,1,1,1,1,0,1.013361639714849,-0.763920909612938,-0.3191520115634289,-0.5664531075960821,0.0
2025-01-04 10:00:00+00:00,18.38102903212393,55.7329318291323,1013.4432734544048,23.62232832165708,,54.8,23.8,source,bdg2_0,1,1,1,1,0,0.6360657561886133,-0.44295262833146454,-0.10003076897308394,-0.28692683818274856,0.0
2025-01-04 11:00:00+00:00,16.313223417952795,56.73398047860093,1013.8378882131244,23.08786792680582,,54.8,23.8,source,bdg2_0,1,1,1,1,0,0.22091583826793446,-0.3275426687377723,0.08782155280576723,-0.44032983437688167,0.0
2025-01-04 12:00:00+00:00,13.981399387159607,57.08611622778531,1011.746779673662,22.88583607808317,,54.8,23.8,source,bdg2_0,1,1,1,1,0,-0.24724062109891795,-0.2869452685949955,-0.9076292901990607,-0.4992060542089381,0.0
2025-01-04 13:00:00+00:00,12.98244710268811,65.02362066549284,1012.6667117774144,26.61762257911404,,54.8,23.8,source,bdg2_0,1,1,1,1,0,-0.44779862135913706,0.6281621709054125,-0.4697050165872316,0.5155529449566112,0.0
2025-01-04 14:00:00+00:00,11.445004254918205,66.01282341815403,1012.6917102993684,27.325819655692,,54.8,23.8,source,bdg2_0,1,1,1,1,0,-0.7564684826290786,0.7422064281702281,-0.4578047257685777,0.6925430183178217,0.0
2025-01-04 15:00:00+00:00,10.280834581682694,66.72130736707656,1013.1691701603576,29.455551839180487,,54.8,23.8,source,bdg2_0,1,1,1,1,0,-0.9901969051545175,0.8238868779279215,-0.23051483997202532,1.1992958523492152,0.0
2025-01-04 16:00:00+00:00,8.840293503070987,71.60039498176153,1012.2022009883428,28.79290399504685,,54.8,23.8,source,bdg2_0,1,1,1,1,0,-1.2794119582758123,1.386392311368918,-0.6908306290745825,1.0455246019200863,0.0
2025-01-04 17:00:00+00:00,8.316651141111565,71.30577837784153,1012.2178961621754,29.157181092658742,,54.8,23.8,source,bdg2_0,1,1,1,1,0,-1.3845427704263458,1.352426239518079,-0.6833591020218764,1.1304755388255054,0.0
2025-01-04 18:00:00+00:00,7.721252639106979,73.40875311629473,1011.3607754952968,30.35249436436933,,54.8,23.8,source,bdg2_0,1,1,1,1,0,-1.504079944299616,1.5948762240620569,-1.0913826332253271,1.402190622382098,0.0
2025-01-04 19:00:00+00:00,8.120300740070027,72.68283016546829,1012.481079671512,27.04709466379242,,54.8,23.8,source,bdg2_0,1,1,1,1,0,-1.423963716146508,1.5111852481364765,-0.5580732829024866,0.6234188805076546,0.0
2025-01-04 20:00:00+00:00,9.23014547874763,70.8787162105859,1012.1266658950806,28.86145320264431,,54.8,23.8,source,bdg2_0,1,1,1,1,0,-1.2011420210079187,1.3031906429333087,-0.7267883380339153,1.0615896201882957,0.0
2025-01-04 21:00:00+00:00,10.47689314267197,67.86573740967204,1012.9265216274594,29.099916761427057,,54.8,23.8,source,bdg2_0,1,1,1,1,0,-0.9508345516796379,0.9558271438119624,-0.3460251934850518,1.11718945840505,0.0
2025-01-04 22:00:00+00:00,12.56891403371974,64.82169900461965,1011.0260141067844,28.21478959748581,,54.8,23.8,source,bdg2_0,1,1,1,1,0,-0.530822972614959,0.6048828120702182,-1.2507423699924345,0.9085500761368562,0.0
2025-01-04 23:00:00+00:00,13.614618715145006,63.158868686812376,1011.0309273041684,25.84620004079648,,54.8,23.8,source,bdg2_0,1,1,1,1,0,-0.3208785708356919,0.41317666483035087,-1.248403492604944,0.3175215655582333,0.0
2025-01-05 00:00:00+00:00,15.30899276696016,59.72373551151939,1011.6403561899112,24.82454103133825,,54.8,23.8,source,bdg2_0,1,1,1,1,0,0.019298109079141063,0.017143383960379982,-0.9582911016813211,0.046307767510323075,0.0
2025-01-05 01:00:00+00:00,16.344775987904374,56.09464096964439,1010.8849164049204,25.47386472279844,,54.8,23.8,source,bdg2_0,1,1,1,1,0,0.22725059562414518,-0.4012515208844606,-1.3179104885362058,0.21989424086094828,0.0
2025-01-05 02:00:00+00:00,18.262313562431,54.71641527272635,1010.9890570276792,23.29452823960109,,54.8,23.8,source,bdg2_0,1,1,1,1,0,0.6122314474116298,-0.5601458684036653,-1.2683354096916917,-0.3806135036764391,0.0
2025-01-05 03:00:00+00:00,19.01316697948818,52.89564130284386,1011.3862198080146,23.575071147667973,,54.8,23.8,source,bdg2_0,1,1,1,1,0,0.7629790478270096,-0.7700611911054415,-1.079270128270834,-0.30035592549958673,0.0
2025-01-05 04:00:00+00:00,20.40891079006907,49.722265874826114,1011.493655732751,21.90277217345404,,54.8,23.8,source,bdg2_0,1,1,1,1,0,1.0432002274339802,-1.1359166668783212,-1.0281263546074588,-0.7929888139458937,0.0
2025-01-05 05:00:00+00:00,21.550052303328087,48.53858669431761,1010.1473060787408,19.34020200453196,,54.8,23.8,source,bdg2_0,1,1,1,1,0,1.2723053243147902,-1.272381929048042,-1.6690423437928987,-1.622438645640567,0.0
2025-01-05 06:00:00+00:00,22.225807975277625,49.65626148945482,1010.9886624598912,22.05635552319829,,54.8,23.8,source,bdg2_0,1,1,1,1,0,1.4079756744781136,-1.1435262505411643,-1.2685232396535495,-0.7462696847752358,0.0
2025-01-05 07:00:00+00:00,22.641605397248025,48.31791134686897,1009.8363862655788,18.392804492748667,,54.8,23.8,source,bdg2_0,1,1,1,1,0,1.4914546361462944,-1.2978233828134413,-1.81705254234464,-1.9558526983998676,0.0
2025-01-05 08:00:00+00:00,20.67324841317736,51.28145681647299,1011.1146179305792,18.575625164855,,54.8,23.8,source,bdg2_0,1,1,1,1,0,1.0962708554391873,-0.9561590060794832,-1.2085634254634583,-1.8902628923656604,0.0
2025-01-05 09:00:00+00:00,19.835364553870743,53.93476068760612,1010.691277312789,20.7144964767916,,54.8,23.8,source,bdg2_0,1,1,1,1,0,0.928050296874916,-0.6502620921584599,-1.4100903987911173,-1.1654128576872713,0.0
2025-01-05 10:00:00+00:00,19.527312051259063,54.08011430519751,1010.5612658351174,22.85016715882828,,54.8,23.8,source,bdg2_0,1,1,1,1,0,0.8662031047123385,-0.6335044099599735,-1.4719810336415473,-0.5096524082673543,0.0
2025-01-05 11:00:00+00:00,16.82031567890471,56.25045804141708,1011.3303129948396,24.82160657727187,,54.8,23.8,source,bdg2_0,1,1,1,1,0,0.32272391397372746,-0.38328751687043017,-1.1058839951527177,0.04551342071428235,0.0
2025-01-05 12:00:00+00:00,15.42043077907056,59.84566917363968,1011.2279557407956,24.95029742084132,,54.8,23.8,source,bdg2_0,1,1,1,1,0,0.04167133471690058,0.031201001465665793,-1.1546101195517773,0.08026504986471503,0.0
2025-01-05 13:00:00+00:00,13.421588317896797,64.65635884313946,1010.9906288408328,28.08384990871886,,54.8,23.8,source,bdg2_0,1,1,1,1,0,-0.35963296487766394,0.5858208999785611,-1.2675871641084508,0.8771497341023297,0.0
2025-01-05 14:00:00+00:00,11.725642008020074,63.47391002119766,1009.9411986245608,28.85010681868173,,54.8,23.8,source,bdg2_0,1,1,1,1,0,-0.7001253044467398,0.44949748469364964,-1.767157690338149,1.0589330589741832,0.0
2025-01-05 15:00:00+00:00,9.884610946727854,69.0650900919382,1010.0340995740496,29.53641532961304,,54.8,23.8,source,bdg2_0,1,1,1,1,0,-1.0697460699321122,1.094099389294136,-1.7229331430516859,1.2178312053380405,0.0
2025-01-05 16:00:00+00:00,8.745406049092542,72.57946720332752,1010.1358067781975,30.448260415639883,,54.8,23.8,source,bdg2_0,1,1,1,1,0,-1.2984623556927104,1.4992686292084334,-1.6745164682602565,1.4235096708913324,0.0
2025-01-05 17:00:00+00:00,8.575717268386958,70.5075220573476,1010.8971519858598,28.92799464096934,,54.8,23.8,source,bdg2_0,1,1,1,1,0,-1.3325304919329835,1.2603960172681248,-1.3120858653132383,1.0771488675310894,0.0
2025-01-05 18:00:00+00:00,7.588766405547874,73.08256693816904,1009.9844223955598,29.40615693274549,,54.8,23.8,source,bdg2_0,1,1,1,1,0,-1.5306789865938932,1.557270525620238,-1.746581456026618,1.187949431577212,0.0
2025-01-05 19:00:00+00:00,8.06656886137133,70.09085613066004,1010.772810437227,30.438143829930187,,54.8,23.8,source,bdg2_0,1,1,1,1,0,-1.434751376688009,1.2123589935044898,-1.3712773884078784,1.4212606267980485,0.0
2025-01-05 20:00:00+00:00,8.903157825163689,70.22971674465296,1010.432456510451,31.09546211944126,,54.8,23.8,source,bdg2_0,1,1,1,1,0,-1.2667907921574557,1.2283681034099723,-1.5332993958433851,1.5659073073753653,0.0
2025-01-05 21:00:00+00:00,10.485737432960278,67.72259567282548,1010.5570596116992,28.416762733829657,,54.8,23.8,source,bdg2_0,1,1,1,1,0,-0.9490588981258927,0.9393244672693175,-1.473983363299972,0.9567098787955486,0.0
2025-01-05 22:00:00+00:00,11.400500908098136,68.79970706272819,1009.9238126338024,27.0208150848726,,54.8,23.8,source,bdg2_0,1,1,1,1,0,-0.7654033460673678,1.0635036288440949,-1.775434113503327,0.6168661118982414,0.0
2025-01-05 23:00:00+00:00,12.21221404065972,61.002334823050575,1010.3277839905002,25.59917432432738,,54.8,23.8,source,bdg2_0,1,1,1,1,0,-0.6024370410875084,0.16455189897976977,-1.5831276789086115,0.25290321012734707,0.0
2025-01-06 00:00:00+00:00,15.257706900891586,58.32769342145115,1009.6915613502888,25.67457070695603,,54.8,23.8,source,bdg2_0,1,1,1,1,0,0.009001530453498045,-0.1438049988094212,-1.8859949627369208,0.27268922521686906,0.0
2025-01-06 01:00:00+00:00,17.542179505949186,57.782880660905775,1010.6512160011608,25.4104989458598,,54.8,23.8,source,bdg2_0,1,1,1,1,0,0.46765132228214656,-0.2066159508186424,-1.4291611766486778,0.20314294330943883,0.0
2025-01-06 02:00:00+00:00,19.020044576577035,52.62233994254999,1009.9808351650707,23.13019567068492,,54.8,23.8,source,bdg2_0,1,1,1,1,0,0.7643598516353379,-0.8015698485170064,-1.7482891204290214,-0.42805724423015357,0.0
2025-01-06 03:00:00+00:00,19.74232401766169,52.19263768174329,1009.229285227623,20.63583811521087,,54.8,23.8,source,bdg2_0,1,1,1,1,0,0.9093707020881658,-0.851109819010292,-2.1060567851265763,-1.1907801248501109,0.0
2025-01-06 04:00:00+00:00,21.32661769928365,46.25206538791805,1009.4545323573142,20.65215466316767,,54.8,23.8,source,bdg2_0,1,1,1,1,0,1.2274467278906434,-1.5359928252035528,-1.9988301917173463,-1.1855104767097158,0.0
2025-01-06 05:00:00+00:00,20.90178354671372,48.49457157865432,1009.6023241402888,19.878776273053827,,54.8,23.8,source,bdg2_0,1,1,1,1,0,1.1421534767452721,-1.2774563904370142,-1.928475424293785,-1.4397574444037435,0.0
2025-01-06 06:00:00+00:00,21.87050857329973,48.28393979633799,1009.7181056327088,20.08968640732259,,54.8,23.8,source,bdg2_0,1,1,1,1,0,1.336642800363873,-1.3017399310013804,-1.8733588284505909,-1.3694989551314742,0.0
2025-01-06 07:00:00+00:00,21.460902383698784,49.24300034964727,1010.8490024422788,20.367240647804955,,54.8,23.8,source,bdg2_0,1,1,1,1,0,1.2544068421929222,-1.1911707396198417,-1.335006963306692,-1.2781031506000564,0.0
2025-01-06 08:00:00+00:00,21.14711245416487,47.86168319784491,1010.3550717212868,19.911805652521565,,54.8,23.8,source,bdg2_0,1,1,1,1,0,1.191407756303237,-1.3504214980721956,-1.570137633627555,-1.4287079387007597,0.0
2025-01-06 09:00:00+00:00,19.54532387006978,52.35087780504846,1010.1093827424992,22.57164154501632,,54.8,23.8,source,bdg2_0,1,1,1,1,0,0.869819307826222,-0.8328664636584373,-1.6870953603240293,-0.5917655716910918,0.0
2025-01-06 10:00:00+00:00,19.22143846424816,53.19047765669625,1010.0976960164026,24.26041518357532,,54.8,23.8,source,bdg2_0,1,1,1,1,0,0.8047933698361807,-0.7360697844910697,-1.692658706810025,-0.10808302343958123,0.0
2025-01-06 11:00:00+00:00,17.295002940832166,57.963745034224665,1010.7054036128678,23.101301805323025,,54.8,23.8,source,bdg2_0,1,1,1,1,0,0.4180260915462398,-0.18576426690922246,-1.4033657180504304,-0.4364324544125308,0.0
2025-01-06 12:00:00+00:00,15.3182917047073,62.11388008404604,1010.8856724062654,24.193815182617787,,54.8,23.8,source,bdg2_0,1,1,1,1,0,0.021165041452290045,0.2927009092462948,-1.3175506018244783,-0.12653732724444564,0.0
2025-01-06 13:00:00+00:00,13.062429580466665,63.67990130181676,1009.957723849628,25.90227898570454,,54.8,23.8,source,bdg2_0,1,1,1,1,0,-0.43174067139648076,0.473246026171152,-1.7592910258807335,0.3321081824485124,0.0
2025-01-06 14:00:00+00:00,11.842000664090987,65.46988502569947,1009.2393251370416,27.86184731583956,,54.8,23.8,source,bdg2_0,1,1,1,1,0,-0.6767641692480798,0.6796115702996282,-2.1012773888848786,0.8235873693119674,0.0
2025-01-06 15:00:00+00:00,9.838006136408708,67.38798490164307,1009.3854809337467,29.54935637290444,,54.8,23.8,source,bdg2_0,1,1,1,1,0,-1.0791028407262844,0.9007475053981088,-2.0317014160004017,1.2207929662409753,0.0
2025-01-06 16:00:00+00:00,7.82426585758392,67.84330443832982,1010.0694557227868,30.559082604572893,,54.8,23.8,source,bdg2_0,1,1,1,1,0,-1.4833981505650586,0.953240867592974,-1.7061022098879541,1.4480995713007725,0.0
2025-01-06 17:00:00+00:00,8.893372168817844,69.85863596307478,1010.1614971343984,28.319172756357776,,54.8,23.8,source,bdg2_0,1,1,1,1,0,-1.2687554422197902,1.1855865482571162,-1.6622868368209593,0.93348130790031,0.0
2025-01-06 18:00:00+00:00,8.505603531887454,69.78515600921973,1010.2254955237892,31.032983778949752,,54.8,23.8,source,bdg2_0,1,1,1,1,0,-1.34660711100849,1.1771151133175073,-1.6318210578009928,1.5522865997161153,0.0
2025-01-06 19:00:00+00:00,8.127312201711565,73.79635043120743,1009.9126497078908,30.198819600992216,,54.8,23.8,source,bdg2_0,1,1,1,1,0,-1.4225560365730316,1.6395619548469118,-1.7807481102660303,1.367843705911945,0.0
2025-01-06 20:00:00+00:00,9.364463266420795,70.18273724975165,1011.0950809207698,29.87825660361039,,54.8,23.8,source,bdg2_0,1,1,1,1,0,-1.1741752606191993,1.2229518815198872,-1.2178638192582456,1.2956487657101123,0.0
2025-01-06 21:00:00+00:00,9.231527735189967,74.42318543029558,1010.7841492243604,28.64287719975635,,54.8,23.8,source,bdg2_0,1,1,1,1,0,-1.2008645076649578,1.7118291737828504,-1.3658796747084012,1.0102353425584147,0.0
2025-01-06 22:00:00+00:00,10.80059359066678,66.1226517282084,1010.2913122616316,28.144353666030312,,54.8,23.8,source,bdg2_0,1,1,1,1,0,-0.8858457473670047,0.754868430993314,-1.600489672589451,0.8916765313157663,0.0
2025-01-06 23:00:00+00:00,13.374101829888268,65.88534276883435,1010.6573323469632,26.80760070550117,,54.8,23.8,source,bdg2_0,1,1,1,1,0,-0.3691667486453341,0.7275093037150165,-1.4262495527562689,0.5634731440493693,0.0
2025-01-07 00:00:00+00:00,15.186228425755711,59.77726529541092,1010.562805453936,26.101000202668487,,54.8,23.8,source,bdg2_0,1,1,1,1,0,-0.005349084943998268,0.02331478252253728,-1.4712481138423394,0.38355361588426634,0.0
2025-01-07 01:00:00+00:00,17.20174688338696,55.95000905268908,1010.1693667790772,23.63849474954054,,54.8,23.8,source,bdg2_0,1,1,1,1,0,0.3993032269168669,-0.4179259988937265,-1.6585405729222253,-0.2823387349080838,0.0
2025-01-07 02:00:00+00:00,19.08071999083716,53.95870592059809,1011.6740619291244,21.72492971292659,,54.8,23.8,source,bdg2_0,1,1,1,1,0,0.7765415543433997,-0.6475014687127045,-0.9422458290995166,-0.847480447366688,0.0
2025-01-07 03:00:00+00:00,20.02056773713875,47.74026283431278,1010.5808457159852,21.15534477542539,,54.8,23.8,source,bdg2_0,1,1,1,1,0,0.9652332340936941,-1.36441993786484,-1.4626602315177106,-1.02491862730721,0.0
2025-01-07 04:00:00+00:00,21.317646713737105,52.17368791259345,1010.9769535813692,22.12379056268663,,54.8,23.8,source,bdg2_0,1,1,1,1,0,1.2256456379391547,-0.853294520116531,-1.2740971315751686,-0.7258545906561362,0.0
2025-01-07 05:00:00+00:00,22.092321322256467,49.88841835484928,1010.8100603377528,21.5553622122033,,54.8,23.8,source,bdg2_0,1,1,1,1,0,1.381175779620756,-1.1167611033439777,-1.353544954064803,-0.8998352100347637,0.0
2025-01-07 06:00:00+00:00,21.463517860644178,48.74273791680047,1010.6534995440708,19.481854447601243,,54.8,23.8,source,bdg2_0,1,1,1,1,0,1.2549319471794655,-1.2488455261466878,-1.4280741193908477,-1.5739263643978454,0.0
2025-01-07 07:00:00+00:00,21.03077898166244,47.63436822156213,1011.394097891535,20.101600405476013,,54.8,23.8,source,bdg2_0,1,1,1,1,0,1.1680516771680278,-1.376628428416453,-1.0755198471478644,-1.3655511515862806,0.0
2025-01-07 08:00:00+00:00,20.38829535586425,51.813804939623765,1011.4786502949634,21.67793841415356,,54.8,23.8,source,bdg2_0,1,1,1,1,0,1.0390613007576157,-0.8947850904209174,-1.0352695398670813,-0.8619499991782491,0.0
2025-01-07 09:00:00+00:00,20.34236092812319,50.51741697531059,1010.431380291148,20.54904172583555,,54.8,23.8,source,bdg2_0,1,1,1,1,0,1.0298391215664253,-1.0442444425298791,-1.5338117190404632,-1.2188791525698695,0.0
2025-01-07 10:00:00+00:00,19.11257792463662,52.41968088944952,1011.908021842162,21.887593026871173,,54.8,23.8,source,bdg2_0,1,1,1,1,0,0.7829376190950037,-0.8249342206102469,-0.8308716042481598,-0.7976232194109512,0.0
2025-01-07 11:00:00+00:00,17.008287938144633,54.15829167983196,1012.1817316981808,23.66623607439692,,54.8,23.8,source,bdg2_0,1,1,1,1,0,0.3604627940019159,-0.6244914137859193,-0.7005748254005971,-0.27447263576655917,0.0
2025-01-07 12:00:00+00:00,15.44291289948299,60.28479247407458,1012.0973806802969,24.898067960736377,,54.8,23.8,source,bdg2_0,1,1,1,1,0,0.04618503290010422,0.08182711477868196,-0.7407292651517072,0.06618184883791851,0.0
2025-01-07 13:00:00+00:00,13.55994495603931,60.84146951489414,1011.259968580818,27.01956922999412,,54.8,23.8,source,bdg2_0,1,1,1,1,0,-0.3318553311508742,0.14600588852941312,-1.1393707343233224,0.6165553075283481,0.0
2025-01-07 14:00:00+00:00,11.480410871895266,65.65686874316965,1011.8141707795752,28.00172510934516,,54.8,23.8,source,bdg2_0,1,1,1,1,0,-0.7493599546169966,0.7011687476549616,-0.875548443162029,0.8573833567505224,0.0
2025-01-07 15:00:00+00:00,9.75358065457296,69.25074276935645,1011.5512668896,28.128281862912768,,54.8,23.8,source,bdg2_0,1,1,1,1,0,-1.096052805275333,1.1155031122906895,-1.0007011523429297,0.887820676100739,0.0
2025-01-07 16:00:00+00:00,9.430298009368531,71.9991834871821,1011.5671572966396,30.16876176615057,,54.8,23.8,source,bdg2_0,1,1,1,1,0,-1.1609577280117944,1.4323682640076305,-0.9931366865178711,1.3611058830494567,0.0
2025-01-07 17:00:00+00:00,7.718928054959079,72.69064476304743,1011.2741368350328,28.712518439006224,,54.8,23.8,source,bdg2_0,1,1,1,1,0,-1.5045466472196518,1.5120861857595664,-1.1326260817451357,1.026638492313488,0.0
2025-01-07 18:00:00+00:00,7.745513861088569,71.75027106767106,1013.0442444128056,30.903999174003527,,54.8,23.8,source,bdg2_0,1,1,1,1,0,-1.4992090588327778,1.4036713846967352,-0.28998446498995295,1.5240828344119213,0.0
2025-01-07 19:00:00+00:00,9.02625317026271,73.40102176252218,1012.3008334026938,29.563302247126625,,54.8,23.8,source,bdg2_0,1,1,1,1,0,-1.2420771430290967,1.593984883539327,-0.6438776765327194,1.2239832942600264,0.0
2025-01-07 20:00:00+00:00,9.472307984609534,70.45286199194757,1012.4743763652248,27.99492429590702,,54.8,23.8,source,bdg2_0,1,1,1,1,0,-1.152523454667323,1.2540943096113049,-0.561264323333261,0.8557439801828414,0.0
2025-01-07 21:00:00+00:00,9.997022470916368,64.29878676419786,1012.4360477941158,27.55564365427096,,54.8,23.8,source,bdg2_0,1,1,1,1,0,-1.0471773938823052,0.5445967504785464,-0.5795102477803126,0.7490299185905174,0.0
2025-01-07 22:00:00+00:00,11.846287173769692,65.28199146537648,1012.6112839445702,28.847105464670488,,54.8,23.8,source,bdg2_0,1,1,1,1,0,-0.6759035737795865,0.657949498015427,-0.49609086977918326,1.0582301745216491,0.0
2025-01-07 23:00:00+00:00,12.663732811698072,63.580816883965184,1011.9401929434327,26.38382434295724,,54.8,23.8,source,bdg2_0,1,1,1,1,0,-0.5117863631651764,0.4618226765999946,-0.8155568803703881,0.45612502966962376,0.0
2025-01-08 00:00:00+00:00,15.20513287269841,61.28980645769539,1012.5506584033408,25.3196569419446,,54.8,23.8,source,bdg2_0,1,1,1,1,0,-0.001553670354342482,0.1976942340264249,-0.52495103891225,0.1790578216503925,0.0
2025-01-08 01:00:00+00:00,16.970810415556986,56.8653240076233,1013.1871817221928,24.16943909621906,,54.8,23.8,source,bdg2_0,1,1,1,1,0,0.35293849369075314,-0.312400196505867,-0.22194062009086604,-0.13330393486845393,0.0
2025-01-08 02:00:00+00:00,18.69894021244093,52.505983666367385,1012.626259525597,25.005980285318664,,54.8,23.8,source,bdg2_0,1,1,1,1,0,0.6998922587912637,-0.8149844544303506,-0.4889618975253526,0.09524824616349857,0.0
2025-01-08 03:00:00+00:00,20.90964361151985,49.427177811680416,1013.5610022993288,22.091903176820388,,54.8,23.8,source,bdg2_0,1,1,1,1,0,1.143731528974531,-1.1699370928209598,-0.04398715587792011,-0.7355006576434324,0.0
2025-01-08 04:00:00+00:00,21.4378464440713,49.818288309257774,1012.9836908289242,20.48745257471472,,54.8,23.8,source,bdg2_0,1,1,1,1,0,1.2497779392736454,-1.1248463305028331,-0.318810379563098,-1.2388864483124955,0.0
2025-01-08 05:00:00+00:00,21.515918215128067,48.61044975859082,1013.4235491694284,20.03869524226764,,54.8,23.8,source,bdg2_0,1,1,1,1,0,1.2654522798035364,-1.264096903791325,-0.10942031319658828,-1.386420543836759,0.0
2025-01-08 06:00:00+00:00,22.50927623738394,49.845837299932086,1013.077011215483,19.54006989556542,,54.8,23.8,source,bdg2_0,1,1,1,1,0,1.4648871292783394,-1.121670233214997,-0.27438616354731005,-1.5540862912061069,0.0
2025-01-08 07:00:00+00:00,21.366080807135905,50.24447340247133,1013.7467731840331,21.61936027271289,,54.8,23.8,source,bdg2_0,1,1,1,1,0,1.2353696708759423,-1.0757118509614854,0.044447174667255465,-0.8800294107288866,0.0
2025-01-08 08:00:00+00:00,20.823387399162723,49.6466951458652,1013.209917299834,21.972408517563974,,54.8,23.8,source,bdg2_0,1,1,1,1,0,1.1264140116823824,-1.1446291453182795,-0.21111758077842813,-0.7717671578444959,0.0
2025-01-08 09:00:00+00:00,19.76844142451717,49.28698394877328,1013.6946065432888,19.159558156297138,,54.8,23.8,source,bdg2_0,1,1,1,1,0,0.9146142507264162,-1.1860999117428817,0.019613778635600036,-1.6847969603163955,0.0
2025-01-08 10:00:00+00:00,18.48409141365061,54.16873161362128,1014.2400621566018,23.998108183577028,,54.8,23.8,source,bdg2_0,1,1,1,1,0,0.6567574203074679,-0.6232878036142999,0.279272347211697,-0.1810497500013125,0.0
2025-01-08 11:00:00+00:00,16.661245238739973,58.10535533427766,1014.3557954174656,23.5125831340134,,54.8,23.8,source,bdg2_0,1,1,1,1,0,0.2907876044263392,-0.16943814827768333,0.3343659829156795,-0.31815286971271034,0.0
2025-01-08 12:00:00+00:00,13.96159898903821,61.42125175101854,1014.0496642427814,25.017955891650832,,54.8,23.8,source,bdg2_0,1,1,1,1,0,-0.25121591432694695,0.21284843856908908,0.18863536675752307,0.09846646131185434,0.0
2025-01-08 13:00:00+00:00,12.55303629608964,63.53032184194671,1014.4558212934752,26.32351284448335,,54.8,23.8,source,bdg2_0,1,1,1,1,0,-0.5340107197749085,0.45600115058112684,0.38198227863489537,0.4407124447536476,0.0
2025-01-08 14:00:00+00:00,11.432603435352153,67.57382743612882,1014.9831104312892,28.22591685252081,,54.8,23.8,source,bdg2_0,1,1,1,1,0,-0.7589581746918691,0.9221731168378481,0.6329928822639136,0.9112119860540777,0.0
2025-01-08 15:00:00+00:00,11.710791909779356,67.58494337867258,1014.406337471779,27.520730215074064,,54.8,23.8,source,bdg2_0,1,1,1,1,0,-0.7031067341437567,0.9234546634245214,0.3584260111848894,0.7404781276417726,0.0
2025-01-08 16:00:00+00:00,9.155815271657156,69.36107375582296,1013.340779303358,28.11678889309347,,54.8,23.8,source,bdg2_0,1,1,1,1,0,-1.2160651739199522,1.1282230682057102,-0.1488220617908363,0.8850620435350333,0.0
2025-01-08 17:00:00+00:00,8.274645165554473,73.10579091789015,1014.002989777788,29.217187003161,,54.8,23.8,source,bdg2_0,1,1,1,1,0,-1.3929762407608846,1.5599479964530898,0.16641646484607403,1.1443706600080952,0.0
2025-01-08 18:00:00+00:00,7.930324097274539,70.90719376586294,1015.1360513023044,30.004000841975376,,54.8,23.8,source,bdg2_0,1,1,1,1,0,-1.4621050129506599,1.306473793562995,0.7057988204105236,1.3240569389833383,0.0
2025-01-08 19:00:00+00:00,8.399152173218447,70.50328752685076,1015.725130397845,29.82925412268698,,54.8,23.8,source,bdg2_0,1,1,1,1,0,-1.3679791744708951,1.2599078222200635,0.9862239017423279,1.2845467740628946,0.0
2025-01-08 20:00:00+00:00,9.584596983840582,69.73380834991384,1015.3355379453932,28.65074323592496,,54.8,23.8,source,bdg2_0,1,1,1,1,0,-1.1299793777508618,1.1711952898515159,0.8007623975197199,1.0120900214818345,0.0
2025-01-08 21:00:00+00:00,9.574797906168785,67.42875587695337,1015.0983870005248,28.316800446965026,,54.8,23.8,source,bdg2_0,1,1,1,1,0,-1.131946722390641,0.9054479528895029,0.687869114586959,0.9329156837359005,0.0
2025-01-08 22:00:00+00:00,12.269603504827543,64.27694365554456,1014.653986449262,29.20018814664552,,54.8,23.8,source,bdg2_0,1,1,1,1,0,-0.5909150531523254,0.5420784789755418,0.47631677522341836,1.140437164755723,0.0
2025-01-08 23:00:00+00:00,13.492658513736384,60.2837122404812,1015.5225497187594,26.531427924852217,,54.8,23.8,source,bdg2_0,1,1,1,1,0,-0.3453643190401596,0.08170257566119789,0.8897874404268897,0.4937023427832121,0.0
2025-01-09 00:00:00+00:00,13.92777797663576,59.44565636199387,1015.336766971486,25.73140251712508,,54.8,23.8,source,bdg2_0,1,1,1,1,0,-0.25800610312740613,-0.014916100289086347,0.8013474628269796,0.2875664725587169,0.0
2025-01-09 01:00:00+00:00,17.288981148991486,57.03779161543496,1015.930518740932,23.559631499876044,,54.8,23.8,source,bdg2_0,1,1,1,1,0,0.4168171063441196,-0.2925165678137648,1.0839969228031785,-0.3047490128150388,0.0
2025-01-09 02:00:00+00:00,18.07125158763008,52.59872723527814,1015.7500389702312,20.54183091440101,,54.8,23.8,source,bdg2_0,1,1,1,1,0,0.5738722502933072,-0.8042921353844714,0.9980813729888133,-1.221218634083109,0.0
2025-01-09 03:00:00+00:00,20.28865125386572,49.85485902467364,1015.3605605498296,21.9698479968202,,54.8,23.8,source,bdg2_0,1,1,1,1,0,1.0190559189739163,-1.1206301270339032,0.81267415255796,-0.7725463359502889,0.0
2025-01-09 04:00:00+00:00,21.67114827689173,46.69667370803942,1015.1949871053764,20.71893467345092,,54.8,23.8,source,bdg2_0,1,1,1,1,0,1.2966175629222005,-1.4847343491170373,0.7338546069677765,-1.1639842822827837,0.0
2025-01-09 05:00:00+00:00,21.46343761672963,49.701324736543015,1014.6091508977856,20.53217250912572,,54.8,23.8,source,bdg2_0,1,1,1,1,0,1.254915836741275,-1.1383309510635917,0.4549732692927333,-1.2243534421662818,0.0
2025-01-09 06:00:00+00:00,22.212960088251407,48.07362059571245,1016.25402497,18.77042574645357,,54.8,23.8,source,bdg2_0,1,1,1,1,0,1.4053962254197325,-1.3259874343158855,1.2379987559772028,-1.8210457903657449,0.0
2025-01-09 07:00:00+00:00,22.315789163018312,47.35450948016593,1016.1124620266492,19.84616664906945,,54.8,23.8,source,bdg2_0,1,1,1,1,0,1.426041048925762,-1.408893080143041,1.1706091639796892,-1.4506836883417318,0.0
2025-01-09 08:00:00+00:00,21.46934939106552,50.77840004922431,1015.0605944591424,20.515381787267284,,54.8,23.8,source,bdg2_0,1,1,1,1,0,1.2561027339106656,-1.0141559487978231,0.6698783616114823,-1.2298065196803631,0.0
2025-01-09 09:00:00+00:00,19.903531309035056,51.15790572757616,1015.453818608374,23.315903988640763,,54.8,23.8,source,bdg2_0,1,1,1,1,0,0.9417360237234367,-0.9704030952003356,0.857068697959642,-0.37446580388794304,0.0
2025-01-09 10:00:00+00:00,18.604548338287767,56.33252399149962,1015.5821440906024,21.438203238689145,,54.8,23.8,source,bdg2_0,1,1,1,1,0,0.6809413581173758,-0.3738262104813041,0.9181567319150776,-0.9362390246440317,0.0
2025-01-09 11:00:00+00:00,16.877857205177538,56.04931655259356,1017.092850460034,23.95132762367652,,54.8,23.8,source,bdg2_0,1,1,1,1,0,0.334276431166583,-0.40647693040199045,1.6373130552736483,-0.194143249000532,0.0
2025-01-09 12:00:00+00:00,15.57629956750534,59.66364634181468,1015.7617530836654,24.96908858239584,,54.8,23.8,source,bdg2_0,1,1,1,1,0,0.07296485393438859,0.010215759961965649,1.0036577569368867,0.08532498397441526,0.0
2025-01-09 13:00:00+00:00,13.366125315070391,64.38020880887244,1015.886622412144,25.613243651495267,,54.8,23.8,source,bdg2_0,1,1,1,1,0,-0.3707681803511194,0.553983821617314,1.063100524231681,0.25659962840702766,0.0
2025-01-09 14:00:00+00:00,10.96606171175674,65.88498095594137,1016.2529738416538,27.957947076309733,,54.8,23.8,source,bdg2_0,1,1,1,1,0,-0.8526249859868199,0.7274675906460454,1.237498377073551,0.8468236667023286,0.0
2025-01-09 15:00:00+00:00,10.04134375716724,67.58507317538508,1016.0545192613732,29.107338784797697,,54.8,23.8,source,bdg2_0,1,1,1,1,0,-1.0382790824437982,0.9234696275657277,1.143026102913534,1.118912890802991,0.0
2025-01-09 16:00:00+00:00,8.919413345250415,70.5608575786016,1015.9163592287184,30.245626286984766,,54.8,23.8,source,bdg2_0,1,1,1,1,0,-1.2635271982376435,1.2665450194730625,1.0772564317652535,1.3783230698326656,0.0
2025-01-09 17:00:00+00:00,8.019419082307184,71.86941334691865,1016.1951161293712,30.555151689698903,,54.8,23.8,source,bdg2_0,1,1,1,1,0,-1.4442175599570317,1.4174071862895576,1.209955804615374,1.4472288341268191,0.0
2025-01-09 18:00:00+00:00,8.747942382942238,73.01318071380632,1016.2996066177296,28.52976291097869,,54.8,23.8,source,bdg2_0,1,1,1,1,0,-1.2979531401347757,1.5492710529129816,1.2596974334019695,0.9835103363012433,0.0
2025-01-09 19:00:00+00:00,8.541721188128435,75.03168633400459,1015.5828966215812,28.810109282039623,,54.8,23.8,source,bdg2_0,1,1,1,1,0,-1.3393558288177603,1.781982672063938,0.9185149665945025,1.0495602610905679,0.0
2025-01-09 20:00:00+00:00,8.830495252395915,71.92417703456161,1016.253986637692,28.853002812452864,,54.8,23.8,source,bdg2_0,1,1,1,1,0,-1.2813791368808247,1.423720840457545,1.2379805082738427,1.059611202212657,0.0
2025-01-09 21:00:00+00:00,10.032257440830575,70.04083984689943,1016.3174465037404,30.964410875455712,,54.8,23.8,source,bdg2_0,1,1,1,1,0,-1.0401033271675362,1.2065926630759907,1.2681899287618996,1.5373066217434106,0.0
2025-01-09 22:00:00+00:00,12.002843340155575,66.530350824004,1016.2738556165892,27.15101580908447,,54.8,23.8,source,bdg2_0,1,1,1,1,0,-0.6444720508261449,0.8018716772362733,1.247438932559146,0.64927143544823,0.0
2025-01-09 23:00:00+00:00,12.699380183515846,63.36376423948168,1016.1929799416048,24.89881220044729,,54.8,23.8,source,bdg2_0,1,1,1,1,0,-0.5046294992013609,0.43679888086055485,1.2089388942672348,0.06638272573964672,0.0
2025-01-10 00:00:00+00:00,14.738821767432135,59.446116147256575,1016.0576049378026,24.73953394113463,,54.8,23.8,source,bdg2_0,1,1,1,1,0,-0.09517418078824699,-0.014863092077528586,1.144495007633146,0.02325998872824591,0.0
2025-01-10 01:00:00+00:00,17.03428167088988,57.04133982810283,1016.4279412334456,21.99473711486294,,54.8,23.8,source,bdg2_0,1,1,1,1,0,0.36568151279331756,-0.29210749770428945,1.3207898152608308,-0.7649761426419421,0.0
2025-01-10 02:00:00+00:00,19.328562319021422,56.12651101949911,1015.891876960432,23.15032321425237,,54.8,23.8,source,bdg2_0,1,1,1,1,0,0.8263004492307269,-0.39757725273781747,1.0656018982274336,-0.42222897459252345,0.0
2025-01-10 03:00:00+00:00,20.25302166851249,50.40878418412152,1015.9139825238498,22.24264027316682,,54.8,23.8,source,bdg2_0,1,1,1,1,0,1.0119026259692108,-1.0567686151046438,1.0761250257093624,-0.6900188671587774,0.0
2025-01-10 04:00:00+00:00,21.21708620579483,51.18467630635984,1015.8401193009672,20.75062396970082,,54.8,23.8,source,bdg2_0,1,1,1,1,0,1.2054562708476875,-0.9673167402890487,1.0409631935529164,-1.153792545358558,0.0
2025-01-10 05:00:00+00:00,21.377578911011195,47.86208300997123,1015.5198279270908,21.875854386310102,,54.8,23.8,source,bdg2_0,1,1,1,1,0,1.237678126200445,-1.350375404107264,0.8884917593276775,-0.8012092983502459,0.0
2025-01-10 06:00:00+00:00,22.12025277607368,46.500860247962734,1015.902205797788,19.80799630336896,,54.8,23.8,source,bdg2_0,1,1,1,1,0,1.386783531471391,-1.5073094992132359,1.0705188356600426,-1.463494851647136,0.0
2025-01-10 07:00:00+00:00,20.234598593810325,49.1286686412619,1014.8759967889256,20.748835288810906,,54.8,23.8,source,bdg2_0,1,1,1,1,0,1.0082038556892416,-1.204351935011331,0.5820025278294167,-1.154367415527745,0.0
2025-01-10 08:00:00+00:00,20.58154602697584,47.42020846399698,1015.8452470368444,19.17567921580311,,54.8,23.8,source,bdg2_0,1,1,1,1,0,1.0778599188193287,-1.4013187059372392,1.0434041997968861,-1.6792093031598319,0.0
2025-01-10 09:00:00+00:00,19.72639786656729,51.82128471814315,1015.846288859249,22.209350630507902,,54.8,23.8,source,bdg2_0,1,1,1,1,0,0.9061732350369491,-0.8939227537730933,1.0439001487021171,-0.7000378962914716,0.0
2025-01-10 10:00:00+00:00,18.48185935572316,52.75140697846695,1016.4406240359334,21.8940186794614,,54.8,23.8,source,bdg2_0,1,1,1,1,0,0.656309293723893,-0.7866898310393734,1.3268273337300502,-0.795661002878216,0.0
2025-01-10 11:00:00+00:00,17.713527806460945,56.21538399884362,1015.9944361859708,24.77587031343749,,54.8,23.8,source,bdg2_0,1,1,1,1,0,0.5020526375730032,-0.3873311703315676,1.1144241690918517,0.03312108708505919,0.0
2025-01-10 12:00:00+00:00,14.477232876311591,60.53292676050928,1015.7231904619996,25.70098212152321,,54.8,23.8,source,bdg2_0,1,1,1,1,0,-0.14769295041214428,0.1104342838572669,0.9853004151149211,0.2796070582452272,0.0
2025-01-10 13:00:00+00:00,13.088797959140436,63.55876860933941,1015.0765703289386,25.122281846291457,,54.8,23.8,source,bdg2_0,1,1,1,1,0,-0.426446735560783,0.45928075170451427,0.6774835111081433,0.12643956814870885,0.0
2025-01-10 14:00:00+00:00,11.992006118470096,65.16047786712221,1015.8890347112928,28.102450901239628,,54.8,23.8,source,bdg2_0,1,1,1,1,0,-0.646647821924928,0.6439403092791421,1.0642488745807468,0.8816189995421102,0.0
2025-01-10 15:00:00+00:00,9.60392919493773,68.2434838949267,1014.978127885862,27.66464625628077,,54.8,23.8,source,bdg2_0,1,1,1,1,0,-1.1260980816584223,0.9993771816877849,0.6306209924493906,0.7756621834148866,0.0
2025-01-10 16:00:00+00:00,9.188536968455596,69.67438373462149,1015.8563639701282,30.19101825994062,,54.8,23.8,source,bdg2_0,1,1,1,1,0,-1.2094956928976546,1.1643442817078038,1.0486963022392748,1.3660955660588168,0.0
2025-01-10 17:00:00+00:00,7.798424683705731,71.56260913314784,1014.8434821377496,28.265121277634147,,54.8,23.8,source,bdg2_0,1,1,1,1,0,-1.4885862403646912,1.3820360163336738,0.566524260531294,0.9205825685710441,0.0
2025-01-10 18:00:00+00:00,8.465627839384059,73.42471322281699,1015.3332200129272,29.54301214240646,,54.8,23.8,source,bdg2_0,1,1,1,1,0,-1.3546329647676014,1.5967162497689218,0.7996589694652937,1.2193411463035033,0.0
2025-01-10 19:00:00+00:00,8.773012201785976,71.27648051233498,1015.249034446516,31.642156946562885,,54.8,23.8,source,bdg2_0,1,1,1,1,0,-1.2929199140114218,1.349048516091663,0.7595832911963929,1.683971806760841,0.0
2025-01-10 20:00:00+00:00,9.0078771141613,68.26358167969653,1014.5315095759267,29.971112885305704,,54.8,23.8,source,bdg2_0,1,1,1,1,0,-1.2457664734622498,1.0016942364377615,0.4180129117417515,1.316638024517861,0.0
2025-01-10 21:00:00+00:00,10.660189721209443,66.78459332114826,1014.5008220807152,28.76887303219289,,54.8,23.8,source,bdg2_0,1,1,1,1,0,-0.9140344003436163,0.8311830561967203,0.4034044433616946,1.0398840147752244,0.0
2025-01-10 22:00:00+00:00,11.71749916213139,67.36563540450469,1014.0257801717732,27.076521702774485,,54.8,23.8,source,bdg2_0,1,1,1,1,0,-0.701760130166895,0.8981708528417632,0.17726559891869287,0.6307491800372872,0.0
2025-01-10 23:00:00+00:00,13.692249923082615,63.69433090791676,1014.62599621021,27.41941872417688,,54.8,23.8,source,bdg2_0,1,1,1,1,0,-0.3052926814355898,0.47490960192028,0.462992308064312,0.7156032284142679,0.0
2025-01-11 00:00:00+00:00,15.052026694854478,60.79200513310787,1014.144369286394,23.65498997973167,,54.8,23.8,source,bdg2_0,1,1,1,1,0,-0.03229254480629906,0.14030318636173036,0.23371873460849493,-0.2776604179756001,0.0
2025-01-11 01:00:00+00:00,16.164104373077095,57.00565228929371,1014.0998957139612,23.051301605962426,,54.8,23.8,source,bdg2_0,1,1,1,1,0,0.19097745391676715,-0.2962218805708417,0.21254754510105978,-0.4509493209300112,0.0
2025-01-11 02:00:00+00:00,18.65900714820959,52.66459267183762,1014.1516917062906,22.480477441679724,,54.8,23.8,source,bdg2_0,1,1,1,1,0,0.6918749634399267,-0.7966985709997783,0.2372044977439057,-0.6188528884015752,0.0
2025-01-11 03:00:00+00:00,19.52975301099972,48.06740980495464,1014.719100879102,21.781103329771213,,54.8,23.8,source,bdg2_0,1,1,1,1,0,0.8666931721679236,-1.3267034705552667,0.5073138338900653,-0.8302226885820245,0.0
2025-01-11 04:00:00+00:00,19.730114856859988,48.96805222813647,1014.0811593888574,20.44173229037736,,54.8,23.8,source,bdg2_0,1,1,1,1,0,0.9069194890389455,-1.222869250587082,0.20362830907505328,-1.2537758487031199,0.0
2025-01-11 05:00:00+00:00,22.05164584032509,46.948988706657325,1013.8640409999166,20.116887175819507,,54.8,23.8,source,bdg2_0,1,1,1,1,0,1.3730094302939775,-1.4556451896532767,0.10027131960070133,-1.3604890150719955,0.0
2025-01-11 06:00:00+00:00,21.908469006519013,47.6684566473175,1013.7674425794652,20.932721413688093,,54.8,23.8,source,bdg2_0,1,1,1,1,0,1.3442640538449628,-1.3726984057935483,0.05428662906138796,-1.0955136596919546,0.0
2025-01-11 07:00:00+00:00,21.49642088392345,47.79803004851328,1013.63801731736,20.05022089292591,,54.8,23.8,source,bdg2_0,1,1,1,1,0,1.2615378328198366,-1.3577600099380016,-0.007324943861490536,-1.3825921334582953,0.0
2025-01-11 08:00:00+00:00,21.25497897266325,50.68513125821822,1014.092721249954,20.55342883280613,,54.8,23.8,source,bdg2_0,1,1,1,1,0,1.213063939067274,-1.0249088202062997,0.2091322148542941,-1.2174561790263254,0.0
2025-01-11 09:00:00+00:00,18.811098469975704,51.410281816578646,1013.5128286417512,21.27751107753448,,54.8,23.8,source,bdg2_0,1,1,1,1,0,0.7224100869133,-0.9413068926834528,-0.06691973309298187,-0.9864798947730469,0.0
2025-01-11 10:00:00+00:00,18.423381919116466,50.35123723102931,1013.478182449067,22.175967670979983,,54.8,23.8,source,bdg2_0,1,1,1,1,0,0.6445688753590788,-1.063403149334961,-0.08341269893548989,-0.7100994519471926,0.0
2025-01-01 00:00:00+00:00,16.05691187955972,60.48683027389361,1013.2526817207564,25.514864837855843,,54.82,23.82,source,bdg2_1,1,1,1,1,0,0.1694565940349312,0.10511986316397767,-0.19076001537499507,0.23071162915275562,0.0
2025-01-01 01:00:00+00:00,16.371868414911532,60.12402166266418,1013.6064626250331,23.463078353013213,,54.82,23.82,source,bdg2_1,1,1,1,1,0,0.2326898974478817,0.06329199876951641,-0.02234623256302377,-0.33228435286585195,0.0
2025-01-01 02:00:00+00:00,18.04858412874811,54.87226392486218,1013.6529640575544,22.63788486790983,,54.82,23.82,source,bdg2_1,1,1,1,1,0,0.5693213420116833,-0.5421782235191983,-0.0002097009910527578,-0.5721485300174157,0.0
2025-01-01 03:00:00+00:00,20.042784726862507,51.23254337561498,1013.334519730446,22.799607421785893,,54.82,23.82,source,bdg2_1,1,1,1,1,0,0.9696937024264289,-0.9617981907844501,-0.15180186748455446,-0.5244866339918851,0.0
2025-01-01 04:00:00+00:00,21.762486769393416,47.35742982934455,1013.5165662357966,19.465771631408103,,54.82,23.82,source,bdg2_1,1,1,1,1,0,1.314955441204958,-1.4085563958261673,-0.06514048965671995,-1.57941739869234,0.0
2025-01-01 05:00:00+00:00,21.093633058174174,49.28781926431044,1013.1369501525004,17.01701341836361,,54.82,23.82,source,bdg2_1,1,1,1,1,0,1.1806707862980153,-1.186003608998312,-0.24585284533031923,-2.4702320954463572,0.0
2025-01-01 06:00:00+00:00,22.32257632656429,49.92321274513398,1014.6869513716582,19.60370670815736,,54.82,23.82,source,bdg2_1,1,1,1,1,0,1.4274036965410486,-1.1127496907328362,0.49200938953283135,-1.5324628218117324,0.0
2025-01-01 07:00:00+00:00,22.48420343802993,44.47737263081918,1013.2547573318556,20.68934023996301,,54.82,23.82,source,bdg2_1,1,1,1,1,0,1.4598533047628608,-1.7405954881178063,-0.18977194193002483,-1.1735157182663165,0.0
2025-01-01 08:00:00+00:00,21.29794496053472,51.58832202368447,1014.3626102680488,20.588302961426105,,54.82,23.82,source,bdg2_1,1,1,1,1,0,1.221690149488592,-0.920780804247049,0.3376101228682193,-1.2061549246858283,0.0
2025-01-01 09:00:00+00:00,20.714371400006552,52.5444425859589,1014.8493815523937,20.66018910134405,,54.82,23.82,source,bdg2_1,1,1,1,1,0,1.1045270495851902,-0.8105505616735604,0.5693326165634516,-1.1829171060271442,0.0
2025-01-01 10:00:00+00:00,18.65012683816009,53.35560648914952,1014.4989797267684,22.28044783290584,,54.82,23.82,source,bdg2_1,1,1,1,1,0,0.6900920782582182,-0.7170322363246531,0.40252740959952565,-0.6786574901315834,0.0
2025-01-01 11:00:00+00:00,16.685807217092606,54.90443698710457,1014.3537781398776,24.8213941485822,,54.82,23.82,source,bdg2_1,1,1,1,1,0,0.2957188722530553,-0.5384690213586739,0.3334056785423332,0.04545591348214316,0.0
2025-01-01 12:00:00+00:00,15.504097805455132,55.47595202218605,1013.4918283704422,27.00514052554659,,54.82,23.82,source,bdg2_1,1,1,1,1,0,0.058469025417699355,-0.4725795891707846,-0.07691669756579866,0.6129547604325105,0.0
2025-01-01 13:00:00+00:00,13.09445350972674,62.88241669751354,1014.9844736053888,26.49074052047951,,54.82,23.82,source,bdg2_1,1,1,1,1,0,-0.42531128001041124,0.38130477435678584,0.6336418073583978,0.4833641857110513,0.0
2025-01-01 14:00:00+00:00,11.183704928805216,65.68522957720963,1015.4485803436928,26.11860884687813,,54.82,23.82,source,bdg2_1,1,1,1,1,0,-0.8089291167646613,0.7044384416027374,0.8545750756084329,0.3880939761670617,0.0
2025-01-01 15:00:00+00:00,10.700864950558753,68.01669320145142,1014.4604818719858,30.398446995706205,,54.82,23.82,source,bdg2_1,1,1,1,1,0,-0.9058681017273224,0.9732306954165123,0.38420089939023483,1.4124285246966024,0.0
2025-01-01 16:00:00+00:00,8.616385376049115,71.64489239345498,1014.5084334487937,27.898059992773284,,54.82,23.82,source,bdg2_1,1,1,1,1,0,-1.3243656231260568,1.391522376214709,0.4070277573251227,0.8323524307280572,0.0
2025-01-01 17:00:00+00:00,8.15550928112919,73.34449947696062,1014.6885144679094,30.37905095842552,,54.82,23.82,source,bdg2_1,1,1,1,1,0,-1.4168949555093158,1.5874684822672562,0.492753485523817,1.4081090614254321,0.0
2025-01-01 18:00:00+00:00,8.094276657640082,72.07024703699616,1014.661720494209,30.131782300517525,,54.82,23.82,source,bdg2_1,1,1,1,1,0,-1.4291885281939805,1.4405611139924737,0.4799984882560359,1.352807573963962,0.0
2025-01-01 19:00:00+00:00,7.222072489976621,70.91862743203139,1014.0548904211764,30.099327978255115,,54.82,23.82,source,bdg2_1,1,1,1,1,0,-1.6042995183828253,1.3077919702082643,0.1911232355557278,1.3455165957872905,0.0
2025-01-01 20:00:00+00:00,9.11515241670689,69.19820697117026,1015.4411720175416,29.725957570058338,,54.82,23.82,source,bdg2_1,1,1,1,1,0,-1.2242289881485882,1.1094463094079243,0.8510484176787667,1.2610860090086984,0.0
2025-01-01 21:00:00+00:00,10.197038575318295,67.94317558343586,1015.357716845402,29.589740941568504,,54.82,23.82,source,bdg2_1,1,1,1,1,0,-1.00702049095284,0.9647549182111749,0.8113204361361155,1.230027548486282,0.0
2025-01-01 22:00:00+00:00,11.16977840461992,64.77473336120971,1015.7936609940188,25.1815715223126,,54.82,23.82,source,bdg2_1,1,1,1,1,0,-0.8117251220239677,0.599468187105578,1.018847191469009,0.14228727180704456,0.0
2025-01-01 23:00:00+00:00,11.87962163708838,60.383737909879365,1015.3647856843512,26.44646943283151,,54.82,23.82,source,bdg2_1,1,1,1,1,0,-0.6692110686350783,0.09323444124006043,0.814685484653796,0.47209806369812035,0.0
2025-01-02 00:00:00+00:00,15.248252519179138,60.11396593563408,1016.1141843512696,26.575783445862164,,54.82,23.82,source,bdg2_1,1,1,1,1,0,0.007103389852169363,0.06213268343469725,1.171429059008096,0.5049551300363152,0.0
2025-01-02 01:00:00+00:00,17.391238635149126,55.16047105153845,1015.5955822822953,22.839702093786453,,54.82,23.82,source,bdg2_1,1,1,1,1,0,0.4373471729491162,-0.5089510942862902,0.9245538456931102,-0.512720275572929,0.0
2025-01-02 02:00:00+00:00,18.24964481720324,52.46495669776973,1015.484072536262,23.044124083587555,,54.82,23.82,source,bdg2_1,1,1,1,1,0,0.6096879643562505,-0.819714415147665,0.8714707710476591,-0.4530356919866433,0.0
2025-01-02 03:00:00+00:00,19.98909349322617,49.72466559021704,1014.7771550036936,20.70238128882213,,54.82,23.82,source,bdg2_1,1,1,1,1,0,0.958914202126968,-1.1356400059423613,0.5349499064200011,-1.1693140049369488,0.0
2025-01-02 04:00:00+00:00,20.67335864780309,50.78410490524736,1015.4384357819793,20.48120664217269,,54.82,23.82,source,bdg2_1,1,1,1,1,0,1.096292987062929,-1.0134982412993336,0.8497458607115949,-1.2409186474104086,0.0
2025-01-02 05:00:00+00:00,21.683013250532063,50.05416230631539,1016.4704037415938,20.59742940572884,,54.82,23.82,source,bdg2_1,1,1,1,1,0,1.2989996740835001,-1.0976526386836871,1.3410036581745566,-1.2032004376460086,0.0
2025-01-02 06:00:00+00:00,21.875847083406537,50.10375228942846,1015.922027300216,19.578903114934185,,54.82,23.82,source,bdg2_1,1,1,1,1,0,1.3377146042208077,-1.0919354560568793,1.079954659257501,-1.540883005225185,0.0
2025-01-02 07:00:00+00:00,22.26676763967225,48.71973500354843,1015.0326714031338,20.79727717452495,,54.82,23.82,source,bdg2_1,1,1,1,1,0,1.4161990786486756,-1.2514975104337298,0.6565858762533665,-1.1388151882592372,0.0
2025-01-02 08:00:00+00:00,21.21209042737872,46.82273302125063,1014.7170996683308,20.80617398644808,,54.82,23.82,source,bdg2_1,1,1,1,1,0,1.2044532766662306,-1.4702010891682458,0.5063611779605994,-1.1359626313639697,0.0
2025-01-02 09:00:00+00:00,20.291425595595463,52.427588700952974,1015.1511601039728,21.11745614495568,,54.82,23.82,source,bdg2_1,1,1,1,1,0,1.019612918980829,-0.8240225364412785,0.7129912109888863,-1.0368830784075718,0.0
2025-01-02 10:00:00+00:00,18.83329495951429,51.69637168681216,1015.909359908448,22.71332926939765,,54.82,23.82,source,bdg2_1,1,1,1,1,0,0.7268664394577171,-0.9083238599593785,1.0739244769039054,-0.5498735650412458,0.0
2025-01-02 11:00:00+00:00,17.27361130024963,53.21333356327285,1015.9702711423678,25.72402662682776,,54.82,23.82,source,bdg2_1,1,1,1,1,0,0.41373132719742156,-0.7334347484657155,1.1029206471215993,0.28563742295554745,0.0
2025-01-02 12:00:00+00:00,14.689396330604463,59.52564100855166,1016.4017798516546,24.23685739891732,,54.82,23.82,source,bdg2_1,1,1,1,1,0,-0.10509724410792302,-0.005694745430608432,1.3083359569045823,-0.11460512145444615,0.0
2025-01-02 13:00:00+00:00,13.766744126581372,63.916628283097154,1015.160662707133,26.394688643192325,,54.82,23.82,source,bdg2_1,1,1,1,1,0,-0.29033660323552557,0.5005380577410551,0.7175148280791204,0.45889778973082407,0.0
2025-01-02 14:00:00+00:00,10.770509020506516,67.42882172764723,1015.1261552422898,25.68824628528085,,54.82,23.82,source,bdg2_1,1,1,1,1,0,-0.8918857768296963,0.9054555447542153,0.7010879022070534,0.27627206779859703,0.0
2025-01-02 15:00:00+00:00,9.481600326057118,67.28067237500834,1016.6386070234388,28.517276370758687,,54.82,23.82,source,bdg2_1,1,1,1,1,0,-1.1506578466223418,0.8883755448851155,1.421075110970496,0.9805539256062391,0.0
2025-01-02 16:00:00+00:00,9.083324444694124,72.00465446823092,1015.6427064414802,28.75180130190241,,54.82,23.82,source,bdg2_1,1,1,1,1,0,-1.2306190375217627,1.4329990082797681,0.9469868199272423,1.035874143104291,0.0
2025-01-02 17:00:00+00:00,7.81479294705167,72.76846688654987,1016.8145402191548,30.088371625757603,,54.82,23.82,source,bdg2_1,1,1,1,1,0,-1.4853000111669363,1.521058225363915,1.5048263102425425,1.3430534944908061,0.0
2025-01-02 18:00:00+00:00,7.688360003144242,71.21945845929496,1015.4438428548968,30.731145369558565,,54.82,23.82,source,bdg2_1,1,1,1,1,0,-1.5106837444956023,1.3424744970958904,0.8523198424980157,1.4861073134909801,0.0
2025-01-02 19:00:00+00:00,7.707054834790345,71.20916031727042,1015.4134214419656,27.93016603182389,,54.82,23.82,source,bdg2_1,1,1,1,1,0,-1.5069304140228386,1.341287233963801,0.8378380398673572,0.8401143240299904,0.0
2025-01-02 20:00:00+00:00,7.66784447185609,69.0573625799317,1016.1006506404366,29.012311452607413,,54.82,23.82,source,bdg2_1,1,1,1,1,0,-1.5148026138283899,1.0932084916850109,1.164986474319887,1.0968148781736025,0.0
2025-01-02 21:00:00+00:00,9.93846508796656,66.87821155365852,1015.5152958486,27.467831563038384,,54.82,23.82,source,bdg2_1,1,1,1,1,0,-1.0589338629423855,0.8419762143883589,0.8863343096931464,0.7275010232734729,0.0
2025-01-02 22:00:00+00:00,11.60561683058001,69.07148225571535,1015.8983062237972,26.130719594786683,,54.82,23.82,source,bdg2_1,1,1,1,1,0,-0.7242225610849713,1.0948363358587498,1.0686624833267044,0.3912150020409431,0.0
2025-01-02 23:00:00+00:00,13.8245783499296,61.607978919046445,1016.2264657403886,25.85143981584245,,54.82,23.82,source,bdg2_1,1,1,1,1,0,-0.27872532173426734,0.23437603857992223,1.2248794664560725,0.31888576607555147,0.0
2025-01-03 00:00:00+00:00,15.04054160289896,65.14899514769334,1015.5510206022556,24.413319560302547,,54.82,23.82,source,bdg2_1,1,1,1,1,0,-0.03459838774915988,0.6426164773295011,0.9033407134600858,-0.0658979232198127,0.0
2025-01-03 01:00:00+00:00,16.999351041268927,56.861251313022855,1015.6947420282694,23.017497231318806,,54.82,23.82,source,bdg2_1,1,1,1,1,0,0.3586685479765697,-0.3128697336452701,0.971757829063324,-0.46078106289513115,0.0
2025-01-03 02:00:00+00:00,18.79524693310016,55.61606485143957,1015.390676381534,21.3635668986823,,54.82,23.82,source,bdg2_1,1,1,1,1,0,0.7192276000355686,-0.45642611254276066,0.8270104863695164,-0.9595293913636164,0.0
2025-01-03 03:00:00+00:00,20.86470058732941,49.37698436736787,1016.1893167154776,21.90359346728607,,54.82,23.82,source,bdg2_1,1,1,1,1,0,1.1347083922367733,-1.175723847923276,1.2071950529182105,-0.7927381490661409,0.0
2025-01-03 04:00:00+00:00,20.510693052028888,50.74693554407938,1015.241013072796,19.580321882614765,,54.82,23.82,source,bdg2_1,1,1,1,1,0,1.0636348840616716,-1.0177834620753643,0.7557647982387381,-1.5404010964192212,0.0
2025-01-03 05:00:00+00:00,21.066705664788216,49.66031489240881,1015.5250138438336,21.255622188924605,,54.82,23.82,source,bdg2_1,1,1,1,1,0,1.1752646180018338,-1.1430589375175808,0.8909604619779424,-0.9933515483617942,0.0
2025-01-03 06:00:00+00:00,21.594929984678146,48.92199387918804,1016.4066119010362,19.91398648690686,,54.82,23.82,source,bdg2_1,1,1,1,1,0,1.2813153422784058,-1.2281792744244975,1.3106362046150812,-1.427978986123602,0.0
2025-01-03 07:00:00+00:00,21.198754410898378,47.89503367106261,1016.2807149159544,20.909464704797283,,54.82,23.82,source,bdg2_1,1,1,1,1,0,1.2017758266635514,-1.3465765533049971,1.2507042318999504,-1.102929781598586,0.0
2025-01-03 08:00:00+00:00,20.8691837797267,46.99113659275589,1015.9558446038816,22.300779235158178,,54.82,23.82,source,bdg2_1,1,1,1,1,0,1.1356084753698314,-1.4507859994089491,1.0960530409563964,-0.672555419929492,0.0
2025-01-03 09:00:00+00:00,20.774044506831384,52.163903925213226,1015.4446580119852,20.67834482382709,,54.82,23.82,source,bdg2_1,1,1,1,1,0,1.1165075206849027,-0.8544225068420674,0.8527078896966591,-1.1770603098616599,0.0
2025-01-03 10:00:00+00:00,18.213699091344683,51.52537454397799,1016.5459921024044,22.47303561071697,,54.82,23.82,source,bdg2_1,1,1,1,1,0,0.6024712003444356,-0.9280379601238447,1.3769867246057135,-0.6210686981927129,0.0
2025-01-03 11:00:00+00:00,18.003935884951584,56.782425335709966,1014.6046343734952,25.56746987676488,,54.82,23.82,source,bdg2_1,1,1,1,1,0,0.5603573878467458,-0.32195750661358963,0.4528232240762608,0.24456636456184644,0.0
2025-01-03 12:00:00+00:00,14.570086488066265,59.34313768347674,1016.169769992402,26.45877321076626,,54.82,23.82,source,bdg2_1,1,1,1,1,0,-0.12905088413937085,-0.026735382550284095,1.1978900352224031,0.47523095581769376,0.0
2025-01-03 13:00:00+00:00,12.175163476365432,63.10741069614298,1014.7291476668856,26.83323344758316,,54.82,23.82,source,bdg2_1,1,1,1,1,0,-0.6098756216872879,0.4072441213649756,0.5120965045070838,0.5699136832842178,0.0
2025-01-03 14:00:00+00:00,12.406088545797516,65.22376526630703,1015.9457670158166,26.57135572462064,,54.82,23.82,source,bdg2_1,1,1,1,1,0,-0.5635131768986926,0.6512366541536759,1.0912557081803023,0.5038326514925937,0.0
2025-01-03 15:00:00+00:00,11.136387789604896,67.24680053784277,1014.8896513596414,28.83249127369005,,54.82,23.82,source,bdg2_1,1,1,1,1,0,-0.8184289006518078,0.8844704925575221,0.5885026466293064,1.0548066797313609,0.0
2025-01-03 16:00:00+00:00,8.23752495017461,72.71671812523014,1014.5055097612484,29.94407858300201,,54.82,23.82,source,bdg2_1,1,1,1,1,0,-1.4004288050940776,1.51509215922307,0.40563596575778377,1.3105336842051205,0.0
2025-01-03 17:00:00+00:00,7.593954196239061,71.75578433463734,1014.9515991461238,29.441388224456134,,54.82,23.82,source,bdg2_1,1,1,1,1,0,-1.5296374424251011,1.4043070040726215,0.6179922570978443,1.1960442351975584,0.0
2025-01-03 18:00:00+00:00,8.244609596878247,70.32475161414563,1015.63140228891,30.20244735691398,,54.82,23.82,source,bdg2_1,1,1,1,1,0,-1.3990064322765576,1.2393245843501965,0.9416055936574733,1.36865647170442,0.0
2025-01-03 19:00:00+00:00,6.842797197015604,74.59945227930079,1015.0078173678388,31.38319435300745,,54.82,23.82,source,bdg2_1,1,1,1,1,0,-1.680445992530601,1.7321508134276347,0.6447543668316542,1.6282946064602855,0.0
2025-01-03 20:00:00+00:00,8.849353894896245,66.99838185589486,1014.4801012392344,28.104057057682475,,54.82,23.82,source,bdg2_1,1,1,1,1,0,-1.2775929183734118,0.8558305357870444,0.393540498601952,0.8820047771921993,0.0
2025-01-03 21:00:00+00:00,10.03101130055177,67.76119108069025,1014.700602369581,26.77112582530203,,54.82,23.82,source,bdg2_1,1,1,1,1,0,-1.0403535126931573,0.9437740956310762,0.49850780754111473,0.5542981432885971,0.0
2025-01-03 22:00:00+00:00,11.52689120221354,65.31062725024145,1014.8167544353892,25.80769745114961,,54.82,23.82,source,bdg2_1,1,1,1,1,0,-0.7400281754670053,0.661250890785853,0.5538008110574155,0.3074890578025795,0.0
2025-01-03 23:00:00+00:00,12.97573119640457,65.59342755094212,1013.8112744359504,27.0321489108719,,54.82,23.82,source,bdg2_1,1,1,1,1,0,-0.4491469627715341,0.6938546721248251,0.07515233625222,0.6196929356292292,0.0
2025-01-04 00:00:00+00:00,15.665253057597424,59.98486534746522,1014.7959065384622,26.041439634377145,,54.82,23.82,source,bdg2_1,1,1,1,1,0,0.09082389922249681,0.047248797749422165,0.543876382851426,0.3681741253365946,0.0
2025-01-04 01:00:00+00:00,17.59661107067372,56.34242315672096,1014.1435265312656,24.510027625507885,,54.82,23.82,source,bdg2_1,1,1,1,1,0,0.47857945763143694,-0.3726849450105273,0.23331754964504556,-0.03934776956965969,0.0
2025-01-04 02:00:00+00:00,18.12717797516488,54.07207605999971,1013.7467377420744,20.170958877573,,54.82,23.82,source,bdg2_1,1,1,1,1,0,0.58510049874933,-0.6344311317071882,0.044430302885115285,-1.3426128039982406,0.0
2025-01-04 03:00:00+00:00,20.117205040189365,54.06836369612334,1013.8048048453604,21.548763484977552,,54.82,23.82,source,bdg2_1,1,1,1,1,0,0.9846349458187197,-0.6348591266554818,0.07207255378988073,-0.901880546091325,0.0
2025-01-04 04:00:00+00:00,20.8356253508021,48.49625014067721,1013.9523177551754,21.74280407907461,,54.82,23.82,source,bdg2_1,1,1,1,1,0,1.128871005020531,-1.2772628705962554,0.1422945664966675,-0.84198442960153,0.0
2025-01-04 05:00:00+00:00,22.86940245194744,49.64860492013384,1013.2957752340268,18.74335523984304,,54.82,23.82,source,bdg2_1,1,1,1,1,0,1.5371890745833146,-1.1444089692346358,-0.17024578892357162,-1.8306236535073155,0.0
2025-01-04 06:00:00+00:00,22.653415292883725,48.47507248730801,1013.3623311801476,18.94382786359419,,54.82,23.82,source,bdg2_1,1,1,1,1,0,1.493825689387572,-1.2797044223838991,-0.1385625111679323,-1.760003402409321,0.0
2025-01-04 07:00:00+00:00,21.357619600675942,50.25902744848008,1013.5465551354772,18.76990089143025,,54.82,23.82,source,bdg2_1,1,1,1,1,0,1.2336709284297036,-1.0740339286520284,-0.05086458053748801,-1.8212313655368144,0.0
2025-01-04 08:00:00+00:00,21.498467321356934,50.072849048784285,1013.3015607131314,21.277588229550098,,54.82,23.82,source,bdg2_1,1,1,1,1,0,1.261948692683413,-1.095498261676718,-0.167491670740242,-0.9864556861200889,0.0
2025-01-04 09:00:00+00:00,19.53590548966934,52.96057552192436,1012.6234629774827,20.56102336770776,,54.82,23.82,source,bdg2_1,1,1,1,1,0,0.8679283951488445,-0.7625749859102131,-0.4902931656662912,-1.2149935495218385,0.0
2025-01-04 10:00:00+00:00,17.811558479497087,53.37516141018911,1012.8454647640576,22.13735408123256,,54.82,23.82,source,bdg2_1,1,1,1,1,0,0.5217340938887007,-0.7147777678248111,-0.38461148467074013,-0.7217556015159666,0.0
2025-01-04 11:00:00+00:00,16.814117231605792,57.7255502686329,1013.1854396192116,23.957764477740906,,54.82,23.82,source,bdg2_1,1,1,1,1,0,0.32147946194702537,-0.2132255179552796,-0.22276993040571644,-0.19234016998195239,0.0
2025-01-04 12:00:00+00:00,15.802161971558176,59.60026415864085,1012.270832030318,25.95138181247994,,54.82,23.82,source,bdg2_1,1,1,1,1,0,0.11831087575640986,0.002908487530265878,-0.6581595231509824,0.3448553046241673,0.0
2025-01-04 13:00:00+00:00,14.106201457052316,63.38676158243974,1013.307593528564,25.63847853836626,,54.82,23.82,source,bdg2_1,1,1,1,1,0,-0.2221843156525971,0.4394502229536294,-0.16461981062645642,0.26322466835011255,0.0
2025-01-04 14:00:00+00:00,11.592837676879451,66.95553797819227,1012.9650975076388,26.960302347186808,,54.82,23.82,source,bdg2_1,1,1,1,1,0,-0.726788210667081,0.8508911053236816,-0.3276615400832253,0.6017539648229511,0.0
2025-01-04 15:00:00+00:00,10.865567427763702,68.74450550039403,1013.1292056744604,28.941312892561275,,54.82,23.82,source,bdg2_1,1,1,1,1,0,-0.8728010574053756,1.0571394925137816,-0.24953952493017384,1.0802588916065465,0.0
2025-01-04 16:00:00+00:00,9.37465928484244,71.79218479029224,1012.4447956267716,30.16380583178472,,54.82,23.82,source,bdg2_1,1,1,1,1,0,-1.1721282228406698,1.408503578453451,-0.5753459314727977,1.3599943271846764,0.0
2025-01-04 17:00:00+00:00,9.318747079406162,74.58959793631448,1012.8242858885352,31.516884354600545,,54.82,23.82,source,bdg2_1,1,1,1,1,0,-1.1833536239801958,1.7310147154702809,-0.3946934718535338,1.6570934523176166,0.0
2025-01-04 18:00:00+00:00,7.346014328168156,74.20859446009285,1012.3698752470754,28.213064596220217,,54.82,23.82,source,bdg2_1,1,1,1,1,0,-1.5794159202343703,1.6870891821616507,-0.6110110123231709,0.9081373231303003,0.0
2025-01-04 19:00:00+00:00,8.321124509241148,73.05555436259073,1011.8755290290444,31.76676071206965,,54.82,23.82,source,bdg2_1,1,1,1,1,0,-1.3836446596952896,1.5541562711255446,-0.8463394757618357,1.710604524936914,0.0
2025-01-04 20:00:00+00:00,9.612436012640272,68.47963404840803,1012.6202796081034,29.44209970641873,,54.82,23.82,source,bdg2_1,1,1,1,1,0,-1.1243901819183437,1.0266027113219258,-0.4918085761160548,1.1962076100219792,0.0
2025-01-04 21:00:00+00:00,9.774412409788654,68.01033391036039,1011.7866653127766,27.319262883350607,,54.82,23.82,source,bdg2_1,1,1,1,1,0,-1.0918704481868957,0.9724975387130395,-0.888642139445712,0.6909247569862176,0.0
2025-01-04 22:00:00+00:00,11.275838446638708,67.03903336745176,1012.6169479406497,28.95833833675249,,54.82,23.82,source,bdg2_1,1,1,1,1,0,-0.7904316225591194,0.8605172104143913,-0.4933945823480755,1.0842325902993906,0.0
2025-01-04 23:00:00+00:00,12.9015863196538,62.9299570255359,1011.3706382685816,27.32409771407931,,54.82,23.82,source,bdg2_1,1,1,1,1,0,-0.4640329072173613,0.38678565417121197,-1.086687560829306,0.692118066291115,0.0
2025-01-05 00:00:00+00:00,14.175923540696193,57.95508516443231,1011.3804254333556,25.251473444471205,,54.82,23.82,source,bdg2_1,1,1,1,1,0,-0.2081863280740517,-0.18676265517272259,-1.082028481091898,0.16092551868718624,0.0
2025-01-05 01:00:00+00:00,16.651159325690976,56.94376731736398,1011.6219614262634,23.93918450154345,,54.82,23.82,source,bdg2_1,1,1,1,1,0,0.2887626723216237,-0.3033565409229214,-0.9670477408679375,-0.1975460235329938,0.0
2025-01-05 02:00:00+00:00,17.982768509400014,53.490960344128105,1011.7888061678858,22.78022915571568,,54.82,23.82,source,bdg2_1,1,1,1,1,0,0.5561076488177931,-0.7014274173758231,-0.8876230072567162,-0.5301805722903125,0.0
2025-01-05 03:00:00+00:00,20.49640078481449,50.3953822126415,1011.8570344771632,22.931090834339976,,54.82,23.82,source,bdg2_1,1,1,1,1,0,1.0607654491784824,-1.0583137158225822,-0.8551436181168088,-0.4859747253946268,0.0
2025-01-05 04:00:00+00:00,20.99088268057625,50.006590371139104,1011.4226345429588,21.20554357044762,,54.82,23.82,source,bdg2_1,1,1,1,1,0,1.1600417626926238,-1.1031371624572353,-1.0619352659650763,-1.009098353076226,0.0
2025-01-05 05:00:00+00:00,21.95544134147364,50.61312164624077,1011.475221911086,21.03487257207722,,54.82,23.82,source,bdg2_1,1,1,1,1,0,1.3536946119531885,-1.0332107408103444,-1.0369015869638467,-1.0630324540745952,0.0
2025-01-05 06:00:00+00:00,22.16576336525036,46.43734457696807,1011.346210770476,19.77004397735412,,54.82,23.82,source,bdg2_1,1,1,1,1,0,1.3959206172940317,-1.5146321613305578,-1.0983160215824752,-1.4762561618903118,0.0
2025-01-05 07:00:00+00:00,21.44393707444988,47.06733411881784,1011.0079392258784,19.562906766621893,,54.82,23.82,source,bdg2_1,1,1,1,1,0,1.2510007450753242,-1.442001258119286,-1.259346732269898,-1.5463187398372598,0.0
2025-01-05 08:00:00+00:00,22.082013959344383,52.002853001619215,1010.8260166388624,21.37903015295086,,54.82,23.82,source,bdg2_1,1,1,1,1,0,1.3791063873927805,-0.8729899167220746,-1.3459491200413678,-0.9546976854821955,0.0
2025-01-05 09:00:00+00:00,20.52822871683494,51.25545956791824,1011.8027963404244,22.38657646220783,,54.82,23.82,source,bdg2_1,1,1,1,1,0,1.0671554905224654,-0.9591562044742303,-0.8809631286399503,-0.6468635787956466,0.0
2025-01-05 10:00:00+00:00,18.44914544311943,51.301051305672914,1010.3178667803942,22.81869254278046,,54.82,23.82,source,bdg2_1,1,1,1,1,0,0.649741375521511,-0.9538999758035593,-1.5878486653968564,-0.5188833605276375,0.0
2025-01-05 11:00:00+00:00,16.59260134120725,56.86304156637208,1010.3324280595796,23.95282750562614,,54.82,23.82,source,bdg2_1,1,1,1,1,0,0.2770060824925724,-0.31266333701628857,-1.5809169172992432,-0.1937230634290033,0.0
2025-01-05 12:00:00+00:00,14.77084898099763,57.67094118784236,1010.4836839269464,24.4279741127869,,54.82,23.82,source,bdg2_1,1,1,1,1,0,-0.08874413001760283,-0.2195213476443067,-1.5089131079138154,-0.06186818583915446,0.0
2025-01-05 13:00:00+00:00,12.412437864686469,65.24059432071886,1010.5481811776224,25.96722914679704,,54.82,23.82,source,bdg2_1,1,1,1,1,0,-0.5622384346320421,0.6531768600474657,-1.4782098510788306,0.34896432505867947,0.0
2025-01-05 14:00:00+00:00,11.875187405746235,65.8761071415575,1010.9049304902956,26.01934538071974,,54.82,23.82,source,bdg2_1,1,1,1,1,0,-0.6701013219379599,0.7264445369113157,-1.3083829877954938,0.36246042083304775,0.0
2025-01-05 15:00:00+00:00,9.531924597913267,69.30312276071584,1011.2057760827628,28.56554543210441,,54.82,23.82,source,bdg2_1,1,1,1,1,0,-1.1405543256785353,1.1215419523505745,-1.1651685190177155,0.9919755660693111,0.0
2025-01-05 16:00:00+00:00,9.046039305683571,69.15713898912321,1010.3869558502292,28.62119030528161,,54.82,23.82,source,bdg2_1,1,1,1,1,0,-1.2381047132998977,1.1047116202885086,-1.554959519992951,1.0051193878106288,0.0
2025-01-05 17:00:00+00:00,8.15840015808168,72.67453010092089,1009.3482718473996,30.0426548578402,,54.82,23.82,source,bdg2_1,1,1,1,1,0,-1.4163145589182047,1.510228341482091,-2.0494144211709715,1.3327665159768227,0.0
2025-01-05 18:00:00+00:00,7.597729207323279,71.03012667692792,1010.8661797809332,30.29543966465864,,54.82,23.82,source,bdg2_1,1,1,1,1,0,-1.5288795396846198,1.3206466135415997,-1.326829866842589,1.3894583607443873,0.0
2025-01-05 19:00:00+00:00,8.70533403008097,68.94544784184188,1010.0452048227544,29.375962006722336,,54.82,23.82,source,bdg2_1,1,1,1,1,0,-1.3065075487657734,1.0803059465312452,-1.7176466029336903,1.1810043246959114,0.0
2025-01-05 20:00:00+00:00,8.643107337883377,71.0526566019836,1010.6553394946528,28.22334814904074,,54.82,23.82,source,bdg2_1,1,1,1,1,0,-1.3190006989832135,1.32324406746325,-1.4271982297259036,0.9105975797202134,0.0
2025-01-05 21:00:00+00:00,9.56892124950416,66.6073452256276,1010.7421533463782,28.020798983864424,,54.82,23.82,source,bdg2_1,1,1,1,1,0,-1.1331265690431733,0.8107482895617945,-1.3858713831018705,0.8619791775191714,0.0
2025-01-05 22:00:00+00:00,11.449309609399638,65.50168398088437,1009.6514532901912,27.87326097365045,,54.82,23.82,source,bdg2_1,1,1,1,1,0,-0.7556041037206661,0.6832776420084893,-1.9050879947254615,0.8263511630783454,0.0
2025-01-05 23:00:00+00:00,13.37978011916094,64.51781691805459,1009.9895124799538,25.997007804288728,,54.82,23.82,source,bdg2_1,1,1,1,1,0,-0.36802672788645624,0.569848531418288,-1.7441583733863368,0.3566790399763538,0.0
2025-01-06 00:00:00+00:00,14.70723912661111,62.23221235015967,1010.5789997561536,24.959614792116408,,54.82,23.82,source,bdg2_1,1,1,1,1,0,-0.10151497542325064,0.30634332518487445,-1.463538981824469,0.08277441509276336,0.0
2025-01-06 01:00:00+00:00,17.13622011872767,56.01540583770933,1011.0795379612928,23.114338524220667,,54.82,23.82,source,bdg2_1,1,1,1,1,0,0.3861475266017695,-0.410386464905293,-1.2252628862230506,-0.4326523731425931,0.0
2025-01-06 02:00:00+00:00,18.310155522274865,53.44345272315781,1010.884125003996,22.647602435986816,,54.82,23.82,source,bdg2_1,1,1,1,1,0,0.6218365986725748,-0.7069045264249032,-1.3182872268558554,-0.5692754316661612,0.0
2025-01-06 03:00:00+00:00,20.49195675002225,51.349573188283465,1009.412375884732,22.23994626793929,,54.82,23.82,source,bdg2_1,1,1,1,1,0,1.0598732276531169,-0.9483059334815742,-2.018898349528431,-0.6908291355776481,0.0
2025-01-06 04:00:00+00:00,20.74894955332604,47.62991138747993,1009.8003508363764,21.301530082068687,,54.82,23.82,source,bdg2_1,1,1,1,1,0,1.111469248317051,-1.3771422526363002,-1.834206840029606,-0.9789472916301392,0.0
2025-01-06 05:00:00+00:00,22.64362331342976,46.32767318278878,1008.9025688901504,21.10052786594636,,54.82,23.82,source,bdg2_1,1,1,1,1,0,1.4918597698452634,-1.527276073469628,-2.261586757589961,-1.0422353070195214,0.0
2025-01-06 06:00:00+00:00,22.15002562947467,47.15479063413977,1010.2091809583168,20.72944307378099,,54.82,23.82,source,bdg2_1,1,1,1,1,0,1.3927609780751615,-1.4319184785212444,-1.6395874399118506,-1.1606029814123704,0.0
2025-01-06 07:00:00+00:00,22.717515157292024,48.213377186108175,1010.64199797145,19.71861492695957,,54.82,23.82,source,bdg2_1,1,1,1,1,0,1.5066949132959802,-1.3098750281315459,-1.4335493254574696,-1.4935862230413406,0.0
2025-01-06 08:00:00+00:00,20.80734345618421,50.24335529987847,1009.4509048563588,19.36791395506184,,54.82,23.82,source,bdg2_1,1,1,1,1,0,1.1231928957491406,-1.0758407559603897,-2.000557026463571,-1.6129214954444073,0.0
2025-01-06 09:00:00+00:00,20.431344016876054,48.57010602383851,1010.0755374979068,21.139723830026288,,54.82,23.82,source,bdg2_1,1,1,1,1,0,1.0477041093287727,-1.2687480951196322,-1.7032070430154764,-1.0298489201738872,0.0
2025-01-06 10:00:00+00:00,18.31348990384248,52.00154205972535,1009.0155563038212,21.839091523939924,,54.82,23.82,source,bdg2_1,1,1,1,1,0,0.6225060369527619,-0.8731410539830665,-2.207800254371701,-0.8124520331345182,0.0
2025-01-06 11:00:00+00:00,16.22912431470262,56.25604292156232,1010.0963186283624,22.96414454298486,,54.82,23.82,source,bdg2_1,1,1,1,1,0,0.20403140020845675,-0.38264364127833045,-1.6933143983056387,-0.47632647167099423,0.0
2025-01-06 12:00:00+00:00,14.463737349004504,60.43506204653328,1009.6942989181651,24.04046817710508,,54.82,23.82,source,bdg2_1,1,1,1,1,0,-0.15040242514005747,0.09915155280157541,-1.8846917715352827,-0.16921465338307323,0.0
2025-01-06 13:00:00+00:00,13.038690048851953,63.53406569547295,1011.156596736132,27.90765677660488,,54.82,23.82,source,bdg2_1,1,1,1,1,0,-0.4365068179499969,0.45643277594160975,-1.1885798442254685,0.8346734336639089,0.0
2025-01-06 14:00:00+00:00,10.868309529466789,64.01362617422951,1010.1656402687352,28.05699894017249,,54.82,23.82,source,bdg2_1,1,1,1,1,0,-0.8722505301753667,0.5117208536043744,-1.6603145400747987,0.8706932009899591,0.0
2025-01-06 15:00:00+00:00,9.984399750407023,71.7437805686217,1010.756885119185,30.175591273581805,,54.82,23.82,source,bdg2_1,1,1,1,1,0,-1.049711636630984,1.402923101150848,-1.3788584732587588,1.3626373690286773,0.0
2025-01-06 16:00:00+00:00,8.728886864617975,69.04698546578909,1009.6722346082692,29.216345454608444,,54.82,23.82,source,bdg2_1,1,1,1,1,0,-1.301778885076195,1.0920121239315217,-1.895195260699903,1.1441759797285909,0.0
2025-01-06 17:00:00+00:00,7.609344257335025,70.64042183492379,1010.034928362694,30.77391386064464,,54.82,23.82,source,bdg2_1,1,1,1,1,0,-1.5265476052774516,1.2757179079356962,-1.722538606690142,1.495522662703262,0.0
2025-01-06 18:00:00+00:00,7.763562220485223,69.88940383425371,1010.073356759928,30.188582912377708,,54.82,23.82,source,bdg2_1,1,1,1,1,0,-1.495585519525807,1.1891337472583137,-1.704245161036827,1.3655497590336305,0.0
2025-01-06 19:00:00+00:00,8.518978245183192,70.20862133369813,1010.671341377412,31.216454725386388,,54.82,23.82,source,bdg2_1,1,1,1,1,0,-1.3439218919100964,1.2259360332731197,-1.4195806970241525,1.592209300083089,0.0
2025-01-06 20:00:00+00:00,9.182580482579825,70.7504986316977,1010.1778678856,28.719332016073785,,54.82,23.82,source,bdg2_1,1,1,1,1,0,-1.2106915667290608,1.2884085585595428,-1.6544937080680737,1.0282412825415457,0.0
2025-01-06 21:00:00+00:00,9.035279997101494,69.39720125337233,1010.2827729605352,28.68811539605425,,54.82,23.82,source,bdg2_1,1,1,1,1,0,-1.2402648419135938,1.1323881735026482,-1.6045547195798877,1.0208950310852467,0.0
2025-01-06 22:00:00+00:00,11.750637424520436,64.82039584395693,1011.0297815198884,27.61311058187401,,54.82,23.82,source,bdg2_1,1,1,1,1,0,-0.6951070159589808,0.6047325719000648,-1.2489489314981788,0.7630832782314835,0.0
2025-01-06 23:00:00+00:00,13.936764308112972,63.35923504301469,1010.74551900836,26.020718087117,,54.82,23.82,source,bdg2_1,1,1,1,1,0,-0.256201932198763,0.43627671404925683,-1.384269194122293,0.36281554691622453,0.0
2025-01-07 00:00:00+00:00,15.738206996422337,56.84476082729727,1010.3880895720356,24.69494600605196,,54.82,23.82,source,bdg2_1,1,1,1,1,0,0.10547074102793078,-0.31477090627287435,-1.5544198233169673,0.011140511697007556,0.0
2025-01-07 01:00:00+00:00,16.046522948165006,55.70211748113139,1009.6400234753312,23.896292011762032,,54.82,23.82,source,bdg2_1,1,1,1,1,0,0.16737082543741807,-0.4465051856018616,-1.9105290412436309,-0.20957873526855397,0.0
2025-01-07 02:00:00+00:00,17.79738622796183,54.5547907105806,1010.6699535365298,21.66728648721524,,54.82,23.82,source,bdg2_1,1,1,1,1,0,0.5188887543551917,-0.5787794125341038,-1.4202413644883647,-0.8652341068759721,0.0
2025-01-07 03:00:00+00:00,19.17285616330728,50.4904468590838,1011.033991566548,21.33901890020068,,54.82,23.82,source,bdg2_1,1,1,1,1,0,0.7950395815159529,-1.0473538019257722,-1.2469447818247703,-0.9672066160311813,0.0
2025-01-07 04:00:00+00:00,21.39529972613411,48.42519975180302,1011.76247854747,20.431919564713283,,54.82,23.82,source,bdg2_1,1,1,1,1,0,1.241235904984557,-1.2854542032686875,-0.9001560018108792,-1.2569756274684525,0.0
2025-01-07 05:00:00+00:00,21.33888306949136,50.37412893161837,1011.7219210051472,20.080201551465223,,54.82,23.82,source,bdg2_1,1,1,1,1,0,1.229909226009471,-1.060763986651492,-0.9194630052176747,-1.3726434367437828,0.0
2025-01-07 06:00:00+00:00,21.757848941666744,49.36511195840345,1010.6824621103422,20.9351915417928,,54.82,23.82,source,bdg2_1,1,1,1,1,0,1.3140243121922197,-1.1770926068138556,-1.4142867857989485,-1.094726444859209,0.0
2025-01-07 07:00:00+00:00,21.067890524043094,48.2838001751761,1011.224417196876,21.3784703296952,,54.82,23.82,source,bdg2_1,1,1,1,1,0,1.1755025002374941,-1.3017560277941398,-1.1562946072105023,-0.9548725516830394,0.0
2025-01-07 08:00:00+00:00,20.147568009616137,49.95935023753853,1011.2496845924212,20.672781268235884,,54.82,23.82,source,bdg2_1,1,1,1,1,0,0.9907308690423372,-1.1085834331384223,-1.144266321867395,-1.1788545179704681,0.0
2025-01-07 09:00:00+00:00,19.507694695404947,49.5618763800255,1011.1723352395786,21.222802309397,,54.82,23.82,source,bdg2_1,1,1,1,1,0,0.8622645605779947,-1.1544078212533029,-1.181087690552938,-1.0036674793954905,0.0
2025-01-07 10:00:00+00:00,19.23759173915441,54.16707246529716,1011.4978618726648,23.19834629261439,,54.82,23.82,source,bdg2_1,1,1,1,1,0,0.8080364361599794,-0.6234790852679424,-1.0261240647004788,-0.4083426799760388,0.0
2025-01-07 11:00:00+00:00,16.005805995263746,57.9780211294963,1012.0558821858344,24.613048642042013,,54.82,23.82,source,bdg2_1,1,1,1,1,0,0.15919615005251064,-0.18411838927946947,-0.7604841992053282,-0.011174957145618886,0.0
2025-01-07 12:00:00+00:00,14.833502968860046,58.14712500610441,1011.20588452985,25.247453868946693,,54.82,23.82,source,bdg2_1,1,1,1,1,0,-0.07616519235526793,-0.16462256200190564,-1.165116893890498,0.15985510777388712,0.0
2025-01-07 13:00:00+00:00,13.456649106901027,65.02065320450136,1012.561040949548,27.165343506401864,,54.82,23.82,source,bdg2_1,1,1,1,1,0,-0.35259386817650956,0.6278200551118345,-0.5200085339301023,0.6528282612875846,0.0
2025-01-07 14:00:00+00:00,11.516964399195716,66.39737993506527,1011.7863207420232,28.55486845217148,,54.82,23.82,source,bdg2_1,1,1,1,1,0,-0.742021163313552,0.7865415882064324,-0.8888061688303192,0.9894507384665099,0.0
2025-01-07 15:00:00+00:00,10.34738830636224,68.80907088277948,1011.3813625451144,29.58219529089053,,54.82,23.82,source,bdg2_1,1,1,1,1,0,-0.9768350237723046,1.064583174872488,-1.0815823786191598,1.2283030404004436,0.0
2025-01-07 16:00:00+00:00,8.17437899069707,72.23997812648408,1012.6080492287556,27.74305819883597,,54.82,23.82,source,bdg2_1,1,1,1,1,0,-1.413106515085029,1.460129252054486,-0.49763072317454765,0.7947577727382855,0.0
2025-01-07 17:00:00+00:00,8.214287047955096,69.72901852557575,1012.151233204756,30.38479910496444,,54.82,23.82,source,bdg2_1,1,1,1,1,0,-1.4050942403424225,1.170643075497485,-0.7150933214122526,1.4093894418338158,0.0
2025-01-07 18:00:00+00:00,7.931680950146611,69.95419796306935,1012.4628508367256,30.25948770656642,,54.82,23.82,source,bdg2_1,1,1,1,1,0,-1.4618325998405441,1.1966038015783411,-0.5667509333509057,1.3814234355739168,0.0
2025-01-07 19:00:00+00:00,8.22490181069627,70.0234014532796,1012.2673743474955,30.09815629986372,,54.82,23.82,source,bdg2_1,1,1,1,1,0,-1.4029631319584692,1.204582207036605,-0.6598055177110667,1.345253231813989,0.0
2025-01-07 20:00:00+00:00,8.86029726285807,73.56123802437281,1012.6809129201974,29.12336568486384,,54.82,23.82,source,bdg2_1,1,1,1,1,0,-1.2753958364620404,1.6124560660500367,-0.46294470774232976,1.12263297149697,0.0
2025-01-07 21:00:00+00:00,10.291551507456216,66.82713284439703,1012.8744841716168,30.15232813345619,,54.82,23.82,source,bdg2_1,1,1,1,1,0,-0.9880452856672945,0.8360873979206521,-0.3707970923648665,1.3574193399963674,0.0
2025-01-07 22:00:00+00:00,11.058114340713344,66.44825252860262,1013.1593662674632,25.806651291927885,,54.82,23.82,source,bdg2_1,1,1,1,1,0,-0.834143731707493,0.7924066417856849,-0.23518188296013295,0.3072162621048243,0.0
2025-01-07 23:00:00+00:00,14.007711149641814,61.53833125762788,1012.7202993883528,26.674767403150703,,54.82,23.82,source,bdg2_1,1,1,1,1,0,-0.24195805200249199,0.22634642503978275,-0.4441951822211246,0.53000176745835,0.0
2025-01-08 00:00:00+00:00,14.88369855795949,61.20440500067471,1013.0754627084876,25.569751291004675,,54.82,23.82,source,bdg2_1,1,1,1,1,0,-0.06608750683599,0.18784838017183858,-0.2751233144722244,0.24516660613711014,0.0
2025-01-08 01:00:00+00:00,16.849220027569327,59.10217388062155,1012.1044245783324,24.069999021101136,,54.82,23.82,source,bdg2_1,1,1,1,1,0,0.3285269923160197,-0.054515873304476464,-0.7373760895009728,-0.16097577253948692,0.0
2025-01-08 02:00:00+00:00,18.34969243609964,52.56145107452891,1012.8183852754728,21.928020021820537,,54.82,23.82,source,bdg2_1,1,1,1,1,0,0.6297743595610769,-0.8085896689840224,-0.39750239838048,-0.785287092323459,0.0
2025-01-08 03:00:00+00:00,20.23895273667221,50.17052297139174,1013.2543016401293,21.73971496418307,,54.82,23.82,source,bdg2_1,1,1,1,1,0,1.0090780297602173,-1.084237526778901,-0.189988869317837,-0.8429339631546418,0.0
2025-01-08 04:00:00+00:00,20.484282000941413,51.27621813346671,1014.6579214504974,19.995855673871336,,54.82,23.82,source,bdg2_1,1,1,1,1,0,1.0583323809559533,-0.9567629689282413,0.4781899923343779,-1.4006687302739778,0.0
2025-01-08 05:00:00+00:00,22.221204376232585,47.94437086390161,1013.8244185497024,19.98866567306838,,54.82,23.82,source,bdg2_1,1,1,1,1,0,1.4070514175012534,-1.3408885146317147,0.08140945723281476,-1.4030629306843316,0.0
2025-01-08 06:00:00+00:00,23.10433081499056,47.51350227657475,1014.0645280064404,20.607366152617693,,54.82,23.82,source,bdg2_1,1,1,1,1,0,1.584355254018264,-1.3905629498152394,0.195711109496493,-1.1999850521767428,0.0
2025-01-08 07:00:00+00:00,21.21950071558117,45.16848596495721,1014.0660007431824,21.014889308131536,,54.82,23.82,source,bdg2_1,1,1,1,1,0,1.20594102798963,-1.6609176802411656,0.1964121907668805,-1.0693747084024752,0.0
2025-01-08 08:00:00+00:00,20.79382511738745,48.65763315328022,1014.3726671510136,21.5227064059906,,54.82,23.82,source,bdg2_1,1,1,1,1,0,1.1204788411961217,-1.2586571744859731,0.3423975991930507,-0.9099630294703018,0.0
2025-01-08 09:00:00+00:00,20.427685791988047,51.9068216790718,1013.5966989553044,20.24649271437268,,54.82,23.82,source,bdg2_1,1,1,1,1,0,1.046969653560018,-0.8840612778000895,-0.02699412772430541,-1.317717456321511,0.0
2025-01-08 10:00:00+00:00,17.50343172713387,53.91347736314348,1015.055607452496,22.97789455603833,,54.82,23.82,source,bdg2_1,1,1,1,1,0,0.4598719947261396,-0.6527158266673241,0.6675043480791699,-0.4723168131797326,0.0
2025-01-08 11:00:00+00:00,16.77186319394775,54.6130521338204,1013.8657110396738,23.710843550110944,,54.82,23.82,source,bdg2_1,1,1,1,1,0,0.3129961885941839,-0.5720625077108007,0.10106632495445043,-0.26184264219141695,0.0
2025-01-08 12:00:00+00:00,14.888890262160984,61.3625095352539,1014.2223478324058,25.69530599523936,,54.82,23.82,source,bdg2_1,1,1,1,1,0,-0.06504517695819674,0.2060761036266869,0.27083962427009484,0.27812091132059497,0.0
2025-01-08 13:00:00+00:00,13.131157554216692,62.82117779156463,1015.031372649619,25.54211779130164,,54.82,23.82,source,bdg2_1,1,1,1,1,0,-0.4179422696194281,0.37424459834548274,0.6559676179196866,0.23789274327759177,0.0
2025-01-08 14:00:00+00:00,11.358473566039288,64.0608938960632,1014.5483696772984,28.56950100103377,,54.82,23.82,source,bdg2_1,1,1,1,1,0,-0.7738411061191746,0.5171703049070736,0.42603899064049816,0.9929107236084382,0.0
2025-01-08 15:00:00+00:00,10.390953486760976,69.58629908911692,1015.1226174175572,29.160752092900044,,54.82,23.82,source,bdg2_1,1,1,1,1,0,-0.9680885144569283,1.1541890855703305,0.699403756909961,1.1313032221247907,0.0
2025-01-08 16:00:00+00:00,9.316951889583551,70.99789096102964,1014.2022659015054,29.856222118589404,,54.82,23.82,source,bdg2_1,1,1,1,1,0,-1.1837140412759037,1.31693018809987,0.2612798263606249,1.2906588190647936,0.0
2025-01-08 17:00:00+00:00,8.711462403388584,70.25324543264074,1014.8994555472366,30.91244220301645,,54.82,23.82,source,bdg2_1,1,1,1,1,0,-1.3052771653785693,1.231080703773005,0.593169829906682,1.5259324712459732,0.0
2025-01-08 18:00:00+00:00,7.813261772305711,70.0183401395162,1014.9012363915076,31.593685559521685,,54.82,23.82,source,bdg2_1,1,1,1,1,0,-1.4856074225917582,1.2039986929214461,0.5940175826164995,1.673584091994473,0.0
2025-01-08 19:00:00+00:00,7.7820465063379505,71.43302480986043,1014.5813467602452,29.47066183738829,,54.82,23.82,source,bdg2_1,1,1,1,1,0,-1.4918744599842368,1.36709636128043,0.441737393855693,1.2027630691349294,0.0
2025-01-08 20:00:00+00:00,9.05520781403438,72.60752525835254,1014.6821962003286,28.621472024693865,,54.82,23.82,source,bdg2_1,1,1,1,1,0,-1.23626396702123,1.5025034160476478,0.48974573883302897,1.0051858696414016,0.0
2025-01-08 21:00:00+00:00,9.614001311500122,66.84459570600683,1014.3539703134536,27.684271706922207,,54.82,23.82,source,bdg2_1,1,1,1,1,0,-1.1240759194515362,0.8381006748516456,0.3334971608086207,0.7804464480123727,0.0
2025-01-08 22:00:00+00:00,11.447093365261708,66.06129807979258,1015.78538020925,26.678399515427195,,54.82,23.82,source,bdg2_1,1,1,1,1,0,-0.7560490553958373,0.7477950264306549,1.0149052085335204,0.5309191227205369,0.0
2025-01-08 23:00:00+00:00,12.79829762228621,61.970572680446,1015.3717881289638,26.13562280885261,,54.82,23.82,source,bdg2_1,1,1,1,1,0,-0.48477000839380685,0.2761791331390729,0.8180189268262749,0.39247819899182695,0.0
2025-01-09 00:00:00+00:00,15.388604397555596,58.81628878977592,1015.8021238737012,25.94251314301395,,54.82,23.82,source,bdg2_1,1,1,1,1,0,0.0352816046653426,-0.08747529720505019,1.0228758588266373,0.3425547123048082,0.0
2025-01-09 01:00:00+00:00,16.680499464683503,55.96036527835621,1015.5043778840394,22.91437100900781,,54.82,23.82,source,bdg2_1,1,1,1,1,0,0.29465324356828876,-0.41673203935297853,0.8811369242774106,-0.4908602563209952,0.0
2025-01-09 02:00:00+00:00,19.49610236783869,54.21133095466682,1015.8749367072298,21.232892699497825,,54.82,23.82,source,bdg2_1,1,1,1,1,0,0.8599371881186789,-0.6183765655527,1.0575376638691607,-1.0004942510584574,0.0
2025-01-09 03:00:00+00:00,19.07436867591073,52.54561793353695,1015.7981159571628,20.703861337154056,,54.82,23.82,source,bdg2_1,1,1,1,1,0,0.7752664113356016,-0.8104150569540207,1.020967931131087,-1.1688373056872368,0.0
2025-01-09 04:00:00+00:00,20.778790001589734,48.58777945342208,1015.7119896687836,21.59372510908332,,54.82,23.82,source,bdg2_1,1,1,1,1,0,1.1174602658297657,-1.2667105420045022,0.9799683920091261,-0.887956116896894,0.0
2025-01-09 05:00:00+00:00,20.989050679053072,49.12700778128163,1015.2152623200782,19.63943890425245,,54.82,23.82,source,bdg2_1,1,1,1,1,0,1.1596739547725925,-1.2045434140002056,0.7435064156549374,-1.5203504609860565,0.0
2025-01-09 06:00:00+00:00,21.919782395961985,45.95781893977747,1017.1248758885768,22.42497747453344,,54.82,23.82,source,bdg2_1,1,1,1,1,0,1.3465354243579677,-1.5699162221418714,1.6525584331384697,-0.6353949769187488,0.0
2025-01-09 07:00:00+00:00,22.13761571353552,49.39291285665898,1015.2278816713168,22.547719744438343,,54.82,23.82,source,bdg2_1,1,1,1,1,0,1.390269459748568,-1.1738874673373259,0.7495137288056495,-0.5988632330089324,0.0
2025-01-09 08:00:00+00:00,21.07133645892676,49.4226018895883,1016.394618035474,20.930673046663625,,54.82,23.82,source,bdg2_1,1,1,1,1,0,1.1761943348927002,-1.1704646465857398,1.3049266475263557,-1.096166529075433,0.0
2025-01-09 09:00:00+00:00,19.561445662701583,51.18633648001514,1015.6436071012988,21.529121787436925,,54.82,23.82,source,bdg2_1,1,1,1,1,0,0.8730560535057768,-0.9671253404259365,0.9474155698265385,-0.9079722148038987,0.0
2025-01-09 10:00:00+00:00,18.77722876943723,54.79913835576424,1016.5173193632515,22.495896935784724,,54.82,23.82,source,bdg2_1,1,1,1,1,0,0.7156101230761857,-0.5506088017726516,1.363337360250718,-0.6142639586452473,0.0
2025-01-09 11:00:00+00:00,17.290767574850676,59.45416422099296,1015.2847661749682,24.418475337977902,,54.82,23.82,source,bdg2_1,1,1,1,1,0,0.41717576411336627,-0.013935237207322194,0.7765930152439671,-0.06447991253899084,0.0
2025-01-09 12:00:00+00:00,14.463833944903788,57.7393866139377,1016.7171147563392,26.135483968795995,,54.82,23.82,source,bdg2_1,1,1,1,1,0,-0.15038303174089815,-0.2116303386866212,1.458447914640572,0.3924424332804383,0.0
2025-01-09 13:00:00+00:00,13.449953156238784,62.39043144476367,1016.6994800317552,24.926927500473745,,54.82,23.82,source,bdg2_1,1,1,1,1,0,-0.3539382031317782,0.3245842561575009,1.4500530842804862,0.07396706968190563,0.0
2025-01-09 14:00:00+00:00,11.533696459909462,66.7277663304938,1016.6100559452768,25.973572300626422,,54.82,23.82,source,bdg2_1,1,1,1,1,0,-0.7386618951191187,0.8246315257603674,1.4074836620864826,0.3506083508063538,0.0
2025-01-09 15:00:00+00:00,8.518181853641659,68.65833684416789,1016.139850207352,28.70921417860979,,54.82,23.82,source,bdg2_1,1,1,1,1,0,-1.3440817821245508,1.0472051889825997,1.1836470274164643,1.0258610830365393,0.0
2025-01-09 16:00:00+00:00,8.499198742853123,70.32606364565301,1015.2215718558728,29.750720410607308,,54.82,23.82,source,bdg2_1,1,1,1,1,0,-1.3478929899246122,1.2394758472317087,0.7465100056681511,1.2667173374425675,0.0
2025-01-09 17:00:00+00:00,8.684813413891744,70.49306208856103,1014.9959312304526,29.699847421190206,,54.82,23.82,source,bdg2_1,1,1,1,1,0,-1.310627438985751,1.2587289410333489,0.6390960926398072,1.2551433709289712,0.0
2025-01-09 18:00:00+00:00,7.90074984029965,71.87908950851063,1016.6517877257288,30.13859547911853,,54.82,23.82,source,bdg2_1,1,1,1,1,0,-1.468042587677969,1.4185227418811321,1.4273496495505755,1.3543372132847273,0.0
2025-01-09 19:00:00+00:00,9.280580639821968,72.16222509543366,1015.4542852790316,30.9632425897238,,54.82,23.82,source,bdg2_1,1,1,1,1,0,-1.191016237018924,1.451165178054107,0.857290851755463,1.5370511275270704,0.0
2025-01-09 20:00:00+00:00,8.892649989703257,69.65914855941571,1016.1313120671545,29.44491083032283,,54.82,23.82,source,bdg2_1,1,1,1,1,0,-1.268900432927858,1.1625878326522714,1.1795825330600425,1.196853080080133,0.0
2025-01-09 21:00:00+00:00,9.270955435285618,67.21100320961635,1016.5571399146872,28.711461798392577,,54.82,23.82,source,bdg2_1,1,1,1,1,0,-1.1929486734364723,0.8803434521720558,1.3822935266799226,1.026389900784262,0.0
2025-01-09 22:00:00+00:00,11.819492976846572,67.53022896677308,1016.8627990144917,26.86090349980323,,54.82,23.82,source,bdg2_1,1,1,1,1,0,-0.6812830004419146,0.9171466902107666,1.5277994164175364,0.5768594677109192,0.0
2025-01-09 23:00:00+00:00,12.836569155019337,61.7190641494078,1015.647474148922,25.38150845838308,,54.82,23.82,source,bdg2_1,1,1,1,1,0,-0.4770862959771419,0.2471829505659332,0.9492564383150994,0.1954656497083556,0.0
2025-01-10 00:00:00+00:00,14.992499633751075,59.83765084661843,1016.215402872406,23.809348766439133,,54.82,23.82,source,bdg2_1,1,1,1,1,0,-0.04424369454773288,0.030276576066338427,1.2196131012476357,-0.23403281800006462,0.0
2025-01-10 01:00:00+00:00,16.484821054060962,57.43336305724677,1016.2471014676594,21.38928746406921,,54.82,23.82,source,bdg2_1,1,1,1,1,0,0.25536721225467335,-0.24691150742019366,1.2347028934662416,-0.9514944893889089,0.0
2025-01-10 02:00:00+00:00,18.198964688822333,53.6195694156091,1014.84614132769,22.94870035677319,,54.82,23.82,source,bdg2_1,1,1,1,1,0,0.5995129986857095,-0.6866001981883415,0.5677901407178007,-0.48083291433513625,0.0
2025-01-10 03:00:00+00:00,20.55181123143525,48.60006950730703,1015.0491856069387,22.41664822080767,,54.82,23.82,source,bdg2_1,1,1,1,1,0,1.071890113029333,-1.2652936332228764,0.6644472941515558,-0.637880941295552,0.0
2025-01-10 04:00:00+00:00,21.6298474405506,47.69853169838898,1015.2988108895806,21.32929178781348,,54.82,23.82,source,bdg2_1,1,1,1,1,0,1.2883256622234256,-1.3692310813725217,0.7832788580573994,-0.9702510403084029,0.0
2025-01-10 05:00:00+00:00,21.6399689181767,47.62691543837016,1016.5467554574266,20.468169907015632,,54.82,23.82,source,bdg2_1,1,1,1,1,0,1.2903577345695467,-1.3774876527983069,1.377350111960312,-1.245162230950878,0.0
2025-01-10 06:00:00+00:00,21.090275578897767,48.37997085858419,1015.0002777737022,20.742056579716028,,54.82,23.82,source,bdg2_1,1,1,1,1,0,1.179996710728983,-1.290668599933249,0.6411652201195011,-1.156546476841699,0.0
2025-01-10 07:00:00+00:00,22.25247761288305,49.06673308166474,1016.1162561069837,22.13465032581037,,54.82,23.82,source,bdg2_1,1,1,1,1,0,1.4133300935719533,-1.2114924275681274,1.1724152971364012,-0.7225725033202992,0.0
2025-01-10 08:00:00+00:00,21.42551780950883,49.049755243328576,1015.0514242569687,20.894323715771566,,54.82,23.82,source,bdg2_1,1,1,1,1,0,1.247302739674801,-1.2134497866209613,0.6655129806128255,-1.1077621869150196,0.0
2025-01-10 09:00:00+00:00,19.43222838317047,49.35660071612569,1015.3092478452144,19.686147968935582,,54.82,23.82,source,bdg2_1,1,1,1,1,0,0.847113313712618,-1.178073859950644,0.788247264090822,-1.504548787262893,0.0
2025-01-10 10:00:00+00:00,17.849763108537022,54.75173458649639,1015.2410886862656,22.19336561929739,,54.82,23.82,source,bdg2_1,1,1,1,1,0,0.5294043741613833,-0.5560739378563929,0.7558007932579337,-0.7048539389278723,0.0
2025-01-10 11:00:00+00:00,16.798775266388617,53.962883735181485,1015.5069052120592,23.702074831420884,,54.82,23.82,source,bdg2_1,1,1,1,1,0,0.3183992809295243,-0.647019812389093,0.8823400329446105,-0.2643235829938722,0.0
2025-01-10 12:00:00+00:00,14.97739676514488,60.51426946589285,1014.263030662701,26.911829512041187,,54.82,23.82,source,bdg2_1,1,1,1,1,0,-0.04727587253354523,0.10828330186558033,0.29020626973535535,0.589624991175505,0.0
2025-01-10 13:00:00+00:00,13.03659112689385,60.95450796574654,1015.3296801087064,25.02292750242318,,54.82,23.82,source,bdg2_1,1,1,1,1,0,-0.43692821504489626,0.15903798547328607,0.797973834249083,0.0998020515177621,0.0
2025-01-10 14:00:00+00:00,11.53319634992282,66.8109033481366,1014.5397072017728,28.345426429123897,,54.82,23.82,source,bdg2_1,1,1,1,1,0,-0.7387623013751435,0.8342163145236209,0.4219153077221982,0.9397378555001703,0.0
2025-01-10 15:00:00+00:00,10.11579863153166,69.00890690056053,1015.3233543961336,29.04796805273841,,54.82,23.82,source,bdg2_1,1,1,1,1,0,-1.0233309002890778,1.0876220818723803,0.7949625434459726,1.1051147884349153,0.0
2025-01-10 16:00:00+00:00,9.498003073296497,71.68298651708116,1015.2839733900496,28.565787392652595,,54.82,23.82,source,bdg2_1,1,1,1,1,0,-1.1473646941502553,1.395914211986915,0.7762156180880122,0.9920327728693844,0.0
2025-01-10 17:00:00+00:00,8.381684767211123,70.75435898386004,1014.2324860969986,29.78825225623432,,54.82,23.82,source,bdg2_1,1,1,1,1,0,-1.3714860767254062,1.2888536149384817,0.2756658414869688,1.2752438315726518,0.0
2025-01-10 18:00:00+00:00,7.54359495162462,73.70271207867981,1014.851614808476,30.045262568720712,,54.82,23.82,source,bdg2_1,1,1,1,1,0,-1.5397479847918278,1.628766477037348,0.5703957352910999,1.3333536984861125,0.0
2025-01-10 19:00:00+00:00,8.626122275273048,70.96392403259362,1014.6531631275152,30.99430029374428,,54.82,23.82,source,bdg2_1,1,1,1,1,0,-1.3224107619505598,1.3130141727889226,0.4759248413225983,1.5438400113123278,0.0
2025-01-10 20:00:00+00:00,8.245982872724966,69.09187201776504,1014.6231132380713,30.11491620998252,,54.82,23.82,source,bdg2_1,1,1,1,1,0,-1.3987307219529468,1.0971870523953824,0.461619898650007,1.349019496251332,0.0
2025-01-10 21:00:00+00:00,10.175148768668585,66.74900611765179,1014.1362092442838,30.2299939257307,,54.82,23.82,source,bdg2_1,1,1,1,1,0,-1.011415271280182,0.8270802408942263,0.2298342299813031,1.374824949218814,0.0
2025-01-10 22:00:00+00:00,11.658134640695163,65.07233816637928,1014.2578612397136,31.24024890370461,,54.82,23.82,source,bdg2_1,1,1,1,1,0,-0.7136786470878042,0.6337787658748919,0.2877454187687462,1.5973701758424754,0.0
2025-01-10 23:00:00+00:00,13.85840263944698,60.651117524812406,1014.172418397048,27.01691790891288,,54.82,23.82,source,bdg2_1,1,1,1,1,0,-0.2719344749928563,0.12406038618487335,0.24707122699191839,0.6158938344286246,0.0
2025-01-11 00:00:00+00:00,14.86225945851757,61.70857994325074,1015.183776006872,25.007560395037363,,54.82,23.82,source,bdg2_1,1,1,1,1,0,-0.07039179942162238,0.2459742362745744,0.7285176781347555,0.09567295528677859,0.0
2025-01-11 01:00:00+00:00,16.95910307314861,56.64117802865383,1014.6410756060126,25.20582993798949,,54.82,23.82,source,bdg2_1,1,1,1,1,0,0.3505880298915462,-0.33824177612308765,0.47017070028087266,0.1487610284807792,0.0
2025-01-11 02:00:00+00:00,18.96719768699093,52.37553359143229,1014.4732046080112,21.92124606667044,,54.82,23.82,source,bdg2_1,1,1,1,1,0,0.7537498688963029,-0.8300239211787902,0.3902574278117682,-0.7873526184649389,0.0
2025-01-11 03:00:00+00:00,20.823928451383203,52.229144349321885,1014.5199015530236,21.44340670798342,,54.82,23.82,source,bdg2_1,1,1,1,1,0,1.1265226378430737,-0.8469009995564302,0.4124870311064367,-0.9346181652774295,0.0
2025-01-11 04:00:00+00:00,21.04600887037102,50.25386160372947,1013.868864867202,22.24878688601937,,54.82,23.82,source,bdg2_1,1,1,1,1,0,1.1711093567700062,-1.0746294940466294,0.10256767230796478,-0.6881705191316523,0.0
2025-01-11 05:00:00+00:00,21.19038263356769,49.43701475605956,1013.4831272370876,21.03141711096073,,54.82,23.82,source,bdg2_1,1,1,1,1,0,1.200095038755894,-1.168803000732703,-0.08105878314840301,-1.0641287310430763,0.0
2025-01-11 06:00:00+00:00,21.10144195382289,49.92918937267828,1013.5128784126696,18.76632684751853,,54.82,23.82,source,bdg2_1,1,1,1,1,0,1.1822385653800518,-1.1120606509506434,-0.06689604015608352,-1.8224951861065712,0.0
2025-01-11 07:00:00+00:00,22.119822939153263,48.121224819444585,1013.6963042372766,21.398279566729943,,54.82,23.82,source,bdg2_1,1,1,1,1,0,1.3866972338228074,-1.3204991880250272,0.02042194850312967,-0.9486876048052894,0.0
2025-01-11 08:00:00+00:00,20.516582548113988,48.503129452170725,1013.4873303637236,21.23738837959658,,54.82,23.82,source,bdg2_1,1,1,1,1,0,1.0648173084634467,-1.2764697612284737,-0.07905792768152452,-0.9990809122267166,0.0
2025-01-11 09:00:00+00:00,19.59793998037764,50.32500065311936,1013.7215610744332,22.448104736282943,,54.82,23.82,source,bdg2_1,1,1,1,1,0,0.8803829573907237,-1.066427939786525,0.03244520763324275,-0.6284970037170224,0.0
2025-01-11 10:00:00+00:00,19.19863662925499,53.55729701102321,1011.9330728819332,23.023390284769484,,54.82,23.82,source,bdg2_1,1,1,1,1,0,0.8002154830846502,-0.693779525287853,-0.818946312859535,-0.45906611817916815,0.0
2025-01-01 00:00:00+00:00,15.005659003562489,62.53651502747739,1012.7674068264362,26.79232298935285,,54.84,23.84,source,bdg2_2,1,1,1,1,0,-0.04160170960502056,0.3414260953500733,-0.421770167896465,0.5596316070868229,0.0
2025-01-01 01:00:00+00:00,16.517410266468467,56.90561263108904,1012.5341306162262,23.671353622866143,,54.84,23.84,source,bdg2_2,1,1,1,1,0,0.2619100946046172,-0.30775535890608113,-0.5328189230061248,-0.2730225128985708,0.0
2025-01-01 02:00:00+00:00,18.39658844818088,52.33592126592495,1012.3011920046868,23.396406942349167,,54.84,23.84,source,bdg2_2,1,1,1,1,0,0.6391895944520688,-0.8345907890214673,-0.6437069677199266,-0.35136142800206566,0.0
2025-01-01 03:00:00+00:00,20.19731625741426,50.47021085005846,1013.2824966100752,20.7392622484035,,54.84,23.84,source,bdg2_2,1,1,1,1,0,1.0007187425873887,-1.0496867924204816,-0.17656694210959445,-1.157444931063716,0.0
2025-01-01 04:00:00+00:00,20.993140498318024,49.98275918770979,1013.6236846270637,20.168896107461777,,54.84,23.84,source,bdg2_2,1,1,1,1,0,1.160495061031575,-1.1058846372359157,-0.014147874555310365,-1.3432939217953088,0.0
2025-01-01 05:00:00+00:00,21.656578595529886,49.18306541123115,1013.2280715959904,19.61481375309725,,54.84,23.84,source,bdg2_2,1,1,1,1,0,1.293692432058812,-1.1980805824376972,-0.20247541368286104,-1.5286955504435011,0.0
2025-01-01 06:00:00+00:00,22.04092510429867,48.74214337289101,1013.4555879262488,20.79653079865309,,54.84,23.84,source,bdg2_2,1,1,1,1,0,1.3708570458285732,-1.2489140705561972,-0.09416859054144719,-1.1390545493464226,0.0
2025-01-01 07:00:00+00:00,21.72644872602545,47.399776289074936,1013.8236648389308,18.713680574526595,,54.84,23.84,source,bdg2_2,1,1,1,1,0,1.3077201427592526,-1.4036743122141329,0.08105066092510003,-1.8411379984172538,0.0
2025-01-01 08:00:00+00:00,20.144228305845644,50.11623284900259,1012.996103853349,19.867925897876145,,54.84,23.84,source,bdg2_2,1,1,1,1,0,0.9900603622322688,-1.0904965840530845,-0.31290128618282703,-1.443391096600452,0.0
2025-01-01 09:00:00+00:00,20.449082762755527,52.01225972215361,1013.565853751834,21.44947566540533,,54.84,23.84,source,bdg2_2,1,1,1,1,0,1.051265488041264,-0.8719054247372348,-0.04167767150879358,-0.9327281845878537,0.0
2025-01-01 10:00:00+00:00,17.7830521359585,52.29121452888656,1014.012114024814,23.087449551426594,,54.84,23.84,source,bdg2_2,1,1,1,1,0,0.5160109223782069,-0.8397449867898826,0.1707599693664644,-0.4404512465682387,0.0
2025-01-01 11:00:00+00:00,16.79486855521732,56.76773005811131,1013.874503907824,23.780423017017505,,54.84,23.84,source,bdg2_2,1,1,1,1,0,0.31761493698007925,-0.32365171138053983,0.10525207994867848,-0.24218761817105824,0.0
2025-01-01 12:00:00+00:00,15.398008907736918,61.65562203519234,1014.473037922863,25.12197818894065,,54.84,23.84,source,bdg2_2,1,1,1,1,0,0.03716973264173591,0.2398687687406728,0.3901780790509735,0.12635831017646945,0.0
2025-01-01 13:00:00+00:00,13.365853023184224,63.89386885324381,1014.1609176977864,25.92498330955611,,54.84,23.84,source,bdg2_2,1,1,1,1,0,-0.3708228479433816,0.4979141444266081,0.241596436679028,0.33800512736363564,0.0
2025-01-01 14:00:00+00:00,11.168277512988666,65.05680086029491,1015.4415147681616,28.284937722295258,,54.84,23.84,source,bdg2_2,1,1,1,1,0,-0.8120264535578666,0.6319874844338315,0.8512115806075136,0.9253142901522194,0.0
2025-01-01 15:00:00+00:00,9.707882678857365,68.54875654310014,1014.7498408308712,28.44557547341148,,54.84,23.84,source,bdg2_2,1,1,1,1,0,-1.1052275123839002,1.034571778882894,0.5219472736781485,0.9635532144663234,0.0
2025-01-01 16:00:00+00:00,8.455944976553663,72.56209780899609,1014.0957478716748,30.198467400082382,,54.84,23.84,source,bdg2_2,1,1,1,1,0,-1.3565769771456155,1.4972661280322694,0.21057300718360086,1.3677647934613582,0.0
2025-01-01 17:00:00+00:00,8.26553769414876,70.37090220812449,1014.700708499446,27.979129998664323,,54.84,23.84,source,bdg2_2,1,1,1,1,0,-1.3948047327528952,1.244645243030624,0.49855832957839374,0.8519351868442419,0.0
2025-01-01 18:00:00+00:00,8.137486284720252,73.09269690985523,1014.6054389283938,30.297857928006685,,54.84,23.84,source,bdg2_2,1,1,1,1,0,-1.4205134027311328,1.5584384005518008,0.453206224210874,1.3899984885383998,0.0
2025-01-01 19:00:00+00:00,6.98907207862115,70.79401660331449,1014.2881614387684,30.75492173494177,,54.84,23.84,source,bdg2_2,1,1,1,1,0,-1.6510786261416956,1.2934257046778255,0.30216951877266995,1.4913431710933607,0.0
2025-01-01 20:00:00+00:00,9.034978767129436,70.32144847766219,1014.9459038642908,29.08723863303588,,54.84,23.84,source,bdg2_2,1,1,1,1,0,-1.2403253193575654,1.2389437688440885,0.6152810764035631,1.1142445479210377,0.0
2025-01-01 21:00:00+00:00,10.442783770768552,66.92265216691023,1015.5874469071872,29.23512280081332,,54.84,23.84,source,bdg2_2,1,1,1,1,0,-0.9576826339408453,0.8470997309950903,0.9206810835400968,1.1485185628304952,0.0
2025-01-01 22:00:00+00:00,12.01537716553132,65.4780949973588,1015.7398985757446,28.500785925774466,,54.84,23.84,source,bdg2_2,1,1,1,1,0,-0.641955655406618,0.6805580902294749,0.9932541418577691,0.9766476021282275,0.0
2025-01-01 23:00:00+00:00,13.413065530239328,64.79013315992333,1015.053264347595,26.22094733354894,,54.84,23.84,source,bdg2_2,1,1,1,1,0,-0.36134407087921716,0.6012436154508767,0.6663889369443896,0.41442357130211316,0.0
2025-01-02 00:00:00+00:00,15.673799789814463,63.02608557032971,1014.5221770566149,25.937043436892587,,54.84,23.84,source,bdg2_2,1,1,1,1,0,0.09253981253372764,0.397868223910798,0.41357026132879154,0.34113545628272346,0.0
2025-01-02 01:00:00+00:00,16.182675355950273,57.20960871094522,1015.1198442880492,23.911593815205205,,54.84,23.84,source,bdg2_2,1,1,1,1,0,0.1947059194759425,-0.27270793607456806,0.6980836369571202,-0.20528371429520748,0.0
2025-01-02 02:00:00+00:00,18.350880675301937,54.591110177610446,1015.8035886682608,22.15184418437389,,54.84,23.84,source,bdg2_2,1,1,1,1,0,0.630012920383198,-0.5745921752558715,1.0235731593022417,-0.7173792459868686,0.0
2025-01-02 03:00:00+00:00,20.284029166311903,51.08335518600496,1015.882582326106,22.641920487957567,,54.84,23.84,source,bdg2_2,1,1,1,1,0,1.0181279500896854,-0.9789979571932936,1.06117728257471,-0.5709552143133788,0.0
2025-01-02 04:00:00+00:00,21.14472036838118,49.95736410913677,1014.6967151861412,19.89798250281396,,54.84,23.84,source,bdg2_2,1,1,1,1,0,1.190927501191271,-1.1088124120184366,0.4966573536029021,-1.4333301503140021,0.0
2025-01-02 05:00:00+00:00,21.450152494795653,48.182900663323615,1014.9523347370656,18.869304789797173,,54.84,23.84,source,bdg2_2,1,1,1,1,0,1.2522486047526102,-1.3133886378497044,0.6183424276457913,-1.7861723152047086,0.0
2025-01-02 06:00:00+00:00,21.96144652156629,48.31173790096949,1016.1960045678438,21.43275642662214,,54.84,23.84,source,bdg2_2,1,1,1,1,0,1.3549002620420931,-1.2985351135991436,1.2103787366678593,-0.9379360869962777,0.0
2025-01-02 07:00:00+00:00,22.025610033781124,47.857292122295206,1016.0955471972946,19.37202412028979,,54.84,23.84,source,bdg2_2,1,1,1,1,0,1.3677822644154969,-1.3509277410525276,1.1625570323841894,-1.6115110389924692,0.0
2025-01-02 08:00:00+00:00,21.16908669011505,52.2926590488963,1016.5294082120204,20.367487578812653,,54.84,23.84,source,bdg2_2,1,1,1,1,0,1.1958194873617896,-0.8395784494332375,1.3690921331239518,-1.2780223684428473,0.0
2025-01-02 09:00:00+00:00,20.43492932054044,50.932843094972384,1015.5240969857314,19.85512872634656,,54.84,23.84,source,bdg2_2,1,1,1,1,0,1.0484239248238998,-0.9963503549550329,0.8905240010513507,-1.4476791350647271,0.0
2025-01-02 10:00:00+00:00,18.76844508155458,54.45891117624883,1016.3589654259443,23.30592214743644,,54.84,23.84,source,bdg2_2,1,1,1,1,0,0.7138466365673323,-0.5898332740911467,1.2879545872330596,-0.37733592458688336,0.0
2025-01-02 11:00:00+00:00,16.661973148795457,58.18882387341542,1016.8381428561792,26.007188536366247,,54.84,23.84,source,bdg2_2,1,1,1,1,0,0.2909337457259455,-0.15981513871231703,1.5160621043104643,0.3593145961074819,0.0
2025-01-02 12:00:00+00:00,15.38622790228283,60.43271383239809,1016.1191157800166,25.083389668652675,,54.84,23.84,source,bdg2_2,1,1,1,1,0,0.0348044796345048,0.09888082939707017,1.173776615249572,0.11602442079566035,0.0
2025-01-02 13:00:00+00:00,12.900482242620866,65.47176564402828,1016.3289526546876,26.44059192521292,,54.84,23.84,source,bdg2_2,1,1,1,1,0,-0.46425457093974387,0.6798283850223238,1.273667314294006,0.4706009872190958,0.0
2025-01-02 14:00:00+00:00,12.24381048417316,67.25959721316923,1015.3383533726084,28.73663876665428,,54.84,23.84,source,bdg2_2,1,1,1,1,0,-0.5960934753087455,0.8859458092498166,0.8021026528636593,1.0323107805152527,0.0
2025-01-02 15:00:00+00:00,9.845536900736686,66.50890831692645,1016.1260663304262,28.22533700559928,,54.84,23.84,source,bdg2_2,1,1,1,1,0,-1.0775909016101441,0.7993995907130845,1.177085353717217,0.9110732976061167,0.0
2025-01-02 16:00:00+00:00,8.565585770980801,72.76762578292318,1016.0214724792615,29.277903030765216,,54.84,23.84,source,bdg2_2,1,1,1,1,0,-1.3345645759337976,1.520961255315933,1.1272945201234181,1.158402161029443,0.0
2025-01-02 17:00:00+00:00,8.11283664316302,71.0016364161146,1016.0922917161946,29.50848538828151,,54.84,23.84,source,bdg2_2,1,1,1,1,0,-1.4254622705546496,1.3173619981025546,1.1610072938869924,1.2114347197448412,0.0
2025-01-02 18:00:00+00:00,9.619171598376187,70.41843744613392,1016.058621591056,29.529726722434088,,54.84,23.84,source,bdg2_2,1,1,1,1,0,-1.1230378894947959,1.2501255360222354,1.1449789750212633,1.2162999205338096,0.0
2025-01-02 19:00:00+00:00,7.887248945280902,70.58920214076466,1016.0117296412106,30.76082384211081,,54.84,23.84,source,bdg2_2,1,1,1,1,0,-1.4707531400724867,1.2698128374514153,1.1226565416694072,1.4926422826792298,0.0
2025-01-02 20:00:00+00:00,9.53507537985474,71.43726713251193,1015.7797705063228,31.25186518683904,,54.84,23.84,source,bdg2_2,1,1,1,1,0,-1.1399217483920514,1.3675854546786916,1.0122347668025258,1.599888324379588,0.0
2025-01-02 21:00:00+00:00,10.93911932992324,71.13001879956293,1015.745410049828,29.15696854867452,,54.84,23.84,source,bdg2_2,1,1,1,1,0,-0.8580341634888592,1.3321630826394348,0.9958778227518855,1.1304262724772776,0.0
2025-01-02 22:00:00+00:00,11.855127141237206,66.87739909962544,1016.2508698766848,28.049022707734377,,54.84,23.84,source,bdg2_2,1,1,1,1,0,-0.6741287881114322,0.8418825473251453,1.2364968060586836,0.868774101780056,0.0
2025-01-02 23:00:00+00:00,13.03705095385472,64.91680408698056,1016.6365327278156,26.93037915553053,,54.84,23.84,source,bdg2_2,1,1,1,1,0,-0.4368358963454233,0.6158473877861481,1.4200876637444133,0.5942690077396573,0.0
2025-01-03 00:00:00+00:00,15.027648676749523,60.60872567536968,1016.549012378039,24.87251838907808,,54.84,23.84,source,bdg2_2,1,1,1,1,0,-0.037186879237921834,0.11917306963548938,1.3784244959455894,0.05928228973804501,0.0
2025-01-03 01:00:00+00:00,17.161451149018284,55.7912957687273,1016.0873855285477,22.431242953967374,,54.84,23.84,source,bdg2_2,1,1,1,1,0,0.3912131188810518,-0.43622390449375337,1.1586717534131565,-0.6335255528869596,0.0
2025-01-03 02:00:00+00:00,17.93154308896527,57.13272270682363,1015.9325418259784,23.6037148180302,,54.84,23.84,source,bdg2_2,1,1,1,1,0,0.5458232057622207,-0.2815720513537838,1.0849599917577102,-0.2922131647075403,0.0
2025-01-03 03:00:00+00:00,18.61132678013208,51.15817093025799,1015.743758361046,20.90622755351715,,54.84,23.84,source,bdg2_2,1,1,1,1,0,0.6823022546910246,-0.9703725202319656,0.995091553192285,-1.103962671622267,0.0
2025-01-03 04:00:00+00:00,21.13200561060832,48.30817727692949,1016.420551817643,21.32880586907114,,54.84,23.84,source,bdg2_2,1,1,1,1,0,1.1883747802732074,-1.2989456146040674,1.3172721594092769,-0.9704031595654099,0.0
2025-01-03 05:00:00+00:00,21.18930291402437,49.135872161042194,1015.906946719159,21.78125234593734,,54.84,23.84,source,bdg2_2,1,1,1,1,0,1.199878265246472,-1.2035214479743455,1.0727757028126974,-0.8301769641857644,0.0
2025-01-03 06:00:00+00:00,22.527934301091523,46.32252024468068,1015.3143189427346,20.994435002355907,,54.84,23.84,source,bdg2_2,1,1,1,1,0,1.4686330779128136,-1.5278701508695225,0.7906613082239936,-1.075872426095767,0.0
2025-01-03 07:00:00+00:00,21.100724094847727,49.30874314719384,1015.3131721470168,20.679315941406983,,54.84,23.84,source,bdg2_2,1,1,1,1,0,1.1820944420192414,-1.1835913141718841,0.7901153878460787,-1.1767471783769776,0.0
2025-01-03 08:00:00+00:00,21.33131023615696,50.16949564020343,1015.2246675910254,20.703410848392693,,54.84,23.84,source,bdg2_2,1,1,1,1,0,1.2283888407683934,-1.084355966827739,0.7479836987401696,-1.1689823972739941,0.0
2025-01-03 09:00:00+00:00,20.55985870744418,51.237818876874414,1015.7635097788342,23.113213889141107,,54.84,23.84,source,bdg2_2,1,1,1,1,0,1.0735057914962456,-0.9611899831938291,1.004494013713441,-0.43297838783169446,0.0
2025-01-03 10:00:00+00:00,19.45476434577629,56.33203421202375,1015.550105159515,22.602803356902324,,54.84,23.84,source,bdg2_2,1,1,1,1,0,0.8516378217040615,-0.3738826766975565,0.9029049263019528,-0.5825305752967143,0.0
2025-01-03 11:00:00+00:00,16.723433253483332,56.12607008513881,1015.331818232688,22.29493880287609,,54.84,23.84,source,bdg2_2,1,1,1,1,0,0.30327298943517345,-0.39762808764652385,0.7989916663126738,-0.6743077654815416,0.0
2025-01-03 12:00:00+00:00,15.289012471867602,59.573047270866375,1015.9111268828042,26.0500034382632,,54.84,23.84,source,bdg2_2,1,1,1,1,0,0.01528669823333442,-0.00022932192583317458,1.074765626982562,0.3703875202780477,0.0
2025-01-03 13:00:00+00:00,13.884774561068392,61.940614453333694,1015.1605774898968,25.56388240284372,,54.84,23.84,source,bdg2_2,1,1,1,1,0,-0.26663982784541246,0.2727252772426938,0.7174742612849795,0.24362239357177198,0.0
2025-01-03 14:00:00+00:00,10.720452418763111,64.99469554634508,1014.8027853074112,28.63060517736339,,54.84,23.84,source,bdg2_2,1,1,1,1,0,-0.9019355580870572,0.6248274210569836,0.5471509504886057,1.0073408231489962,0.0
2025-01-03 15:00:00+00:00,8.680681662212272,69.25075384147854,1014.9945106831436,28.077871238250644,,54.84,23.84,source,bdg2_2,1,1,1,1,0,-1.3114569639463403,1.1155043887852576,0.6384198556155017,0.8757126303200444,0.0
2025-01-03 16:00:00+00:00,8.78480392514019,71.09094117904966,1014.9915303880416,31.708366639690738,,54.84,23.84,source,bdg2_2,1,1,1,1,0,-1.2905525091890842,1.3276578604338527,0.637001116599462,1.6981360513040538,0.0
2025-01-03 17:00:00+00:00,8.336942098343627,70.88484495065283,1014.692024549422,29.6134534500287,,54.84,23.84,source,bdg2_2,1,1,1,1,0,-1.3804689884558876,1.30389721962552,0.49442442394463687,1.2354441164238195,0.0
2025-01-03 18:00:00+00:00,8.795278364956717,72.81467058217007,1015.558988133904,28.735789026010345,,54.84,23.84,source,bdg2_2,1,1,1,1,0,-1.2884495732069516,1.5263850060827506,0.9071335754499942,1.0321110283535646,0.0
2025-01-03 19:00:00+00:00,7.994948092611258,71.69555271983714,1014.6812064737006,30.53260207239468,,54.84,23.84,source,bdg2_2,1,1,1,1,0,-1.4491305601414197,1.3973629577127928,0.489274589589676,1.4422317703344998,0.0
2025-01-03 20:00:00+00:00,9.463572532201695,69.84311995526005,1013.2539350490472,28.40730783175414,,54.84,23.84,source,bdg2_2,1,1,1,1,0,-1.1542772570195658,1.1837977222735805,-0.19016338125483023,0.9544627770915318,0.0
2025-01-03 21:00:00+00:00,9.449998379727258,69.35906220921147,1015.6178312195116,28.87860872454757,,54.84,23.84,source,bdg2_2,1,1,1,1,0,-1.1570025171924685,1.127991158884145,0.9351452248061423,1.0656043751377946,0.0
2025-01-03 22:00:00+00:00,12.409886543104916,66.50702536767551,1015.0614873781024,27.824113062376064,,54.84,23.84,source,bdg2_2,1,1,1,1,0,-0.5627506592521477,0.7991825072605636,0.6703034265541391,0.8144423113800091,0.0
2025-01-03 23:00:00+00:00,13.56595385138768,61.71533983016628,1014.246758496058,27.80220679715285,,54.84,23.84,source,bdg2_2,1,1,1,1,0,-0.33064893515621485,0.24675357729480793,0.2824600711537706,0.8091277400427861,0.0
2025-01-04 00:00:00+00:00,15.464854602343287,57.96721435932651,1014.8392090632713,26.231669344536748,,54.84,23.84,source,bdg2_2,1,1,1,1,0,0.05059023234393296,-0.18536429167321963,0.5644901071091357,0.4171763941446845,0.0
2025-01-04 01:00:00+00:00,16.67393218389977,57.39523681236899,1013.9126458924712,24.0143020365581,,54.84,23.84,source,bdg2_2,1,1,1,1,0,0.29333474145201405,-0.2513070464213596,0.12340918181808268,-0.1765229304116973,0.0
2025-01-04 02:00:00+00:00,18.578558164212524,53.422045628155686,1014.075759371534,21.957462633094167,,54.84,23.84,source,bdg2_2,1,1,1,1,0,0.6757233537942728,-0.7093725303231403,0.20105768603212748,-0.7763164850403466,0.0
2025-01-04 03:00:00+00:00,20.294232360675256,50.54837914633807,1014.1678584380276,21.74527638939936,,54.84,23.84,source,bdg2_2,1,1,1,1,0,1.0201764285701795,-1.040674842881439,0.2449005051162842,-0.8412245826307898,0.0
2025-01-04 04:00:00+00:00,20.668103617110773,49.00947733997537,1014.0405223193884,22.0442976658126,,54.84,23.84,source,bdg2_2,1,1,1,1,0,1.0952379432301647,-1.2180933883090308,0.18428344758329515,-0.749926338519279,0.0
2025-01-04 05:00:00+00:00,21.44122955589941,48.223107807332994,1013.683330913502,18.41696395551091,,54.84,23.84,source,bdg2_2,1,1,1,1,0,1.250457161047748,-1.308753193939997,0.014246130345280767,-1.9471497373240079,0.0
2025-01-04 06:00:00+00:00,21.926056515533933,49.12788132208083,1014.0582222233631,19.51996526358932,,54.84,23.84,source,bdg2_2,1,1,1,1,0,1.347795068981944,-1.2044427043010384,0.19270930592601573,-1.5609316719590678,0.0
2025-01-04 07:00:00+00:00,22.02933566620343,48.03561235196495,1013.7365007027752,21.10634577651897,,54.84,23.84,source,bdg2_2,1,1,1,1,0,1.368530253483581,-1.330369369077452,0.03955706497900983,-1.0403953909785149,0.0
2025-01-04 08:00:00+00:00,20.730301823948995,50.32730053335056,1012.6272074178892,21.64521159414964,,54.84,23.84,source,bdg2_2,1,1,1,1,0,1.107725374489051,-1.0661627887524632,-0.4885106630898769,-0.8720449582204394,0.0
2025-01-04 09:00:00+00:00,19.176847044730724,51.41912204368965,1013.2410715988487,22.32613648417649,,54.84,23.84,source,bdg2_2,1,1,1,1,0,0.7958408241879041,-0.9402877111939005,-0.19628689521995302,-0.6649523978128171,0.0
2025-01-04 10:00:00+00:00,19.39459271272732,53.71797713186994,1013.2284845859853,21.441353017060017,,54.84,23.84,source,bdg2_2,1,1,1,1,0,0.8395572623177063,-0.6752548649086858,-0.20227881401776748,-0.9352578366917447,0.0
2025-01-04 11:00:00+00:00,17.094320670266022,58.391137315405565,1013.7004590841487,22.70982004760761,,54.84,23.84,source,bdg2_2,1,1,1,1,0,0.3777354435362402,-0.13649061179972682,0.02239982088198224,-0.550908090518837,0.0
2025-01-04 12:00:00+00:00,14.563255445624256,61.35692928556889,1013.4695863359452,22.950006771492976,,54.84,23.84,source,bdg2_2,1,1,1,1,0,-0.13042234124814242,0.20543276187600212,-0.08750479070987759,-0.480451604472887,0.0
2025-01-04 13:00:00+00:00,12.77998595169391,59.81348957067584,1012.7922346225088,26.4357842682709,,54.84,23.84,source,bdg2_2,1,1,1,1,0,-0.48844641225463653,0.027491045231501973,-0.4099511493883319,0.4693761769727973,0.0
2025-01-04 14:00:00+00:00,11.67456697624568,66.67810382997045,1013.1044408753928,27.399272391356693,,54.84,23.84,source,bdg2_2,1,1,1,1,0,-0.7103795542193593,0.818905982669367,-0.26132855435809466,0.7106461525955053,0.0
2025-01-04 15:00:00+00:00,9.294311629317658,68.80593458054817,1013.0396901110788,27.12307506079856,,54.84,23.84,source,bdg2_2,1,1,1,1,0,-1.1882594889362998,1.0642215935307806,-0.2921524937687898,0.6423299831253956,0.0
2025-01-04 16:00:00+00:00,8.453930247305816,72.1941179601893,1013.3679491681823,28.86506842622104,,54.84,23.84,source,bdg2_2,1,1,1,1,0,-1.3569814710091315,1.4548420765092722,-0.13588812539617068,1.0624358507429894,0.0
2025-01-04 17:00:00+00:00,7.586365459229573,70.69357372847378,1012.0277875197888,29.372401450978764,,54.84,23.84,source,bdg2_2,1,1,1,1,0,-1.531161020620759,1.2818457398749223,-0.7738583777672048,1.180184909579815,0.0
2025-01-04 18:00:00+00:00,8.41138051939855,69.11686916296112,1011.3106626352236,31.94295389355845,,54.84,23.84,source,bdg2_2,1,1,1,1,0,-1.3655241096049404,1.100068949812225,-1.1152383479641237,1.7480915797798076,0.0
2025-01-04 19:00:00+00:00,7.836301133643849,73.36659659062371,1011.3009173983892,30.688233066825184,,54.84,23.84,source,bdg2_2,1,1,1,1,0,-1.4809818480682522,1.5900160377695274,-1.1198774683345079,1.4766475414921478,0.0
2025-01-04 20:00:00+00:00,8.23085210248861,68.91127852500881,1011.4174043798696,29.874852849384823,,54.84,23.84,source,bdg2_2,1,1,1,1,0,-1.4017685017029633,1.076366598051886,-1.064425031636228,1.2948781814613686,0.0
2025-01-04 21:00:00+00:00,9.529655751276332,66.98764739197507,1012.3459894942434,30.10342920354339,,54.84,23.84,source,bdg2_2,1,1,1,1,0,-1.1410098382705522,0.8545929695130172,-0.622381580776996,1.3464383704276361,0.0
2025-01-04 22:00:00+00:00,11.714660592283716,66.39156200464701,1012.293901628944,29.167778232658893,,54.84,23.84,source,bdg2_2,1,1,1,1,0,-0.7023300251469635,0.7858708444670081,-0.6471774765634318,1.132931448572107,0.0
2025-01-04 23:00:00+00:00,13.064107187385442,61.63905806334442,1012.7218711795274,27.70899637903206,,54.84,23.84,source,bdg2_2,1,1,1,1,0,-0.4314038610261729,0.23795912396697103,-0.4434469471007443,0.7864691361679723,0.0
2025-01-05 00:00:00+00:00,14.392935393739982,61.2198921910872,1011.9021067859518,24.928989136082595,,54.84,23.84,source,bdg2_2,1,1,1,1,0,-0.1646172167603383,0.18963388382410723,-0.8336874062879879,0.07452288991955151,0.0
2025-01-05 01:00:00+00:00,16.2355458809025,54.77792356364234,1011.3244123263572,23.633865157336828,,54.84,23.84,source,bdg2_2,1,1,1,1,0,0.20532064744839656,-0.5530546352522502,-1.1086929480617627,-0.28365232583467004,0.0
2025-01-05 02:00:00+00:00,19.320524599361388,51.90161252002041,1012.0091115793692,22.71290878678855,,54.84,23.84,source,bdg2_2,1,1,1,1,0,0.8246867295298688,-0.8846618368597886,-0.7827488682815691,-0.5499975160671141,0.0
2025-01-05 03:00:00+00:00,20.357710222296543,54.54858228707218,1011.1821178299936,21.602373783214023,,54.84,23.84,source,bdg2_2,1,1,1,1,0,1.032920774006354,-0.5794951758555243,-1.1764307883924074,-0.8852808362185263,0.0
2025-01-05 04:00:00+00:00,20.22132823860665,48.60294212812055,1012.0908998614308,22.694538884515254,,54.84,23.84,source,bdg2_2,1,1,1,1,0,1.0055395883926306,-1.264962451464435,-0.7438143927200954,-0.5554147932485305,0.0
2025-01-05 05:00:00+00:00,21.84507034148135,48.33059027974974,1011.4489539354844,20.467397467724176,,54.84,23.84,source,bdg2_2,1,1,1,1,0,1.3315356085760797,-1.2963616405372411,-1.049406188213953,-1.2454137482811853,0.0
2025-01-05 06:00:00+00:00,23.12627653038043,46.48438507694955,1010.2870535366808,19.25501349997341,,54.84,23.84,source,bdg2_2,1,1,1,1,0,1.5887612590510274,-1.5092089062220162,-1.6025169950657214,-1.651776445721125,0.0
2025-01-05 07:00:00+00:00,21.072603235615865,48.5792225915034,1011.0713096300718,18.67709655755966,,54.84,23.84,source,bdg2_2,1,1,1,1,0,1.176448663556334,-1.2676970545868904,-1.2291798991833256,-1.8541222741552745,0.0
2025-01-05 08:00:00+00:00,21.045706882248428,49.16702973508615,1011.079417536168,20.02893552580006,,54.84,23.84,source,bdg2_2,1,1,1,1,0,1.1710487271134045,-1.1999293204954666,-1.2253202133726195,-1.3896640140916325,0.0
2025-01-05 09:00:00+00:00,19.74949378619389,51.08290143483502,1011.5431358163736,20.329407892438223,,54.84,23.84,source,bdg2_2,1,1,1,1,0,0.9108101646746172,-0.9790502697399572,-1.0045718666291703,-1.2904909756517278,0.0
2025-01-05 10:00:00+00:00,18.20875321716675,54.09726187146468,1010.7645343394972,23.656329143421644,,54.84,23.84,source,bdg2_2,1,1,1,1,0,0.6014782253544539,-0.6315274831332157,-1.3752171401263684,-0.2772807466408495,0.0
2025-01-05 11:00:00+00:00,16.660066455780328,57.41389444284395,1010.742463982521,22.852023700384624,,54.84,23.84,source,bdg2_2,1,1,1,1,0,0.29055094211843696,-0.24915602570885817,-1.3857235079417018,-0.5091082977591241,0.0
2025-01-05 12:00:00+00:00,14.84630329802426,59.956883841473335,1010.254987619558,27.5962535922784,,54.84,23.84,source,bdg2_2,1,1,1,1,0,-0.07359529141029376,0.044022836176417786,-1.61778164710514,0.7589638809850822,0.0
2025-01-05 13:00:00+00:00,13.299989914887249,64.67417960923622,1011.419091707838,28.29847182929418,,54.84,23.84,source,bdg2_2,1,1,1,1,0,-0.3840460754151042,0.5878754393820633,-1.0636217964062677,0.9285440909199097,0.0
2025-01-05 14:00:00+00:00,10.598447800567884,65.03847844299804,1009.820646719638,27.009355982077984,,54.84,23.84,source,bdg2_2,1,1,1,1,0,-0.9264302237764116,0.6298751101341276,-1.8245451922858253,0.6140068796265338,0.0
2025-01-05 15:00:00+00:00,9.87197222965966,66.27760132748898,1011.014996340624,29.81029228651658,,54.84,23.84,source,bdg2_2,1,1,1,1,0,-1.0722835242834907,0.7727324249176087,-1.255987264939514,1.2802460484681055,0.0
2025-01-05 16:00:00+00:00,8.584213294675973,71.41306692769392,1010.828949208944,29.991682795230048,,54.84,23.84,source,bdg2_2,1,1,1,1,0,-1.330824758767175,1.3647954357703311,-1.3445531000334052,1.3212791377639581,0.0
2025-01-05 17:00:00+00:00,7.559468485495602,75.25917697979091,1011.391260690697,29.34039374270609,,54.84,23.84,source,bdg2_2,1,1,1,1,0,-1.5365610816136532,1.808209855180441,-1.076870467602371,1.1728144400296456,0.0
2025-01-05 18:00:00+00:00,7.768407932312455,70.00384617675002,1010.6045112824922,29.99680742917122,,54.84,23.84,source,bdg2_2,1,1,1,1,0,-1.4946126539655455,1.2023276975526542,-1.451394480512908,1.3224349107908029,0.0
2025-01-05 19:00:00+00:00,8.479522310917698,70.95945807230454,1009.6191397905416,28.868708763574634,,54.84,23.84,source,bdg2_2,1,1,1,1,0,-1.351843394666229,1.3124992964172464,-1.9204705058957825,1.0632878562834507,0.0
2025-01-05 20:00:00+00:00,8.629184737772295,70.61614591847264,1010.0935986069294,30.10905284742463,,54.84,23.84,source,bdg2_2,1,1,1,1,0,-1.3217959164126212,1.272919160304186,-1.694609236702291,1.3477021200762938,0.0
2025-01-05 21:00:00+00:00,10.389334147629649,69.8863142879687,1010.3166570673086,30.391504833016903,,54.84,23.84,source,bdg2_2,1,1,1,1,0,-0.9684136264997862,1.1887775563657879,-1.5884245369444665,1.410882823998453,0.0
2025-01-05 22:00:00+00:00,12.571992956674954,65.26291349065963,1009.604476947608,28.266948467267632,,54.84,23.84,source,bdg2_2,1,1,1,1,0,-0.5302048223384622,0.6557500162096528,-1.9274506023774578,0.9210189944602007,0.0
2025-01-05 23:00:00+00:00,13.481938207171956,64.30961856237343,1009.853340696752,25.2697948131314,,54.84,23.84,source,bdg2_2,1,1,1,1,0,-0.347516617283189,0.545845538327602,-1.808981558708201,0.16580241464543835,0.0
2025-01-06 00:00:00+00:00,14.921675757960308,62.60483493668286,1009.9741224432138,25.69608236948172,,54.84,23.84,source,bdg2_2,1,1,1,1,0,-0.05846288711586362,0.3493026335832885,-1.7514846430455002,0.27832420349839315,0.0
2025-01-06 01:00:00+00:00,16.530281285572077,55.57455215236736,1009.6520386601584,21.454324335282163,,54.84,23.84,source,bdg2_2,1,1,1,1,0,0.26449418785197065,-0.46121207267076414,-1.9048093353367528,-0.9312185901502753,0.0
2025-01-06 02:00:00+00:00,18.17225918301347,55.32516326808046,1010.0551677447284,21.653992445194863,,54.84,23.84,source,bdg2_2,1,1,1,1,0,0.5941513783919066,-0.48996388315864114,-1.7129038557779999,-0.8693349737103576,0.0
2025-01-06 03:00:00+00:00,19.922953134844185,51.90443894777304,1010.4350295430594,20.7331328804796,,54.84,23.84,source,bdg2_2,1,1,1,1,0,0.9456353116135905,-0.884335980655998,-1.5320745299740088,-1.159416095657542,0.0
2025-01-06 04:00:00+00:00,21.05838428411985,50.10702603843016,1010.535126585016,19.41919491801656,,54.84,23.84,source,bdg2_2,1,1,1,1,0,1.1735939481488342,-1.091558028605969,-1.484424356433237,-1.5953441113643756,0.0
2025-01-06 05:00:00+00:00,21.608573636512585,45.71063239390983,1009.5822730379236,20.507505110933515,,54.84,23.84,source,bdg2_2,1,1,1,1,0,1.2840545557230294,-1.5984141270996686,-1.9380205465941953,-1.2323660732297494,0.0
2025-01-06 06:00:00+00:00,22.854603848649727,47.64272247067743,1009.7992027773452,19.000537714774364,,54.84,23.84,source,bdg2_2,1,1,1,1,0,1.5342179834409546,-1.375665274874071,-1.8347533617949405,-1.7401550694981867,0.0
2025-01-06 07:00:00+00:00,21.078085933421228,47.116316209150895,1010.3124566396629,18.074504164773764,,54.84,23.84,source,bdg2_2,1,1,1,1,0,1.1775494157393638,-1.4363541588807494,-1.5904241075846446,-2.071537407829615,0.0
2025-01-06 08:00:00+00:00,20.95914862935136,48.58295808921367,1009.485634068368,20.907756659469165,,54.84,23.84,source,bdg2_2,1,1,1,1,0,1.1536705696409097,-1.2672663925605911,-1.9840245401200598,-1.1034747550204853,0.0
2025-01-06 09:00:00+00:00,19.5536143151,49.883314447730505,1009.7270752975452,19.919978962914566,,54.84,23.84,source,bdg2_2,1,1,1,1,0,0.8714837667822448,-1.1173495280071148,-1.8690889112012643,-1.4259763684825317,0.0
2025-01-06 10:00:00+00:00,17.677690595219573,52.80500637549913,1009.4609224660207,23.391121190677914,,54.84,23.84,source,bdg2_2,1,1,1,1,0,0.49485765986165525,-0.7805104068435427,-1.9957882457930656,-0.3528761003844259,0.0
2025-01-06 11:00:00+00:00,16.770776908518016,55.14808661187555,1009.999286143386,24.407037701664947,,54.84,23.84,source,bdg2_2,1,1,1,1,0,0.3127780968625911,-0.5103788847157011,-1.7395057208246483,-0.06762603253660646,0.0
2025-01-06 12:00:00+00:00,15.288200945433903,62.57198263991002,1009.6738904038732,26.282932454837287,,54.84,23.84,source,bdg2_2,1,1,1,1,0,0.015123769411576851,0.3455151231110187,-1.8944070361296372,0.430322980565275,0.0
2025-01-06 13:00:00+00:00,13.003715031309046,63.22033949771006,1009.672998080578,25.255924915879284,,54.84,23.84,source,bdg2_2,1,1,1,1,0,-0.4435286944565235,0.4202635769456199,-1.894831817512155,0.16211075200946787,0.0
2025-01-06 14:00:00+00:00,12.408388959733625,68.83693101239339,1010.2812184088968,28.33435634225538,,54.84,23.84,source,bdg2_2,1,1,1,1,0,-0.563051326592158,1.067795143076754,-1.6052947479953024,0.9371004111755034,0.0
2025-01-06 15:00:00+00:00,10.157643522760148,70.8582510969269,1009.2779560495092,30.165686040978844,,54.84,23.84,source,bdg2_2,1,1,1,1,0,-1.0149297705891422,1.300831239180335,-2.082887537924911,1.3604160560717447,0.0
2025-01-06 16:00:00+00:00,8.097761666626669,72.79088098903107,1011.2773379731505,28.077007771774337,,54.84,23.84,source,bdg2_2,1,1,1,1,0,-1.4284888486956664,1.5236423262096197,-1.1311022126691512,0.8755050529101998,0.0
2025-01-06 17:00:00+00:00,7.8841054674838436,71.5726483714556,1010.66763618498,27.660450694473944,,54.84,23.84,source,bdg2_2,1,1,1,1,0,-1.4713842509179602,1.3831934306991638,-1.421344516003569,0.7746389703183861,0.0
2025-01-06 18:00:00+00:00,7.921482261338183,72.9993167170558,1010.6899178524284,30.650194709772546,,54.84,23.84,source,bdg2_2,1,1,1,1,0,-1.4638801737482177,1.5476726857350893,-1.4107375559981539,1.4682514862360176,0.0
2025-01-06 19:00:00+00:00,8.01225681142404,70.97467464422326,1010.0656861824313,32.358757023698566,,54.84,23.84,source,bdg2_2,1,1,1,1,0,-1.4456555172528653,1.3142536007172676,-1.7078966610385358,1.8357693459823363,0.0
2025-01-06 20:00:00+00:00,8.422460167577015,70.75616612043564,1010.2434180623146,29.16639155794872,,54.84,23.84,source,bdg2_2,1,1,1,1,0,-1.363299666939558,1.2890619580187908,-1.623289216556379,1.132610132819078,0.0
2025-01-06 21:00:00+00:00,10.210788967651157,67.61276795598206,1010.4786234651737,28.08651971677909,,54.84,23.84,source,bdg2_2,1,1,1,1,0,-1.0042598473946431,0.9266625328369662,-1.5113220890080838,0.877791385258055,0.0
2025-01-06 22:00:00+00:00,11.86664722521428,65.39902146244295,1010.550083074159,27.50521394201162,,54.84,23.84,source,bdg2_2,1,1,1,1,0,-0.6718159198781972,0.6714417765773734,-1.4773044726754674,0.7366741697202641,0.0
2025-01-06 23:00:00+00:00,14.130749350271326,65.88674620037908,1009.9865087607792,25.49557990857659,,54.84,23.84,source,bdg2_2,1,1,1,1,0,-0.21725587567489513,0.7276711040210815,-1.7455882631926458,0.22562561708950907,0.0
2025-01-07 00:00:00+00:00,14.26944025577608,59.41653962733498,1010.5906290414772,24.268541840680463,,54.84,23.84,source,bdg2_2,1,1,1,1,0,-0.18941113164187204,-0.018272941310016468,-1.458002979431271,-0.1058345261447672,0.0
2025-01-07 01:00:00+00:00,16.967670764237273,56.06895511508605,1010.680602462634,21.80318797247643,,54.84,23.84,source,bdg2_2,1,1,1,1,0,0.35230815108081626,-0.4042128189575173,-1.4151720520793867,-0.8234494563209143,0.0
2025-01-07 02:00:00+00:00,18.800016119474936,52.48479203220721,1010.5563021965388,23.07870467319736,,54.84,23.84,source,bdg2_2,1,1,1,1,0,0.7201851017071319,-0.817427618050269,-1.4743439230440796,-0.4429894858636922,0.0
2025-01-07 03:00:00+00:00,19.21558813833343,53.00066551145786,1010.9947963970628,21.68581467702404,,54.84,23.84,source,bdg2_2,1,1,1,1,0,0.8036188095648167,-0.7579530486301134,-1.2656032415696608,-0.8595226514647066,0.0
2025-01-07 04:00:00+00:00,20.34204526841721,47.550068120110446,1010.9767190282334,20.33439239848286,,54.84,23.84,source,bdg2_2,1,1,1,1,0,1.0297757470886069,-1.3863473080208029,-1.2742087881976436,-1.2888576102377838,0.0
2025-01-07 05:00:00+00:00,21.453459554195017,48.170213035007485,1010.5778034400762,19.986916392559227,,54.84,23.84,source,bdg2_2,1,1,1,1,0,1.2529125576062035,-1.3148513826144883,-1.4641084758633005,-1.403645548142796,0.0
2025-01-07 06:00:00+00:00,22.25100948639136,46.608543965135205,1010.6903410579788,19.841474899112256,,54.84,23.84,source,bdg2_2,1,1,1,1,0,1.4130353402410087,-1.4948947444914047,-1.4105360933222675,-1.4522571215019404,0.0
2025-01-07 07:00:00+00:00,21.51075271087677,48.23046138039008,1011.2304240111235,18.4031487680532,,54.84,23.84,source,bdg2_2,1,1,1,1,0,1.2644152100464716,-1.3079054074015122,-1.153435124695031,-1.9521250545032462,0.0
2025-01-07 08:00:00+00:00,21.832892579218,49.24171838709577,1011.3283959900969,19.427993042169923,,54.84,23.84,source,bdg2_2,1,1,1,1,0,1.3290906993595462,-1.191318535879641,-1.1067965656631311,-1.5923328483281098,0.0
2025-01-07 09:00:00+00:00,19.79942074959115,50.994279574785146,1010.8612270477812,21.18832509265687,,54.84,23.84,source,bdg2_2,1,1,1,1,0,0.9208339186553358,-0.9892674008383341,-1.3291875648282638,-1.0145207655148474,0.0
2025-01-07 10:00:00+00:00,17.701344751820443,57.3357312230768,1011.5835029044588,22.9343230758629,,54.84,23.84,source,bdg2_2,1,1,1,1,0,0.49960666581464963,-0.2581673899815415,-0.9853555270151666,-0.48503065853810196,0.0
2025-01-07 11:00:00+00:00,16.927053567049025,55.61230009146873,1011.6089439572268,20.9955110340199,,54.84,23.84,source,bdg2_2,1,1,1,1,0,0.3441535034856515,-0.4568601481876264,-0.9732445739264663,-1.0755304526485265,0.0
2025-01-07 12:00:00+00:00,14.466599556573534,60.79330128105868,1011.5430669528612,22.77660401807082,,54.84,23.84,source,bdg2_2,1,1,1,1,0,-0.1498277844537126,0.14045261804290782,-1.004604648400268,-0.5312462658445828,0.0
2025-01-07 13:00:00+00:00,12.43985331208714,64.30761872066408,1010.8980004843236,26.316696354386384,,54.84,23.84,source,bdg2_2,1,1,1,1,0,-0.5567342805374083,0.5456149784532219,-1.3116819462936549,0.43896835343253826,0.0
2025-01-07 14:00:00+00:00,10.565069730120884,67.28741126421681,1012.1475469386248,28.388690139785187,,54.84,23.84,source,bdg2_2,1,1,1,1,0,-0.9331314838520485,0.8891524650994025,-0.7168481307196226,0.9500358858456704,0.0
2025-01-07 15:00:00+00:00,9.861958017651766,69.00176256275854,1012.0994653991094,27.2007306125932,,54.84,23.84,source,bdg2_2,1,1,1,1,0,-1.0742940610886071,1.0867984178701473,-0.7397368560728957,0.6616053013978477,0.0
2025-01-07 16:00:00+00:00,8.968661741750092,69.3260819152879,1011.4901291870312,28.161187425488947,,54.84,23.84,source,bdg2_2,1,1,1,1,0,-1.253639679012215,1.124188891740457,-1.0298051306458005,0.895712911479314,0.0
2025-01-07 17:00:00+00:00,8.785885094274128,72.8063613196111,1012.0300175313146,27.756781039677467,,54.84,23.84,source,bdg2_2,1,1,1,1,0,-1.290335444647748,1.525427038998241,-0.772796803577575,0.7980943268167214,0.0
2025-01-07 18:00:00+00:00,8.28434871443234,73.72024609383332,1012.6426329053857,29.73593683963225,,54.84,23.84,source,bdg2_2,1,1,1,1,0,-1.391028075279285,1.6307879571936386,-0.4811675174604849,1.2633559448396805,0.0
2025-01-07 19:00:00+00:00,7.5224166702810065,71.44094666042176,1011.986283283078,29.02493680543692,,54.84,23.84,source,bdg2_2,1,1,1,1,0,-1.5439999133586366,1.3680096639992099,-0.7936160453594696,1.0997548523493201,0.0
2025-01-07 20:00:00+00:00,8.891811623651403,69.41647191352887,1012.581970085734,30.24420003255239,,54.84,23.84,source,bdg2_2,1,1,1,1,0,-1.2690687502954234,1.1346098698319826,-0.510045432605325,1.3780039833155664,0.0
2025-01-07 21:00:00+00:00,9.2916316645777,68.86422840335341,1012.8630395799908,28.2319886339606,,54.84,23.84,source,bdg2_2,1,1,1,1,0,-1.1887975410308482,1.0709422336695849,-0.37624517321146644,0.9126640764235954,0.0
2025-01-07 22:00:00+00:00,10.472178354859643,64.66362274715605,1013.9089763796244,28.209205200719413,,54.84,23.84,source,bdg2_2,1,1,1,1,0,-0.9517811318416642,0.5866583486574969,0.12166234774042935,0.9072137705523249,0.0
2025-01-07 23:00:00+00:00,12.582209193544566,62.50769859183907,1012.6624409964222,26.37645836561045,,54.84,23.84,source,bdg2_2,1,1,1,1,0,-0.5281537253355277,0.3381038755214786,-0.47173807821878244,0.4542444771621355,0.0
2025-01-08 00:00:00+00:00,15.144085881110971,61.17927371134757,1013.0564455766804,24.10905346188128,,54.84,23.84,source,bdg2_2,1,1,1,1,0,-0.013809974028703325,0.1849510174039827,-0.2841762256587041,-0.15009477232428392,0.0
2025-01-08 01:00:00+00:00,17.25342453248052,55.71252382374093,1013.379625109251,25.507521489085413,,54.84,23.84,source,bdg2_2,1,1,1,1,0,0.40967846317335826,-0.4453054481258429,-0.13032991301247093,0.2287754049141527,0.0
2025-01-08 02:00:00+00:00,18.561418562458808,51.47599330453721,1013.5274911026204,22.88172253316767,,54.84,23.84,source,bdg2_2,1,1,1,1,0,0.6722822642583494,-0.933731076888521,-0.05993981848915825,-0.5004099917690711,0.0
2025-01-08 03:00:00+00:00,19.41341491584573,52.434903089795206,1013.358006096992,20.373514964643984,,54.84,23.84,source,bdg2_2,1,1,1,1,0,0.8433361649505957,-0.8231792674141611,-0.14062142278926687,-1.2760508308843872,0.0
2025-01-08 04:00:00+00:00,21.14235122130302,49.3346882641336,1012.5214342640454,20.87974881446986,,54.84,23.84,source,bdg2_2,1,1,1,1,0,1.190451851445328,-1.1806001259821188,-0.5388628916681767,-1.112417077202535,0.0
2025-01-08 05:00:00+00:00,20.958112844258924,49.09484723518243,1012.833493972068,20.62712260153629,,54.84,23.84,source,bdg2_2,1,1,1,1,0,1.1534626167786282,-1.208251173186325,-0.39031005782110534,-1.1935965455094315,0.0
2025-01-08 06:00:00+00:00,22.049809023383723,45.73149013338909,1013.8895574179908,21.02866756603408,,54.84,23.84,source,bdg2_2,1,1,1,1,0,1.3726406555903894,-1.596009457884247,0.11241814957296656,-1.0650011724259463,0.0
2025-01-08 07:00:00+00:00,20.96816942383007,46.96195957633965,1013.1946428791312,19.76893134924861,,54.84,23.84,source,bdg2_2,1,1,1,1,0,1.1554816596494433,-1.4541497902571265,-0.2183888126050724,-1.476630630148947,0.0
2025-01-08 08:00:00+00:00,21.740187711958704,49.46345780911238,1014.5318910300232,20.37325744628391,,54.84,23.84,source,bdg2_2,1,1,1,1,0,1.3104784962734395,-1.1657544059556366,0.41819449906479295,-1.2761350529004507,0.0
2025-01-08 09:00:00+00:00,20.53389151208695,50.44062481951112,1013.7401461765382,19.7110526256048,,54.84,23.84,source,bdg2_2,1,1,1,1,0,1.0682924005724057,-1.0530977381240878,0.04129245549658426,-1.496138120975634,0.0
2025-01-08 10:00:00+00:00,18.85006445619413,53.59494632183122,1013.8064280224552,21.359511999054675,,54.84,23.84,source,bdg2_2,1,1,1,1,0,0.7302332236092326,-0.6894389715681216,0.07284525065225277,-0.9607969532710975,0.0
2025-01-08 11:00:00+00:00,17.06224145707671,57.23282226345858,1013.655132499764,24.98596287099035,,54.84,23.84,source,bdg2_2,1,1,1,1,0,0.37129495288700604,-0.2700316673847145,0.0008225637550503348,0.0898656386306332,0.0
2025-01-08 12:00:00+00:00,14.950590581932069,59.5947765486533,1015.174185438549,24.81944202273964,,54.84,23.84,source,bdg2_2,1,1,1,1,0,-0.052657705663457635,0.0022758261233852663,0.7239521861280681,0.044927425264675955,0.0
2025-01-08 13:00:00+00:00,13.087077796713556,62.5169938020298,1015.4750069753272,28.430500710950504,,54.84,23.84,source,bdg2_2,1,1,1,1,0,-0.42679208973016686,0.3391755115834185,0.8671552034410256,0.959973631832355,0.0
2025-01-08 14:00:00+00:00,11.987114815813202,65.71531504903687,1014.1685760772812,27.91396653548981,,54.84,23.84,source,bdg2_2,1,1,1,1,0,-0.6476298406807619,0.707906967422919,0.24524212994659889,0.8361990426901278,0.0
2025-01-08 15:00:00+00:00,10.066214944707292,66.09479239210542,1015.1680034591016,28.025997119320664,,54.84,23.84,source,bdg2_2,1,1,1,1,0,-1.033285735199221,0.7516565542721791,0.721009318009913,0.8632311365113572,0.0
2025-01-08 16:00:00+00:00,9.262219520168324,70.21436133523305,1014.65354971248,27.98669754730008,,54.84,23.84,source,bdg2_2,1,1,1,1,0,-1.1947025686861281,1.226597792664698,0.4761088711430497,0.8537603594715616,0.0
2025-01-08 17:00:00+00:00,7.798496479975008,70.61061625407552,1014.7704541546192,30.16792894626693,,54.84,23.84,source,bdg2_2,1,1,1,1,0,-1.4885718259462888,1.2722816504838825,0.5317600357202946,1.3609191040233901,0.0
2025-01-08 18:00:00+00:00,7.855622468042128,70.8568693307182,1015.3970524844988,29.9908149477487,,54.84,23.84,source,bdg2_2,1,1,1,1,0,-1.4771027356726807,1.300671936650533,0.8300457650035773,1.321083390771439,0.0
2025-01-08 19:00:00+00:00,8.476399405744697,72.15202497466872,1014.517230454616,29.19078139481822,,54.84,23.84,source,bdg2_2,1,1,1,1,0,-1.3524703751799487,1.4499892157010719,0.4112154820158719,1.1382595128883928,0.0
2025-01-08 20:00:00+00:00,9.365615583097522,73.32593524319913,1015.2771640000534,28.655044355087867,,54.84,23.84,source,bdg2_2,1,1,1,1,0,-1.1739439119032062,1.585328229174223,0.7729740775920794,1.0131039449187653,0.0
2025-01-08 21:00:00+00:00,10.664505163826885,66.02225088247765,1014.7011543139424,29.806582139994084,,54.84,23.84,source,bdg2_2,1,1,1,1,0,-0.9131679960567992,0.7432933116870658,0.4987705550118861,1.2794042421881264,0.0
2025-01-08 22:00:00+00:00,11.286846214843331,68.27073361061656,1014.3408083299096,26.84291663991096,,54.84,23.84,source,bdg2_2,1,1,1,1,0,-0.7882216111173664,1.0025187758434495,0.32723153309621034,0.5723451600805808,0.0
2025-01-08 23:00:00+00:00,13.355283887925385,63.39541699209117,1015.4129550629306,26.261604683082822,,54.84,23.84,source,bdg2_2,1,1,1,1,0,-0.37294479577306594,0.4404480970116673,0.8376160248954657,0.42485640935451735,0.0
2025-01-09 00:00:00+00:00,14.686682514261303,61.49129661625786,1015.0135657508536,23.743974181567456,,54.84,23.84,source,bdg2_2,1,1,1,1,0,-0.10564209253293629,0.22092384536505963,0.647490825800645,-0.25247690565026837,0.0
2025-01-09 01:00:00+00:00,16.75641052996817,53.03678425091807,1015.8292909756088,24.19703206187636,,54.84,23.84,source,bdg2_2,1,1,1,1,0,0.30989378276898805,-0.7537889530450583,1.0358084799630154,-0.12564483620448919,0.0
2025-01-09 02:00:00+00:00,18.46332328791116,52.966178872230856,1014.5745637152044,20.77556633252314,,54.84,23.84,source,bdg2_2,1,1,1,1,0,0.6525878380038839,-0.7619289809105511,0.4385083946064367,-1.1457811576931232,0.0
2025-01-09 03:00:00+00:00,20.289585331928432,51.66232979003176,1015.7293548244415,21.32147077068989,,54.84,23.84,source,bdg2_2,1,1,1,1,0,1.0192434522838218,-0.9122485183004125,0.9882348968377129,-0.9726998505050348,0.0
2025-01-09 04:00:00+00:00,21.21407907895188,47.2153507239642,1015.919907063022,21.03075084761096,,54.84,23.84,source,bdg2_2,1,1,1,1,0,1.2048525349580703,-1.4249365625840544,1.0789453420163138,-1.06434012901984,0.0
2025-01-09 05:00:00+00:00,22.207142690939342,48.577546118261424,1015.1448940148427,20.644674833909807,,54.84,23.84,source,bdg2_2,1,1,1,1,0,1.4042282761695397,-1.267890333614058,0.7100083033161866,-1.1879256948244294,0.0
2025-01-09 06:00:00+00:00,21.41008755575615,49.48493560334327,1015.8617175538644,19.339503822306263,,54.84,23.84,source,bdg2_2,1,1,1,1,0,1.2442048331138462,-1.1632782512096467,1.0512448210477199,-1.6226785906650394,0.0
2025-01-09 07:00:00+00:00,21.947536056404,50.79789258432571,1015.2572123138668,21.866764722416256,,54.84,23.84,source,bdg2_2,1,1,1,1,0,1.352107480926312,-1.0119086727142628,0.7634762813471758,-0.8039873963827493,0.0
2025-01-09 08:00:00+00:00,21.11109274176093,51.26569808231778,1015.9387080723408,21.151128773319343,,54.84,23.84,source,bdg2_2,1,1,1,1,0,1.1841761381349039,-0.9579758157550824,1.0878953703015448,-1.026248942036353,0.0
2025-01-09 09:00:00+00:00,20.84882874286256,51.79593849196351,1015.75723178688,21.65289167092682,,54.84,23.84,source,bdg2_2,1,1,1,1,0,1.131521828237476,-0.8968448964090151,1.0015054398229564,-0.8696746418694261,0.0
2025-01-09 10:00:00+00:00,19.047843759250625,53.67895570026732,1015.4053295990047,22.27467867963824,,54.84,23.84,source,bdg2_2,1,1,1,1,0,0.7699410476269296,-0.679753609147476,0.833986000747981,-0.6803899585720029,0.0
2025-01-09 11:00:00+00:00,17.098912138570284,56.87370607075875,1016.1048944118012,22.95318980544245,,54.84,23.84,source,bdg2_2,1,1,1,1,0,0.3786572650443098,-0.3114338363111976,1.1670066782943282,-0.4795226433467987,0.0
2025-01-09 12:00:00+00:00,15.680188397577473,60.57956236058479,1016.1190414772,25.03052196582331,,54.84,23.84,source,bdg2_2,1,1,1,1,0,0.09382244276273191,0.11581085843553471,1.1737412441533002,0.10184176114654601,0.0
2025-01-09 13:00:00+00:00,13.495125937552196,62.98244919830352,1015.875589606255,27.086472911321867,,54.84,23.84,source,bdg2_2,1,1,1,1,0,-0.3448689384359143,0.3928374275204014,1.0578484697755401,0.6332262960122665,0.0
2025-01-09 14:00:00+00:00,11.348864082243676,65.91548835841843,1015.273462601235,27.26249961753017,,54.84,23.84,source,bdg2_2,1,1,1,1,0,-0.77577038630957,0.7309847604549797,0.7712120645236292,0.6768994681928282,0.0
2025-01-09 15:00:00+00:00,9.428182626212664,67.07737603903139,1015.646316327054,30.440569493757884,,54.84,23.84,source,bdg2_2,1,1,1,1,0,-1.1613824299941815,0.8649377010469574,0.9487052690511463,1.421799948293348,0.0
2025-01-09 16:00:00+00:00,9.493024288462898,70.87837892427389,1016.1441257834726,30.51652478156976,,54.84,23.84,source,bdg2_2,1,1,1,1,0,-1.1483642765582185,1.3031517575108447,1.185682371719899,1.43866681112669,0.0
2025-01-09 17:00:00+00:00,7.200687251241263,69.73208786015876,1015.968475741914,29.05581312981985,,54.84,23.84,source,bdg2_2,1,1,1,1,0,-1.608592997443359,1.1709969362018493,1.102065965089764,1.1069395922779617,0.0
2025-01-09 18:00:00+00:00,7.350908387091479,71.36743148694791,1016.3114905630662,30.95177321372353,,54.84,23.84,source,bdg2_2,1,1,1,1,0,-1.5784333481074777,1.3595341686227922,1.2653546640909699,1.5345423759499035,0.0
2025-01-09 19:00:00+00:00,8.203597892065694,72.02615380292148,1016.3051789616748,27.242719165396444,,54.84,23.84,source,bdg2_2,1,1,1,1,0,-1.4072402845158762,1.435477646405144,1.2623500907714944,0.672005417817632,0.0
2025-01-09 20:00:00+00:00,9.25805437013438,67.27726792222926,1016.1518791867758,29.87207519474925,,54.84,23.84,source,bdg2_2,1,1,1,1,0,-1.1955387989791835,0.8879830487183401,1.1893733001000386,1.2942492784787987,0.0
2025-01-09 21:00:00+00:00,10.349225352031551,67.60827879245862,1016.2776330848528,29.12102665206865,,54.84,23.84,source,bdg2_2,1,1,1,1,0,-0.9764662031473847,0.9261449813861697,1.2492371577093258,1.1220901707368838,0.0
2025-01-09 22:00:00+00:00,11.981850348426294,63.65544444771176,1015.5509183843012,27.83329306855718,,54.84,23.84,source,bdg2_2,1,1,1,1,0,-0.6486867791031131,0.470426418407288,0.9032920536478821,0.8166682267112266,0.0
2025-01-09 23:00:00+00:00,13.079860336536337,64.13841471716255,1016.18337740331,26.5013904319394,,54.84,23.84,source,bdg2_2,1,1,1,1,0,-0.42824112728942004,0.5261076076400566,1.2043677040778629,0.4860716716990784,0.0
2025-01-10 00:00:00+00:00,15.222726523566743,60.2664812451539,1015.4866583154934,25.530069685056933,,54.84,23.84,source,bdg2_2,1,1,1,1,0,0.001978577872404578,0.0797160303763721,0.8727017048165732,0.2347189943155182,0.0
2025-01-10 01:00:00+00:00,16.492432978894666,59.21989442230088,1016.4308487588152,23.016685806172767,,54.84,23.84,source,bdg2_2,1,1,1,1,0,0.2568954458315017,-0.04094398250199542,1.3221739129896468,-0.461017229680313,0.0
2025-01-10 02:00:00+00:00,18.57853814151991,51.85901552380756,1015.9134247562124,24.054828526589425,,54.84,23.84,source,bdg2_2,1,1,1,1,0,0.6757193338713469,-0.889572804587828,1.075859506127603,-0.1652070121879751,0.0
2025-01-10 03:00:00+00:00,20.043156533547137,52.92894326331379,1016.4438713110236,21.60149735769969,,54.84,23.84,source,bdg2_2,1,1,1,1,0,0.9697683494404173,-0.7662218393274183,1.3283731658401463,-0.8855518929193824,0.0
2025-01-10 04:00:00+00:00,21.620800785841613,49.29106219094265,1015.9047508765228,19.151079324833628,,54.84,23.84,source,bdg2_2,1,1,1,1,0,1.2865093802991705,-1.185629735029463,1.0717303943736354,-1.6877375681306168,0.0
2025-01-10 05:00:00+00:00,21.39341888934618,47.872278844264486,1016.0237657173676,19.05508725872225,,54.84,23.84,source,bdg2_2,1,1,1,1,0,1.2408582924890785,-1.349199935937527,1.1283861926802514,-1.7211158717613149,0.0
2025-01-10 06:00:00+00:00,22.07808629464415,45.60054135870973,1015.5034975890328,19.300057108097867,,54.84,23.84,source,bdg2_2,1,1,1,1,0,1.3783178366379385,-1.6111064192583127,0.880717868838694,-1.6362486806305,0.0
2025-01-10 07:00:00+00:00,22.55690295588728,47.26036874284273,1015.5729922196904,21.061583692167865,,54.84,23.84,source,bdg2_2,1,1,1,1,0,1.4744490668908452,-1.4197464774243402,0.9138000773261474,-1.054563900730543,0.0
2025-01-10 08:00:00+00:00,20.70170410039225,50.248379362663805,1015.53817169275,19.74764638644776,,54.84,23.84,source,bdg2_2,1,1,1,1,0,1.1019838567632367,-1.0752615364755433,0.8972241214431507,-1.4837982035768404,0.0
2025-01-10 09:00:00+00:00,19.56313721421108,52.64050234378728,1015.2383950139877,22.21803855956752,,54.84,23.84,source,bdg2_2,1,1,1,1,0,0.8733956635085317,-0.7994759223186815,0.7545184981071847,-0.6974217454967082,0.0
2025-01-10 10:00:00+00:00,18.51335446261786,52.71741959019391,1015.4412420628098,24.61453680022649,,54.84,23.84,source,bdg2_2,1,1,1,1,0,0.6626325143170813,-0.7906082051457356,0.8510817620126351,-0.01076882630033337,0.0
2025-01-10 11:00:00+00:00,16.84340593197676,55.71285164142582,1015.5776832820547,23.317660213054936,,54.84,23.84,source,bdg2_2,1,1,1,1,0,0.32735970594659747,-0.44526765433251686,0.9160332096084169,-0.373960951196786,0.0
2025-01-10 12:00:00+00:00,14.302435561861149,60.55508217863068,1014.8467766713368,26.23673461173184,,54.84,23.84,source,bdg2_2,1,1,1,1,0,-0.18278671853499767,0.1129885612258338,0.5680925895657839,0.41847649928430786,0.0
2025-01-10 13:00:00+00:00,13.74641625563471,64.11868914591368,1015.2851411515476,25.42305775598511,,54.84,23.84,source,bdg2_2,1,1,1,1,0,-0.2944177963114965,0.5238334650376936,0.7767715190112102,0.20646616580295304,0.0
2025-01-10 14:00:00+00:00,11.643716783804877,64.85672275805646,1015.7345184115604,26.1233484306346,,54.84,23.84,source,bdg2_2,1,1,1,1,0,-0.7165732964027949,0.6089206677439741,0.9906929696987926,0.3893155665786941,0.0
2025-01-10 15:00:00+00:00,10.77611241824702,68.32326657119768,1014.775232891146,27.388958650557505,,54.84,23.84,source,bdg2_2,1,1,1,1,0,-0.8907607919200389,1.008575251581389,0.5340349043912836,0.7081070594039454,0.0
2025-01-10 16:00:00+00:00,9.221787471795457,71.02811187355277,1015.4100759307968,29.222134384525003,,54.84,23.84,source,bdg2_2,1,1,1,1,0,-1.2028200442594252,1.3204143287508072,0.8362454434762748,1.1455150566490966,0.0
2025-01-10 17:00:00+00:00,7.946378212753527,71.74585689631023,1014.348449767279,29.66072598917585,,54.84,23.84,source,bdg2_2,1,1,1,1,0,-1.4588818547012987,1.403162479022007,0.33086916123823706,1.2462299142727553,0.0
2025-01-10 18:00:00+00:00,7.580442050870724,73.91978489502496,1015.1026304641932,29.5952314047741,,54.84,23.84,source,bdg2_2,1,1,1,1,0,-1.5323502535337243,1.6537925983717916,0.6898891720857915,1.2312820898428112,0.0
2025-01-10 19:00:00+00:00,7.979292644429933,73.17178487516077,1014.4638889633626,29.690318022993853,,54.84,23.84,source,bdg2_2,1,1,1,1,0,-1.4522736786158774,1.56755637786999,0.38582281040975835,1.2529732324949334,0.0
2025-01-10 20:00:00+00:00,9.21990812455536,69.24044124159124,1015.3216397012836,29.588594899301665,,54.84,23.84,source,bdg2_2,1,1,1,1,0,-1.2031973577008455,1.114315458819735,0.7941462804918108,1.2297656555771337,0.0
2025-01-10 21:00:00+00:00,10.840261329731373,68.495457355459,1015.9897769535212,28.94166650303033,,54.84,23.84,source,bdg2_2,1,1,1,1,0,-0.8778817209111788,1.0284269655460934,1.1122061891151032,1.0803414464348426,0.0
2025-01-10 22:00:00+00:00,11.59362403189802,64.00495564514183,1014.630271736823,26.114460885242053,,54.84,23.84,source,bdg2_2,1,1,1,1,0,-0.7266303354687654,0.5107212364407168,0.4650276288001304,0.3870246964999096,0.0
2025-01-10 23:00:00+00:00,13.04405637623106,62.611788592745086,1014.8486461282772,25.98502235280308,,54.84,23.84,source,bdg2_2,1,1,1,1,0,-0.4354294292652462,0.35010431406664516,0.5689825254309909,0.35357500964730165,0.0
2025-01-11 00:00:00+00:00,14.859952256831232,58.81974613091538,1014.1181823716008,24.44122726175707,,54.84,23.84,source,bdg2_2,1,1,1,1,0,-0.07085501249355997,-0.08707670358882748,0.2212527215275969,-0.058225808510905704,0.0
2025-01-11 01:00:00+00:00,17.71872061307621,55.60834936504136,1013.6244660248972,23.082326515639235,,54.84,23.84,source,bdg2_2,1,1,1,1,0,0.5030951887805886,-0.4573156237307885,-0.013775898104819514,-0.441938118379596,0.0
2025-01-11 02:00:00+00:00,19.044055264207365,51.09035428464997,1014.7922063327702,21.56968640189285,,54.84,23.84,source,bdg2_2,1,1,1,1,0,0.769180437734262,-0.9781910376772025,0.5421149377586121,-0.8953973545116184,0.0
2025-01-11 03:00:00+00:00,19.45275690784534,49.52015689309129,1014.2144248212472,20.76833824782268,,54.84,23.84,source,bdg2_2,1,1,1,1,0,0.8512347917061966,-1.1592176217599044,0.26706795580424453,-1.148101845024858,0.0
2025-01-11 04:00:00+00:00,21.14133733837609,49.62675231268511,1012.6763216522562,20.578771992416524,,54.84,23.84,source,bdg2_2,1,1,1,1,0,1.1902482958446412,-1.1469283358448532,-0.4651303339096544,-1.209241701341329,0.0
2025-01-11 05:00:00+00:00,21.951408425729063,46.47756766845071,1013.1049277923954,20.07700978660334,,54.84,23.84,source,bdg2_2,1,1,1,1,0,1.3528849301200083,-1.5099948788516206,-0.26109676249671177,-1.3737019097313126,0.0
2025-01-11 06:00:00+00:00,22.77967279959408,50.14588454900058,1014.5228276778372,19.12767683238512,,54.84,23.84,source,bdg2_2,1,1,1,1,0,1.5191742004799382,-1.0870780673801255,0.41387998291045086,-1.6958603890011155,0.0
2025-01-11 07:00:00+00:00,22.03848837096135,47.60009174698983,1013.903552828843,20.078033595454496,,54.84,23.84,source,bdg2_2,1,1,1,1,0,1.3703678269010058,-1.3805801310110297,0.1190805218353869,-1.373362370388744,0.0
2025-01-11 08:00:00+00:00,20.13514769537667,50.46079547591277,1012.4081967756946,23.01748889303452,,54.84,23.84,source,bdg2_2,1,1,1,1,0,0.988237263066163,-1.0507722820720486,-0.5927684403813729,-0.4607834897275753,0.0
2025-01-11 09:00:00+00:00,21.3028099293712,50.53767632548814,1013.311038716732,21.54425560288727,,54.84,23.84,source,bdg2_2,1,1,1,1,0,1.2226668812467947,-1.0419087610556301,-0.16297976401890102,-0.9032781496574349,0.0
2025-01-11 10:00:00+00:00,18.683961344325265,54.88760127802127,1012.3973553360591,21.46955401920981,,54.84,23.84,source,bdg2_2,1,1,1,1,0,0.6968849761791329,-0.5404099944632934,-0.5979293968888056,-0.9264790694074809,0.0
2025-01-01 00:00:00+00:00,13.856302350304912,57.79970832805256,1012.798956213608,26.41893132253585,,54.86,23.86,source,bdg2_3,1,1,1,1,0,-0.27235614657502244,-0.20467590486133808,-0.4067514046597421,0.46508098447453294,0.0
2025-01-01 01:00:00+00:00,16.33852366546632,57.63113916180927,1013.3805661509888,24.6441123725821,,54.86,23.86,source,bdg2_3,1,1,1,1,0,0.2259953271747399,-0.22411008588261702,-0.12988193971339795,-0.0027022951867838297,0.0
2025-01-01 02:00:00+00:00,18.20935672865355,55.79363402582502,1012.6577032990044,23.150963512269147,,54.86,23.86,source,bdg2_3,1,1,1,1,0,0.6015993913588852,-0.4359543290267561,-0.4739934106414879,-0.4220436452349016,0.0
2025-01-01 03:00:00+00:00,19.59388728950635,50.35821843837035,1013.0362871673244,19.92429096335898,,54.86,23.86,source,bdg2_3,1,1,1,1,0,0.8795693053380144,-1.0625982924905184,-0.29377243035509504,-1.4245357016176292,0.0
2025-01-01 04:00:00+00:00,20.59004750619981,50.1213343861746,1013.7878462586788,20.544881230765657,,54.86,23.86,source,bdg2_3,1,1,1,1,0,1.079566746761882,-1.089908432618886,0.06399959196611904,-1.2202288914127895,0.0
2025-01-01 05:00:00+00:00,22.26934564469886,46.11667420937312,1013.524683568702,20.90193580531729,,54.86,23.86,source,bdg2_3,1,1,1,1,0,1.4167166604599744,-1.551601947151329,-0.061276316309843364,-1.1053322911932948,0.0
2025-01-01 06:00:00+00:00,22.421269312180524,48.00120452671781,1014.7890001300692,20.21872734260702,,54.86,23.86,source,bdg2_3,1,1,1,1,0,1.4472181242595603,-1.3343362149680964,0.5405886577395129,-1.3268583980377837,0.0
2025-01-01 07:00:00+00:00,21.19031913882811,48.85547406170279,1013.0259626458592,21.194920376655453,,54.86,23.86,source,bdg2_3,1,1,1,1,0,1.2000822910218976,-1.2358482817721692,-0.29868731325200715,-1.0124432933558993,0.0
2025-01-01 08:00:00+00:00,20.90116456161073,48.9818308443732,1014.0259072662112,20.55294585730612,,54.86,23.86,source,bdg2_3,1,1,1,1,0,1.1420292041284754,-1.2212807268485186,0.17732610092661455,-1.2176128196361635,0.0
2025-01-01 09:00:00+00:00,18.93959416275025,48.15318462846336,1013.826485856936,21.681146158823324,,54.86,23.86,source,bdg2_3,1,1,1,1,0,0.7482079549251327,-1.3168145716285746,0.0823935777074699,-0.8609613179791273,0.0
2025-01-01 10:00:00+00:00,18.77419404040378,53.59617284596293,1013.6765109142592,22.606349723081703,,54.86,23.86,source,bdg2_3,1,1,1,1,0,0.7150008455403702,-0.6892975667517258,0.010999539425960821,-0.5814803605018947,0.0
2025-01-01 11:00:00+00:00,16.38633244099182,56.92560520774114,1013.4320142998452,23.37487390511255,,54.86,23.86,source,bdg2_3,1,1,1,1,0,0.23559381607489469,-0.3054504335012894,-0.10539057439992006,-0.357533939710017,0.0
2025-01-01 12:00:00+00:00,14.049799187113722,62.78934631929418,1014.0679218413668,25.96531771132756,,54.86,23.86,source,bdg2_3,1,1,1,1,0,-0.2335081062328511,0.37057477777233666,0.19732670991836979,0.3484688412406191,0.0
2025-01-01 13:00:00+00:00,12.953429187447648,63.05560583123871,1014.4549137464288,25.49026136150384,,54.86,23.86,source,bdg2_3,1,1,1,1,0,-0.453624500275292,0.4012715870945063,0.3815502501412338,0.22422230605947213,0.0
2025-01-01 14:00:00+00:00,11.263902234805297,65.41762530412097,1014.8112597570852,26.72558589831742,,54.86,23.86,source,bdg2_3,1,1,1,1,0,-0.7928280360947848,0.673586596029943,0.5511851256223816,0.542825963610703,0.0
2025-01-01 15:00:00+00:00,10.232235303998117,69.46367208879191,1014.2313010108,28.631317107156743,,54.86,23.86,source,bdg2_3,1,1,1,1,0,-0.9999541018675383,1.1400515337539254,0.27510169331716217,1.0075087739956305,0.0
2025-01-01 16:00:00+00:00,9.23507816950203,71.21399752550596,1014.8474847629911,30.918689192168777,,54.86,23.86,source,bdg2_3,1,1,1,1,0,-1.200151692832106,1.3418449111629127,0.5684296693590875,1.5273007008249946,0.0
2025-01-01 17:00:00+00:00,7.757442914264462,74.58991825860133,1014.2820062951648,29.17293853630293,,54.86,23.86,source,bdg2_3,1,1,1,1,0,-1.496814082528959,1.7310516451261997,0.29923942558364836,1.1341270476121152,0.0
2025-01-01 18:00:00+00:00,8.318245359092638,75.38756632646691,1014.4191240630528,28.484432612789465,,54.86,23.86,source,bdg2_3,1,1,1,1,0,-1.384222701915334,1.8230117425013055,0.36451293724464373,0.9727716060304575,0.0
2025-01-01 19:00:00+00:00,8.249206106889972,70.83691837364273,1015.9482440551178,30.22378011441181,,54.86,23.86,source,bdg2_3,1,1,1,1,0,-1.3980835985532079,1.2983718095276833,1.0924348774170973,1.373433971607747,0.0
2025-01-01 20:00:00+00:00,8.588758345494298,71.64256478425659,1015.3963240521244,27.81297575553901,,54.86,23.86,source,bdg2_3,1,1,1,1,0,-1.3299122564210928,1.3912540283340358,0.829699002218473,0.8117408490419389,0.0
2025-01-01 21:00:00+00:00,11.459796078972124,69.32530151645472,1015.1120909785084,28.407681561024503,,54.86,23.86,source,bdg2_3,1,1,1,1,0,-0.7534987525442983,1.1240989202911646,0.6943927532115696,0.954551613267161,0.0
2025-01-01 22:00:00+00:00,12.458992793939682,66.509039323125,1015.3153033109784,25.69616911127343,,54.86,23.86,source,bdg2_3,1,1,1,1,0,-0.5528916783770923,0.799414694294802,0.7911299066633195,0.2783469163110018,0.0
2025-01-01 23:00:00+00:00,12.869815316627127,60.59671228649096,1015.3783435636694,26.82738721571051,,54.86,23.86,source,bdg2_3,1,1,1,1,0,-0.47041151902128947,0.11778805730285954,0.821139574502311,0.568445268470276,0.0
2025-01-02 00:00:00+00:00,13.373482882511688,59.80380380116373,1014.4653364922584,25.49777780153764,,54.86,23.86,source,bdg2_3,1,1,1,1,0,-0.36929101368786205,0.026374381951830384,0.3865118917426633,0.2262054540095018,0.0
2025-01-02 01:00:00+00:00,17.016950975150674,55.20671609738747,1015.4188007118933,24.007493876424427,,54.86,23.86,source,bdg2_3,1,1,1,1,0,0.3622020576335428,-0.5036195463383689,0.840398786324634,-0.17842572211423435,0.0
2025-01-02 02:00:00+00:00,18.617190049579985,57.07800772091398,1015.6540946736612,21.16300240320466,,54.86,23.86,source,bdg2_3,1,1,1,1,0,0.6834794136141663,-0.28788009074463045,0.9524080714362019,-1.022502991461616,0.0
2025-01-02 03:00:00+00:00,19.981419559762003,51.7408129544264,1015.5050329040952,21.221785053554672,,54.86,23.86,source,bdg2_3,1,1,1,1,0,0.9573735191798162,-0.9032002679118041,0.8814487398787533,-1.0039874662066792,0.0
2025-01-02 04:00:00+00:00,21.55399524825261,52.552861300979984,1016.347799769618,19.97554900136779,,54.86,23.86,source,bdg2_3,1,1,1,1,0,1.2730969428550256,-0.8095799759173835,1.2826392906843342,-1.4074327685819275,0.0
2025-01-02 05:00:00+00:00,21.436059184170364,49.38066478276626,1015.8023902914848,22.25884785261811,,54.86,23.86,source,bdg2_3,1,1,1,1,0,1.2494191140552149,-1.1752995362850336,1.023002684288939,-0.6851461400533914,0.0
2025-01-02 06:00:00+00:00,22.28166082755328,46.75557527380479,1014.9693302417544,20.20822191248236,,54.86,23.86,source,bdg2_3,1,1,1,1,0,1.4191891593816106,-1.4779436428625563,0.6264329639094427,-1.3303201249693493,0.0
2025-01-02 07:00:00+00:00,22.63697831910266,47.21831563179498,1015.7582908661724,20.34578635448821,,54.86,23.86,source,bdg2_3,1,1,1,1,0,1.4905256653092407,-1.4245947411419788,1.0020096036932438,-1.2851253743641442,0.0
2025-01-02 08:00:00+00:00,20.751161184594928,51.22638899392604,1016.4245487493212,20.71348607462375,,54.86,23.86,source,bdg2_3,1,1,1,1,0,1.1119132738741235,-0.9625077236752064,1.3191748578744344,-1.1657381287127009,0.0
2025-01-02 09:00:00+00:00,19.01861769736541,50.79414489620788,1015.8019084323238,21.552044235095497,,54.86,23.86,source,bdg2_3,1,1,1,1,0,0.7640733794526873,-1.0123407401612123,1.0227733001613328,-0.9008635726808477,0.0
2025-01-02 10:00:00+00:00,18.487776988811817,54.18184492291916,1015.5085588751082,22.462593222227728,,54.86,23.86,source,bdg2_3,1,1,1,1,0,0.6574973671454005,-0.6217759824885123,0.8831272423338237,-0.6241791106075496,0.0
2025-01-02 11:00:00+00:00,17.202072420823203,55.9092757764561,1016.20130985929,24.263188893939247,,54.86,23.86,source,bdg2_3,1,1,1,1,0,0.3993685845302762,-0.4226221000938658,1.2129042664252885,-0.10731550724019485,0.0
2025-01-02 12:00:00+00:00,15.498805753900546,59.55517244524509,1014.9848256157971,25.46471997246276,,54.86,23.86,source,bdg2_3,1,1,1,1,0,0.057406548967562254,-0.002290093801197808,0.6338093783147434,0.21747922328836705,0.0
2025-01-02 13:00:00+00:00,14.03557585234168,65.46965806003581,1016.4256528426544,28.0261460820995,,54.86,23.86,source,bdg2_3,1,1,1,1,0,-0.2363637016634393,0.6795854036412088,1.3197004502186604,0.863267010549987,0.0
2025-01-02 14:00:00+00:00,11.33772559420676,67.4217969835668,1015.664669466978,27.0231612161594,,54.86,23.86,source,bdg2_3,1,1,1,1,0,-0.7780066421561525,0.9046456685999346,0.9574420936895347,0.6174513655532758,0.0
2025-01-02 15:00:00+00:00,10.281093749755634,68.00930328677633,1015.5301117037542,29.349662294974323,,54.86,23.86,source,bdg2_3,1,1,1,1,0,-0.9901448724085614,0.9723787190869848,0.8933872460782124,1.174949524847319,0.0
2025-01-02 16:00:00+00:00,9.045492890275128,72.53777764846987,1015.329811334293,28.909407203893068,,54.86,23.86,source,bdg2_3,1,1,1,1,0,-1.2382144162189783,1.4944622795428553,0.7980363028480972,1.0728060902091967,0.0
2025-01-02 17:00:00+00:00,7.979891990760832,71.24209399006168,1016.3585749642764,28.670365677808405,,54.86,23.86,source,bdg2_3,1,1,1,1,0,-1.4521533488429175,1.3450841262008852,1.2877687119476793,1.0167145192109006,0.0
2025-01-02 18:00:00+00:00,8.535416587332648,71.25153666995249,1016.5791256970114,31.50105535371244,,54.86,23.86,source,bdg2_3,1,1,1,1,0,-1.3406215931067031,1.3461727639061885,1.3927596335967327,1.6536898322727764,0.0
2025-01-02 19:00:00+00:00,9.160000111675345,70.07122113545799,1015.8096882816508,30.57725066557957,,54.86,23.86,source,bdg2_3,1,1,1,1,0,-1.2152249905012809,1.210095293329584,1.026476817900779,1.4521225709948617,0.0
2025-01-02 20:00:00+00:00,9.4096390579348,69.75396228428944,1016.3945003641642,29.386980203023327,,54.86,23.86,source,bdg2_3,1,1,1,1,0,-1.1651053915703338,1.173518818036861,1.3048706313022707,1.1835394094277307,0.0
2025-01-02 21:00:00+00:00,9.774573385563698,67.57899874729719,1016.5986209727783,28.432423381010235,,54.86,23.86,source,bdg2_3,1,1,1,1,0,-1.0918381293464117,0.9227693124506233,1.4020401603272323,0.9604302820775716,0.0
2025-01-02 22:00:00+00:00,11.315572767117512,68.83885411551478,1016.0601670977296,26.26564584875869,,54.86,23.86,source,bdg2_3,1,1,1,1,0,-0.7824542286627296,1.0680168558313254,1.1457146976736918,0.42589253833476215,0.0
2025-01-02 23:00:00+00:00,13.240833825050364,62.77306934987849,1015.7777546237968,26.60375233102369,,54.86,23.86,source,bdg2_3,1,1,1,1,0,-0.3959227458680641,0.3686982212397746,1.0112751265341764,0.5120414036067321,0.0
2025-01-03 00:00:00+00:00,13.867344385667778,60.35244564357307,1015.4261785959388,25.530446937511,,54.86,23.86,source,bdg2_3,1,1,1,1,0,-0.2701392553725055,0.08962678521662786,0.8439109526011173,0.23481839316635708,0.0
2025-01-03 01:00:00+00:00,17.096932736855095,52.86648416475232,1016.1425510298156,24.34776491265833,,54.86,23.86,source,bdg2_3,1,1,1,1,0,0.3782598638311777,-0.7734226902002144,1.1849327263400447,-0.08395276142765648,0.0
2025-01-03 02:00:00+00:00,18.616518781410026,52.85905236821653,1016.4885442928338,23.35027109471879,,54.86,23.86,source,bdg2_3,1,1,1,1,0,0.6833446442123657,-0.7742794950501679,1.3496392821431973,-0.3645930892240834,0.0
2025-01-03 03:00:00+00:00,19.47267951718785,51.714685504276,1016.5295997682334,22.613298701550185,,54.86,23.86,source,bdg2_3,1,1,1,1,0,0.8552346210792412,-0.9062124771263562,1.3691833215009146,-0.5794229593246194,0.0
2025-01-03 04:00:00+00:00,21.60697638578099,49.39665948153189,1016.3845806566744,22.225074566336897,,54.86,23.86,source,bdg2_3,1,1,1,1,0,1.2837338783317038,-1.1734555224708851,1.3001484559600098,-0.6953037467792192,0.0
2025-01-03 05:00:00+00:00,22.785973154977818,49.43779220962281,1015.9700330892352,20.71843015904103,,54.86,23.86,source,bdg2_3,1,1,1,1,0,1.5204391124245156,-1.168713368840818,1.1028073243614511,-1.1641466616589546,0.0
2025-01-03 06:00:00+00:00,21.957351631656906,48.04717850939819,1015.7124060713236,19.50035125391412,,54.86,23.86,source,bdg2_3,1,1,1,1,0,1.3540781377582023,-1.3290359176385709,0.9801666161814206,-1.5676164682178129,0.0
2025-01-03 07:00:00+00:00,21.75838265759113,48.16943736039635,1015.8775416937189,20.04987181706107,,54.86,23.86,source,bdg2_3,1,1,1,1,0,1.314131465456861,-1.314940809412653,1.0587777410567256,-1.3827080532346365,0.0
2025-01-03 08:00:00+00:00,21.25496045069763,50.29183461187839,1015.7399423834,23.035474447825514,,54.86,23.86,source,bdg2_3,1,1,1,1,0,1.2130602204428282,-1.0702516215641635,0.9932749960442816,-0.4555508064562584,0.0
2025-01-03 09:00:00+00:00,20.441089392474545,49.14127747915627,1014.9058777063764,22.407669419126872,,54.86,23.86,source,bdg2_3,1,1,1,1,0,1.04966067229199,-1.202898273920349,0.5962270331120482,-0.6405617615208822,0.0
2025-01-03 10:00:00+00:00,19.04800823590355,53.55547966564029,1015.5929014541184,22.45480744893809,,54.86,23.86,source,bdg2_3,1,1,1,1,0,0.7699740693328835,-0.6939890453319805,0.9232776648453824,-0.6264991137779008,0.0
2025-01-03 11:00:00+00:00,16.72674933206659,58.04849797822089,1014.919534355738,22.990058807294755,,54.86,23.86,source,bdg2_3,1,1,1,1,0,0.3039387530554205,-0.17599317951277826,0.602728141430031,-0.4687714970503229,0.0
2025-01-03 12:00:00+00:00,15.344178235895557,58.91549624764735,1015.3616186068008,25.33636815957519,,54.86,23.86,source,bdg2_3,1,1,1,1,0,0.02636223756415151,-0.07603776246544272,0.8131778297626573,0.18349473351310608,0.0
2025-01-03 13:00:00+00:00,12.183593291285266,64.17548919165228,1015.272817012769,28.188860285147435,,54.86,23.86,source,bdg2_3,1,1,1,1,0,-0.6081831816687138,0.5303818890199756,0.7709047387341803,0.9023432182338371,0.0
2025-01-03 14:00:00+00:00,12.749471714530918,63.70252387767251,1015.2137732494728,27.05594369390093,,54.86,23.86,source,bdg2_3,1,1,1,1,0,-0.4945727052518175,0.4758541617166154,0.7427975588158513,0.625623989491273,0.0
2025-01-03 15:00:00+00:00,9.989046560786496,66.84435624833611,1014.5606634960312,26.578143317349795,,54.86,23.86,source,bdg2_3,1,1,1,1,0,-1.0487787041858787,0.8380730680014526,0.43189133736969987,0.5055533111256725,0.0
2025-01-03 16:00:00+00:00,8.598164604416876,71.10885185153707,1015.2405950496384,32.047513262057464,,54.86,23.86,source,bdg2_3,1,1,1,1,0,-1.3280237773528056,1.3297227650607801,0.7555658025879571,1.7702430663278756,0.0
2025-01-03 17:00:00+00:00,8.962790955248005,70.03029946166522,1014.8779471693662,31.267910623839505,,54.86,23.86,source,bdg2_3,1,1,1,1,0,-1.2548183471219096,1.2053774719515358,0.5829309864995967,1.6033651224907532,0.0
2025-01-03 18:00:00+00:00,8.366053889633422,72.33900325369633,1014.3194305418052,29.87007412650735,,54.86,23.86,source,bdg2_3,1,1,1,1,0,-1.3746242622003557,1.4715457660634639,0.31705485561225044,1.2937961713239794,0.0
2025-01-03 19:00:00+00:00,7.095631912489321,73.70955417469956,1015.130860742782,30.45950240017924,,54.86,23.86,source,bdg2_3,1,1,1,1,0,-1.6296847842927145,1.6295552958680761,0.703327907612506,1.426008056742273,0.0
2025-01-03 20:00:00+00:00,8.819773477310301,68.5197222851298,1014.6376720781956,30.026022763880263,,54.86,23.86,source,bdg2_3,1,1,1,1,0,-1.2835317299564273,1.0312244465220062,0.4685504856575354,1.3290202792997956,0.0
2025-01-03 21:00:00+00:00,10.838272190844934,67.82357783503544,1013.8433976443852,29.135220597326303,,54.86,23.86,source,bdg2_3,1,1,1,1,0,-0.8782810770401003,0.9509666060070516,0.09044426123504783,1.125383398876363,0.0
2025-01-03 22:00:00+00:00,11.996784094008037,65.9357036834174,1014.8211071377676,29.34703060201114,,54.86,23.86,source,bdg2_3,1,1,1,1,0,-0.6456885556675925,0.7333153663076954,0.555872870527418,1.1743433597103767,0.0
2025-01-03 23:00:00+00:00,13.002767196606923,64.04298029292838,1014.6486075021872,26.986188266166057,,54.86,23.86,source,bdg2_3,1,1,1,1,0,-0.44371898966420253,0.5151050624085542,0.4737561824569564,0.6082225832426579,0.0
2025-01-04 00:00:00+00:00,15.122500225999394,61.57552853211998,1014.2531315632224,23.424185145897948,,54.86,23.86,source,bdg2_3,1,1,1,1,0,-0.01814369035407828,0.23063486391676202,0.2854939046261245,-0.34340676245142737,0.0
2025-01-04 01:00:00+00:00,16.972241856704393,57.48010265767588,1014.1566452892016,23.32944571442902,,54.86,23.86,source,bdg2_3,1,1,1,1,0,0.35322588176571607,-0.2415229427387351,0.23956260024865392,-0.37057397747838866,0.0
2025-01-04 02:00:00+00:00,18.63768460703091,51.79518553927868,1014.7594608430388,22.210583841852177,,54.86,23.86,source,bdg2_3,1,1,1,1,0,0.6875940720642943,-0.8969317036176147,0.5265267821260543,-0.6996664861550238,0.0
2025-01-04 03:00:00+00:00,19.80435567329384,51.00474867135279,1013.289732167855,21.79084865183617,,54.86,23.86,source,bdg2_3,1,1,1,1,0,0.921824695136489,-0.9880604285173625,-0.17312252879693127,-0.8272330455505824,0.0
2025-01-04 04:00:00+00:00,21.16388356685916,51.08743803981812,1013.9637072509464,20.91735986257451,,54.86,23.86,source,bdg2_3,1,1,1,1,0,1.1947748648993048,-0.9785272488077884,0.14771641952471912,-1.1004112837930893,0.0
2025-01-04 05:00:00+00:00,22.726257640358217,48.03196851193421,1013.8596655395124,19.612263810412003,,54.86,23.86,source,bdg2_3,1,1,1,1,0,1.5084501271818889,-1.3307894639758737,0.09818842640522073,-1.529560256763601,0.0
2025-01-04 06:00:00+00:00,21.81997195921328,47.94566995927615,1012.925735566856,19.763714910776912,,54.86,23.86,source,bdg2_3,1,1,1,1,0,1.3264966478211986,-1.3407387431448206,-0.34639938959944416,-1.4783865522793656,0.0
2025-01-04 07:00:00+00:00,22.027512787767428,50.092437378326,1013.8533406668664,22.14066342815209,,54.86,23.86,source,bdg2_3,1,1,1,1,0,1.368164277190694,-1.0932399415420102,0.0951775354406627,-0.7207558586460432,0.0
2025-01-04 08:00:00+00:00,21.427724002376195,48.74080294644342,1013.3652756584752,21.678685835347,,54.86,23.86,source,bdg2_3,1,1,1,1,0,1.2477456733729821,-1.2490686070637254,-0.1371608223612279,-0.8617196188204311,0.0
2025-01-04 09:00:00+00:00,20.847635323623564,53.38553667622615,1013.6490804989604,23.03278685430704,,54.86,23.86,source,bdg2_3,1,1,1,1,0,1.1312822274279424,-0.713581613137679,-0.0020584293584705433,-0.456332480941311,0.0
2025-01-04 10:00:00+00:00,18.745262416627483,54.69607801808263,1013.7246366742888,22.64780073279672,,54.86,23.86,source,bdg2_3,1,1,1,1,0,0.7091922912189542,-0.5624905314107272,0.03390931550293544,-0.5692168154797523,0.0
2025-01-04 11:00:00+00:00,16.618260562898087,54.89821496517924,1012.7104381567616,23.9689452621011,,54.86,23.86,source,bdg2_3,1,1,1,1,0,0.2821576420520669,-0.5391863524288212,-0.4488895207096852,-0.18920933558479883,0.0
2025-01-04 12:00:00+00:00,14.916070755351464,62.70968632578191,1012.5711540802556,22.84467493925866,,54.86,23.86,source,bdg2_3,1,1,1,1,0,-0.059588194232286874,0.36139085185888054,-0.515194281442324,-0.511262302119598,0.0
2025-01-04 13:00:00+00:00,12.534904354346253,62.10935804655359,1012.3979776401076,25.802512277605445,,54.86,23.86,source,bdg2_3,1,1,1,1,0,-0.5376510397715865,0.2921795677864549,-0.5976331554083111,0.3061368714271636,0.0
2025-01-04 14:00:00+00:00,11.610270116539663,65.57057261665553,1012.5525870237068,27.71233876041488,,54.86,23.86,source,bdg2_3,1,1,1,1,0,-0.7232883285483283,0.6912197481938722,-0.5240329389031131,0.7872829095529137,0.0
2025-01-04 15:00:00+00:00,9.85154690168038,69.54478420170608,1012.6968148692788,28.30820255732607,,54.86,23.86,source,bdg2_3,1,1,1,1,0,-1.076384283646938,1.1494028731508192,-0.4553747474462838,0.9308653254601744,0.0
2025-01-04 16:00:00+00:00,9.182347696697237,69.09105007674486,1012.3203528959234,28.30738424499605,,54.86,23.86,source,bdg2_3,1,1,1,1,0,-1.2107383027662333,1.0970922915863273,-0.6345856213267106,0.9306701493123928,0.0
2025-01-04 17:00:00+00:00,8.053480677655402,70.60579908705387,1012.3890151440372,28.750770193824906,,54.86,23.86,source,bdg2_3,1,1,1,1,0,-1.437379069715903,1.2717262838175167,-0.6018996600398469,1.0356318789175452,0.0
2025-01-04 18:00:00+00:00,7.4215852026905855,74.45767678224198,1013.4518186812004,31.563937724439228,,54.86,23.86,source,bdg2_3,1,1,1,1,0,-1.5642436805711386,1.7158056493882856,-0.0959629011140877,1.6672012965710443,0.0
2025-01-04 19:00:00+00:00,8.308920017575906,68.56478549389321,1012.683072150825,29.78549478923556,,54.86,23.86,source,bdg2_3,1,1,1,1,0,-1.3860949353296945,1.03641974158115,-0.46191682807571444,1.274617743392785,0.0
2025-01-04 20:00:00+00:00,8.729416515285951,71.1754944183034,1012.3964051202074,30.892558813201344,,54.86,23.86,source,bdg2_3,1,1,1,1,0,-1.301672547986369,1.3374059240579028,-0.5983817374310546,1.5215757829882077,0.0
2025-01-04 21:00:00+00:00,11.094666670634922,68.98087478368069,1011.69398837183,28.72977574360602,,54.86,23.86,source,bdg2_3,1,1,1,1,0,-0.8268051807998268,1.084390285417587,-0.932760049755677,1.0306972972341562,0.0
2025-01-04 22:00:00+00:00,10.838084648209996,65.45085242351252,1011.3734120009198,28.438927119509483,,54.86,23.86,source,bdg2_3,1,1,1,1,0,-0.878318729665167,0.6774173194502562,-1.0853671539053389,0.9619747533622867,0.0
2025-01-04 23:00:00+00:00,13.825588466482731,62.72786167451998,1012.0447089369616,26.68474533686977,,54.86,23.86,source,bdg2_3,1,1,1,1,0,-0.27852252230222757,0.3634862707624226,-0.7658031101081814,0.5325215851717953,0.0
2025-01-05 00:00:00+00:00,15.39676667702316,59.94154157977368,1012.2412690486992,24.474575232281865,,54.86,23.86,source,bdg2_3,1,1,1,1,0,0.03692033203303244,0.042254041219476124,-0.6722326783310382,-0.04906913684166504,0.0
2025-01-05 01:00:00+00:00,17.337101667607396,58.72807188510625,1011.581505873622,24.158922664073863,,54.86,23.86,source,bdg2_3,1,1,1,1,0,0.4264781833896539,-0.09764574137757953,-0.9863061931295821,-0.13622523649476495,0.0
2025-01-05 02:00:00+00:00,18.54639316705428,54.89742749487885,1011.8381948429728,22.76047172122109,,54.86,23.86,source,bdg2_3,1,1,1,1,0,0.6692656404392792,-0.5392771391409336,-0.8641120333773303,-0.53599070108584,0.0
2025-01-05 03:00:00+00:00,19.83773778076856,52.75222549767947,1011.6350606060128,23.847232213627603,,54.86,23.86,source,bdg2_3,1,1,1,1,0,0.9285267657195132,-0.7865954647273133,-0.960812010259939,-0.22336701580160867,0.0
2025-01-05 04:00:00+00:00,20.523673536341764,52.52721872002032,1011.5196201322389,21.4751679722043,,54.86,23.86,source,bdg2_3,1,1,1,1,0,1.0662409544582943,-0.8125362850178488,-1.0157662676628805,-0.9247328016320089,0.0
2025-01-05 05:00:00+00:00,21.454026947842937,47.8062518718951,1011.4000985462852,20.201522425129443,,54.86,23.86,source,bdg2_3,1,1,1,1,0,1.2530264722917757,-1.3568121236341883,-1.072663296798157,-1.3325286213146572,0.0
2025-01-05 06:00:00+00:00,21.310215523226194,48.12078957305135,1011.1738514101548,19.542355189957505,,54.86,23.86,source,bdg2_3,1,1,1,1,0,1.2241536900938086,-1.3205493671733468,-1.180365933049796,-1.5533086006118315,0.0
2025-01-05 07:00:00+00:00,22.27703975185449,50.24338475209971,1010.6360355250812,19.86890826567617,,54.86,23.86,source,bdg2_3,1,1,1,1,0,1.4182613936458415,-1.0758373604414362,-1.4363876870978134,-1.443062036383904,0.0
2025-01-05 08:00:00+00:00,20.78421381705858,49.87748695072332,1011.474635764157,21.113486123254667,,54.86,23.86,source,bdg2_3,1,1,1,1,0,1.1185491963033443,-1.1180213746696006,-1.0371806162172632,-1.0381379158085084,0.0
2025-01-05 09:00:00+00:00,19.86725015974419,50.75429866583481,1011.6411443744784,22.77065451778292,,54.86,23.86,source,bdg2_3,1,1,1,1,0,0.9344519173031105,-1.0169345746764062,-0.9579158944756836,-0.5329956120794871,0.0
2025-01-05 10:00:00+00:00,18.74701842471346,52.18548222624816,1011.2938833685628,22.64710122373604,,54.86,23.86,source,bdg2_3,1,1,1,1,0,0.7095448420621114,-0.8519347647609364,-1.123225946325139,-0.5694235913126439,0.0
2025-01-05 11:00:00+00:00,16.324664865486746,59.01514695129065,1010.9970224075628,22.36401955243802,,54.86,23.86,source,bdg2_3,1,1,1,1,0,0.2232129187923615,-0.06454912633665752,-1.2645435720274545,-0.6536090648397322,0.0
2025-01-05 12:00:00+00:00,14.874223970708927,59.78256731879768,1010.3891991848602,25.62941111244772,,54.86,23.86,source,bdg2_3,1,1,1,1,0,-0.06798970406983385,0.023926047824334294,-1.5538916034752743,0.26084487474640455,0.0
2025-01-05 13:00:00+00:00,13.71393703135092,62.55762233848145,1011.6025092744474,26.56173447380793,,54.86,23.86,source,bdg2_3,1,1,1,1,0,-0.30093859652750116,0.3438595374324366,-0.9763077388824417,0.5013929315878881,0.0
2025-01-05 14:00:00+00:00,12.409005890016685,66.72033887517924,1011.040927803479,28.95787582148248,,54.86,23.86,source,bdg2_3,1,1,1,1,0,-0.5629274665181645,0.823775221405737,-1.2436428571422748,1.0841246701655474,0.0
2025-01-05 15:00:00+00:00,9.762178310701197,70.16139567059021,1010.0491424507948,28.50027839841489,,54.86,23.86,source,bdg2_3,1,1,1,1,0,-1.0943266680545585,1.220491430881454,-1.7157721353590711,0.976527342355966,0.0
2025-01-05 16:00:00+00:00,8.999775339545703,71.67928014098325,1009.5364538002668,29.51570910931544,,54.86,23.86,source,bdg2_3,1,1,1,1,0,-1.2473930533707411,1.395486907363982,-1.9598323262749575,1.2130896499269004,0.0
2025-01-05 17:00:00+00:00,8.2286592733637,69.15887190692021,1009.483051645592,29.55473990185562,,54.86,23.86,source,bdg2_3,1,1,1,1,0,-1.4022087523846432,1.104911406755467,-1.9852538760826894,1.2220247018383787,0.0
2025-01-05 18:00:00+00:00,7.249444272246934,72.45509183130703,1009.7579684826924,29.561221934472083,,54.86,23.86,source,bdg2_3,1,1,1,1,0,-1.5988041308642948,1.4849295092596126,-1.8543825262300744,1.2235074839111564,0.0
2025-01-05 19:00:00+00:00,7.934576033388395,71.94917073439296,1010.4577598116108,27.733971284548023,,54.86,23.86,source,bdg2_3,1,1,1,1,0,-1.461251358759679,1.426602340661521,-1.5212540179995098,0.7925475151800669,0.0
2025-01-05 20:00:00+00:00,7.885013976782162,71.5743387086994,1009.6918224940262,29.77186053045052,,54.86,23.86,source,bdg2_3,1,1,1,1,0,-1.4712018510066522,1.383388308094094,-1.8858706479303977,1.2715212343615496,0.0
2025-01-05 21:00:00+00:00,10.225385941408373,68.76240277872436,1010.1940472848908,28.962046295062184,,54.86,23.86,source,bdg2_3,1,1,1,1,0,-1.0013292370821125,1.0592028529409077,-1.6467916704361856,1.0850977195871,0.0
2025-01-05 22:00:00+00:00,10.920253728147076,66.19535373230944,1010.3462679039696,28.29472985673541,,54.86,23.86,source,bdg2_3,1,1,1,1,0,-0.8618217791985875,0.7632501768356724,-1.5743286008607769,0.9276512499031913,0.0
2025-01-05 23:00:00+00:00,13.528363991809709,62.83302252768125,1010.2017312645856,26.50287854769332,,54.86,23.86,source,bdg2_3,1,1,1,1,0,-0.33819578917938675,0.3756101668594035,-1.6431337904550367,0.48644990614824096,0.0
2025-01-06 00:00:00+00:00,14.643400462186898,60.20911450187426,1010.1902133799751,24.61743757506057,,54.86,23.86,source,bdg2_3,1,1,1,1,0,-0.11433175864225782,0.07310227236627041,-1.6486167616776115,-0.009977248345933968,0.0
2025-01-06 01:00:00+00:00,16.879200833818665,58.64990458045733,1009.767358129845,26.066517362856388,,54.86,23.86,source,bdg2_3,1,1,1,1,0,0.3345461892696934,-0.10665757659244998,-1.8499126806925594,0.3746537202356811,0.0
2025-01-06 02:00:00+00:00,18.58181717732356,54.94685904464141,1010.5355310132134,22.837558639083472,,54.86,23.86,source,bdg2_3,1,1,1,1,0,0.676377660473913,-0.533578222146461,-1.4842318325243034,-0.513348802342067,0.0
2025-01-06 03:00:00+00:00,19.639871251633043,51.26676436928798,1010.3620376106458,21.94334406405936,,54.86,23.86,source,bdg2_3,1,1,1,1,0,0.8888014294659958,-0.9578528845306994,-1.5668215932098453,-0.7806167096595156,0.0
2025-01-06 04:00:00+00:00,19.702208781012544,52.15906335753736,1009.8612075964772,20.03718237373204,,54.86,23.86,source,bdg2_3,1,1,1,1,0,0.9013168322813864,-0.8549805713479018,-1.8052366015165557,-1.386923220555586,0.0
2025-01-06 05:00:00+00:00,22.056806242288022,47.28948609142501,1010.2443560312366,19.27908953648669,,54.86,23.86,source,bdg2_3,1,1,1,1,0,1.374045475673034,-1.4163895656247585,-1.6228427060398212,-1.643472485859095,0.0
2025-01-06 06:00:00+00:00,21.96247052024457,47.98652592191287,1010.4795469924462,20.66256765228873,,54.86,23.86,source,bdg2_3,1,1,1,1,0,1.3551058485654706,-1.3360284975443015,-1.5108824532911134,-1.182149537537012,0.0
2025-01-06 07:00:00+00:00,21.61439678028172,45.264389985779445,1009.6089056909718,20.60043338298289,,54.86,23.86,source,bdg2_3,1,1,1,1,0,1.285223658679917,-1.6498609956596104,-1.9253423443737199,-1.2022282387042764,0.0
2025-01-06 08:00:00+00:00,21.43648343221912,48.054599187326005,1010.0790871155092,20.40374480690882,,54.86,23.86,source,bdg2_3,1,1,1,1,0,1.2495042896352655,-1.3281803946424988,-1.7015172838432602,-1.2661711309053074,0.0
2025-01-06 09:00:00+00:00,20.686535467684124,53.367389820434745,1010.2301191693228,19.50227998493907,,54.86,23.86,source,bdg2_3,1,1,1,1,0,1.0989384754272977,-0.7156737471161331,-1.6296200186117769,-1.5669588396007654,0.0
2025-01-06 10:00:00+00:00,18.392971237009668,53.37235592114861,1010.0610198872824,21.05925124449384,,54.86,23.86,source,bdg2_3,1,1,1,1,0,0.6384633729394961,-0.715101210024125,-1.710118003141029,-1.0553029764787012,0.0
2025-01-06 11:00:00+00:00,17.403668384926622,59.24278180543188,1009.9428259964184,23.455111587092727,,54.86,23.86,source,bdg2_3,1,1,1,1,0,0.43984267328267657,-0.038305317574215805,-1.7663829966018176,-0.3345611925158345,0.0
2025-01-06 12:00:00+00:00,14.797746837953714,59.996531907818245,1010.37553348321,26.53457969898656,,54.86,23.86,source,bdg2_3,1,1,1,1,0,-0.08334389170166419,0.04859382454672621,-1.5603970210426725,0.49450253120118454,0.0
2025-01-06 13:00:00+00:00,13.213490199333746,63.11247582014266,1010.8052466403108,25.12474765806206,,54.86,23.86,source,bdg2_3,1,1,1,1,0,-0.4014124804418132,0.4078280747587003,-1.355836465522112,0.1270993784352794,0.0
2025-01-06 14:00:00+00:00,11.999597430007675,67.50939844343223,1010.4616970140632,26.88238274784556,,54.86,23.86,source,bdg2_3,1,1,1,1,0,-0.6451237268455171,0.9147451587184072,-1.5193797530216728,0.5822464716191144,0.0
2025-01-06 15:00:00+00:00,10.360253612046789,69.36999085547714,1011.0385050162594,28.366094329857592,,54.86,23.86,source,bdg2_3,1,1,1,1,0,-0.9742520775986595,1.1292511122586426,-1.24479620023026,0.9446593139094467,0.0
2025-01-06 16:00:00+00:00,9.271961148275498,68.72967720759372,1010.3348561278066,29.3009224210125,,54.86,23.86,source,bdg2_3,1,1,1,1,0,-1.1927467581005535,1.055429952549031,-1.5797610602416912,1.1637145975288898,0.0
2025-01-06 17:00:00+00:00,7.94196361138928,71.10537649465805,1011.2100043718008,30.326512837577937,,54.86,23.86,source,bdg2_3,1,1,1,1,0,-1.459768166925939,1.3293220944268458,-1.163155685246579,1.3963954901689193,0.0
2025-01-06 18:00:00+00:00,8.059303048901839,70.3440390059715,1010.0485777532836,30.3129407572982,,54.86,23.86,source,bdg2_3,1,1,1,1,0,-1.4362101218571215,1.2415482096579904,-1.7160409538364323,1.3933663509772682,0.0
2025-01-06 19:00:00+00:00,8.35160174864521,73.7857734004132,1010.3602857483028,29.690837541453817,,54.86,23.86,source,bdg2_3,1,1,1,1,0,-1.3775257946770625,1.6383425388902242,-1.5676555493690991,1.2530915602670676,0.0
2025-01-06 20:00:00+00:00,8.929324004868285,70.53786852295875,1010.3710022690872,29.497781190632185,,54.86,23.86,source,bdg2_3,1,1,1,1,0,-1.2615374514748428,1.2638946328167826,-1.5625540592036715,1.2089817034113826,0.0
2025-01-06 21:00:00+00:00,10.377206200390546,70.43892399074596,1010.2547427128036,27.204449767840146,,54.86,23.86,source,bdg2_3,1,1,1,1,0,-0.9708485344361776,1.2524874105296784,-1.6178982324619422,0.6625271212983674,0.0
2025-01-06 22:00:00+00:00,11.808675083894537,68.35378092050809,1010.4802401616168,28.18188068121904,,54.86,23.86,source,bdg2_3,1,1,1,1,0,-0.6834548909428079,1.012093222284223,-1.5105524771936376,0.9006715259486674,0.0
2025-01-06 23:00:00+00:00,12.825379520435284,63.41242812959327,1010.3646033314996,25.978014412667257,,54.86,23.86,source,bdg2_3,1,1,1,1,0,-0.47933282043151815,0.44240929509410065,-1.5656002080265194,0.3517594322467372,0.0
2025-01-07 00:00:00+00:00,14.694315656872677,59.38958048999312,1010.469931484208,25.18065711805248,,54.86,23.86,source,bdg2_3,1,1,1,1,0,-0.10410959909792894,-0.021381034960565648,-1.5154598176894698,0.1420431307154052,0.0
2025-01-07 01:00:00+00:00,16.879270592007675,58.34710444740321,1010.6789263996208,22.758276722451907,,54.86,23.86,source,bdg2_3,1,1,1,1,0,0.3345601945060867,-0.1415671198392148,-1.4159699247426296,-0.536636489206434,0.0
2025-01-07 02:00:00+00:00,18.382853820796303,52.36291486222025,1011.299432505126,23.586480784625177,,54.86,23.86,source,bdg2_3,1,1,1,1,0,0.6364321159965016,-0.8314787226305057,-1.1205843365925212,-0.29711128179707086,0.0
2025-01-07 03:00:00+00:00,19.30023429506609,49.55831928503127,1011.4699575553216,21.034945013205384,,54.86,23.86,source,bdg2_3,1,1,1,1,0,0.8206130786484465,-1.1548179153978517,-1.039407629708493,-1.0630094732971769,0.0
2025-01-07 04:00:00+00:00,21.10338717909674,46.39842601467502,1011.582915723789,22.47518484136424,,54.86,23.86,source,bdg2_3,1,1,1,1,0,1.182629105045503,-1.519119045863163,-0.9856350483703102,-0.6204286912959724,0.0
2025-01-07 05:00:00+00:00,21.919921928670345,46.95154429679619,1011.8665197892036,20.3167681443323,,54.86,23.86,source,bdg2_3,1,1,1,1,0,1.3465634381093696,-1.4553505580638717,-0.8506282322874322,-1.2946345878279488,0.0
2025-01-07 06:00:00+00:00,21.878786250853967,51.03599378645594,1010.6716994850094,20.64647735110895,,54.86,23.86,source,bdg2_3,1,1,1,1,0,1.33830469601483,-0.9844582085119028,-1.4194102235632937,-1.1873435902166913,0.0
2025-01-07 07:00:00+00:00,21.161520115659048,49.58458540564698,1010.949585621205,18.953289826186268,,54.86,23.86,source,bdg2_3,1,1,1,1,0,1.1943003587053902,-1.1517897189954571,-1.287125369231282,-1.7566878150356622,0.0
2025-01-07 08:00:00+00:00,22.068606155248467,49.755495363470736,1010.8387541316956,19.14458800176541,,54.86,23.86,source,bdg2_3,1,1,1,1,0,1.3764145247090884,-1.1320856703090432,-1.339885566792291,-1.689989709455437,0.0
2025-01-07 09:00:00+00:00,19.57416048750025,53.244466685561214,1011.3574963214548,20.352929331448827,,54.86,23.86,source,bdg2_3,1,1,1,1,0,0.875608787880501,-0.7298454400067979,-1.0929436504101129,-1.2827866167998792,0.0
2025-01-07 10:00:00+00:00,19.27667856568908,52.45865310828489,1011.4641433835276,22.94552528306672,,54.86,23.86,source,bdg2_3,1,1,1,1,0,0.8158838337666212,-0.82044115006522,-1.0421754067532878,-0.4817597258486678,0.0
2025-01-07 11:00:00+00:00,16.750803765548508,57.18044493353091,1010.462114552306,20.791405857130297,,54.86,23.86,source,bdg2_3,1,1,1,1,0,0.3087681219367163,-0.27607020061063403,-1.519180988209642,-1.1406983281248169,0.0
2025-01-07 12:00:00+00:00,15.195467592862164,58.251392260774345,1012.1042770179478,24.037151220820075,,54.86,23.86,source,bdg2_3,1,1,1,1,0,-0.0034941526236618777,-0.1526016880365994,-0.7374463341136017,-0.1701406658581958,0.0
2025-01-07 13:00:00+00:00,12.404286535315508,62.87790744977706,1011.5841334720758,26.25833266472705,,54.86,23.86,source,bdg2_3,1,1,1,1,0,-0.5638749635669223,0.3807849074159122,-0.9850553517473232,0.4240173722868709,0.0
2025-01-07 14:00:00+00:00,12.256409970108775,64.8360082238939,1011.7680925271336,28.519646021444427,,54.86,23.86,source,bdg2_3,1,1,1,1,0,-0.5935638973270598,0.6065325085351557,-0.8974835241831991,0.9811150787307147,0.0
2025-01-07 15:00:00+00:00,9.832630714120045,66.96209657372891,1012.102117829192,29.098686959289147,,54.86,23.86,source,bdg2_3,1,1,1,1,0,-1.0801820553810053,0.851647239649698,-0.7384741938475881,1.1169038509169127,0.0
2025-01-07 16:00:00+00:00,7.728335461139784,69.31707488073003,1012.403255697945,29.8108631695647,,54.86,23.86,source,bdg2_3,1,1,1,1,0,-1.5026579378182454,1.1231504791768576,-0.5951205899318721,1.2803755688373222,0.0
2025-01-07 17:00:00+00:00,8.423575636865017,71.34743805045025,1011.5722889364594,29.63751371864001,,54.86,23.86,source,bdg2_3,1,1,1,1,0,-1.363075716012941,1.357229144087213,-0.9906938218419505,1.2409358354244462,0.0
2025-01-07 18:00:00+00:00,8.830369376823091,73.30306860069011,1011.3248531081788,29.003095060647752,,54.86,23.86,source,bdg2_3,1,1,1,1,0,-1.2814044087116816,1.5826919554132926,-1.108483118381677,1.0946679428984074,0.0
2025-01-07 19:00:00+00:00,7.721393820054904,72.91039149677475,1012.7985175931068,31.601816306979025,,54.86,23.86,source,bdg2_3,1,1,1,1,0,-1.5040515996338788,1.5374205805202785,-0.406960205465362,1.6753276387798726,0.0
2025-01-07 20:00:00+00:00,9.56088369566113,68.64686649426947,1012.5836603170624,28.753666996443943,,54.86,23.86,source,bdg2_3,1,1,1,1,0,-1.134740255453225,1.0458827831045194,-0.5092408152605518,1.0363124763666174,0.0
2025-01-07 21:00:00+00:00,9.25378428196639,69.5588097648418,1013.126532371323,28.169386994204523,,54.86,23.86,source,bdg2_3,1,1,1,1,0,-1.1963960975280925,1.1510198671656766,-0.2508121235597991,0.8976781511552725,0.0
2025-01-07 22:00:00+00:00,12.260814345318057,67.94693201397584,1012.649052671405,27.117537282457924,,54.86,23.86,source,bdg2_3,1,1,1,1,0,-0.5926796381906622,0.965187993563772,-0.47811145347563927,0.6409533877912431,0.0
2025-01-07 23:00:00+00:00,13.674802215149496,64.71039945119693,1012.6156190467348,26.231024184429938,,54.86,23.86,source,bdg2_3,1,1,1,1,0,-0.3087956289402767,0.5920511909795455,-0.49402718871110013,0.417010783154794,0.0
2025-01-08 00:00:00+00:00,15.446909429098426,62.756873984755245,1013.292339263168,26.604546236063246,,54.86,23.86,source,bdg2_3,1,1,1,1,0,0.046987409550233,0.366831072789526,-0.17188144772531747,0.5122424447567052,0.0
2025-01-08 01:00:00+00:00,17.09503985308924,55.7301897747807,1013.65461792695,25.947894235481243,,54.86,23.86,source,bdg2_3,1,1,1,1,0,0.3778798326838384,-0.44326875720501113,0.0005776066273558952,0.3439506940969804,0.0
2025-01-08 02:00:00+00:00,18.03762235818904,55.69333484311901,1012.6597946464666,21.775262377916896,,54.86,23.86,source,bdg2_3,1,1,1,1,0,0.5671205654412571,-0.4475177276982647,-0.472997846061771,-0.8320151727244048,0.0
2025-01-08 03:00:00+00:00,20.261533072697308,53.67166832187405,1013.4729643497178,20.959997079407408,,54.86,23.86,source,bdg2_3,1,1,1,1,0,1.0136114465297612,-0.6805937641652744,-0.08589672178655382,-1.0868259820185646,0.0
2025-01-08 04:00:00+00:00,21.615513324505848,50.64765131205065,1013.630812965018,19.129128222979386,,54.86,23.86,source,bdg2_3,1,1,1,1,0,1.2854478254196846,-1.0292298480355357,-0.010754502144482399,-1.6953563481177516,0.0
2025-01-08 05:00:00+00:00,21.820290588100324,47.200216817340056,1012.773093212534,19.87058275270245,,54.86,23.86,source,bdg2_3,1,1,1,1,0,1.3265606184165954,-1.426681336479823,-0.4190632219259681,-1.4425011751766632,0.0
2025-01-08 06:00:00+00:00,22.963135899032466,49.22671902019854,1013.6878145565576,20.058993418173976,,54.86,23.86,source,bdg2_3,1,1,1,1,0,1.556007783942206,-1.193047798816522,0.016380522786013655,-1.3796796178670758,0.0
2025-01-08 07:00:00+00:00,21.737540605627792,49.00674362592284,1013.643027552708,19.10633855296841,,54.86,23.86,source,bdg2_3,1,1,1,1,0,1.3099470411074057,-1.2184085556373228,-0.004939872543249479,-1.7032749736021011,0.0
2025-01-08 08:00:00+00:00,20.75095603942543,50.5521322462732,1014.125552222578,19.596924138820107,,54.86,23.86,source,bdg2_3,1,1,1,1,0,1.1118720872172658,-1.04024215151115,0.22476106374398422,-1.5347643226867738,0.0
2025-01-08 09:00:00+00:00,19.889484663441674,52.40541765500477,1013.5925639442414,23.097524264772574,,54.86,23.86,source,bdg2_3,1,1,1,1,0,0.9389159018874241,-0.8265786155273355,-0.028962557469016322,-0.4375281588973849,0.0
2025-01-08 10:00:00+00:00,18.054444910883824,53.45305602404608,1014.9369834051442,22.09186631580036,,54.86,23.86,source,bdg2_3,1,1,1,1,0,0.5704980015612645,-0.7057973708755009,0.6110345830198567,-0.7355118159614823,0.0
2025-01-08 11:00:00+00:00,16.07260667495064,55.67828872118131,1013.8468240970664,24.611338563938244,,54.86,23.86,source,bdg2_3,1,1,1,1,0,0.17260761218367265,-0.44925238097989445,0.09207538900562745,-0.011641680935963034,0.0
2025-01-08 12:00:00+00:00,15.144377724808551,59.7817587616654,1014.2646134257676,25.17425317077234,,54.86,23.86,source,bdg2_3,1,1,1,1,0,-0.013751381051556101,0.023832830031157846,0.2909597279127759,0.14033307171586146,0.0
2025-01-08 13:00:00+00:00,13.854681452745004,62.5270289175696,1014.0107705125472,26.00945362536508,,54.86,23.86,source,bdg2_3,1,1,1,1,0,-0.2726815715010126,0.3403324506388592,0.17012040408646759,0.35990084016225293,0.0
2025-01-08 14:00:00+00:00,11.30296056283831,66.46107378085198,1014.309670718563,27.1809714129759,,54.86,23.86,source,bdg2_3,1,1,1,1,0,-0.7849863600852514,0.7938847919283615,0.3124087915315415,0.656705799293528,0.0
2025-01-08 15:00:00+00:00,9.69636134575945,67.36870061328004,1014.3567492188242,28.803295783573752,,54.86,23.86,source,bdg2_3,1,1,1,1,0,-1.1075406314010632,0.8985242378856345,0.3348200303018218,1.0479623706471135,0.0
2025-01-08 16:00:00+00:00,9.256655001112716,70.78391434755962,1013.9587451011656,30.49563797628901,,54.86,23.86,source,bdg2_3,1,1,1,1,0,-1.195819747986432,1.2922610250899813,0.14535423884916307,1.4340326790021842,0.0
2025-01-08 17:00:00+00:00,9.665731256701468,71.14991150084,1014.2600118611474,30.0586968527792,,54.86,23.86,source,bdg2_3,1,1,1,1,0,-1.1136901837918578,1.3344564935059446,0.28876920011669166,1.336377936780595,0.0
2025-01-08 18:00:00+00:00,8.582842790688284,71.28771847791685,1015.2275836045038,30.03185317779868,,54.86,23.86,source,bdg2_3,1,1,1,1,0,-1.3310999125892267,1.3503441305999162,0.7493718371464289,1.3303337586401083,0.0
2025-01-08 19:00:00+00:00,8.893386202377494,72.40532901149994,1015.1427598809456,28.25004042457581,,54.86,23.86,source,bdg2_3,1,1,1,1,0,-1.2687526247251977,1.4791924004525105,0.7089923706915084,0.9169794523356762,0.0
2025-01-08 20:00:00+00:00,8.739869364288316,70.92349304670284,1016.171685753494,30.153809252675227,,54.86,23.86,source,bdg2_3,1,1,1,1,0,-1.299573946756336,1.3083529223587214,1.1988020137055737,1.3577516779590064,0.0
2025-01-08 21:00:00+00:00,10.297639915279667,66.78863706727242,1015.020417990698,26.495581996101148,,54.86,23.86,source,bdg2_3,1,1,1,1,0,-0.986822926084338,0.8316492558934517,0.6507527645287766,0.4845951454240345,0.0
2025-01-08 22:00:00+00:00,10.728297133862668,64.42526912991512,1014.7745808683744,27.00528721724876,,54.86,23.86,source,bdg2_3,1,1,1,1,0,-0.9003605875930354,0.5591787837538449,0.5337245156164631,0.612991375296292,0.0
2025-01-08 23:00:00+00:00,12.624551568227796,63.24279645082534,1014.6631440486788,26.97927789546364,,54.86,23.86,source,bdg2_3,1,1,1,1,0,-0.5196527167040391,0.4228526180007252,0.48067615680849124,0.6064963400213975,0.0
2025-01-09 00:00:00+00:00,14.587978346401725,59.70478451561225,1015.2001546757044,24.11273588713068,,54.86,23.86,source,bdg2_3,1,1,1,1,0,-0.1254587652919752,0.014958541422443163,0.7363145759948405,-0.1490696810837232,0.0
2025-01-09 01:00:00+00:00,17.070550364649325,55.70756001785519,1015.5994479940504,23.12422439908864,,54.86,23.86,source,bdg2_3,1,1,1,1,0,0.3729631185371726,-0.44587772064926995,0.9263940782553225,-0.42978726170810155,0.0
2025-01-09 02:00:00+00:00,18.49593833621301,53.13344106785284,1016.2961383986092,23.395244210120445,,54.86,23.86,source,bdg2_3,1,1,1,1,0,0.6591359073836642,-0.7426454793059762,1.2580464231449513,-0.3516945896175733,0.0
2025-01-09 03:00:00+00:00,21.315170123769253,49.45274876283411,1016.4241116665746,21.87471940342142,,54.86,23.86,source,bdg2_3,1,1,1,1,0,1.2251484170617035,-1.16698904185362,1.3189667891011982,-0.801556125856252,0.0
2025-01-09 04:00:00+00:00,21.373643143144847,49.624280330331885,1015.634006441178,20.36737122244844,,54.86,23.86,source,bdg2_3,1,1,1,1,0,1.2368879485863253,-1.1472133283710944,0.9428452737226872,-1.2780604336881736,0.0
2025-01-09 05:00:00+00:00,22.23316362640245,48.38725559750353,1016.05387121036,20.49728221928161,,54.86,23.86,source,bdg2_3,1,1,1,1,0,1.409452456405678,-1.2898287492179232,1.1427176048536238,-1.2356894358121022,0.0
2025-01-09 06:00:00+00:00,22.95547877974277,48.5476141413828,1016.307264616767,19.67677838248493,,54.86,23.86,source,bdg2_3,1,1,1,1,0,1.5544704767490922,-1.2713411631456244,1.2633429455567213,-1.5077156550862292,0.0
2025-01-09 07:00:00+00:00,21.41971993777145,48.89280819744377,1015.6926315228638,20.050194206287145,,54.86,23.86,source,bdg2_3,1,1,1,1,0,1.2461387105419892,-1.231544064290213,0.9707531445405154,-1.3826009953872334,0.0
2025-01-09 08:00:00+00:00,20.907390726025977,48.95440554241306,1016.696974584214,19.8581270073621,,54.86,23.86,source,bdg2_3,1,1,1,1,0,1.1432792208748446,-1.2244425641805445,1.4488603915914344,-1.4466742439372282,0.0
2025-01-09 09:00:00+00:00,20.0762877008485,48.3750670156872,1016.2524229323752,21.97895258432224,,54.86,23.86,source,bdg2_3,1,1,1,1,0,0.9764200391792958,-1.2912339593799607,1.237236122343387,-0.7697761631252501,0.0
2025-01-09 10:00:00+00:00,19.003691614926804,53.00727870686825,1015.0883952001744,22.17456232342105,,54.86,23.86,source,bdg2_3,1,1,1,1,0,0.7610766945337577,-0.7571906195358797,0.6831126201754122,-0.7105233386600458,0.0
2025-01-09 11:00:00+00:00,18.01312170215035,56.710564787627405,1016.0795915070784,23.423344629947778,,54.86,23.86,source,bdg2_3,1,1,1,1,0,0.56220160919423,-0.33024224178104755,1.1549614891702487,-0.34364732284028515,0.0
2025-01-09 12:00:00+00:00,15.433187585601488,58.514885033904896,1015.976882707178,25.263517418381603,,54.86,23.86,source,bdg2_3,1,1,1,1,0,0.04423249769467262,-0.12222385343648412,1.1060680149600954,0.16413184178404802,0.0
2025-01-09 13:00:00+00:00,13.826232255116247,65.66896892220262,1014.8269274319716,26.05513229131477,,54.86,23.86,source,bdg2_3,1,1,1,1,0,-0.27839326992157304,0.7025637659430466,0.5586435620829109,0.37171278467430613,0.0
2025-01-09 14:00:00+00:00,10.73899511769998,64.89993988797977,1016.3000044104894,28.655079341442264,,54.86,23.86,source,bdg2_3,1,1,1,1,0,-0.8982127710470602,0.6139031301056701,1.259886798578633,1.0131121918168078,0.0
2025-01-09 15:00:00+00:00,10.66889187467729,65.66389368764335,1015.3091215942824,27.24854879313873,,54.86,23.86,source,bdg2_3,1,1,1,1,0,-0.9122872833645584,0.7019786469123932,0.7881871636252955,0.6734481318840968,0.0
2025-01-09 16:00:00+00:00,8.546320340305908,70.34869870489202,1016.2271886051874,29.27549941039813,,54.86,23.86,source,bdg2_3,1,1,1,1,0,-1.338432464631157,1.2420854219747157,1.2252235788537773,1.157847218398412,0.0
2025-01-09 17:00:00+00:00,8.036826544706809,73.45912759345688,1015.5094912141532,29.550394199783643,,54.86,23.86,source,bdg2_3,1,1,1,1,0,-1.4407226924816339,1.6006838502717553,0.8835710728049784,1.2210304348680023,0.0
2025-01-09 18:00:00+00:00,7.403928792181616,71.18146058424324,1016.3120585611914,28.15788299406766,,54.86,23.86,source,bdg2_3,1,1,1,1,0,-1.5677885289472808,1.3380937577315324,1.265625053791896,0.8949207624127898,0.0
2025-01-09 19:00:00+00:00,7.905855855557215,70.66911668307424,1015.78449792613,29.820642617767668,,54.86,23.86,source,bdg2_3,1,1,1,1,0,-1.4670174614279226,1.2790261100568903,1.0144852066737657,1.2825939304420992,0.0
2025-01-09 20:00:00+00:00,8.694421362579059,69.4159557295202,1015.9426199501823,29.16230115360496,,54.86,23.86,source,bdg2_3,1,1,1,1,0,-1.3086984669965134,1.1345503594619182,1.0897575797572663,1.1316622315796356,0.0
2025-01-09 21:00:00+00:00,9.248081356989,65.81648179128861,1015.694856109218,29.23547994766757,,54.86,23.86,source,bdg2_3,1,1,1,1,0,-1.197541064356718,0.7195703862204927,0.971812136132669,1.1486011330227428,0.0
2025-01-09 22:00:00+00:00,11.401646870962988,64.88032209411564,1016.4353665449536,24.87459876310605,,54.86,23.86,source,bdg2_3,1,1,1,1,0,-0.7651732729956907,0.6116414130568751,1.324324558895939,0.05984434112965744,0.0
2025-01-09 23:00:00+00:00,13.561349101363357,64.11699356429686,1016.4548331695622,26.21338099262708,,54.86,23.86,source,bdg2_3,1,1,1,1,0,-0.33157342321328476,0.523637983023919,1.3335914465354064,0.41248029835798056,0.0
2025-01-10 00:00:00+00:00,14.88917613266391,59.030461334180586,1016.6118260652188,24.08708947209371,,54.86,23.86,source,bdg2_3,1,1,1,1,0,-0.064987783209475,-0.06278354550153258,1.4083263095890854,-0.15621209906213993,0.0
2025-01-10 01:00:00+00:00,17.05158890437886,58.00772158903095,1016.0135514254642,22.798941035444383,,54.86,23.86,source,bdg2_3,1,1,1,1,0,0.3691562574758659,-0.18069425116527513,1.123523783439401,-0.5246823620747435,0.0
2025-01-10 02:00:00+00:00,19.740972621563216,54.33992919136481,1015.7977602991972,21.95845075759055,,54.86,23.86,source,bdg2_3,1,1,1,1,0,0.9090993845254727,-0.6035505954971857,1.0207986237923945,-0.7760156217491359,0.0
2025-01-10 03:00:00+00:00,19.547451468684805,52.910659703923294,1016.6031825958056,22.84625299408217,,54.86,23.86,source,bdg2_3,1,1,1,1,0,0.8702464622861686,-0.7683297337355534,1.4042116743363142,-0.5107997005749332,0.0
2025-01-10 04:00:00+00:00,20.978843447525,47.119820843070265,1015.515446667152,21.17655645269704,,54.86,23.86,source,bdg2_3,1,1,1,1,0,1.1576246657572058,-1.4359501129243017,0.8864061053230293,-1.018229346135556,0.0
2025-01-10 05:00:00+00:00,21.837718689966824,47.850318378318434,1015.1911637493004,19.742556138636576,,54.86,23.86,source,bdg2_3,1,1,1,1,0,1.330059629643669,-1.3517317374527058,0.7320345373935808,-1.485513401086031,0.0
2025-01-10 06:00:00+00:00,22.46959190448104,46.61893513240191,1015.4815879325344,20.680653690387764,,54.86,23.86,source,bdg2_3,1,1,1,1,0,1.456919771305003,-1.493696756566424,0.8702880008429675,-1.1763158515966206,0.0
2025-01-10 07:00:00+00:00,21.24339388087693,45.78222026695025,1015.9194177182172,20.87020356750373,,54.86,23.86,source,bdg2_3,1,1,1,1,0,1.2107380193235453,-1.5901608283819908,1.0787123944245123,-1.1154672915232475,0.0
2025-01-10 08:00:00+00:00,21.168593361378697,47.44301404621132,1015.5352608705562,22.2462292816271,,54.86,23.86,source,bdg2_3,1,1,1,1,0,1.195720442566185,-1.3986894717603942,0.8958384542948419,-0.6889395570088876,0.0
2025-01-10 09:00:00+00:00,19.23147828820769,51.93070770422326,1015.2578665952848,21.674697715452524,,54.86,23.86,source,bdg2_3,1,1,1,1,0,0.8068090487105258,-0.8813074803707164,0.7637877453275339,-0.8629489793869389,0.0
2025-01-10 10:00:00+00:00,17.8935939483315,51.47444861136234,1015.7531858302184,22.63308961600336,,54.86,23.86,source,bdg2_3,1,1,1,1,0,0.5382042194748731,-0.9339091631153904,0.9995794035156507,-0.5735667305264263,0.0
2025-01-10 11:00:00+00:00,16.928416370393943,54.6675608415452,1015.6297355636268,24.97375646140084,,54.86,23.86,source,bdg2_3,1,1,1,1,0,0.3444271112623726,-0.5657782499383509,0.9408121661252087,0.08658134548233784,0.0
2025-01-10 12:00:00+00:00,14.729806502796272,60.5047359853313,1015.0952549646148,25.89058631733784,,54.86,23.86,source,bdg2_3,1,1,1,1,0,-0.09698416057936582,0.10718419583613825,0.6863781409105264,0.32906932921733395,0.0
2025-01-10 13:00:00+00:00,12.775017785397951,62.91800987788593,1015.7023745419992,26.755924654355745,,54.86,23.86,source,bdg2_3,1,1,1,1,0,-0.48944386279633556,0.38540827872769606,0.9753912091979456,0.5504708370537243,0.0
2025-01-10 14:00:00+00:00,11.025326424805304,65.94173378908842,1016.3853538852908,27.40106304746404,,54.86,23.86,source,bdg2_3,1,1,1,1,0,-0.8407265074310559,0.734010571532943,1.300516543538188,0.711086892174038,0.0
2025-01-10 15:00:00+00:00,11.184182063994694,67.8793606483615,1014.8244728676358,28.86220975724425,,54.86,23.86,source,bdg2_3,1,1,1,1,0,-0.8088333231207177,0.9573977542188798,0.5574750918236173,1.0617667185747413,0.0
2025-01-10 16:00:00+00:00,9.527879319559078,69.00131425143122,1014.9041618800732,31.16289971199496,,54.86,23.86,source,bdg2_3,1,1,1,1,0,-1.141366489532429,1.0867467324778355,0.5954102315411356,1.5805794429683422,0.0
2025-01-10 17:00:00+00:00,8.114915338958337,73.4065450281748,1015.9921250000845,27.840294243977816,,54.86,23.86,source,bdg2_3,1,1,1,1,0,-1.4250449342330467,1.594621655654382,1.1133239526776884,0.8183653553420269,0.0
2025-01-10 18:00:00+00:00,8.045763439894094,68.43540066094916,1013.961359520413,29.767973456588635,,54.86,23.86,source,bdg2_3,1,1,1,1,0,-1.4389284467952694,1.021503085582427,0.14659880640491552,1.2706381804117124,0.0
2025-01-10 19:00:00+00:00,8.86692495298973,70.65763974801432,1015.5264042644848,29.75423878419193,,54.86,23.86,source,bdg2_3,1,1,1,1,0,-1.274065206060756,1.2777029449817188,0.8916223575148089,1.2675170843718697,0.0
2025-01-10 20:00:00+00:00,9.081487487916297,70.37698907928376,1015.2658657069252,29.249724893305512,,54.86,23.86,source,bdg2_3,1,1,1,1,0,-1.230987840300086,1.2453469926957539,0.7675956406497799,1.1518936832784359,0.0
2025-01-10 21:00:00+00:00,10.68408985851733,67.18595099351906,1014.165930877224,28.36168768198568,,54.86,23.86,source,bdg2_3,1,1,1,1,0,-0.9092360092503415,0.877455205682681,0.2439829095010267,0.9436102896927862,0.0
2025-01-10 22:00:00+00:00,10.929583961437435,64.30924517834606,1014.7921464575328,27.711545494515484,,54.86,23.86,source,bdg2_3,1,1,1,1,0,-0.8599485636709151,0.5458024912334027,0.5420864347639412,0.7870897807787709,0.0
2025-01-10 23:00:00+00:00,12.67317405960705,64.88446624192828,1014.1188709240664,26.54324753277469,,54.86,23.86,source,bdg2_3,1,1,1,1,0,-0.5098908594158784,0.6121191879700731,0.2215804998898338,0.4967026926112004,0.0
2025-01-11 00:00:00+00:00,14.410608149834616,59.28975025354487,1014.8338212083588,26.26750530829792,,54.86,23.86,source,bdg2_3,1,1,1,1,0,-0.16106908670795905,-0.03289036925799228,0.5619252738576026,0.4263692402570798,0.0
2025-01-11 01:00:00+00:00,16.272582891423276,56.15011936559836,1013.9680919408024,23.10127521446896,,54.86,23.86,source,bdg2_3,1,1,1,1,0,0.21275650687945394,-0.39485546866585053,0.14980370630640022,-0.43644016669261804,0.0
2025-01-11 02:00:00+00:00,18.910344190054293,53.4286402336491,1014.7541015939012,20.86599970213734,,54.86,23.86,source,bdg2_3,1,1,1,1,0,0.7423354862169091,-0.7086122444429935,0.5239755663611745,-1.1168110724881402,0.0
2025-01-11 03:00:00+00:00,20.188586182366105,52.98384125157237,1013.5838792560522,21.15102183811548,,54.86,23.86,source,bdg2_3,1,1,1,1,0,0.9989660198387681,-0.7598927017674596,-0.033096814498729026,-1.0262826875976763,0.0
2025-01-11 04:00:00+00:00,20.49133734536886,48.43401578509981,1013.376764114402,21.741422242120382,,54.86,23.86,source,bdg2_3,1,1,1,1,0,1.0597488708038787,-1.2844378110612766,-0.13169186036266314,-0.8424091633349547,0.0
2025-01-11 05:00:00+00:00,21.335547813155173,51.00176276439142,1014.3620967437396,19.55542970624128,,54.86,23.86,source,bdg2_3,1,1,1,1,0,1.229239612103443,-0.9884046709295023,0.3373656648705294,-1.548860977336975,0.0
2025-01-11 06:00:00+00:00,21.90838446196345,45.997416353657606,1012.7939577860714,20.81606477267351,,54.86,23.86,source,bdg2_3,1,1,1,1,0,1.3442470799741781,-1.5653510734467035,-0.4091308549901014,-1.1327927454179605,0.0
2025-01-11 07:00:00+00:00,21.99959595334023,48.76150746651629,1014.2720811983506,20.21378293879259,,54.86,23.86,source,bdg2_3,1,1,1,1,0,1.3625594604508464,-1.2466816023699119,0.29451468470858794,-1.3284874538875249,0.0
2025-01-11 08:00:00+00:00,20.998730601223617,49.65959231907569,1014.0395367316852,19.360348646149514,,54.86,23.86,source,bdg2_3,1,1,1,1,0,1.1616173767591853,-1.143142242319224,0.18381426863275147,-1.6155183734672718,0.0
2025-01-11 09:00:00+00:00,19.85634646773036,54.46870814100404,1013.410926105835,20.94040121648512,,54.86,23.86,source,bdg2_3,1,1,1,1,0,0.9322628010662884,-0.5887037912162237,-0.11542939357584363,-1.0930664437632065,0.0
2025-01-11 10:00:00+00:00,19.39233300170029,54.0478617307592,1013.7848342523112,22.13426203339844,,54.86,23.86,source,bdg2_3,1,1,1,1,0,0.8391035838670016,-0.6372227790069661,0.06256575712627553,-0.722689828270073,0.0
