timestamp,temperature,relative_humidity,pressure,energy,pm25,latitude,longitude,domain,entity_id,mask_temperature,mask_relative_humidity,mask_pressure,mask_energy,mask_pm25
2025-01-01 00:00:00+00:00,15.027669251691066,57.96802441812847,1013.068268022958,,17.601296591583985,54.8,23.8,target,opensensemap_0,1,1,1,0,1
2025-01-01 01:00:00+00:00,17.094070972055114,56.8499878338805,1013.2761937917586,,17.139988035152562,54.8,23.8,target,opensensemap_0,1,1,1,0,1
2025-01-01 02:00:00+00:00,18.81515531515622,55.265052968645605,1014.3409334671918,,15.134078377647356,54.8,23.8,target,opensensemap_0,1,1,1,0,1
2025-01-01 03:00:00+00:00,19.655028681353222,51.74571444776428,1012.8952554881322,,19.970715521404465,54.8,23.8,target,opensensemap_0,1,1,1,0,1
2025-01-01 04:00:00+00:00,21.04506256352984,47.69048659419472,1013.4657169125536,,16.000998290657623,54.8,23.8,target,opensensemap_0,1,1,1,0,1
2025-01-01 05:00:00+00:00,21.670708206735355,47.066556727809775,1013.8391701639182,,16.932533701118874,54.8,23.8,target,opensensemap_0,1,1,1,0,1
2025-01-01 06:00:00+00:00,22.918029885097464,48.60292704147464,1013.569294965572,,21.5990643644438,54.8,23.8,target,opensensemap_0,1,1,1,0,1
2025-01-01 07:00:00+00:00,22.50537929389368,48.53127684880989,1013.7920271819256,,20.7619779270203,54.8,23.8,target,opensensemap_0,1,1,1,0,1
2025-01-01 08:00:00+00:00,20.929399519228745,48.23337044932513,1013.7104970716434,,21.52503965765333,54.8,23.8,target,opensensemap_0,1,1,1,0,1
2025-01-01 09:00:00+00:00,19.96150056313864,51.527045391185744,1013.5729455672,,19.796530861635805,54.8,23.8,target,opensensemap_0,1,1,1,0,1
2025-01-01 10:00:00+00:00,18.955646525865813,53.23707376877183,1012.8909220065192,,22.35373082149322,54.8,23.8,target,opensensemap_0,1,1,1,0,1
2025-01-01 11:00:00+00:00,16.40373716902805,58.74304540197576,1014.2768116301926,,23.605161748386017,54.8,23.8,target,opensensemap_0,1,1,1,0,1
2025-01-01 12:00:00+00:00,14.93209362794464,57.40507800165987,1013.4131708994094,,21.14942768743122,54.8,23.8,target,opensensemap_0,1,1,1,0,1
2025-01-01 13:00:00+00:00,13.752992998365643,64.01475558891902,1013.9848819298423,,18.59259350312943,54.8,23.8,target,opensensemap_0,1,1,1,0,1
2025-01-01 14:00:00+00:00,11.86856853593556,66.69043379210359,1014.0874262584276,,24.106470907968195,54.8,23.8,target,opensensemap_0,1,1,1,0,1
2025-01-01 15:00:00+00:00,11.057683106318276,66.6875620891484,1014.875143176203,,23.055780064211245,54.8,23.8,target,opensensemap_0,1,1,1,0,1
2025-01-01 16:00:00+00:00,9.181486952839435,67.1367036373794,1015.5039584305246,,20.040011866753183,54.8,23.8,target,opensensemap_0,1,1,1,0,1
2025-01-01 17:00:00+00:00,8.538082311172614,71.52175019692842,1014.7762948870004,,26.72196653447508,54.8,23.8,target,opensensemap_0,1,1,1,0,1
2025-01-01 18:00:00+00:00,7.171622784471392,71.92992741455316,1014.6069530127868,,20.41690415759817,54.8,23.8,target,opensensemap_0,1,1,1,0,1
2025-01-01 19:00:00+00:00,7.777705059371355,70.01066242763063,1014.7843643754464,,20.14246511152276,54.8,23.8,target,opensensemap_0,1,1,1,0,1
2025-01-01 20:00:00+00:00,8.73437916703198,68.13297318600702,1014.6468940451404,,24.135227061299496,54.8,23.8,target,opensensemap_0,1,1,1,0,1
2025-01-01 21:00:00+00:00,10.18334020519096,67.4808163908421,1015.06337901811,,20.72828869477646,54.8,23.8,target,opensensemap_0,1,1,1,0,1
2025-01-01 22:00:00+00:00,11.925498418118728,66.17003930032104,1015.1566446700866,,25.161579215732704,54.8,23.8,target,opensensemap_0,1,1,1,0,1
2025-01-01 23:00:00+00:00,13.263161119836306,63.37857478207197,1015.5667805926066,,20.457191926282803,54.8,23.8,target,opensensemap_0,1,1,1,0,1
2025-01-02 00:00:00+00:00,15.452324374895603,61.94979569950539,1015.085769467202,,22.115370522295752,54.8,23.8,target,opensensemap_0,1,1,1,0,1
2025-01-02 01:00:00+00:00,16.627783552312486,56.75112952245844,1015.7305137752044,,21.150371536316023,54.8,23.8,target,opensensemap_0,1,1,1,0,1
2025-01-02 02:00:00+00:00,17.800528414225013,53.82572675402714,1014.9780962590868,,23.528484704341963,54.8,23.8,target,opensensemap_0,1,1,1,0,1
2025-01-02 03:00:00+00:00,19.845857921786006,49.98958462396261,1015.8069525098188,,17.870772851005434,54.8,23.8,target,opensensemap_0,1,1,1,0,1
2025-01-02 04:00:00+00:00,20.530419187297,48.6453086847733,1015.2303202867035,,22.583662720866936,54.8,23.8,target,opensensemap_0,1,1,1,0,1
2025-01-02 05:00:00+00:00,21.478675210192748,48.15202432845486,1015.8550026807244,,21.545528574977336,54.8,23.8,target,opensensemap_0,1,1,1,0,1
2025-01-02 06:00:00+00:00,21.055310198057374,47.82036566403362,1016.2490745476696,,22.38858584294535,54.8,23.8,target,opensensemap_0,1,1,1,0,1
2025-01-02 07:00:00+00:00,21.609362484811,48.98128779619865,1016.4110944756196,,19.18756776713279,54.8,23.8,target,opensensemap_0,1,1,1,0,1
2025-01-02 08:00:00+00:00,21.013031942529803,47.313163320259726,1016.0422502143896,,22.390677223108835,54.8,23.8,target,opensensemap_0,1,1,1,0,1
2025-01-02 09:00:00+00:00,19.931625331071974,49.37863761840048,1015.5872103710708,,16.31852239589227,54.8,23.8,target,opensensemap_0,1,1,1,0,1
2025-01-02 10:00:00+00:00,18.707105830432624,54.50931843360195,1015.6559547983968,,21.7980899605586,54.8,23.8,target,opensensemap_0,1,1,1,0,1
2025-01-02 11:00:00+00:00,17.10634574322878,54.59111546591765,1014.9494961987716,,19.642991836556345,54.8,23.8,target,opensensemap_0,1,1,1,0,1
2025-01-02 12:00:00+00:00,15.33750773310032,57.999606820019096,1015.528311469244,,13.888007660478957,54.8,23.8,target,opensensemap_0,1,1,1,0,1
2025-01-02 13:00:00+00:00,14.127655786159458,61.05732323612584,1015.9172690869144,,16.068009532715916,54.8,23.8,target,opensensemap_0,1,1,1,0,1
2025-01-02 14:00:00+00:00,11.396567378816725,66.39284284381247,1015.127324712762,,10.750526418017188,54.8,23.8,target,opensensemap_0,1,1,1,0,1
2025-01-02 15:00:00+00:00,10.30902967510172,66.35362264618358,1015.734797839544,,17.997063282677946,54.8,23.8,target,opensensemap_0,1,1,1,0,1
2025-01-02 16:00:00+00:00,7.307514625620659,71.27836371581475,1015.9581629638644,,19.09664619321935,54.8,23.8,target,opensensemap_0,1,1,1,0,1
2025-01-02 17:00:00+00:00,8.196635573953428,71.30867673698839,1016.1593813116274,,19.39888294381398,54.8,23.8,target,opensensemap_0,1,1,1,0,1
2025-01-02 18:00:00+00:00,8.300381157435021,72.49165508454948,1016.1165348737362,,12.658044751691715,54.8,23.8,target,opensensemap_0,1,1,1,0,1
2025-01-02 19:00:00+00:00,7.694901006058753,73.53050330319535,1016.0681819870316,,12.39498651270145,54.8,23.8,target,opensensemap_0,1,1,1,0,1
2025-01-02 20:00:00+00:00,8.85941529823735,69.20273525396894,1015.8399427733666,,16.90747256603455,54.8,23.8,target,opensensemap_0,1,1,1,0,1
2025-01-02 21:00:00+00:00,9.657701293108875,67.79162455257733,1015.9839970830752,,14.158676964093251,54.8,23.8,target,opensensemap_0,1,1,1,0,1
2025-01-02 22:00:00+00:00,10.999236259937542,66.1987963455448,1016.1570931685332,,13.53842639621889,54.8,23.8,target,opensensemap_0,1,1,1,0,1
2025-01-02 23:00:00+00:00,14.458276773342098,60.80161541057,1015.6966499712624,,13.038101547708203,54.8,23.8,target,opensensemap_0,1,1,1,0,1
2025-01-03 00:00:00+00:00,16.05926621722268,58.80330408117533,1015.7570611546148,,17.124672461941365,54.8,23.8,target,opensensemap_0,1,1,1,0,1
2025-01-03 01:00:00+00:00,16.508155764832743,56.63685438692766,1014.7610018777276,,17.02871977762004,54.8,23.8,target,opensensemap_0,1,1,1,0,1
2025-01-03 02:00:00+00:00,18.142913909045284,53.75455335374037,1016.085963058342,,10.825166217394024,54.8,23.8,target,opensensemap_0,1,1,1,0,1
2025-01-03 03:00:00+00:00,20.06207312303171,52.57824112908783,1014.9143815001336,,14.978505065077512,54.8,23.8,target,opensensemap_0,1,1,1,0,1
2025-01-03 04:00:00+00:00,21.0751027713284,47.92241776184948,1015.929217859912,,13.246900563253732,54.8,23.8,target,opensensemap_0,1,1,1,0,1
2025-01-03 05:00:00+00:00,21.42067700161199,49.25375476769064,1015.3901959221772,,14.227161322576851,54.8,23.8,target,opensensemap_0,1,1,1,0,1
2025-01-03 06:00:00+00:00,22.426679526378106,48.77518876135853,1015.6000373860008,,12.94652354025129,54.8,23.8,target,opensensemap_0,1,1,1,0,1
2025-01-03 07:00:00+00:00,21.499398435168768,48.71608753826439,1015.486314242974,,12.58690294708633,54.8,23.8,target,opensensemap_0,1,1,1,0,1
2025-01-03 08:00:00+00:00,21.09464232971285,49.71571040424092,1015.9829273373072,,11.47328168196211,54.8,23.8,target,opensensemap_0,1,1,1,0,1
2025-01-03 09:00:00+00:00,18.60028797673027,51.94415146331643,1015.1999878348324,,11.795272404581349,54.8,23.8,target,opensensemap_0,1,1,1,0,1
2025-01-03 10:00:00+00:00,18.394683186912584,53.48529021657907,1015.9575015475144,,13.750746074108486,54.8,23.8,target,opensensemap_0,1,1,1,0,1
2025-01-03 11:00:00+00:00,16.573161206412447,55.857353732562096,1015.0194277243576,,13.99683033450193,54.8,23.8,target,opensensemap_0,1,1,1,0,1
2025-01-03 12:00:00+00:00,13.574465228699044,61.23468513370616,1015.2081226357484,,12.293670168880318,54.8,23.8,target,opensensemap_0,1,1,1,0,1
2025-01-03 13:00:00+00:00,13.748307102332262,63.48396780309259,1015.665151256589,,12.698077822507932,54.8,23.8,target,opensensemap_0,1,1,1,0,1
2025-01-03 14:00:00+00:00,12.124376136910469,65.63788522084978,1015.1411554264068,,15.75257083145986,54.8,23.8,target,opensensemap_0,1,1,1,0,1
2025-01-03 15:00:00+00:00,9.913615294326496,65.9557500701576,1015.257264014365,,13.076796881502478,54.8,23.8,target,opensensemap_0,1,1,1,0,1
2025-01-03 16:00:00+00:00,8.90995640091167,73.84961951404354,1014.50017026852,,14.61242368584369,54.8,23.8,target,opensensemap_0,1,1,1,0,1
2025-01-03 17:00:00+00:00,7.627993135501663,70.2802819206075,1013.7526571906958,,17.283063817418444,54.8,23.8,target,opensensemap_0,1,1,1,0,1
2025-01-03 18:00:00+00:00,8.253863270335042,73.27191300195317,1016.139585810468,,15.290782569495256,54.8,23.8,target,opensensemap_0,1,1,1,0,1
2025-01-03 19:00:00+00:00,7.569069499763106,70.85698179434652,1014.9215262031986,,16.208027554781125,54.8,23.8,target,opensensemap_0,1,1,1,0,1
2025-01-03 20:00:00+00:00,9.314985752409113,68.35058956914322,1015.1967245267692,,18.0818121574067,54.8,23.8,target,opensensemap_0,1,1,1,0,1
2025-01-03 21:00:00+00:00,9.79786513639086,68.04776542433602,1014.37181950318,,20.157470845259493,54.8,23.8,target,opensensemap_0,1,1,1,0,1
2025-01-03 22:00:00+00:00,11.30342640909658,66.24400270777228,1013.8501934534906,,19.026717315275544,54.8,23.8,target,opensensemap_0,1,1,1,0,1
2025-01-03 23:00:00+00:00,13.425407141804593,63.02329034792254,1014.3079992850244,,16.00403107345405,54.8,23.8,target,opensensemap_0,1,1,1,0,1
2025-01-04 00:00:00+00:00,14.775895034340106,59.65436840958657,1014.560955445845,,21.484588756830124,54.8,23.8,target,opensensemap_0,1,1,1,0,1
2025-01-04 01:00:00+00:00,16.775176612845474,55.45341347431744,1013.7677827276774,,19.74658758011116,54.8,23.8,target,opensensemap_0,1,1,1,0,1
2025-01-04 02:00:00+00:00,19.180037138577077,56.66873273800403,1015.0104479362404,,18.16125724068513,54.8,23.8,target,opensensemap_0,1,1,1,0,1
2025-01-04 03:00:00+00:00,20.036124648394747,50.822543891973496,1013.8388340635822,,18.77637980750932,54.8,23.8,target,opensensemap_0,1,1,1,0,1
2025-01-04 04:00:00+00:00,21.219531591065213,50.59616698997471,1013.6006774632212,,20.05950751456005,54.8,23.8,target,opensensemap_0,1,1,1,0,1
2025-01-04 05:00:00+00:00,21.670954885701008,47.08302025010818,1013.0708953700888,,19.781127249114164,54.8,23.8,target,opensensemap_0,1,1,1,0,1
2025-01-04 06:00:00+00:00,22.11077958644571,49.33085607525428,1014.156399831906,,21.692339238756254,54.8,23.8,target,opensensemap_0,1,1,1,0,1
2025-01-04 07:00:00+00:00,22.32094605776817,48.83350978942106,1012.908664177635,,20.63232887918269,54.8,23.8,target,opensensemap_0,1,1,1,0,1
2025-01-04 08:00:00+00:00,21.13619593300197,49.67366593439403,1014.0085703955476,,20.102891246997853,54.8,23.8,target,opensensemap_0,1,1,1,0,1
2025-01-04 09:00:00+00:00,20.0661526573871,54.53973123138949,1013.4280437317208,,21.148730733254144,54.8,23.8,target,opensensemap_0,1,1,1,0,1
2025-01-04 10:00:00+00:00,19.20867726842604,53.445290607247706,1012.4779396587908,,22.926667156929213,54.8,23.8,target,opensensemap_0,1,1,1,0,1
2025-01-04 11:00:00+00:00,17.083760130185546,55.7750453290333,1012.9925973097796,,21.438738207516245,54.8,23.8,target,opensensemap_0,1,1,1,0,1
2025-01-04 12:00:00+00:00,14.631142916799083,59.41662984499252,1013.0081574676811,,18.932223297152383,54.8,23.8,target,opensensemap_0,1,1,1,0,1
2025-01-04 13:00:00+00:00,13.364439988321433,63.17336814982435,1013.796845257178,,21.10342214929129,54.8,23.8,target,opensensemap_0,1,1,1,0,1
2025-01-04 14:00:00+00:00,11.362392704743955,65.17369357700457,1012.1257546959032,,20.54263749762693,54.8,23.8,target,opensensemap_0,1,1,1,0,1
2025-01-04 15:00:00+00:00,10.189285878276836,68.55491759915473,1013.0829707894344,,21.856158973139365,54.8,23.8,target,opensensemap_0,1,1,1,0,1
2025-01-04 16:00:00+00:00,8.327487771047043,70.8706306744174,1012.585372213998,,21.634167549670167,54.8,23.8,target,opensensemap_0,1,1,1,0,1
2025-01-04 17:00:00+00:00,8.447131309219246,70.78237210810394,1011.7114362469712,,24.215048410307944,54.8,23.8,target,opensensemap_0,1,1,1,0,1
2025-01-04 18:00:00+00:00,7.389782330777585,72.67899056580673,1011.983744876518,,24.447383873939856,54.8,23.8,target,opensensemap_0,1,1,1,0,1
2025-01-04 19:00:00+00:00,8.702197629795027,69.89550170172649,1012.1874980854756,,23.496908804738727,54.8,23.8,target,opensensemap_0,1,1,1,0,1
2025-01-04 20:00:00+00:00,10.106893714450072,68.6801803066541,1013.1636441808298,,24.57040854584116,54.8,23.8,target,opensensemap_0,1,1,1,0,1
2025-01-04 21:00:00+00:00,9.642106205207863,70.62182945569863,1011.2862373752828,,25.07903551410834,54.8,23.8,target,opensensemap_0,1,1,1,0,1
2025-01-04 22:00:00+00:00,10.680262241757356,66.36776825207961,1012.4334640065772,,20.40954674927585,54.8,23.8,target,opensensemap_0,1,1,1,0,1
2025-01-04 23:00:00+00:00,13.114678184882672,60.17818771853102,1011.9066885040804,,22.74798784689313,54.8,23.8,target,opensensemap_0,1,1,1,0,1
2025-01-05 00:00:00+00:00,15.06565348545425,57.9542792669936,1011.8179561670491,,25.68347541718583,54.8,23.8,target,opensensemap_0,1,1,1,0,1
2025-01-05 01:00:00+00:00,17.15949095806284,58.10801448635867,1011.9671179281844,,23.55551392201296,54.8,23.8,target,opensensemap_0,1,1,1,0,1
2025-01-05 02:00:00+00:00,18.44024124868285,55.50902703561506,1010.9197897628528,,21.5656596283602,54.8,23.8,target,opensensemap_0,1,1,1,0,1
2025-01-05 03:00:00+00:00,19.558406269366312,50.16712114725994,1011.0539955661344,,22.504591074903555,54.8,23.8,target,opensensemap_0,1,1,1,0,1
2025-01-05 04:00:00+00:00,21.3977806832921,51.949472304766175,1011.3890486317392,,21.817593112309684,54.8,23.8,target,opensensemap_0,1,1,1,0,1
2025-01-05 05:00:00+00:00,21.529992903813238,48.73459919178652,1012.0197235757148,,20.94725454627512,54.8,23.8,target,opensensemap_0,1,1,1,0,1
2025-01-05 06:00:00+00:00,21.993596943043983,45.192019236853774,1010.8990789703116,,16.830770913762155,54.8,23.8,target,opensensemap_0,1,1,1,0,1
2025-01-05 07:00:00+00:00,21.95965422570725,46.09011207570965,1011.7948585380338,,19.425511705565057,54.8,23.8,target,opensensemap_0,1,1,1,0,1
2025-01-05 08:00:00+00:00,20.252979230522943,48.13740313443285,1010.1935289593108,,20.643231515375625,54.8,23.8,target,opensensemap_0,1,1,1,0,1
2025-01-05 09:00:00+00:00,20.035824328570804,51.72507859075437,1010.6516678020876,,21.335345800640702,54.8,23.8,target,opensensemap_0,1,1,1,0,1
2025-01-05 10:00:00+00:00,18.65639023080145,52.415513879836936,1010.4642007091516,,21.738034985119445,54.8,23.8,target,opensensemap_0,1,1,1,0,1
2025-01-05 11:00:00+00:00,16.00071292453593,55.78248176963263,1011.227292017818,,15.806245382564793,54.8,23.8,target,opensensemap_0,1,1,1,0,1
2025-01-05 12:00:00+00:00,15.055104279063066,59.25162116020662,1009.5548905302516,,16.29367944508256,54.8,23.8,target,opensensemap_0,1,1,1,0,1
2025-01-05 13:00:00+00:00,12.951417486214428,63.48969073189176,1010.25551653991,,16.585778705332206,54.8,23.8,target,opensensemap_0,1,1,1,0,1
2025-01-05 14:00:00+00:00,10.977018261302309,66.89596730953976,1010.8342112971776,,17.06036131732284,54.8,23.8,target,opensensemap_0,1,1,1,0,1
2025-01-05 15:00:00+00:00,10.366125692086364,70.12538751186605,1010.2389807285506,,18.19842298241953,54.8,23.8,target,opensensemap_0,1,1,1,0,1
2025-01-05 16:00:00+00:00,8.757583302246069,71.192900393022,1010.8587147416716,,16.699287066707548,54.8,23.8,target,opensensemap_0,1,1,1,0,1
2025-01-05 17:00:00+00:00,8.220246039339274,70.23829685481094,1009.4495435708576,,18.55044624607593,54.8,23.8,target,opensensemap_0,1,1,1,0,1
2025-01-05 18:00:00+00:00,8.192689891139075,71.19512753511144,1010.652826694933,,13.481679581464762,54.8,23.8,target,opensensemap_0,1,1,1,0,1
2025-01-05 19:00:00+00:00,7.934330263869725,72.83277745509568,1008.896143575213,,15.724617684739831,54.8,23.8,target,opensensemap_0,1,1,1,0,1
2025-01-05 20:00:00+00:00,9.022273837636414,72.44348031239252,1010.3431127908294,,12.21503019842464,54.8,23.8,target,opensensemap_0,1,1,1,0,1
2025-01-05 21:00:00+00:00,10.69198424847048,69.31268524796292,1010.7818288566548,,18.596805604637307,54.8,23.8,target,opensensemap_0,1,1,1,0,1
2025-01-05 22:00:00+00:00,10.990010562447686,66.82488715264684,1009.9201797471156,,13.04474936782811,54.8,23.8,target,opensensemap_0,1,1,1,0,1
2025-01-05 23:00:00+00:00,13.329784908894547,64.39985670680879,1009.4546786454246,,16.007045379614482,54.8,23.8,target,opensensemap_0,1,1,1,0,1
2025-01-06 00:00:00+00:00,15.302419474658423,57.748328352353525,1010.0493674395728,,11.05013926793413,54.8,23.8,target,opensensemap_0,1,1,1,0,1
2025-01-06 01:00:00+00:00,16.349347925401524,55.36907508448258,1010.001089761776,,14.066832321151116,54.8,23.8,target,opensensemap_0,1,1,1,0,1
2025-01-06 02:00:00+00:00,18.26969612482362,55.49333130699277,1009.61665792628,,14.46999275192049,54.8,23.8,target,opensensemap_0,1,1,1,0,1
2025-01-06 03:00:00+00:00,20.30450579111968,54.17998025788977,1009.7879128874574,,16.50627373194712,54.8,23.8,target,opensensemap_0,1,1,1,0,1
2025-01-06 04:00:00+00:00,21.74296606039771,48.637098768257495,1009.9309596120625,,13.994709725890248,54.8,23.8,target,opensensemap_0,1,1,1,0,1
2025-01-06 05:00:00+00:00,21.740263334023822,49.22224203813224,1010.181855986238,,11.405686264289088,54.8,23.8,target,opensensemap_0,1,1,1,0,1
2025-01-06 06:00:00+00:00,22.589634762403453,48.17644660127127,1009.889115143267,,12.70695228553269,54.8,23.8,target,opensensemap_0,1,1,1,0,1
2025-01-06 07:00:00+00:00,22.230951137612056,49.27093292038388,1010.6398398892666,,14.248977904921,54.8,23.8,target,opensensemap_0,1,1,1,0,1
2025-01-06 08:00:00+00:00,21.479105707478343,50.027463249260805,1009.4968939489142,,13.341875635818004,54.8,23.8,target,opensensemap_0,1,1,1,0,1
2025-01-06 09:00:00+00:00,19.578173975499737,52.609981538066215,1010.6459637367374,,12.771456667983577,54.8,23.8,target,opensensemap_0,1,1,1,0,1
2025-01-06 10:00:00+00:00,18.59837548952368,53.15206284603136,1009.326317422257,,13.815465367524522,54.8,23.8,target,opensensemap_0,1,1,1,0,1
2025-01-06 11:00:00+00:00,16.348422756196513,53.07880475462096,1010.0649361407274,,12.91910555662218,54.8,23.8,target,opensensemap_0,1,1,1,0,1
2025-01-06 12:00:00+00:00,15.884717192156389,59.21380561342979,1010.4554249949248,,14.07153861036704,54.8,23.8,target,opensensemap_0,1,1,1,0,1
2025-01-06 13:00:00+00:00,12.669134347899728,64.05231976123738,1010.0217812910294,,12.312651269720387,54.8,23.8,target,opensensemap_0,1,1,1,0,1
2025-01-06 14:00:00+00:00,11.64330021372786,66.63645311249068,1010.3283985959011,,18.17851043005547,54.8,23.8,target,opensensemap_0,1,1,1,0,1
2025-01-06 15:00:00+00:00,10.417925254513287,68.06325261996653,1009.4661304880842,,13.405333380576277,54.8,23.8,target,opensensemap_0,1,1,1,0,1
2025-01-06 16:00:00+00:00,9.411039034222698,72.06811795238045,1011.1651648164632,,19.26338955855941,54.8,23.8,target,opensensemap_0,1,1,1,0,1
2025-01-06 17:00:00+00:00,8.506698952719619,72.42278837010703,1010.0728894724928,,15.9292235208581,54.8,23.8,target,opensensemap_0,1,1,1,0,1
2025-01-06 18:00:00+00:00,8.307946210637011,70.988178490313,1009.4733629419044,,16.43436768928241,54.8,23.8,target,opensensemap_0,1,1,1,0,1
2025-01-06 19:00:00+00:00,9.253624981517373,71.23115107452695,1010.8227534403932,,16.976271656404123,54.8,23.8,target,opensensemap_0,1,1,1,0,1
2025-01-06 20:00:00+00:00,9.652168266108475,68.71339489725628,1009.3237762866052,,18.735778301210555,54.8,23.8,target,opensensemap_0,1,1,1,0,1
2025-01-06 21:00:00+00:00,10.859365716465051,66.29101609879979,1010.1497765376308,,15.71707051648163,54.8,23.8,target,opensensemap_0,1,1,1,0,1
2025-01-06 22:00:00+00:00,10.98873835466281,62.280479584791706,1010.0532638582704,,14.907740374192894,54.8,23.8,target,opensensemap_0,1,1,1,0,1
2025-01-06 23:00:00+00:00,13.335793351878005,66.30721654403138,1011.4843133173996,,17.217314147944002,54.8,23.8,target,opensensemap_0,1,1,1,0,1
2025-01-07 00:00:00+00:00,14.788581296925884,60.27436324830978,1010.6671997552594,,17.071470020033548,54.8,23.8,target,opensensemap_0,1,1,1,0,1
2025-01-07 01:00:00+00:00,16.832365925765554,59.50118835058869,1010.2791077823396,,17.260251866857626,54.8,23.8,target,opensensemap_0,1,1,1,0,1
2025-01-07 02:00:00+00:00,18.728871196059288,54.25273602332392,1010.5536504583628,,17.36293790755285,54.8,23.8,target,opensensemap_0,1,1,1,0,1
2025-01-07 03:00:00+00:00,19.94339763447222,50.81024196446896,1009.912750212873,,22.68137856491477,54.8,23.8,target,opensensemap_0,1,1,1,0,1
2025-01-07 04:00:00+00:00,20.72301188398633,50.917183161461885,1010.6376618767804,,16.599826767316955,54.8,23.8,target,opensensemap_0,1,1,1,0,1
2025-01-07 05:00:00+00:00,22.49591097969971,47.48534842047231,1011.2542811974156,,21.83463353502668,54.8,23.8,target,opensensemap_0,1,1,1,0,1
2025-01-07 06:00:00+00:00,22.31348703068626,48.84266300243324,1010.482860059244,,24.609748959781072,54.8,23.8,target,opensensemap_0,1,1,1,0,1
2025-01-07 07:00:00+00:00,22.003810281405283,47.5530936596822,1011.0958964573314,,20.91048056242036,54.8,23.8,target,opensensemap_0,1,1,1,0,1
2025-01-07 08:00:00+00:00,20.31627300818833,48.90599123850813,1011.3471225414804,,20.90725959176626,54.8,23.8,target,opensensemap_0,1,1,1,0,1
2025-01-07 09:00:00+00:00,20.426555504147544,50.697153424152525,1010.9576182556252,,22.780459257911097,54.8,23.8,target,opensensemap_0,1,1,1,0,1
2025-01-07 10:00:00+00:00,18.13653781494085,55.2082952514196,1011.9703949035808,,21.357714233562845,54.8,23.8,target,opensensemap_0,1,1,1,0,1
2025-01-07 11:00:00+00:00,16.49822911953047,57.24695522667838,1011.5466986343748,,20.184727300921068,54.8,23.8,target,opensensemap_0,1,1,1,0,1
2025-01-07 12:00:00+00:00,14.949180946683992,59.67790269421352,1011.537042217893,,22.584537558542834,54.8,23.8,target,opensensemap_0,1,1,1,0,1
2025-01-07 13:00:00+00:00,14.34468046297344,61.1018606838888,1011.5301324180064,,21.495880003498613,54.8,23.8,target,opensensemap_0,1,1,1,0,1
2025-01-07 14:00:00+00:00,12.176773718611557,66.34076760528431,1012.1578182064028,,25.05411006597028,54.8,23.8,target,opensensemap_0,1,1,1,0,1
2025-01-07 15:00:00+00:00,9.124075974782995,72.01466325830319,1012.5432820078496,,19.04206502514885,54.8,23.8,target,opensensemap_0,1,1,1,0,1
2025-01-07 16:00:00+00:00,9.9606301855916,70.6138547821985,1011.7996385523096,,24.017664329921278,54.8,23.8,target,opensensemap_0,1,1,1,0,1
2025-01-07 17:00:00+00:00,8.96649517405097,73.04196713913818,1012.3783288430884,,22.651654758647624,54.8,23.8,target,opensensemap_0,1,1,1,0,1
2025-01-07 18:00:00+00:00,8.624544476207092,69.9001811226532,1012.2245018071444,,23.709234865533244,54.8,23.8,target,opensensemap_0,1,1,1,0,1
2025-01-07 19:00:00+00:00,8.104224755468133,70.42338214684699,1012.0037615072872,,21.09016772354317,54.8,23.8,target,opensensemap_0,1,1,1,0,1
2025-01-07 20:00:00+00:00,8.69390157373629,70.03965605181943,1012.7470021577834,,20.673514410862253,54.8,23.8,target,opensensemap_0,1,1,1,0,1
2025-01-07 21:00:00+00:00,8.738885880179106,68.14573123966464,1013.168095342349,,22.91135831813138,54.8,23.8,target,opensensemap_0,1,1,1,0,1
2025-01-07 22:00:00+00:00,11.130194355510602,65.1816950063417,1012.2941657215416,,24.816248190174896,54.8,23.8,target,opensensemap_0,1,1,1,0,1
2025-01-07 23:00:00+00:00,13.829974309408277,64.04248298756417,1013.9259982410096,,20.532571010230196,54.8,23.8,target,opensensemap_0,1,1,1,0,1
2025-01-08 00:00:00+00:00,15.439702431343324,60.241549631113,1012.5846743129786,,24.114026447589104,54.8,23.8,target,opensensemap_0,1,1,1,0,1
2025-01-08 01:00:00+00:00,17.183007726399243,55.33717136203413,1013.4153620486657,,19.440135205675062,54.8,23.8,target,opensensemap_0,1,1,1,0,1
2025-01-08 02:00:00+00:00,18.64223521897294,53.75127235712388,1013.6338623742524,,20.901932979608112,54.8,23.8,target,opensensemap_0,1,1,1,0,1
2025-01-08 03:00:00+00:00,20.14615316514516,49.305760355172005,1013.17024036934,,18.95856076744252,54.8,23.8,target,opensensemap_0,1,1,1,0,1
2025-01-08 04:00:00+00:00,20.8539399762193,49.43997081752593,1013.6293490345518,,20.14528205368543,54.8,23.8,target,opensensemap_0,1,1,1,0,1
2025-01-08 05:00:00+00:00,22.4116413369142,47.84836003266408,1013.0236675645936,,23.965277083701697,54.8,23.8,target,opensensemap_0,1,1,1,0,1
2025-01-08 06:00:00+00:00,22.322563897918577,47.988899927463976,1013.6564822212492,,21.82212082998629,54.8,23.8,target,opensensemap_0,1,1,1,0,1
2025-01-08 07:00:00+00:00,22.25624478004373,49.671004183401806,1012.3138046172826,,21.283300421748887,54.8,23.8,target,opensensemap_0,1,1,1,0,1
2025-01-08 08:00:00+00:00,20.835669138078096,51.77435264582299,1013.4457199016608,,19.710477547679854,54.8,23.8,target,opensensemap_0,1,1,1,0,1
2025-01-08 09:00:00+00:00,19.89922810005895,52.86831669526159,1013.644682432719,,19.613470149981907,54.8,23.8,target,opensensemap_0,1,1,1,0,1
2025-01-08 10:00:00+00:00,17.74331198947922,54.23980726329875,1014.6342777874968,,14.748271241749183,54.8,23.8,target,opensensemap_0,1,1,1,0,1
2025-01-08 11:00:00+00:00,16.51866814049564,58.06206681587048,1014.1687405015535,,21.978672161665408,54.8,23.8,target,opensensemap_0,1,1,1,0,1
2025-01-08 12:00:00+00:00,14.455132780746649,58.473312494320666,1014.2678016778592,,17.917874237578186,54.8,23.8,target,opensensemap_0,1,1,1,0,1
2025-01-08 13:00:00+00:00,14.111209000800851,64.90353781540914,1014.58568302998,,14.535475981541566,54.8,23.8,target,opensensemap_0,1,1,1,0,1
2025-01-08 14:00:00+00:00,11.61770686717989,66.42765612213249,1014.4471487086834,,11.943859955515435,54.8,23.8,target,opensensemap_0,1,1,1,0,1
2025-01-08 15:00:00+00:00,10.36975134684052,71.02403057790373,1014.8479859769848,,15.580897297619767,54.8,23.8,target,opensensemap_0,1,1,1,0,1
2025-01-08 16:00:00+00:00,9.305258517858167,67.54018913627309,1015.0235262416828,,14.666943669970324,54.8,23.8,target,opensensemap_0,1,1,1,0,1
2025-01-08 17:00:00+00:00,8.160620392570294,75.15929330021135,1015.162693174973,,15.970221500048844,54.8,23.8,target,opensensemap_0,1,1,1,0,1
2025-01-08 18:00:00+00:00,8.150827478519245,70.29197351551818,1015.2365378579492,,15.995382538471285,54.8,23.8,target,opensensemap_0,1,1,1,0,1
2025-01-08 19:00:00+00:00,8.701175906433921,70.07239733185153,1014.3175916777212,,12.309920890759702,54.8,23.8,target,opensensemap_0,1,1,1,0,1
2025-01-08 20:00:00+00:00,8.817843935586504,69.51478250758986,1015.9397941819936,,15.648475450440234,54.8,23.8,target,opensensemap_0,1,1,1,0,1
2025-01-08 21:00:00+00:00,11.752403669568656,68.20490602541885,1015.2792562827658,,13.116526102375786,54.8,23.8,target,opensensemap_0,1,1,1,0,1
2025-01-08 22:00:00+00:00,10.724753156705068,65.75209798862946,1015.3017559207706,,16.40911791896331,54.8,23.8,target,opensensemap_0,1,1,1,0,1
2025-01-08 23:00:00+00:00,12.224983759006978,63.32696526834214,1015.2063633014886,,14.193129400963851,54.8,23.8,target,opensensemap_0,1,1,1,0,1
2025-01-09 00:00:00+00:00,14.40368574157812,60.69393205372626,1015.9613705310614,,12.457478014742817,54.8,23.8,target,opensensemap_0,1,1,1,0,1
2025-01-09 01:00:00+00:00,16.336598083679462,56.17137563555434,1015.0039438107398,,15.416367510196643,54.8,23.8,target,opensensemap_0,1,1,1,0,1
2025-01-09 02:00:00+00:00,18.80071878117855,54.6965490840964,1016.0445174678983,,13.01747789126146,54.8,23.8,target,opensensemap_0,1,1,1,0,1
2025-01-09 03:00:00+00:00,20.161455613295733,50.026795567836814,1015.1473433271898,,13.940748106000868,54.8,23.8,target,opensensemap_0,1,1,1,0,1
2025-01-09 04:00:00+00:00,20.486053663160416,48.728103759027306,1015.7674797610912,,15.186842817393302,54.8,23.8,target,opensensemap_0,1,1,1,0,1
2025-01-09 05:00:00+00:00,20.99348470715543,49.09780331388751,1016.3992488170568,,14.414663160293884,54.8,23.8,target,opensensemap_0,1,1,1,0,1
2025-01-09 06:00:00+00:00,21.55669840585398,47.75093232661237,1015.7344903827724,,11.2422200883488,54.8,23.8,target,opensensemap_0,1,1,1,0,1
2025-01-09 07:00:00+00:00,22.37932377672399,46.52512792718955,1015.8838660059628,,11.140818366799325,54.8,23.8,target,opensensemap_0,1,1,1,0,1
2025-01-09 08:00:00+00:00,21.586852599110788,48.14115545478944,1016.1016344421872,,13.034631881201552,54.8,23.8,target,opensensemap_0,1,1,1,0,1
2025-01-09 09:00:00+00:00,20.623215330202303,50.247290789188206,1016.6497331110944,,14.678423750392366,54.8,23.8,target,opensensemap_0,1,1,1,0,1
2025-01-09 10:00:00+00:00,18.70778893274492,51.35236768942904,1014.8765339331636,,11.60098212625948,54.8,23.8,target,opensensemap_0,1,1,1,0,1
2025-01-09 11:00:00+00:00,16.69192986546212,56.34940212308968,1015.7983146871122,,9.70253831447657,54.8,23.8,target,opensensemap_0,1,1,1,0,1
2025-01-09 12:00:00+00:00,14.687566904348529,59.820522762124185,1015.5809350993206,,13.952377274548397,54.8,23.8,target,opensensemap_0,1,1,1,0,1
2025-01-09 13:00:00+00:00,13.34490032364294,62.86489194427582,1016.471908981513,,16.20608238495614,54.8,23.8,target,opensensemap_0,1,1,1,0,1
2025-01-09 14:00:00+00:00,12.07206827527732,63.42808837619321,1016.2309181050372,,15.385551854845437,54.8,23.8,target,opensensemap_0,1,1,1,0,1
2025-01-09 15:00:00+00:00,10.153220611909894,70.9428138225397,1015.5741412350872,,15.878541504366398,54.8,23.8,target,opensensemap_0,1,1,1,0,1
2025-01-09 16:00:00+00:00,9.62056341231356,70.51384508129946,1016.006412304032,,11.193147570587588,54.8,23.8,target,opensensemap_0,1,1,1,0,1
2025-01-09 17:00:00+00:00,7.919669130825674,71.9392009890067,1016.1399599744444,,12.977406455151405,54.8,23.8,target,opensensemap_0,1,1,1,0,1
2025-01-09 18:00:00+00:00,7.4868209618137245,71.64074209340531,1016.3047976937204,,17.245758427656106,54.8,23.8,target,opensensemap_0,1,1,1,0,1
2025-01-09 19:00:00+00:00,8.21881797067646,73.71199652510758,1015.8097861115316,,15.245135099762027,54.8,23.8,target,opensensemap_0,1,1,1,0,1
2025-01-09 20:00:00+00:00,9.11997990349385,69.30537830955625,1015.9581362128872,,12.545553057548666,54.8,23.8,target,opensensemap_0,1,1,1,0,1
2025-01-09 21:00:00+00:00,10.08264904547962,70.04110782594209,1015.586360245285,,17.638189737684606,54.8,23.8,target,opensensemap_0,1,1,1,0,1
2025-01-09 22:00:00+00:00,11.976647809504646,65.76747223485327,1016.217798922517,,14.29725252375959,54.8,23.8,target,opensensemap_0,1,1,1,0,1
2025-01-09 23:00:00+00:00,12.915809216356426,65.68382458571527,1015.512542725788,,17.479609972643576,54.8,23.8,target,opensensemap_0,1,1,1,0,1
2025-01-10 00:00:00+00:00,14.246345394886568,61.132515324538446,1015.8664799313348,,18.37320239014715,54.8,23.8,target,opensensemap_0,1,1,1,0,1
2025-01-10 01:00:00+00:00,17.229061889887724,58.42389645982514,1015.7639303835574,,17.742413914517766,54.8,23.8,target,opensensemap_0,1,1,1,0,1
2025-01-10 02:00:00+00:00,18.794719266308118,53.0583179879461,1016.0989938455984,,24.81981946579868,54.8,23.8,target,opensensemap_0,1,1,1,0,1
2025-01-10 03:00:00+00:00,20.226515372336877,52.04827703401276,1015.7394738462282,,18.012326638054063,54.8,23.8,target,opensensemap_0,1,1,1,0,1
2025-01-10 04:00:00+00:00,21.54069243397264,48.94794234026244,1015.8865903120268,,22.81973709620693,54.8,23.8,target,opensensemap_0,1,1,1,0,1
2025-01-10 05:00:00+00:00,21.55889731925476,48.48285728424949,1015.0888501187573,,21.819282548851906,54.8,23.8,target,opensensemap_0,1,1,1,0,1
2025-01-10 06:00:00+00:00,22.473579767991215,47.83364300592811,1015.5725022720044,,20.10043584077666,54.8,23.8,target,opensensemap_0,1,1,1,0,1
2025-01-10 07:00:00+00:00,22.53073639425137,49.96288384227874,1015.7446533658726,,22.52984193727236,54.8,23.8,target,opensensemap_0,1,1,1,0,1
2025-01-10 08:00:00+00:00,20.26626500914301,53.48667910428432,1016.3852153048962,,26.33614022140839,54.8,23.8,target,opensensemap_0,1,1,1,0,1
2025-01-10 09:00:00+00:00,20.559447512978814,53.55946458564776,1015.555177912771,,18.931067821233544,54.8,23.8,target,opensensemap_0,1,1,1,0,1
2025-01-10 10:00:00+00:00,18.43002874297024,52.032580766508254,1015.272894003894,,22.786412640621528,54.8,23.8,target,opensensemap_0,1,1,1,0,1
2025-01-10 11:00:00+00:00,16.981720788479343,54.70672464081148,1014.7642076000084,,20.111678459322373,54.8,23.8,target,opensensemap_0,1,1,1,0,1
2025-01-10 12:00:00+00:00,14.971299485063648,60.14419018008138,1014.728294488656,,21.589840227223004,54.8,23.8,target,opensensemap_0,1,1,1,0,1
2025-01-10 13:00:00+00:00,13.64252179445779,62.0153864143588,1015.50872769558,,20.61725746618213,54.8,23.8,target,opensensemap_0,1,1,1,0,1
2025-01-10 14:00:00+00:00,11.973910743403009,64.57584011568521,1015.2824317927932,,21.788715055806986,54.8,23.8,target,opensensemap_0,1,1,1,0,1
2025-01-10 15:00:00+00:00,10.131964383652262,67.79447628255642,1015.7641786253804,,21.190806845912636,54.8,23.8,target,opensensemap_0,1,1,1,0,1
2025-01-10 16:00:00+00:00,9.649895231271117,67.22895024311121,1014.7380127425546,,21.234982429744537,54.8,23.8,target,opensensemap_0,1,1,1,0,1
2025-01-10 17:00:00+00:00,7.926880909657747,71.5624344892401,1014.8551691460182,,25.29318812587803,54.8,23.8,target,opensensemap_0,1,1,1,0,1
2025-01-10 18:00:00+00:00,7.806217806233127,71.48618301815951,1014.8448741505936,,20.848902893751827,54.8,23.8,target,opensensemap_0,1,1,1,0,1
2025-01-10 19:00:00+00:00,8.256780620093934,73.1605176465085,1014.8007386828008,,20.35813916499233,54.8,23.8,target,opensensemap_0,1,1,1,0,1
2025-01-10 20:00:00+00:00,9.207920547149334,70.27024500516978,1015.177038082892,,19.20025011321492,54.8,23.8,target,opensensemap_0,1,1,1,0,1
2025-01-10 21:00:00+00:00,10.18790353947118,64.41950605794207,1014.4707946316214,,23.940260580913822,54.8,23.8,target,opensensemap_0,1,1,1,0,1
2025-01-10 22:00:00+00:00,11.03379521762577,67.42503084076047,1014.9350532680326,,24.10518880990197,54.8,23.8,target,opensensemap_0,1,1,1,0,1
2025-01-10 23:00:00+00:00,12.709311328979563,63.35404813152708,1014.4970413555274,,23.64341118291282,54.8,23.8,target,opensensemap_0,1,1,1,0,1
2025-01-11 00:00:00+00:00,15.293935708449483,58.75051499414378,1014.6652487524168,,20.742189031911806,54.8,23.8,target,opensensemap_0,1,1,1,0,1
2025-01-11 01:00:00+00:00,17.958963883926163,57.6593425600616,1014.567776265712,,21.381558120199927,54.8,23.8,target,opensensemap_0,1,1,1,0,1
2025-01-11 02:00:00+00:00,17.426230143114072,55.33889112244624,1013.445023237274,,22.295946284895063,54.8,23.8,target,opensensemap_0,1,1,1,0,1
2025-01-11 03:00:00+00:00,19.79347701029861,51.87320993551104,1014.4631913887246,,21.30329738032803,54.8,23.8,target,opensensemap_0,1,1,1,0,1
2025-01-11 04:00:00+00:00,22.061352896511,51.95356915735093,1013.7657864774668,,21.54692209352642,54.8,23.8,target,opensensemap_0,1,1,1,0,1
2025-01-11 05:00:00+00:00,22.394364597136978,47.965575687790256,1014.0487320599216,,21.779999502145948,54.8,23.8,target,opensensemap_0,1,1,1,0,1
2025-01-11 06:00:00+00:00,22.672100642093664,47.62600878575435,1013.5387962378874,,19.921514580902866,54.8,23.8,target,opensensemap_0,1,1,1,0,1
2025-01-11 07:00:00+00:00,21.52626854408628,47.51982976457594,1013.3080574198432,,19.71576333313628,54.8,23.8,target,opensensemap_0,1,1,1,0,1
2025-01-11 08:00:00+00:00,20.31642197569057,48.45117033223481,1013.2155930752194,,17.989943055021858,54.8,23.8,target,opensensemap_0,1,1,1,0,1
2025-01-11 09:00:00+00:00,20.98581520777473,51.50123745920512,1013.2769712928736,,15.56406340673132,54.8,23.8,target,opensensemap_0,1,1,1,0,1
2025-01-11 10:00:00+00:00,18.670236337433703,54.22406599029615,1013.0857200728054,,17.126213044981256,54.8,23.8,target,opensensemap_0,1,1,1,0,1
2025-01-11 11:00:00+00:00,16.99474460889713,57.64554814828613,1012.4964007047756,,17.076877561086963,54.8,23.8,target,opensensemap_0,1,1,1,0,1
2025-01-11 12:00:00+00:00,14.993578020116836,60.52849197336144,1012.7039736075556,,14.716829934963162,54.8,23.8,target,opensensemap_0,1,1,1,0,1
2025-01-11 13:00:00+00:00,13.371202740897347,62.40132137553248,1013.1937984837429,,17.159843722566993,54.8,23.8,target,opensensemap_0,1,1,1,0,1
2025-01-11 14:00:00+00:00,10.876627472683698,66.33231443980358,1013.6026978240563,,14.542793587521103,54.8,23.8,target,opensensemap_0,1,1,1,0,1
2025-01-11 15:00:00+00:00,10.027354502903446,69.07268843654671,1012.7729432941348,,17.519124878422485,54.8,23.8,target,opensensemap_0,1,1,1,0,1
2025-01-11 16:00:00+00:00,9.054525176638808,68.64949819081349,1012.9079074489416,,16.385389492409324,54.8,23.8,target,opensensemap_0,1,1,1,0,1
2025-01-11 17:00:00+00:00,8.432228264323607,74.43056247650614,1011.9402307307128,,13.023239775054616,54.8,23.8,target,opensensemap_0,1,1,1,0,1
2025-01-11 18:00:00+00:00,8.012865590082505,71.58268718128434,1011.9839367282716,,10.923769311317152,54.8,23.8,target,opensensemap_0,1,1,1,0,1
2025-01-11 19:00:00+00:00,8.051443102122898,72.71538131943448,1012.0571497507608,,13.7399118437968,54.8,23.8,target,opensensemap_0,1,1,1,0,1
2025-01-11 20:00:00+00:00,9.22700652481146,70.97422510861419,1012.9526694205704,,14.080400174597964,54.8,23.8,target,opensensemap_0,1,1,1,0,1
2025-01-11 21:00:00+00:00,9.77884560198784,67.67506856841942,1011.291758612723,,11.941315746653723,54.8,23.8,target,opensensemap_0,1,1,1,0,1
2025-01-11 22:00:00+00:00,11.730812761166696,63.24584381494115,1011.3912942864343,,15.46695297505353,54.8,23.8,target,opensensemap_0,1,1,1,0,1
2025-01-11 23:00:00+00:00,12.904026818979164,61.78394137655278,1011.7570844180424,,13.25769109744527,54.8,23.8,target,opensensemap_0,1,1,1,0,1
2025-01-12 00:00:00+00:00,15.69815936632352,58.63054137926274,1011.058244290967,,11.790695934568944,54.8,23.8,target,opensensemap_0,1,1,1,0,1
2025-01-12 01:00:00+00:00,15.767012580542476,58.635102212796056,1011.362415102689,,14.789357757507249,54.8,23.8,target,opensensemap_0,1,1,1,0,1
2025-01-12 02:00:00+00:00,17.78270335389554,53.88385859569625,1011.436407635404,,11.493948425068831,54.8,23.8,target,opensensemap_0,1,1,1,0,1
2025-01-12 03:00:00+00:00,19.00756080377335,51.43133789628085,1011.834876343653,,12.21278965180654,54.8,23.8,target,opensensemap_0,1,1,1,0,1
2025-01-12 04:00:00+00:00,20.73050846535788,49.71385128505863,1010.3695135729938,,13.261845319233757,54.8,23.8,target,opensensemap_0,1,1,1,0,1
2025-01-12 05:00:00+00:00,22.010871271932626,47.01643513342914,1011.0020041645477,,10.49663722793826,54.8,23.8,target,opensensemap_0,1,1,1,0,1
2025-01-12 06:00:00+00:00,22.41272791260474,48.90991565642893,1010.6314106943788,,13.54770100305183,54.8,23.8,target,opensensemap_0,1,1,1,0,1
2025-01-12 07:00:00+00:00,21.357571568469485,48.362870369866805,1011.6094286006582,,13.89077245364415,54.8,23.8,target,opensensemap_0,1,1,1,0,1
2025-01-12 08:00:00+00:00,21.08979984598545,51.8821458416689,1010.1959401900406,,14.577602470097055,54.8,23.8,target,opensensemap_0,1,1,1,0,1
2025-01-12 09:00:00+00:00,20.03255082158993,52.44144637069664,1010.5935890339975,,12.934220431229251,54.8,23.8,target,opensensemap_0,1,1,1,0,1
2025-01-12 10:00:00+00:00,18.433318090476032,52.58993679060909,1010.4680862272132,,11.938887095419492,54.8,23.8,target,opensensemap_0,1,1,1,0,1
2025-01-12 11:00:00+00:00,17.03211411053106,56.29509137685909,1011.8939910743668,,9.791302559073108,54.8,23.8,target,opensensemap_0,1,1,1,0,1
2025-01-12 12:00:00+00:00,14.572910245441935,60.25526390900957,1010.2928648658112,,12.796645848427032,54.8,23.8,target,opensensemap_0,1,1,1,0,1
2025-01-12 13:00:00+00:00,12.991430632050642,62.51929360695365,1010.0143380407436,,12.987034321168515,54.8,23.8,target,opensensemap_0,1,1,1,0,1
2025-01-12 14:00:00+00:00,12.520291448979368,63.704980767939766,1010.6744820596098,,16.50283018610411,54.8,23.8,target,opensensemap_0,1,1,1,0,1
2025-01-12 15:00:00+00:00,10.032404788397589,69.6983627372685,1009.966085913008,,18.59248618356032,54.8,23.8,target,opensensemap_0,1,1,1,0,1
2025-01-12 16:00:00+00:00,9.06367938839483,71.13254467739826,1010.9546064408077,,15.447865266401392,54.8,23.8,target,opensensemap_0,1,1,1,0,1
2025-01-12 17:00:00+00:00,8.320421569492975,72.8718449126422,1010.0359092048216,,12.947575142726258,54.8,23.8,target,opensensemap_0,1,1,1,0,1
2025-01-12 18:00:00+00:00,7.991217486947088,73.25149959962161,1010.28224541577,,17.933458057901664,54.8,23.8,target,opensensemap_0,1,1,1,0,1
2025-01-12 19:00:00+00:00,8.293751915054552,70.74455841437154,1010.9846371031842,,18.468423226291662,54.8,23.8,target,opensensemap_0,1,1,1,0,1
2025-01-12 20:00:00+00:00,8.778338233123954,69.45509438363297,1010.4588966980956,,16.0453073218594,54.8,23.8,target,opensensemap_0,1,1,1,0,1
2025-01-12 21:00:00+00:00,9.638951061371095,68.7147963991912,1010.0122462704398,,19.365122826786003,54.8,23.8,target,opensensemap_0,1,1,1,0,1
2025-01-12 22:00:00+00:00,10.958607373248968,66.9725269033887,1010.3550209500698,,17.169369139774275,54.8,23.8,target,opensensemap_0,1,1,1,0,1
2025-01-12 23:00:00+00:00,12.946450852599272,63.949801016632726,1011.1732072158104,,14.524238202363764,54.8,23.8,target,opensensemap_0,1,1,1,0,1
2025-01-13 00:00:00+00:00,15.36423948097152,60.17970129469939,1010.471656205498,,15.515926347734812,54.8,23.8,target,opensensemap_0,1,1,1,0,1
2025-01-13 01:00:00+00:00,16.632805453006362,57.28729059839991,1008.8046166241468,,19.938253149886457,54.8,23.8,target,opensensemap_0,1,1,1,0,1
2025-01-13 02:00:00+00:00,18.125875958713863,54.00591911913899,1009.576937946162,,17.184662387626037,54.8,23.8,target,opensensemap_0,1,1,1,0,1
2025-01-13 03:00:00+00:00,19.763015109267336,51.724737122880455,1009.981299832162,,19.865963770406943,54.8,23.8,target,opensensemap_0,1,1,1,0,1
2025-01-13 04:00:00+00:00,21.256109699655923,50.7212351000687,1010.0781143850062,,17.95122868824489,54.8,23.8,target,opensensemap_0,1,1,1,0,1
2025-01-13 05:00:00+00:00,20.859047434078665,49.352945370649344,1010.1417122904088,,19.308882853302272,54.8,23.8,target,opensensemap_0,1,1,1,0,1
2025-01-13 06:00:00+00:00,22.12460785304033,46.40942275786885,1011.4454040891816,,25.456062809352403,54.8,23.8,target,opensensemap_0,1,1,1,0,1
2025-01-13 07:00:00+00:00,21.509422005195937,48.16960843728405,1010.1979298640032,,20.582647138352613,54.8,23.8,target,opensensemap_0,1,1,1,0,1
2025-01-13 08:00:00+00:00,21.013726910478272,50.52967497929356,1010.2018387064916,,24.464760007820715,54.8,23.8,target,opensensemap_0,1,1,1,0,1
2025-01-13 09:00:00+00:00,20.05795810177809,52.08321639908284,1009.710326632128,,21.23766047443571,54.8,23.8,target,opensensemap_0,1,1,1,0,1
2025-01-13 10:00:00+00:00,18.209374499988325,55.47520010117986,1011.592747316716,,20.95993185556799,54.8,23.8,target,opensensemap_0,1,1,1,0,1
2025-01-13 11:00:00+00:00,16.225401795404224,56.98131780666074,1009.3756741428888,,19.35092315308381,54.8,23.8,target,opensensemap_0,1,1,1,0,1
2025-01-13 12:00:00+00:00,14.89290469877924,60.93547684195002,1010.2509749690048,,21.74273609833692,54.8,23.8,target,opensensemap_0,1,1,1,0,1
2025-01-13 13:00:00+00:00,13.856462866121138,63.09363187105072,1009.8802282888892,,23.1416014377952,54.8,23.8,target,opensensemap_0,1,1,1,0,1
2025-01-13 14:00:00+00:00,10.45638075831378,66.30369334201023,1010.6503042879848,,24.037336748795184,54.8,23.8,target,opensensemap_0,1,1,1,0,1
2025-01-13 15:00:00+00:00,9.743047980083997,66.00490697836452,1010.3222231262704,,23.721038836047125,54.8,23.8,target,opensensemap_0,1,1,1,0,1
2025-01-13 16:00:00+00:00,9.4356132402354,68.9575281675292,1010.23612005292,,22.065166862394754,54.8,23.8,target,opensensemap_0,1,1,1,0,1
2025-01-13 17:00:00+00:00,8.510840447728897,73.03332637713653,1009.2225751499444,,20.569812172450767,54.8,23.8,target,opensensemap_0,1,1,1,0,1
2025-01-13 18:00:00+00:00,7.830243277750911,72.73260897094059,1009.775737192208,,22.379872589847817,54.8,23.8,target,opensensemap_0,1,1,1,0,1
2025-01-13 19:00:00+00:00,7.748277347471092,72.37285935009479,1009.9419091072242,,20.806304040464305,54.8,23.8,target,opensensemap_0,1,1,1,0,1
2025-01-13 20:00:00+00:00,9.259069743120897,71.52783652090022,1010.6832363539276,,21.421834645801663,54.8,23.8,target,opensensemap_0,1,1,1,0,1
2025-01-13 21:00:00+00:00,9.30056410697044,66.98514783082935,1010.590672148168,,20.068705341706405,54.8,23.8,target,opensensemap_0,1,1,1,0,1
2025-01-13 22:00:00+00:00,11.96003929965137,66.02714881569315,1011.25921823688,,23.444860222269067,54.8,23.8,target,opensensemap_0,1,1,1,0,1
2025-01-13 23:00:00+00:00,13.83585827341185,63.59745556254255,1010.5455082213408,,22.80031541554512,54.8,23.8,target,opensensemap_0,1,1,1,0,1
2025-01-14 00:00:00+00:00,15.86929232555118,60.45653250287798,1010.7364880466636,,20.530722181678957,54.8,23.8,target,opensensemap_0,1,1,1,0,1
2025-01-14 01:00:00+00:00,16.516452400363708,55.09986452439825,1011.5251846283512,,21.375623309154086,54.8,23.8,target,opensensemap_0,1,1,1,0,1
2025-01-14 02:00:00+00:00,17.802068706579927,53.00145544668732,1011.252603491846,,20.26621123571677,54.8,23.8,target,opensensemap_0,1,1,1,0,1
2025-01-14 03:00:00+00:00,19.80602650287416,51.95529803067933,1010.9167934600335,,22.447131725463738,54.8,23.8,target,opensensemap_0,1,1,1,0,1
2025-01-14 04:00:00+00:00,19.95997171020548,49.29157177074868,1010.392649214666,,24.3392417197228,54.8,23.8,target,opensensemap_0,1,1,1,0,1
2025-01-14 05:00:00+00:00,22.76587798502342,46.67744702109155,1010.384791209528,,17.1174633004159,54.8,23.8,target,opensensemap_0,1,1,1,0,1
2025-01-14 06:00:00+00:00,20.915412519383835,49.44932153794757,1010.993197094323,,23.142913881758588,54.8,23.8,target,opensensemap_0,1,1,1,0,1
2025-01-14 07:00:00+00:00,21.970889681792144,48.51576515027953,1010.6175938235168,,14.831696794544644,54.8,23.8,target,opensensemap_0,1,1,1,0,1
2025-01-14 08:00:00+00:00,20.533809881045915,48.12607544053836,1011.4406694528724,,19.324200603803384,54.8,23.8,target,opensensemap_0,1,1,1,0,1
2025-01-14 09:00:00+00:00,20.75926658611373,49.782239280840926,1011.52361975701,,19.059441315695,54.8,23.8,target,opensensemap_0,1,1,1,0,1
2025-01-14 10:00:00+00:00,18.19540537150593,54.85307976253491,1011.6822184897616,,19.04710102274245,54.8,23.8,target,opensensemap_0,1,1,1,0,1
2025-01-14 11:00:00+00:00,16.36942541975638,54.82986551132583,1011.8742456405132,,16.07735930102906,54.8,23.8,target,opensensemap_0,1,1,1,0,1
2025-01-14 12:00:00+00:00,14.84770378884231,61.13373979386587,1011.5261493701572,,16.301549076162146,54.8,23.8,target,opensensemap_0,1,1,1,0,1
2025-01-14 13:00:00+00:00,13.885634011143445,64.23475889721182,1011.4443482744164,,17.922151995590756,54.8,23.8,target,opensensemap_0,1,1,1,0,1
2025-01-14 14:00:00+00:00,11.928713792060575,66.23420987754577,1012.3266035109816,,13.592436429620829,54.8,23.8,target,opensensemap_0,1,1,1,0,1
2025-01-14 15:00:00+00:00,10.070544272157909,66.76519903196463,1011.9171310545152,,16.681592760890005,54.8,23.8,target,opensensemap_0,1,1,1,0,1
2025-01-14 16:00:00+00:00,8.569375978024208,69.72953316643013,1011.4575537029452,,14.60097607535082,54.8,23.8,target,opensensemap_0,1,1,1,0,1
2025-01-14 17:00:00+00:00,9.01186968133504,71.34442139633394,1011.9366663706166,,16.145430316357633,54.8,23.8,target,opensensemap_0,1,1,1,0,1
2025-01-14 18:00:00+00:00,8.071495497669066,73.6199764346044,1012.3699908699948,,12.053450035769044,54.8,23.8,target,opensensemap_0,1,1,1,0,1
2025-01-14 19:00:00+00:00,8.659534586409686,69.95545121685815,1013.1007457483908,,16.084452009391654,54.8,23.8,target,opensensemap_0,1,1,1,0,1
2025-01-14 20:00:00+00:00,8.656026786610477,70.36966749613985,1012.2386686538132,,16.0402700871146,54.8,23.8,target,opensensemap_0,1,1,1,0,1
2025-01-14 21:00:00+00:00,10.166145826593034,66.20269104763479,1012.859506812033,,13.953074264677614,54.8,23.8,target,opensensemap_0,1,1,1,0,1
2025-01-14 22:00:00+00:00,11.607880481126834,66.54425371428226,1013.1833513207076,,9.886451428376605,54.8,23.8,target,opensensemap_0,1,1,1,0,1
2025-01-14 23:00:00+00:00,13.299819126071368,61.49478490264018,1013.792654891182,,17.182773434904895,54.8,23.8,target,opensensemap_0,1,1,1,0,1
2025-01-15 00:00:00+00:00,15.032444485259443,61.23569265734736,1013.137836701808,,10.511744722827428,54.8,23.8,target,opensensemap_0,1,1,1,0,1
2025-01-15 01:00:00+00:00,17.077674083263155,58.07616597870122,1013.1693923714702,,11.814610494389838,54.8,23.8,target,opensensemap_0,1,1,1,0,1
2025-01-15 02:00:00+00:00,18.98033277873109,58.94781078492119,1012.689588713464,,13.492731475088036,54.8,23.8,target,opensensemap_0,1,1,1,0,1
2025-01-15 03:00:00+00:00,19.508948177087877,50.04247151830886,1012.7350272952408,,12.797627018162697,54.8,23.8,target,opensensemap_0,1,1,1,0,1
2025-01-15 04:00:00+00:00,20.273604318197663,52.82253784306255,1013.3306341809874,,13.709017698373758,54.8,23.8,target,opensensemap_0,1,1,1,0,1
2025-01-15 05:00:00+00:00,21.75306990404169,46.48990927175833,1012.289885296742,,13.917865494209591,54.8,23.8,target,opensensemap_0,1,1,1,0,1
2025-01-15 06:00:00+00:00,22.108819398763547,45.63706478051783,1013.4813382555124,,14.241760163968449,54.8,23.8,target,opensensemap_0,1,1,1,0,1
2025-01-15 07:00:00+00:00,21.696827358516064,49.50323338612842,1014.3743127863336,,10.804031119023328,54.8,23.8,target,opensensemap_0,1,1,1,0,1
2025-01-15 08:00:00+00:00,21.18700830886924,47.47827455882297,1015.201774846922,,12.746264673224768,54.8,23.8,target,opensensemap_0,1,1,1,0,1
2025-01-15 09:00:00+00:00,20.19893739577417,52.87581111584039,1013.814506951668,,14.392722616244422,54.8,23.8,target,opensensemap_0,1,1,1,0,1
2025-01-15 10:00:00+00:00,18.130914908245504,53.11230045271983,1013.5556086615512,,12.471620056233434,54.8,23.8,target,opensensemap_0,1,1,1,0,1
2025-01-15 11:00:00+00:00,16.432207414577427,56.03056199290519,1013.9330141935126,,12.207097551181336,54.8,23.8,target,opensensemap_0,1,1,1,0,1
2025-01-15 12:00:00+00:00,15.049577934945498,58.63899139963608,1014.073428442076,,15.671115112175462,54.8,23.8,target,opensensemap_0,1,1,1,0,1
2025-01-15 13:00:00+00:00,13.31798460178941,63.9788461927222,1014.8697795726492,,15.41977373936,54.8,23.8,target,opensensemap_0,1,1,1,0,1
2025-01-15 14:00:00+00:00,10.944688268592364,64.12946988561389,1014.0459247108738,,14.014081609801824,54.8,23.8,target,opensensemap_0,1,1,1,0,1
2025-01-15 15:00:00+00:00,9.759677403237982,68.1671523257723,1015.1754308879424,,11.930673302701202,54.8,23.8,target,opensensemap_0,1,1,1,0,1
2025-01-15 16:00:00+00:00,9.035286435955948,69.79970940890965,1014.0302768337796,,15.90992306027957,54.8,23.8,target,opensensemap_0,1,1,1,0,1
2025-01-15 17:00:00+00:00,8.219920936688819,69.2493398314823,1014.8738844216354,,16.37740723207575,54.8,23.8,target,opensensemap_0,1,1,1,0,1
2025-01-15 18:00:00+00:00,8.033643513987572,69.99139053170796,1015.3789174755912,,14.999210547184324,54.8,23.8,target,opensensemap_0,1,1,1,0,1
2025-01-15 19:00:00+00:00,8.140703499779981,71.18001077399322,1015.1070884479254,,18.521733486839757,54.8,23.8,target,opensensemap_0,1,1,1,0,1
2025-01-15 20:00:00+00:00,8.70475583020817,72.17603206961587,1014.868886286788,,13.192140218327376,54.8,23.8,target,opensensemap_0,1,1,1,0,1
2025-01-15 21:00:00+00:00,10.52336744503748,66.45049744670388,1015.2448884092416,,17.90592014808582,54.8,23.8,target,opensensemap_0,1,1,1,0,1
2025-01-15 22:00:00+00:00,11.339737537253004,68.55417817358644,1015.7925925768188,,18.94868191143482,54.8,23.8,target,opensensemap_0,1,1,1,0,1
2025-01-15 23:00:00+00:00,13.308834777029842,62.69018577938184,1015.3217667626312,,17.875030535334645,54.8,23.8,target,opensensemap_0,1,1,1,0,1
2025-01-01 00:00:00+00:00,14.473377592026266,60.409576480847335,1013.1602172195572,,19.70015829021331,54.82,23.82,target,opensensemap_1,1,1,1,0,1
2025-01-01 01:00:00+00:00,17.05652884462714,60.32503815736715,1012.7230075342014,,15.32275304685513,54.82,23.82,target,opensensemap_1,1,1,1,0,1
2025-01-01 02:00:00+00:00,18.667693386218016,54.80021554213426,1013.0657383301182,,18.477487144675287,54.82,23.82,target,opensensemap_1,1,1,1,0,1
2025-01-01 03:00:00+00:00,20.657665834725908,52.42384728380001,1013.3179173019864,,21.119688448280435,54.82,23.82,target,opensensemap_1,1,1,1,0,1
2025-01-01 04:00:00+00:00,20.79041756894242,49.22170710706624,1012.805763264086,,18.85965620943801,54.82,23.82,target,opensensemap_1,1,1,1,0,1
2025-01-01 05:00:00+00:00,20.94858316208042,48.39507123314715,1013.7631914025142,,17.620400485582365,54.82,23.82,target,opensensemap_1,1,1,1,0,1
2025-01-01 06:00:00+00:00,20.82123839813185,47.421102800568086,1013.972424848325,,20.27903878217445,54.82,23.82,target,opensensemap_1,1,1,1,0,1
2025-01-01 07:00:00+00:00,21.131801543510505,49.11363702486948,1013.3220617019272,,18.751566712726454,54.82,23.82,target,opensensemap_1,1,1,1,0,1
2025-01-01 08:00:00+00:00,21.103862798863315,52.386238229143785,1014.0781535195453,,18.44734506608351,54.82,23.82,target,opensensemap_1,1,1,1,0,1
2025-01-01 09:00:00+00:00,19.95934408134674,51.708108769755874,1013.378008371613,,23.171873996491275,54.82,23.82,target,opensensemap_1,1,1,1,0,1
2025-01-01 10:00:00+00:00,18.059355658532667,52.365744305032806,1014.6656230848369,,21.367412719717898,54.82,23.82,target,opensensemap_1,1,1,1,0,1
2025-01-01 11:00:00+00:00,17.56449995095163,55.242134575886325,1014.4571793105832,,22.69911213339974,54.82,23.82,target,opensensemap_1,1,1,1,0,1
2025-01-01 12:00:00+00:00,16.026737612513738,57.12479488367915,1014.0527312690836,,27.676269421152437,54.82,23.82,target,opensensemap_1,1,1,1,0,1
2025-01-01 13:00:00+00:00,12.882870307204383,61.87923491989251,1014.1697737206578,,21.16253271588963,54.82,23.82,target,opensensemap_1,1,1,1,0,1
2025-01-01 14:00:00+00:00,11.632542758960993,65.89323889320883,1014.6869511816496,,20.437934192431307,54.82,23.82,target,opensensemap_1,1,1,1,0,1
2025-01-01 15:00:00+00:00,11.13382048707612,66.53865236570125,1014.5283998053492,,22.19573040012325,54.82,23.82,target,opensensemap_1,1,1,1,0,1
2025-01-01 16:00:00+00:00,8.89835245681357,69.06705666590241,1014.5570994673648,,24.893880440916316,54.82,23.82,target,opensensemap_1,1,1,1,0,1
2025-01-01 17:00:00+00:00,7.389643260113383,71.68905323255541,1014.2451914608682,,27.255561161762124,54.82,23.82,target,opensensemap_1,1,1,1,0,1
2025-01-01 18:00:00+00:00,9.574492012609817,71.58562059354391,1014.3402402240506,,27.82905515737766,54.82,23.82,target,opensensemap_1,1,1,1,0,1
2025-01-01 19:00:00+00:00,8.038713351590022,73.56231465855656,1013.5557962124162,,19.0213914909722,54.82,23.82,target,opensensemap_1,1,1,1,0,1
2025-01-01 20:00:00+00:00,8.825108117800447,68.47506806787712,1015.245512740874,,21.337328391993783,54.82,23.82,target,opensensemap_1,1,1,1,0,1
2025-01-01 21:00:00+00:00,10.76370773217318,66.29293802413176,1015.6170905480468,,25.35507888130533,54.82,23.82,target,opensensemap_1,1,1,1,0,1
2025-01-01 22:00:00+00:00,11.852324447888416,64.98139522525284,1015.037914430256,,20.405858508061577,54.82,23.82,target,opensensemap_1,1,1,1,0,1
2025-01-01 23:00:00+00:00,13.757586685313344,64.32023182475552,1015.1930520210308,,24.194700728238743,54.82,23.82,target,opensensemap_1,1,1,1,0,1
2025-01-02 00:00:00+00:00,14.911645889064925,63.6751483612471,1015.3221936171844,,21.4749646732594,54.82,23.82,target,opensensemap_1,1,1,1,0,1
2025-01-02 01:00:00+00:00,17.364911514254,58.67171064247071,1015.753693755751,,21.35174978703224,54.82,23.82,target,opensensemap_1,1,1,1,0,1
2025-01-02 02:00:00+00:00,18.76897048030562,54.61871698680454,1015.39574013276,,17.98526079861011,54.82,23.82,target,opensensemap_1,1,1,1,0,1
2025-01-02 03:00:00+00:00,19.363139156112187,50.72342410810621,1015.7677694662996,,21.960830929554515,54.82,23.82,target,opensensemap_1,1,1,1,0,1
2025-01-02 04:00:00+00:00,20.95706321117931,49.140114864853096,1016.0768453467708,,18.76095306740515,54.82,23.82,target,opensensemap_1,1,1,1,0,1
2025-01-02 05:00:00+00:00,22.44287930605986,47.53622765476825,1015.6077044717003,,19.054598661773067,54.82,23.82,target,opensensemap_1,1,1,1,0,1
2025-01-02 06:00:00+00:00,22.060486860492933,45.19490316720591,1015.6217978830869,,18.31164644373347,54.82,23.82,target,opensensemap_1,1,1,1,0,1
2025-01-02 07:00:00+00:00,20.690092876365075,48.746988175399295,1016.6248708005988,,21.00590295657077,54.82,23.82,target,opensensemap_1,1,1,1,0,1
2025-01-02 08:00:00+00:00,20.4606304780046,51.6568040128511,1015.7906987750332,,19.52185632595133,54.82,23.82,target,opensensemap_1,1,1,1,0,1
2025-01-02 09:00:00+00:00,20.73176666670179,53.28511304296157,1016.6452160817164,,21.180358672961894,54.82,23.82,target,opensensemap_1,1,1,1,0,1
2025-01-02 10:00:00+00:00,18.856778763615328,54.72697407488178,1015.6326977167276,,19.01892311205116,54.82,23.82,target,opensensemap_1,1,1,1,0,1
2025-01-02 11:00:00+00:00,16.744837275694515,57.94314518394975,1017.0378651131632,,17.17980654791096,54.82,23.82,target,opensensemap_1,1,1,1,0,1
2025-01-02 12:00:00+00:00,15.231230259525802,59.62124819189676,1015.4887143626124,,18.75148732250996,54.82,23.82,target,opensensemap_1,1,1,1,0,1
2025-01-02 13:00:00+00:00,12.562962410147213,62.27837421925146,1015.2439643023728,,17.02107985601098,54.82,23.82,target,opensensemap_1,1,1,1,0,1
2025-01-02 14:00:00+00:00,11.354676295748948,65.02363055772926,1017.2169590626916,,17.05496816331989,54.82,23.82,target,opensensemap_1,1,1,1,0,1
2025-01-02 15:00:00+00:00,9.77415540553556,66.80332142911789,1015.1664033253678,,16.09363117902718,54.82,23.82,target,opensensemap_1,1,1,1,0,1
2025-01-02 16:00:00+00:00,8.32448608366457,69.14612582261586,1015.4484504466384,,19.48537861451328,54.82,23.82,target,opensensemap_1,1,1,1,0,1
2025-01-02 17:00:00+00:00,7.398567464196226,71.23342147544618,1015.1138289925044,,19.19463171459836,54.82,23.82,target,opensensemap_1,1,1,1,0,1
2025-01-02 18:00:00+00:00,7.2780943973055345,71.68072628439805,1014.6600776259634,,16.29345821776466,54.82,23.82,target,opensensemap_1,1,1,1,0,1
2025-01-02 19:00:00+00:00,8.833958782407473,75.9813599702546,1015.52562034105,,17.727025111562945,54.82,23.82,target,opensensemap_1,1,1,1,0,1
2025-01-02 20:00:00+00:00,8.97856268118436,70.31331486037836,1016.5971278293372,,13.972035430481686,54.82,23.82,target,opensensemap_1,1,1,1,0,1
2025-01-02 21:00:00+00:00,10.215730977801844,69.7288504582497,1016.1524086231512,,14.925419495612251,54.82,23.82,target,opensensemap_1,1,1,1,0,1
2025-01-02 22:00:00+00:00,10.138411303197833,65.92095588210573,1016.2433365311708,,17.39606578689165,54.82,23.82,target,opensensemap_1,1,1,1,0,1
2025-01-02 23:00:00+00:00,12.884732662597704,62.15380351309044,1016.0546729139812,,14.420485499265624,54.82,23.82,target,opensensemap_1,1,1,1,0,1
2025-01-03 00:00:00+00:00,14.050953358009192,59.538414967321046,1015.0684801645128,,14.702654762599703,54.82,23.82,target,opensensemap_1,1,1,1,0,1
2025-01-03 01:00:00+00:00,16.38058655708481,56.29256778252368,1015.518931027131,,11.131957473350033,54.82,23.82,target,opensensemap_1,1,1,1,0,1
2025-01-03 02:00:00+00:00,18.52464738381664,52.101801940847366,1015.895680810853,,13.878779964028285,54.82,23.82,target,opensensemap_1,1,1,1,0,1
2025-01-03 03:00:00+00:00,20.572137269418587,53.30867276154248,1015.5334796943818,,11.748620396504776,54.82,23.82,target,opensensemap_1,1,1,1,0,1
2025-01-03 04:00:00+00:00,19.41474862314181,49.74395482213298,1016.3842583830568,,11.184026192504987,54.82,23.82,target,opensensemap_1,1,1,1,0,1
2025-01-03 05:00:00+00:00,22.029888658219477,47.95286560793998,1016.2562252879002,,12.766492532693288,54.82,23.82,target,opensensemap_1,1,1,1,0,1
2025-01-03 06:00:00+00:00,22.52915775784284,46.05913028937007,1015.036212936878,,14.266836427921756,54.82,23.82,target,opensensemap_1,1,1,1,0,1
2025-01-03 07:00:00+00:00,22.028133889139845,47.61770833216414,1016.2777915562508,,14.012755524608814,54.82,23.82,target,opensensemap_1,1,1,1,0,1
2025-01-03 08:00:00+00:00,21.273706108051787,50.45624030835787,1015.2502411489902,,10.514498873262031,54.82,23.82,target,opensensemap_1,1,1,1,0,1
2025-01-03 09:00:00+00:00,19.84623151568181,49.0835208265861,1016.1511763422078,,8.989469568798432,54.82,23.82,target,opensensemap_1,1,1,1,0,1
2025-01-03 10:00:00+00:00,19.547544903491183,54.581977108080736,1016.4745648866178,,13.231260378095804,54.82,23.82,target,opensensemap_1,1,1,1,0,1
2025-01-03 11:00:00+00:00,16.295202442558,55.8788671028916,1015.4757200319366,,15.21942578938161,54.82,23.82,target,opensensemap_1,1,1,1,0,1
2025-01-03 12:00:00+00:00,15.49820324168237,60.87823314478835,1015.2150914262744,,16.191840331821272,54.82,23.82,target,opensensemap_1,1,1,1,0,1
2025-01-03 13:00:00+00:00,13.83931424540468,63.61658829526921,1015.4951432322674,,13.690455163532206,54.82,23.82,target,opensensemap_1,1,1,1,0,1
2025-01-03 14:00:00+00:00,12.41182283392294,66.27129094981939,1014.8744846619312,,16.4060338802479,54.82,23.82,target,opensensemap_1,1,1,1,0,1
2025-01-03 15:00:00+00:00,9.872494798437849,69.31758979740583,1015.1941746023114,,13.996589721954129,54.82,23.82,target,opensensemap_1,1,1,1,0,1
2025-01-03 16:00:00+00:00,8.193302826745331,68.61817687331697,1014.9405623777404,,11.441644898449969,54.82,23.82,target,opensensemap_1,1,1,1,0,1
2025-01-03 17:00:00+00:00,8.237886664166695,72.37285500192768,1014.5883160599628,,13.815197325254468,54.82,23.82,target,opensensemap_1,1,1,1,0,1
2025-01-03 18:00:00+00:00,8.106535610697138,72.72567823300702,1015.2280416980852,,18.794800134693546,54.82,23.82,target,opensensemap_1,1,1,1,0,1
2025-01-03 19:00:00+00:00,7.994858927722079,71.78226890752907,1014.4559256149068,,15.441216870732037,54.82,23.82,target,opensensemap_1,1,1,1,0,1
2025-01-03 20:00:00+00:00,9.536614344648152,68.9059474465646,1014.3392544368604,,15.791693256903692,54.82,23.82,target,opensensemap_1,1,1,1,0,1
2025-01-03 21:00:00+00:00,10.19066422635015,68.67996263047881,1014.3067471939506,,19.50340444333312,54.82,23.82,target,opensensemap_1,1,1,1,0,1
2025-01-03 22:00:00+00:00,11.804555775346966,66.72840432560207,1014.4152805815128,,16.347366544729624,54.82,23.82,target,opensensemap_1,1,1,1,0,1
2025-01-03 23:00:00+00:00,12.752823305865968,64.42691243995813,1014.3081801020568,,18.16070711114507,54.82,23.82,target,opensensemap_1,1,1,1,0,1
2025-01-04 00:00:00+00:00,14.766288509089051,61.99291791260805,1014.133417392096,,19.232218802615616,54.82,23.82,target,opensensemap_1,1,1,1,0,1
2025-01-04 01:00:00+00:00,16.6757255508077,56.95849003166418,1014.6456324781668,,22.38500192286298,54.82,23.82,target,opensensemap_1,1,1,1,0,1
2025-01-04 02:00:00+00:00,18.081954879517745,52.65688976772783,1013.4573836007488,,20.715266726919936,54.82,23.82,target,opensensemap_1,1,1,1,0,1
2025-01-04 03:00:00+00:00,19.746496975151278,50.910913641567824,1013.9745376091636,,18.35884526918579,54.82,23.82,target,opensensemap_1,1,1,1,0,1
2025-01-04 04:00:00+00:00,19.710181127645274,48.99961462317555,1013.466314743343,,19.961769746379733,54.82,23.82,target,opensensemap_1,1,1,1,0,1
2025-01-04 05:00:00+00:00,21.3841994928755,48.28355480730714,1013.599528550153,,20.09432662820745,54.82,23.82,target,opensensemap_1,1,1,1,0,1
2025-01-04 06:00:00+00:00,22.16678484718572,46.49184545636242,1014.1474362619946,,23.75980104757128,54.82,23.82,target,opensensemap_1,1,1,1,0,1
2025-01-04 07:00:00+00:00,22.31573457872433,49.50737076583845,1013.7309239311896,,19.766913568950624,54.82,23.82,target,opensensemap_1,1,1,1,0,1
2025-01-04 08:00:00+00:00,20.88124194249102,49.98789583474098,1013.3416130356842,,21.20238445088214,54.82,23.82,target,opensensemap_1,1,1,1,0,1
2025-01-04 09:00:00+00:00,20.443079611019247,52.03382016367233,1013.1650454980448,,24.38969871923302,54.82,23.82,target,opensensemap_1,1,1,1,0,1
2025-01-04 10:00:00+00:00,18.319674253798706,53.84526374359327,1012.1214432437288,,22.061717467671865,54.82,23.82,target,opensensemap_1,1,1,1,0,1
2025-01-04 11:00:00+00:00,16.978664696917413,55.65929437510657,1013.3408225704212,,21.07369482427858,54.82,23.82,target,opensensemap_1,1,1,1,0,1
2025-01-04 12:00:00+00:00,15.434100250888443,58.40905021785124,1013.714465293888,,24.02385426853845,54.82,23.82,target,opensensemap_1,1,1,1,0,1
2025-01-04 13:00:00+00:00,13.201742524219377,60.60274374180778,1012.3664421116932,,21.501715359809424,54.82,23.82,target,opensensemap_1,1,1,1,0,1
2025-01-04 14:00:00+00:00,11.936862263588791,65.92210969658639,1013.7565297031769,,24.73474047652513,54.82,23.82,target,opensensemap_1,1,1,1,0,1
2025-01-04 15:00:00+00:00,9.75440430129716,68.58135643821905,1012.493432687516,,26.175123959195563,54.82,23.82,target,opensensemap_1,1,1,1,0,1
2025-01-04 16:00:00+00:00,9.30384850591828,71.03168419974736,1012.9545676354433,,23.81650682316556,54.82,23.82,target,opensensemap_1,1,1,1,0,1
2025-01-04 17:00:00+00:00,7.788918575850137,71.54838597606162,1011.8459352956644,,22.04248456180601,54.82,23.82,target,opensensemap_1,1,1,1,0,1
2025-01-04 18:00:00+00:00,8.386648879522765,73.5645341123398,1013.0618107145756,,23.86306693846817,54.82,23.82,target,opensensemap_1,1,1,1,0,1
2025-01-04 19:00:00+00:00,7.532711630587272,69.47671734954437,1012.0052008246566,,26.64696599881597,54.82,23.82,target,opensensemap_1,1,1,1,0,1
2025-01-04 20:00:00+00:00,8.739042178851305,70.93085105771603,1011.2338809994708,,25.431012425283942,54.82,23.82,target,opensensemap_1,1,1,1,0,1
2025-01-04 21:00:00+00:00,9.638469144828797,67.21346829655516,1011.5955585203257,,25.18600560449181,54.82,23.82,target,opensensemap_1,1,1,1,0,1
2025-01-04 22:00:00+00:00,11.628289737234883,65.7416673798366,1012.4008953464552,,17.861338438194167,54.82,23.82,target,opensensemap_1,1,1,1,0,1
2025-01-04 23:00:00+00:00,12.53422461891421,62.16260231797447,1011.740976105746,,22.802206819771328,54.82,23.82,target,opensensemap_1,1,1,1,0,1
2025-01-05 00:00:00+00:00,15.199799827392342,60.04877048591646,1011.8660812084672,,19.999403725047955,54.82,23.82,target,opensensemap_1,1,1,1,0,1
2025-01-05 01:00:00+00:00,16.687145757378378,57.117804468246526,1012.3137763778614,,21.63209491800082,54.82,23.82,target,opensensemap_1,1,1,1,0,1
2025-01-05 02:00:00+00:00,18.970589350029343,55.75342849454384,1011.7247061605004,,24.74982689023048,54.82,23.82,target,opensensemap_1,1,1,1,0,1
2025-01-05 03:00:00+00:00,19.50509740586857,48.36045298635245,1010.9431738907977,,19.01814081283136,54.82,23.82,target,opensensemap_1,1,1,1,0,1
2025-01-05 04:00:00+00:00,21.111585398721385,51.15788528122313,1011.4185891285692,,20.13957100117836,54.82,23.82,target,opensensemap_1,1,1,1,0,1
2025-01-05 05:00:00+00:00,21.419430337176703,50.6673820087882,1010.8320975918424,,20.26738155743269,54.82,23.82,target,opensensemap_1,1,1,1,0,1
2025-01-05 06:00:00+00:00,21.16346632478066,48.49339176684475,1011.551919172234,,21.190534332967705,54.82,23.82,target,opensensemap_1,1,1,1,0,1
2025-01-05 07:00:00+00:00,21.802158490671815,49.03918598636592,1011.0623173276,,20.860821072789776,54.82,23.82,target,opensensemap_1,1,1,1,0,1
2025-01-05 08:00:00+00:00,21.02229832057515,46.78980267309674,1011.7822299650796,,16.579479102684132,54.82,23.82,target,opensensemap_1,1,1,1,0,1
2025-01-05 09:00:00+00:00,19.032710696536064,51.26575459426607,1011.4749821380068,,20.271827038691047,54.82,23.82,target,opensensemap_1,1,1,1,0,1
2025-01-05 10:00:00+00:00,18.42971761948718,52.83708074471786,1010.9887168339092,,20.323374459183487,54.82,23.82,target,opensensemap_1,1,1,1,0,1
2025-01-05 11:00:00+00:00,16.888858135928643,59.37492593705896,1010.6113051724444,,17.249540251154073,54.82,23.82,target,opensensemap_1,1,1,1,0,1
2025-01-05 12:00:00+00:00,14.991065463458249,60.18033095530424,1010.3765139713348,,19.696928294416978,54.82,23.82,target,opensensemap_1,1,1,1,0,1
2025-01-05 13:00:00+00:00,11.660450064075222,64.74124604419842,1010.752760449775,,13.45459832644196,54.82,23.82,target,opensensemap_1,1,1,1,0,1
2025-01-05 14:00:00+00:00,11.576320293783668,65.91989546299095,1010.788074891008,,16.994705035207712,54.82,23.82,target,opensensemap_1,1,1,1,0,1
2025-01-05 15:00:00+00:00,9.762718149195862,68.6253461650557,1010.2048473691804,,19.824637924353077,54.82,23.82,target,opensensemap_1,1,1,1,0,1
2025-01-05 16:00:00+00:00,9.668966757719517,70.64963073662602,1009.6138022928828,,17.784153773280888,54.82,23.82,target,opensensemap_1,1,1,1,0,1
2025-01-05 17:00:00+00:00,7.730332752370122,73.23530585393647,1010.7564652227048,,16.10542920376123,54.82,23.82,target,opensensemap_1,1,1,1,0,1
2025-01-05 18:00:00+00:00,7.767006692326613,71.54597525679216,1010.7314794665932,,15.556869221515074,54.82,23.82,target,opensensemap_1,1,1,1,0,1
2025-01-05 19:00:00+00:00,7.957414997612923,70.48304562064926,1010.8246064325256,,15.40503450906682,54.82,23.82,target,opensensemap_1,1,1,1,0,1
2025-01-05 20:00:00+00:00,8.167777569675458,69.92499464945149,1010.2905923858568,,16.004950472289945,54.82,23.82,target,opensensemap_1,1,1,1,0,1
2025-01-05 21:00:00+00:00,10.610188736050793,68.20921599035793,1010.838453848982,,15.76745590141702,54.82,23.82,target,opensensemap_1,1,1,1,0,1
2025-01-05 22:00:00+00:00,11.95067981736998,66.68744444535643,1009.5880014308644,,15.050224908493732,54.82,23.82,target,opensensemap_1,1,1,1,0,1
2025-01-05 23:00:00+00:00,12.8821277206729,66.201219600004,1010.1305159529132,,12.51208696337634,54.82,23.82,target,opensensemap_1,1,1,1,0,1
2025-01-06 00:00:00+00:00,15.51808635540919,59.74820103015141,1009.4590884329984,,15.325745571027072,54.82,23.82,target,opensensemap_1,1,1,1,0,1
2025-01-06 01:00:00+00:00,16.70991218645959,56.67931483999614,1008.9873551914974,,12.593368101081897,54.82,23.82,target,opensensemap_1,1,1,1,0,1
2025-01-06 02:00:00+00:00,18.17943193337462,54.16789423466662,1010.0743428320897,,9.979027899032658,54.82,23.82,target,opensensemap_1,1,1,1,0,1
2025-01-06 03:00:00+00:00,20.677586038092876,49.38041551783181,1009.6749320359078,,8.77560330288254,54.82,23.82,target,opensensemap_1,1,1,1,0,1
2025-01-06 04:00:00+00:00,20.678159564966077,48.0798422473508,1010.1486171567046,,12.283886061573067,54.82,23.82,target,opensensemap_1,1,1,1,0,1
2025-01-06 05:00:00+00:00,21.966997342479228,47.71868412627488,1009.884923055086,,14.48979588074747,54.82,23.82,target,opensensemap_1,1,1,1,0,1
2025-01-06 06:00:00+00:00,21.492982170624025,48.86016517996549,1010.0770327798168,,13.352282115338216,54.82,23.82,target,opensensemap_1,1,1,1,0,1
2025-01-06 07:00:00+00:00,22.037527009935783,46.17921633811257,1010.2773205262682,,13.695211144178488,54.82,23.82,target,opensensemap_1,1,1,1,0,1
2025-01-06 08:00:00+00:00,20.5077512256562,49.460786376177296,1010.0458136348658,,11.105649847852272,54.82,23.82,target,opensensemap_1,1,1,1,0,1
2025-01-06 09:00:00+00:00,20.017821417587417,50.75336020701639,1009.9174065468376,,11.864090756405377,54.82,23.82,target,opensensemap_1,1,1,1,0,1
2025-01-06 10:00:00+00:00,19.170584638559845,53.10894445777616,1010.27217358683,,14.755154114844958,54.82,23.82,target,opensensemap_1,1,1,1,0,1
2025-01-06 11:00:00+00:00,16.906240530257957,58.34933173468784,1009.5095666734868,,7.94706156085582,54.82,23.82,target,opensensemap_1,1,1,1,0,1
2025-01-06 12:00:00+00:00,14.850246150588138,61.577194287002,1010.0090226173468,,14.236090095882378,54.82,23.82,target,opensensemap_1,1,1,1,0,1
2025-01-06 13:00:00+00:00,12.940403171854827,62.647601386944,1010.2230839495218,,10.665061444873244,54.82,23.82,target,opensensemap_1,1,1,1,0,1
2025-01-06 14:00:00+00:00,12.016622058701294,66.1925911959455,1010.7170165205002,,14.794203605957344,54.82,23.82,target,opensensemap_1,1,1,1,0,1
2025-01-06 15:00:00+00:00,10.329816683113412,70.16470104438416,1010.3374205859328,,16.36751860292716,54.82,23.82,target,opensensemap_1,1,1,1,0,1
2025-01-06 16:00:00+00:00,9.13721698203907,70.11250957912462,1010.571881252734,,15.530488218316428,54.82,23.82,target,opensensemap_1,1,1,1,0,1
2025-01-06 17:00:00+00:00,8.092581246794635,71.97058187694654,1010.7789933896509,,17.46188364419491,54.82,23.82,target,opensensemap_1,1,1,1,0,1
2025-01-06 18:00:00+00:00,8.37128069671732,72.9508283706129,1010.2169259353232,,23.553698089094755,54.82,23.82,target,opensensemap_1,1,1,1,0,1
2025-01-06 19:00:00+00:00,8.102845358696193,72.4086708116785,1010.8579611427368,,14.839771310715532,54.82,23.82,target,opensensemap_1,1,1,1,0,1
2025-01-06 20:00:00+00:00,8.23320633592755,68.7171293111844,1009.545773878794,,15.440258914087352,54.82,23.82,target,opensensemap_1,1,1,1,0,1
2025-01-06 21:00:00+00:00,9.896355655425928,70.91455595644747,1009.8263110131602,,14.6350629597804,54.82,23.82,target,opensensemap_1,1,1,1,0,1
2025-01-06 22:00:00+00:00,11.304050942225462,63.8255511893765,1010.9419369435424,,20.337729243852444,54.82,23.82,target,opensensemap_1,1,1,1,0,1
2025-01-06 23:00:00+00:00,12.901398752419649,61.9414640652711,1011.1123269857476,,18.141703226693604,54.82,23.82,target,opensensemap_1,1,1,1,0,1
2025-01-07 00:00:00+00:00,14.310399582459896,59.365975422459066,1011.24809373624,,15.81242009407028,54.82,23.82,target,opensensemap_1,1,1,1,0,1
2025-01-07 01:00:00+00:00,16.312976302172913,57.98101213016886,1011.520015866225,,16.78674721612483,54.82,23.82,target,opensensemap_1,1,1,1,0,1
2025-01-07 02:00:00+00:00,18.167354594883506,54.595748587264566,1011.2521220252636,,19.37963499848353,54.82,23.82,target,opensensemap_1,1,1,1,0,1
2025-01-07 03:00:00+00:00,19.092404770435067,52.6135026201252,1011.2701885277436,,18.106932161443524,54.82,23.82,target,opensensemap_1,1,1,1,0,1
2025-01-07 04:00:00+00:00,21.547872136814224,49.69454534364951,1011.4522502215526,,19.82976026285012,54.82,23.82,target,opensensemap_1,1,1,1,0,1
2025-01-07 05:00:00+00:00,22.811557807374133,45.83345044357731,1010.8503602831732,,22.60162081584801,54.82,23.82,target,opensensemap_1,1,1,1,0,1
2025-01-07 06:00:00+00:00,22.4541360304604,48.23478845835248,1012.4127388821286,,19.628709481098277,54.82,23.82,target,opensensemap_1,1,1,1,0,1
2025-01-07 07:00:00+00:00,22.16528962192004,49.88693055370393,1011.638477834824,,16.503772790570782,54.82,23.82,target,opensensemap_1,1,1,1,0,1
2025-01-07 08:00:00+00:00,21.404382233003982,52.023246603583786,1010.5145396797049,,23.92977926483124,54.82,23.82,target,opensensemap_1,1,1,1,0,1
2025-01-07 09:00:00+00:00,20.06812022296702,52.20505305437003,1010.8430153778472,,22.89115971197667,54.82,23.82,target,opensensemap_1,1,1,1,0,1
2025-01-07 10:00:00+00:00,18.49092926645876,56.0537048121597,1011.06940871095,,21.864941530965403,54.82,23.82,target,opensensemap_1,1,1,1,0,1
2025-01-07 11:00:00+00:00,17.35590185038312,56.612206312488816,1011.1005541495527,,23.25094351428564,54.82,23.82,target,opensensemap_1,1,1,1,0,1
2025-01-07 12:00:00+00:00,15.312497185095388,60.17751544208995,1011.9577191133388,,22.34668636493683,54.82,23.82,target,opensensemap_1,1,1,1,0,1
2025-01-07 13:00:00+00:00,12.483371786896477,61.75432753851339,1012.1249551429778,,20.76626078556838,54.82,23.82,target,opensensemap_1,1,1,1,0,1
2025-01-07 14:00:00+00:00,11.946705148229183,66.31287655782417,1012.1218587679464,,21.53691935887959,54.82,23.82,target,opensensemap_1,1,1,1,0,1
2025-01-07 15:00:00+00:00,10.550616954945262,69.4518078790935,1011.2484456484452,,22.306226313297635,54.82,23.82,target,opensensemap_1,1,1,1,0,1
2025-01-07 16:00:00+00:00,8.439597333566837,68.75825826693612,1012.18256033848,,25.37184334158804,54.82,23.82,target,opensensemap_1,1,1,1,0,1
2025-01-07 17:00:00+00:00,7.381356641672207,72.34866810298824,1012.4814465896922,,24.66311579333325,54.82,23.82,target,opensensemap_1,1,1,1,0,1
2025-01-07 18:00:00+00:00,7.832208788376793,72.72941609694061,1012.1946245135208,,24.76151830513468,54.82,23.82,target,opensensemap_1,1,1,1,0,1
2025-01-07 19:00:00+00:00,8.308367961207859,73.40508506292605,1012.5950892074072,,23.06202406542863,54.82,23.82,target,opensensemap_1,1,1,1,0,1
2025-01-07 20:00:00+00:00,8.277428851383208,69.31335766714741,1012.0270235619888,,22.63297538901359,54.82,23.82,target,opensensemap_1,1,1,1,0,1
2025-01-07 21:00:00+00:00,10.609094070052585,68.53833220152178,1012.1704097493616,,21.982925583161915,54.82,23.82,target,opensensemap_1,1,1,1,0,1
2025-01-07 22:00:00+00:00,12.041480318104025,64.71088645196527,1012.8962258040028,,21.86279721044216,54.82,23.82,target,opensensemap_1,1,1,1,0,1
2025-01-07 23:00:00+00:00,13.906300956106188,64.12722576592154,1013.4223939323614,,19.646425271160595,54.82,23.82,target,opensensemap_1,1,1,1,0,1
2025-01-08 00:00:00+00:00,15.040853373100196,59.03105219696624,1012.9178348324266,,23.13682190579865,54.82,23.82,target,opensensemap_1,1,1,1,0,1
2025-01-08 01:00:00+00:00,15.56064481412934,57.81884396553176,1012.7506938860832,,22.32906409996948,54.82,23.82,target,opensensemap_1,1,1,1,0,1
2025-01-08 02:00:00+00:00,18.66706128209686,50.64923348631964,1013.1909661915356,,20.12481544429244,54.82,23.82,target,opensensemap_1,1,1,1,0,1
2025-01-08 03:00:00+00:00,19.792806824874088,53.76347952735842,1012.5896290143148,,20.101991124211537,54.82,23.82,target,opensensemap_1,1,1,1,0,1
2025-01-08 04:00:00+00:00,20.439228409149443,49.52921647331679,1014.1362112984324,,25.36087851067253,54.82,23.82,target,opensensemap_1,1,1,1,0,1
2025-01-08 05:00:00+00:00,21.97404560083228,46.42379555408306,1013.6256248200214,,21.390834367672603,54.82,23.82,target,opensensemap_1,1,1,1,0,1
2025-01-08 06:00:00+00:00,22.52088003052784,48.3704463059976,1013.9454670108051,,18.667992418691163,54.82,23.82,target,opensensemap_1,1,1,1,0,1
2025-01-08 07:00:00+00:00,21.604790240286015,48.19142528006765,1013.9103865849752,,19.314069385527706,54.82,23.82,target,opensensemap_1,1,1,1,0,1
2025-01-08 08:00:00+00:00,20.681289267423534,51.18919256134244,1014.2802503160326,,20.90429083731862,54.82,23.82,target,opensensemap_1,1,1,1,0,1
2025-01-08 09:00:00+00:00,20.22669239066436,51.7431255421296,1013.5716067205724,,15.44527371111939,54.82,23.82,target,opensensemap_1,1,1,1,0,1
2025-01-08 10:00:00+00:00,18.97562951222057,52.34504883978984,1014.3871779340848,,17.280685791070717,54.82,23.82,target,opensensemap_1,1,1,1,0,1
2025-01-08 11:00:00+00:00,16.66645845704338,59.32214343627817,1013.8831679575752,,19.368004752269385,54.82,23.82,target,opensensemap_1,1,1,1,0,1
2025-01-08 12:00:00+00:00,14.364324717543836,61.48534915978084,1014.922494102202,,17.58670445204005,54.82,23.82,target,opensensemap_1,1,1,1,0,1
2025-01-08 13:00:00+00:00,13.040288207840485,64.08425233363243,1014.3176821812834,,14.94689789223927,54.82,23.82,target,opensensemap_1,1,1,1,0,1
2025-01-08 14:00:00+00:00,11.085259846908484,68.60218235138377,1015.256855320426,,16.88517521404335,54.82,23.82,target,opensensemap_1,1,1,1,0,1
2025-01-08 15:00:00+00:00,9.295733731210822,67.50933293880021,1015.0178956268728,,14.081909318294295,54.82,23.82,target,opensensemap_1,1,1,1,0,1
2025-01-08 16:00:00+00:00,8.881535258420264,69.72065985618441,1015.266794008014,,18.469632364524884,54.82,23.82,target,opensensemap_1,1,1,1,0,1
2025-01-08 17:00:00+00:00,8.401606144523253,72.23423234957703,1014.5109521844746,,14.53768742158756,54.82,23.82,target,opensensemap_1,1,1,1,0,1
2025-01-08 18:00:00+00:00,8.082255240539324,72.66140632925848,1014.4973894336435,,14.435019236915329,54.82,23.82,target,opensensemap_1,1,1,1,0,1
2025-01-08 19:00:00+00:00,7.872172027670116,73.02322455473477,1015.2552673465946,,15.94611150325643,54.82,23.82,target,opensensemap_1,1,1,1,0,1
2025-01-08 20:00:00+00:00,9.238724659567806,70.62579028042525,1014.6139292893528,,15.23916987231742,54.82,23.82,target,opensensemap_1,1,1,1,0,1
2025-01-08 21:00:00+00:00,10.189161412124289,69.20576882044725,1015.7496332353516,,14.120583388100243,54.82,23.82,target,opensensemap_1,1,1,1,0,1
2025-01-08 22:00:00+00:00,12.04746328143786,67.63384699750726,1014.7988541907472,,14.472420114969786,54.82,23.82,target,opensensemap_1,1,1,1,0,1
2025-01-08 23:00:00+00:00,13.63419088316514,61.92552615012333,1015.2727959910292,,16.059565324280847,54.82,23.82,target,opensensemap_1,1,1,1,0,1
2025-01-09 00:00:00+00:00,15.934487408081637,61.73482237816937,1015.5481317490188,,8.911182992949808,54.82,23.82,target,opensensemap_1,1,1,1,0,1
2025-01-09 01:00:00+00:00,16.092226553573823,55.94945404733159,1015.7848975024012,,13.71210978329835,54.82,23.82,target,opensensemap_1,1,1,1,0,1
2025-01-09 02:00:00+00:00,18.752921967144808,53.03266954834194,1016.3889128874748,,10.190900819867116,54.82,23.82,target,opensensemap_1,1,1,1,0,1
2025-01-09 03:00:00+00:00,19.840135794466605,51.58145436606697,1015.503258974344,,11.655656353665153,54.82,23.82,target,opensensemap_1,1,1,1,0,1
2025-01-09 04:00:00+00:00,21.327061407201946,50.182575087542006,1015.6984383579406,,13.262275925200884,54.82,23.82,target,opensensemap_1,1,1,1,0,1
2025-01-09 05:00:00+00:00,21.805625145185687,50.39830947664561,1015.8422113198336,,17.3632925298942,54.82,23.82,target,opensensemap_1,1,1,1,0,1
2025-01-09 06:00:00+00:00,21.83948039602001,50.2603803404529,1015.8312840673146,,12.23738631234501,54.82,23.82,target,opensensemap_1,1,1,1,0,1
2025-01-09 07:00:00+00:00,22.279924021130064,49.41649347148091,1016.0049671794444,,15.031289129145968,54.82,23.82,target,opensensemap_1,1,1,1,0,1
2025-01-09 08:00:00+00:00,19.952549733735005,47.75671437350551,1016.706844090818,,10.4071091714565,54.82,23.82,target,opensensemap_1,1,1,1,0,1
2025-01-09 09:00:00+00:00,20.25353671967864,51.03684097590629,1015.5100424097876,,16.658032625356814,54.82,23.82,target,opensensemap_1,1,1,1,0,1
2025-01-09 10:00:00+00:00,18.251795535112613,49.17130184156422,1015.8397082610768,,13.079356590071736,54.82,23.82,target,opensensemap_1,1,1,1,0,1
2025-01-09 11:00:00+00:00,16.737258574919718,55.65243328468579,1014.8162049725676,,14.609553452839789,54.82,23.82,target,opensensemap_1,1,1,1,0,1
2025-01-09 12:00:00+00:00,14.24973053956882,59.95217368305696,1015.3873930556,,14.144483312167967,54.82,23.82,target,opensensemap_1,1,1,1,0,1
2025-01-09 13:00:00+00:00,13.498540254088482,64.68772978530606,1016.2733006606356,,16.16552439241532,54.82,23.82,target,opensensemap_1,1,1,1,0,1
2025-01-09 14:00:00+00:00,11.41196604532036,65.02210135543618,1015.455697669734,,11.989962280799066,54.82,23.82,target,opensensemap_1,1,1,1,0,1
2025-01-09 15:00:00+00:00,10.526822308315634,69.00216186147495,1015.4636609274738,,16.329405909711735,54.82,23.82,target,opensensemap_1,1,1,1,0,1
2025-01-09 16:00:00+00:00,9.663579930241344,70.39753154759751,1015.1913109839448,,17.70850227065825,54.82,23.82,target,opensensemap_1,1,1,1,0,1
2025-01-09 17:00:00+00:00,7.937748536028597,72.20114811013018,1015.674349767378,,16.534081799027533,54.82,23.82,target,opensensemap_1,1,1,1,0,1
2025-01-09 18:00:00+00:00,7.489582337035384,71.47622041980375,1015.8708223134396,,15.362293270234389,54.82,23.82,target,opensensemap_1,1,1,1,0,1
2025-01-09 19:00:00+00:00,7.918533561441499,73.30099544173777,1016.6464686236652,,13.353281397375255,54.82,23.82,target,opensensemap_1,1,1,1,0,1
2025-01-09 20:00:00+00:00,8.93681054441958,70.99234654487715,1015.5265462642898,,15.806267381019126,54.82,23.82,target,opensensemap_1,1,1,1,0,1
2025-01-09 21:00:00+00:00,9.713605408998877,66.91442496605377,1016.3080549759338,,17.967670552491047,54.82,23.82,target,opensensemap_1,1,1,1,0,1
2025-01-09 22:00:00+00:00,11.850668876534389,67.65707451946163,1015.6758942738576,,16.9108519907734,54.82,23.82,target,opensensemap_1,1,1,1,0,1
2025-01-09 23:00:00+00:00,12.912919452285877,64.66779578078737,1015.542841716616,,17.461275868004666,54.82,23.82,target,opensensemap_1,1,1,1,0,1
2025-01-10 00:00:00+00:00,15.870519361343185,61.06884291369209,1016.1176298301956,,15.570669290538271,54.82,23.82,target,opensensemap_1,1,1,1,0,1
2025-01-10 01:00:00+00:00,16.432480337341158,58.01604533511394,1017.3266444492838,,17.782594882921998,54.82,23.82,target,opensensemap_1,1,1,1,0,1
2025-01-10 02:00:00+00:00,17.755577727875366,52.851734975226194,1015.9918148760188,,16.14684568991264,54.82,23.82,target,opensensemap_1,1,1,1,0,1
2025-01-10 03:00:00+00:00,20.107914890340364,51.89208531124596,1015.798011557092,,18.212409078919887,54.82,23.82,target,opensensemap_1,1,1,1,0,1
2025-01-10 04:00:00+00:00,21.290022590532107,49.60897345401409,1016.1863643239652,,18.766459289624244,54.82,23.82,target,opensensemap_1,1,1,1,0,1
2025-01-10 05:00:00+00:00,21.60041146704039,50.01453261444989,1015.1526861919376,,23.73381542680781,54.82,23.82,target,opensensemap_1,1,1,1,0,1
2025-01-10 06:00:00+00:00,22.622326272494806,48.45575854594112,1015.8421546970444,,25.273827993176525,54.82,23.82,target,opensensemap_1,1,1,1,0,1
2025-01-10 07:00:00+00:00,21.245161892217236,50.26690429530423,1015.3182758539018,,21.85165591791693,54.82,23.82,target,opensensemap_1,1,1,1,0,1
2025-01-10 08:00:00+00:00,20.69301876434417,50.39561985092338,1016.1595165763435,,18.18363374315401,54.82,23.82,target,opensensemap_1,1,1,1,0,1
2025-01-10 09:00:00+00:00,20.118014705412776,53.11122750680575,1014.9696572935252,,22.55865530468716,54.82,23.82,target,opensensemap_1,1,1,1,0,1
2025-01-10 10:00:00+00:00,18.598434839175297,54.80733657689749,1015.5708725108592,,20.04757592632928,54.82,23.82,target,opensensemap_1,1,1,1,0,1
2025-01-10 11:00:00+00:00,17.025058303617428,55.51840119315511,1015.951781213359,,25.405575641509184,54.82,23.82,target,opensensemap_1,1,1,1,0,1
2025-01-10 12:00:00+00:00,15.35323402247554,60.40978957399928,1015.5083618814128,,21.948388752389487,54.82,23.82,target,opensensemap_1,1,1,1,0,1
2025-01-10 13:00:00+00:00,13.283758817248522,60.5421576144386,1016.2417172507354,,23.81650650743992,54.82,23.82,target,opensensemap_1,1,1,1,0,1
2025-01-10 14:00:00+00:00,11.833533520275246,64.53917521361318,1015.3622558618524,,24.074410601449117,54.82,23.82,target,opensensemap_1,1,1,1,0,1
2025-01-10 15:00:00+00:00,10.431682821536633,71.2223487186997,1015.224109917885,,24.44130332967924,54.82,23.82,target,opensensemap_1,1,1,1,0,1
2025-01-10 16:00:00+00:00,7.864820890087836,68.68171120240245,1015.1845111256888,,21.692667346560143,54.82,23.82,target,opensensemap_1,1,1,1,0,1
2025-01-10 17:00:00+00:00,7.646574901044646,70.3195023199262,1014.7078603065612,,24.83116491673525,54.82,23.82,target,opensensemap_1,1,1,1,0,1
2025-01-10 18:00:00+00:00,8.651401233411054,72.68067850882315,1014.7517117716905,,23.8491463295988,54.82,23.82,target,opensensemap_1,1,1,1,0,1
2025-01-10 19:00:00+00:00,8.646335126638109,72.78942032152983,1014.195032171773,,22.988850675595195,54.82,23.82,target,opensensemap_1,1,1,1,0,1
2025-01-10 20:00:00+00:00,8.427365860228056,69.950431042015,1013.9891356686544,,23.804555214880622,54.82,23.82,target,opensensemap_1,1,1,1,0,1
2025-01-10 21:00:00+00:00,9.89264169820034,71.46889521552441,1015.1564896050515,,23.042412096200028,54.82,23.82,target,opensensemap_1,1,1,1,0,1
2025-01-10 22:00:00+00:00,11.106846343600838,64.09920414182238,1015.4328210786056,,20.29834852153788,54.82,23.82,target,opensensemap_1,1,1,1,0,1
2025-01-10 23:00:00+00:00,12.452764986765304,62.84791357481243,1014.0577902803284,,23.20930357864952,54.82,23.82,target,opensensemap_1,1,1,1,0,1
2025-01-11 00:00:00+00:00,14.803059036566871,59.007560826046905,1014.1778726496498,,19.01057009502753,54.82,23.82,target,opensensemap_1,1,1,1,0,1
2025-01-11 01:00:00+00:00,17.69667425760207,54.41492999397499,1013.6424608880632,,23.231806619604832,54.82,23.82,target,opensensemap_1,1,1,1,0,1
2025-01-11 02:00:00+00:00,19.902275473633885,54.64799514981161,1014.6297243683036,,21.156526418030676,54.82,23.82,target,opensensemap_1,1,1,1,0,1
2025-01-11 03:00:00+00:00,20.18076492142157,55.153090783094754,1013.7669924435498,,24.79163078497588,54.82,23.82,target,opensensemap_1,1,1,1,0,1
2025-01-11 04:00:00+00:00,20.303775974367905,51.51269526176281,1014.058813854315,,19.05585273479413,54.82,23.82,target,opensensemap_1,1,1,1,0,1
2025-01-11 05:00:00+00:00,21.35420354944405,48.56922192312541,1013.7773443444394,,22.04425499184523,54.82,23.82,target,opensensemap_1,1,1,1,0,1
2025-01-11 06:00:00+00:00,23.555945915508364,47.98859542310601,1014.2251465817674,,22.865934840957955,54.82,23.82,target,opensensemap_1,1,1,1,0,1
2025-01-11 07:00:00+00:00,21.179562556190724,47.48821696758729,1014.2348886228036,,21.177159106311617,54.82,23.82,target,opensensemap_1,1,1,1,0,1
2025-01-11 08:00:00+00:00,20.737096503318565,53.03490663042206,1013.1766662948148,,19.09343093134326,54.82,23.82,target,opensensemap_1,1,1,1,0,1
2025-01-11 09:00:00+00:00,20.7346856694612,50.174826241211065,1013.379016055337,,18.097015499612244,54.82,23.82,target,opensensemap_1,1,1,1,0,1
2025-01-11 10:00:00+00:00,18.82401408787458,54.0123327535655,1013.9476840692628,,17.256853359548668,54.82,23.82,target,opensensemap_1,1,1,1,0,1
2025-01-11 11:00:00+00:00,15.623372003272058,58.9797006656425,1013.3572209868992,,17.158328869745365,54.82,23.82,target,opensensemap_1,1,1,1,0,1
2025-01-11 12:00:00+00:00,14.669812305302338,63.21707813153271,1012.9387851574448,,17.430159087416808,54.82,23.82,target,opensensemap_1,1,1,1,0,1
2025-01-11 13:00:00+00:00,12.043364753511204,66.31954793127225,1012.1532719486584,,19.520260679870983,54.82,23.82,target,opensensemap_1,1,1,1,0,1
2025-01-11 14:00:00+00:00,12.340507181581602,65.02974022219233,1013.6578762890152,,20.719757216745517,54.82,23.82,target,opensensemap_1,1,1,1,0,1
2025-01-11 15:00:00+00:00,10.465566991065824,66.9940721340616,1012.9912216906292,,16.132536204135967,54.82,23.82,target,opensensemap_1,1,1,1,0,1
2025-01-11 16:00:00+00:00,8.184850651888429,71.33974420241644,1011.548268560179,,15.367977191887237,54.82,23.82,target,opensensemap_1,1,1,1,0,1
2025-01-11 17:00:00+00:00,8.150237788568253,71.94889953343338,1011.6480906272692,,15.99447160015282,54.82,23.82,target,opensensemap_1,1,1,1,0,1
2025-01-11 18:00:00+00:00,7.571669606225494,69.25452110988027,1012.4382048080444,,15.368169251077314,54.82,23.82,target,opensensemap_1,1,1,1,0,1
2025-01-11 19:00:00+00:00,7.698253213168842,70.80058945487227,1011.8530792425636,,12.489476387954472,54.82,23.82,target,opensensemap_1,1,1,1,0,1
2025-01-11 20:00:00+00:00,9.15707149301918,69.357546389498,1011.3352317591898,,12.183006882300877,54.82,23.82,target,opensensemap_1,1,1,1,0,1
2025-01-11 21:00:00+00:00,9.683473244986724,67.21944221821552,1010.9572085689276,,15.859486678053504,54.82,23.82,target,opensensemap_1,1,1,1,0,1
2025-01-11 22:00:00+00:00,11.931356853333126,67.78445057903093,1011.3394554815644,,14.970505712807908,54.82,23.82,target,opensensemap_1,1,1,1,0,1
2025-01-11 23:00:00+00:00,12.875845539413373,63.60157920723549,1011.9551397204586,,14.650064007721085,54.82,23.82,target,opensensemap_1,1,1,1,0,1
2025-01-12 00:00:00+00:00,14.55344107905342,56.776692107314666,1011.6541159874512,,15.490344855726756,54.82,23.82,target,opensensemap_1,1,1,1,0,1
2025-01-12 01:00:00+00:00,17.555386036486816,56.00945364115676,1011.8197932323952,,15.163294219735908,54.82,23.82,target,opensensemap_1,1,1,1,0,1
2025-01-12 02:00:00+00:00,18.71548629598132,53.24118110980491,1011.7026511831804,,11.981531621722915,54.82,23.82,target,opensensemap_1,1,1,1,0,1
2025-01-12 03:00:00+00:00,20.13183983397157,48.59499651800648,1011.5806835326786,,12.941567970631224,54.82,23.82,target,opensensemap_1,1,1,1,0,1
2025-01-12 04:00:00+00:00,19.98404777252859,51.14042539277827,1010.9020454512294,,15.815354568362537,54.82,23.82,target,opensensemap_1,1,1,1,0,1
2025-01-12 05:00:00+00:00,22.18342208625623,47.74413212406023,1011.4015552790062,,12.6282480722009,54.82,23.82,target,opensensemap_1,1,1,1,0,1
2025-01-12 06:00:00+00:00,21.38768041411543,46.79395574347342,1011.5115243955348,,13.785148156776136,54.82,23.82,target,opensensemap_1,1,1,1,0,1
2025-01-12 07:00:00+00:00,21.70272102287644,48.46775114151325,1010.7050028812008,,11.17225461112024,54.82,23.82,target,opensensemap_1,1,1,1,0,1
2025-01-12 08:00:00+00:00,21.24503579357884,49.31427321775969,1011.2117799060331,,14.843292780340295,54.82,23.82,target,opensensemap_1,1,1,1,0,1
2025-01-12 09:00:00+00:00,19.636737833456092,51.226621694149685,1011.070666182353,,11.927486993421258,54.82,23.82,target,opensensemap_1,1,1,1,0,1
2025-01-12 10:00:00+00:00,18.244221879244453,54.52779811641152,1010.5863495998756,,12.077363103197744,54.82,23.82,target,opensensemap_1,1,1,1,0,1
2025-01-12 11:00:00+00:00,16.504369477209327,57.85989024635692,1010.7158178369434,,14.03144729706754,54.82,23.82,target,opensensemap_1,1,1,1,0,1
2025-01-12 12:00:00+00:00,14.371386128430798,61.39909165788405,1009.713248336974,,8.92120191741498,54.82,23.82,target,opensensemap_1,1,1,1,0,1
2025-01-12 13:00:00+00:00,13.694450995458975,62.24894720274692,1010.593572812556,,15.366447997280964,54.82,23.82,target,opensensemap_1,1,1,1,0,1
2025-01-12 14:00:00+00:00,12.306516974039504,61.669958901000726,1010.6473225295568,,17.358505049198566,54.82,23.82,target,opensensemap_1,1,1,1,0,1
2025-01-12 15:00:00+00:00,9.43255893166723,68.31934860888244,1010.8054109870254,,13.677914730105616,54.82,23.82,target,opensensemap_1,1,1,1,0,1
2025-01-12 16:00:00+00:00,8.934077035277145,69.81806230156094,1010.1426800798348,,14.854694860437371,54.82,23.82,target,opensensemap_1,1,1,1,0,1
2025-01-12 17:00:00+00:00,8.713071139980602,73.22067377434549,1010.7311648352896,,15.707740542134264,54.82,23.82,target,opensensemap_1,1,1,1,0,1
2025-01-12 18:00:00+00:00,8.529197456074707,72.27607548395235,1010.5484652669032,,14.736235868799616,54.82,23.82,target,opensensemap_1,1,1,1,0,1
2025-01-12 19:00:00+00:00,8.908614551931374,70.47021134678292,1010.6031190502588,,15.786197444757828,54.82,23.82,target,opensensemap_1,1,1,1,0,1
2025-01-12 20:00:00+00:00,9.516787774703667,70.26743809494837,1010.6514116758476,,14.052995347711615,54.82,23.82,target,opensensemap_1,1,1,1,0,1
2025-01-12 21:00:00+00:00,10.13211942802022,68.71522571162748,1009.838110665978,,13.019965058971756,54.82,23.82,target,opensensemap_1,1,1,1,0,1
2025-01-12 22:00:00+00:00,12.711916050989002,66.29014598352212,1009.6479528436688,,14.998144987877716,54.82,23.82,target,opensensemap_1,1,1,1,0,1
2025-01-12 23:00:00+00:00,12.1929324830737,63.48245163013832,1009.4480340665664,,17.911551774643943,54.82,23.82,target,opensensemap_1,1,1,1,0,1
2025-01-13 00:00:00+00:00,14.98128550953667,59.41792923111865,1010.0276345257378,,16.699583332374086,54.82,23.82,target,opensensemap_1,1,1,1,0,1
2025-01-13 01:00:00+00:00,16.362234454978008,55.94630395953647,1009.3706237452034,,17.693808927331403,54.82,23.82,target,opensensemap_1,1,1,1,0,1
2025-01-13 02:00:00+00:00,17.954647355490327,54.33146422481695,1009.3173508879106,,17.65304680227791,54.82,23.82,target,opensensemap_1,1,1,1,0,1
2025-01-13 03:00:00+00:00,20.255646039263485,52.85489160318102,1009.257850792182,,21.667985328692662,54.82,23.82,target,opensensemap_1,1,1,1,0,1
2025-01-13 04:00:00+00:00,21.170263499594267,52.851652954369015,1009.8318733868284,,21.489586149181715,54.82,23.82,target,opensensemap_1,1,1,1,0,1
2025-01-13 05:00:00+00:00,21.97013908723745,46.48112642672172,1010.1181208142408,,21.64705658377232,54.82,23.82,target,opensensemap_1,1,1,1,0,1
2025-01-13 06:00:00+00:00,22.264415155079003,48.75089696785213,1009.7647730089878,,19.611938888108813,54.82,23.82,target,opensensemap_1,1,1,1,0,1
2025-01-13 07:00:00+00:00,21.751496781825647,50.32039603615094,1010.3412085044026,,22.765460386375477,54.82,23.82,target,opensensemap_1,1,1,1,0,1
2025-01-13 08:00:00+00:00,20.79364386212612,50.617004633399176,1010.868638955196,,24.71737395903364,54.82,23.82,target,opensensemap_1,1,1,1,0,1
2025-01-13 09:00:00+00:00,20.35595046510621,53.88950230650944,1010.1300963675416,,21.29764460727586,54.82,23.82,target,opensensemap_1,1,1,1,0,1
2025-01-13 10:00:00+00:00,18.17890228371592,51.88884865543399,1010.7224547250796,,22.136099767909595,54.82,23.82,target,opensensemap_1,1,1,1,0,1
2025-01-13 11:00:00+00:00,17.49199396800386,57.569128629166194,1010.027013240141,,21.725683165723066,54.82,23.82,target,opensensemap_1,1,1,1,0,1
2025-01-13 12:00:00+00:00,14.147674468889049,59.878715138570215,1008.8820502013112,,22.93442483420969,54.82,23.82,target,opensensemap_1,1,1,1,0,1
2025-01-13 13:00:00+00:00,13.211944295963733,64.21641804800159,1011.1810471283668,,19.955927587271884,54.82,23.82,target,opensensemap_1,1,1,1,0,1
2025-01-13 14:00:00+00:00,12.112029211421833,66.68463336708558,1011.3833585402128,,25.505266453940344,54.82,23.82,target,opensensemap_1,1,1,1,0,1
2025-01-13 15:00:00+00:00,10.45121106462845,68.41249053051214,1010.6031083686408,,23.50173322277841,54.82,23.82,target,opensensemap_1,1,1,1,0,1
2025-01-13 16:00:00+00:00,8.653982372330109,73.1078831066612,1009.6974344120664,,23.72597420459797,54.82,23.82,target,opensensemap_1,1,1,1,0,1
2025-01-13 17:00:00+00:00,8.540871876043,70.11835266857042,1009.6808625637108,,24.86647512287426,54.82,23.82,target,opensensemap_1,1,1,1,0,1
2025-01-13 18:00:00+00:00,7.879880759976447,71.50826332410875,1010.7550723594098,,23.9048971924125,54.82,23.82,target,opensensemap_1,1,1,1,0,1
2025-01-13 19:00:00+00:00,8.820091550614931,68.62657219878642,1009.7621806712356,,24.04315104569235,54.82,23.82,target,opensensemap_1,1,1,1,0,1
2025-01-13 20:00:00+00:00,9.128009404745672,72.7242444727639,1009.50098377753,,21.80563110739147,54.82,23.82,target,opensensemap_1,1,1,1,0,1
2025-01-13 21:00:00+00:00,8.929616191233395,69.12114389934982,1009.9518559244513,,27.270868147453875,54.82,23.82,target,opensensemap_1,1,1,1,0,1
2025-01-13 22:00:00+00:00,11.026715167347838,67.26226040798993,1010.6487620441184,,24.305173272222696,54.82,23.82,target,opensensemap_1,1,1,1,0,1
2025-01-13 23:00:00+00:00,13.574241481988071,63.223895153173125,1010.7578929387186,,23.634405952839508,54.82,23.82,target,opensensemap_1,1,1,1,0,1
2025-01-14 00:00:00+00:00,15.32129333949304,57.77677472144919,1010.8984346638392,,22.325160811384027,54.82,23.82,target,opensensemap_1,1,1,1,0,1
2025-01-14 01:00:00+00:00,16.873911097874505,56.56400302882932,1010.8318050649395,,23.28431481270281,54.82,23.82,target,opensensemap_1,1,1,1,0,1
2025-01-14 02:00:00+00:00,18.46079186870656,55.13430429607368,1010.2016023824184,,21.512088947078123,54.82,23.82,target,opensensemap_1,1,1,1,0,1
2025-01-14 03:00:00+00:00,20.394181137112035,49.77725481823587,1010.6664746684418,,23.61549861654161,54.82,23.82,target,opensensemap_1,1,1,1,0,1
2025-01-14 04:00:00+00:00,20.749187857864747,46.62169217171337,1010.5651396034262,,20.221195492776506,54.82,23.82,target,opensensemap_1,1,1,1,0,1
2025-01-14 05:00:00+00:00,21.8680505619704,50.00913590562083,1011.4546171002496,,17.43961346522693,54.82,23.82,target,opensensemap_1,1,1,1,0,1
2025-01-14 06:00:00+00:00,21.18231444511719,48.46074990293068,1011.1111859360192,,21.223995225793285,54.82,23.82,target,opensensemap_1,1,1,1,0,1
2025-01-14 07:00:00+00:00,22.268060010714123,46.74725344921132,1011.2750945349104,,23.281840609596863,54.82,23.82,target,opensensemap_1,1,1,1,0,1
2025-01-14 08:00:00+00:00,21.321724314053483,48.97410885564991,1011.4985342911305,,21.39586344316595,54.82,23.82,target,opensensemap_1,1,1,1,0,1
2025-01-14 09:00:00+00:00,19.77977032172839,51.16180972130319,1011.673564962758,,17.620862450246232,54.82,23.82,target,opensensemap_1,1,1,1,0,1
2025-01-14 10:00:00+00:00,18.889483518917164,56.04490061928175,1011.5800372993748,,17.380414127341414,54.82,23.82,target,opensensemap_1,1,1,1,0,1
2025-01-14 11:00:00+00:00,16.480656324337374,58.03531019816971,1011.2541637816684,,17.63759175114968,54.82,23.82,target,opensensemap_1,1,1,1,0,1
2025-01-14 12:00:00+00:00,14.39615605185109,57.79643643851199,1012.0784686245172,,17.57611484837819,54.82,23.82,target,opensensemap_1,1,1,1,0,1
2025-01-14 13:00:00+00:00,12.263814710118794,63.48311534859436,1011.351132199036,,19.54020845163472,54.82,23.82,target,opensensemap_1,1,1,1,0,1
2025-01-14 14:00:00+00:00,11.115938535713472,66.31964199882754,1011.8314311937088,,18.353788425900245,54.82,23.82,target,opensensemap_1,1,1,1,0,1
2025-01-14 15:00:00+00:00,10.051967355952856,67.81454002320761,1011.8721395562932,,17.72151974336364,54.82,23.82,target,opensensemap_1,1,1,1,0,1
2025-01-14 16:00:00+00:00,9.366207361054483,73.78067990046479,1011.6030935220392,,16.26125002548736,54.82,23.82,target,opensensemap_1,1,1,1,0,1
2025-01-14 17:00:00+00:00,8.58950183869708,72.81070134698781,1013.1535458423124,,14.259879261441103,54.82,23.82,target,opensensemap_1,1,1,1,0,1
2025-01-14 18:00:00+00:00,7.67339121293274,73.4112661223144,1012.6474217012033,,16.38481947914575,54.82,23.82,target,opensensemap_1,1,1,1,0,1
2025-01-14 19:00:00+00:00,7.115866136146273,69.15838520303402,1012.4768235623104,,11.79646217857234,54.82,23.82,target,opensensemap_1,1,1,1,0,1
2025-01-14 20:00:00+00:00,8.935296392689478,69.46839396728453,1012.6348487011368,,18.270683321973145,54.82,23.82,target,opensensemap_1,1,1,1,0,1
2025-01-14 21:00:00+00:00,10.109034442897189,71.27322585561852,1012.1842178232696,,11.595350503945632,54.82,23.82,target,opensensemap_1,1,1,1,0,1
2025-01-14 22:00:00+00:00,11.177452055047926,64.53460981607516,1012.7144580709258,,14.722717533826234,54.82,23.82,target,opensensemap_1,1,1,1,0,1
2025-01-14 23:00:00+00:00,12.58201063245582,62.45812766039193,1013.4638059390678,,11.48590286264904,54.82,23.82,target,opensensemap_1,1,1,1,0,1
2025-01-15 00:00:00+00:00,14.14944379087735,58.22583138162568,1011.8329004896428,,13.668112073448626,54.82,23.82,target,opensensemap_1,1,1,1,0,1
2025-01-15 01:00:00+00:00,16.784478982363936,53.51903554733311,1012.3378054158442,,15.76073168488192,54.82,23.82,target,opensensemap_1,1,1,1,0,1
2025-01-15 02:00:00+00:00,18.752396652460927,54.592490317417166,1013.0436082683938,,15.202569119791743,54.82,23.82,target,opensensemap_1,1,1,1,0,1
2025-01-15 03:00:00+00:00,19.379712456578,54.2207786941968,1014.1443978211264,,15.320903284324462,54.82,23.82,target,opensensemap_1,1,1,1,0,1
2025-01-15 04:00:00+00:00,20.72272129318691,50.64108984167977,1013.0849932977452,,14.212255645454606,54.82,23.82,target,opensensemap_1,1,1,1,0,1
2025-01-15 05:00:00+00:00,22.41432472619957,50.46428229046752,1013.5070511035692,,11.47573214998356,54.82,23.82,target,opensensemap_1,1,1,1,0,1
2025-01-15 06:00:00+00:00,22.150671882337225,48.514891815782846,1014.0685239303896,,10.73951609975912,54.82,23.82,target,opensensemap_1,1,1,1,0,1
2025-01-15 07:00:00+00:00,22.60907692552492,45.42873355493685,1013.978006705088,,9.322340741427787,54.82,23.82,target,opensensemap_1,1,1,1,0,1
2025-01-15 08:00:00+00:00,21.813700619510044,49.32410065133768,1014.2621090796011,,13.94831506183139,54.82,23.82,target,opensensemap_1,1,1,1,0,1
2025-01-15 09:00:00+00:00,20.84203129222897,50.73275975529395,1013.7517136069548,,16.821221128029755,54.82,23.82,target,opensensemap_1,1,1,1,0,1
2025-01-15 10:00:00+00:00,18.49035979007439,54.39261405695365,1014.1107953571218,,12.832275910484633,54.82,23.82,target,opensensemap_1,1,1,1,0,1
2025-01-15 11:00:00+00:00,16.0643395269306,59.82245801859949,1013.7903446991454,,10.074681191517325,54.82,23.82,target,opensensemap_1,1,1,1,0,1
2025-01-15 12:00:00+00:00,14.90755797246335,58.23653012344538,1014.8857112436718,,11.88746152999868,54.82,23.82,target,opensensemap_1,1,1,1,0,1
2025-01-15 13:00:00+00:00,13.661911739029373,62.67120437626053,1014.6065381254324,,15.153419423834354,54.82,23.82,target,opensensemap_1,1,1,1,0,1
2025-01-15 14:00:00+00:00,11.522427535092625,66.54487635215942,1014.6709477394832,,19.590203499636804,54.82,23.82,target,opensensemap_1,1,1,1,0,1
2025-01-15 15:00:00+00:00,9.230837146123696,68.74635949875515,1015.5668428624424,,18.277182833303343,54.82,23.82,target,opensensemap_1,1,1,1,0,1
2025-01-15 16:00:00+00:00,9.03840453539229,69.23487853619297,1014.0742564116664,,14.672477233904408,54.82,23.82,target,opensensemap_1,1,1,1,0,1
2025-01-15 17:00:00+00:00,8.075516923500588,71.33047408205466,1015.1848703746036,,20.164241427911453,54.82,23.82,target,opensensemap_1,1,1,1,0,1
2025-01-15 18:00:00+00:00,8.276822174503325,74.65877317878062,1015.5636121952692,,15.582357970063878,54.82,23.82,target,opensensemap_1,1,1,1,0,1
2025-01-15 19:00:00+00:00,9.559139362625857,73.03693353723622,1014.9929438236696,,16.753855378201123,54.82,23.82,target,opensensemap_1,1,1,1,0,1
2025-01-15 20:00:00+00:00,8.488167236060278,73.06993430748952,1014.5517329289952,,12.524139061422488,54.82,23.82,target,opensensemap_1,1,1,1,0,1
2025-01-15 21:00:00+00:00,10.014427875100168,69.61511233764149,1015.3917007169952,,18.147228060115552,54.82,23.82,target,opensensemap_1,1,1,1,0,1
2025-01-15 22:00:00+00:00,11.49143719127165,64.37943889627799,1015.8309202322408,,19.084524519766973,54.82,23.82,target,opensensemap_1,1,1,1,0,1
2025-01-15 23:00:00+00:00,14.45493882206832,63.2081286876604,1015.2843254742336,,19.494432604055344,54.82,23.82,target,opensensemap_1,1,1,1,0,1
2025-01-01 00:00:00+00:00,15.307805729090177,61.15315560782748,1013.666966199854,,16.907722602653237,54.84,23.84,target,opensensemap_2,1,1,1,0,1
2025-01-01 01:00:00+00:00,16.556751887102568,54.90102678385968,1012.758555539161,,20.52605229060821,54.84,23.84,target,opensensemap_2,1,1,1,0,1
2025-01-01 02:00:00+00:00,19.14779774745328,53.77760841910659,1013.9380274223752,,19.1552550031156,54.84,23.84,target,opensensemap_2,1,1,1,0,1
2025-01-01 03:00:00+00:00,19.9293990081026,49.97312581452699,1012.7380830161234,,18.20065095245809,54.84,23.84,target,opensensemap_2,1,1,1,0,1
2025-01-01 04:00:00+00:00,20.897352525471064,49.25122791217848,1013.8779764175728,,25.027174350360205,54.84,23.84,target,opensensemap_2,1,1,1,0,1
2025-01-01 05:00:00+00:00,22.090019886161063,48.3164660528383,1014.6261140506832,,20.83093797113172,54.84,23.84,target,opensensemap_2,1,1,1,0,1
2025-01-01 06:00:00+00:00,22.467671819419422,46.21447772951878,1013.9513800315104,,20.521714018705683,54.84,23.84,target,opensensemap_2,1,1,1,0,1
2025-01-01 07:00:00+00:00,21.18415024432793,46.52253632224433,1014.240868694612,,18.292542608464743,54.84,23.84,target,opensensemap_2,1,1,1,0,1
2025-01-01 08:00:00+00:00,20.31051829964133,48.90416633989168,1014.196548990118,,23.032179389221163,54.84,23.84,target,opensensemap_2,1,1,1,0,1
2025-01-01 09:00:00+00:00,20.282069505826385,51.27297670404226,1014.3705909999696,,18.924324523559456,54.84,23.84,target,opensensemap_2,1,1,1,0,1
2025-01-01 10:00:00+00:00,17.236645019343545,51.58425606888445,1013.3236392436798,,25.670172419275318,54.84,23.84,target,opensensemap_2,1,1,1,0,1
2025-01-01 11:00:00+00:00,16.42254756600248,59.08535238193202,1014.6526370026752,,23.798432117740663,54.84,23.84,target,opensensemap_2,1,1,1,0,1
2025-01-01 12:00:00+00:00,14.943125010881472,60.69403408435424,1014.683963986057,,22.26128942979863,54.84,23.84,target,opensensemap_2,1,1,1,0,1
2025-01-01 13:00:00+00:00,12.211778533602102,63.91681989498492,1014.067846650828,,20.992442850231768,54.84,23.84,target,opensensemap_2,1,1,1,0,1
2025-01-01 14:00:00+00:00,12.188391600579855,67.271688986537,1014.4544491302404,,20.36880629151511,54.84,23.84,target,opensensemap_2,1,1,1,0,1
2025-01-01 15:00:00+00:00,9.92828288014467,68.56325218100643,1014.805951630405,,22.326369228014823,54.84,23.84,target,opensensemap_2,1,1,1,0,1
2025-01-01 16:00:00+00:00,9.552455824862646,69.44126496854554,1014.1119550653312,,23.989633593178787,54.84,23.84,target,opensensemap_2,1,1,1,0,1
2025-01-01 17:00:00+00:00,9.182584170616288,72.21719473971355,1015.1448673155902,,23.857039492451367,54.84,23.84,target,opensensemap_2,1,1,1,0,1
2025-01-01 18:00:00+00:00,7.836176555383941,73.24382316857756,1014.5657377270136,,20.628782812538464,54.84,23.84,target,opensensemap_2,1,1,1,0,1
2025-01-01 19:00:00+00:00,7.514767751429804,69.67516390433356,1014.6386323956648,,27.224556532479536,54.84,23.84,target,opensensemap_2,1,1,1,0,1
2025-01-01 20:00:00+00:00,9.697268412777971,70.20917001852371,1015.2304718624292,,25.299311297525943,54.84,23.84,target,opensensemap_2,1,1,1,0,1
2025-01-01 21:00:00+00:00,10.318332369879418,66.6472361277098,1016.9279588471012,,24.627526497761025,54.84,23.84,target,opensensemap_2,1,1,1,0,1
2025-01-01 22:00:00+00:00,11.944855792970335,64.39411039986426,1015.280448469592,,22.41729431174311,54.84,23.84,target,opensensemap_2,1,1,1,0,1
2025-01-01 23:00:00+00:00,12.500453217859274,63.08156534039739,1015.3100344920738,,19.4684696732086,54.84,23.84,target,opensensemap_2,1,1,1,0,1
2025-01-02 00:00:00+00:00,14.862532910485324,60.29248229391506,1015.1607994272846,,25.36932510020671,54.84,23.84,target,opensensemap_2,1,1,1,0,1
2025-01-02 01:00:00+00:00,16.053283023102463,56.93245825063561,1015.7866283016168,,22.256494491794708,54.84,23.84,target,opensensemap_2,1,1,1,0,1
2025-01-02 02:00:00+00:00,18.069398694241745,53.93089637223216,1016.2442275944718,,24.57005462692505,54.84,23.84,target,opensensemap_2,1,1,1,0,1
2025-01-02 03:00:00+00:00,19.5861028389987,53.40748745081482,1015.206929818308,,21.43333470520255,54.84,23.84,target,opensensemap_2,1,1,1,0,1
2025-01-02 04:00:00+00:00,20.73520334318569,46.38335791332545,1015.2898040426992,,21.72021671434824,54.84,23.84,target,opensensemap_2,1,1,1,0,1
2025-01-02 05:00:00+00:00,22.289953624830417,47.00395080077016,1016.1503277694808,,17.84538096328366,54.84,23.84,target,opensensemap_2,1,1,1,0,1
2025-01-02 06:00:00+00:00,21.37098577163968,46.82548502148861,1015.8292910102682,,23.25580930143917,54.84,23.84,target,opensensemap_2,1,1,1,0,1
2025-01-02 07:00:00+00:00,22.330719788346308,51.16369310235727,1016.3330170104256,,23.103916635052173,54.84,23.84,target,opensensemap_2,1,1,1,0,1
2025-01-02 08:00:00+00:00,20.714269187696814,48.08721663651637,1016.2847364460468,,22.13084269985737,54.84,23.84,target,opensensemap_2,1,1,1,0,1
2025-01-02 09:00:00+00:00,19.90743976162229,53.45567501504319,1016.20211783832,,20.991334684442503,54.84,23.84,target,opensensemap_2,1,1,1,0,1
2025-01-02 10:00:00+00:00,19.0708226305876,54.05229321408381,1015.5567926973308,,17.988735711015856,54.84,23.84,target,opensensemap_2,1,1,1,0,1
2025-01-02 11:00:00+00:00,16.498265996007675,58.32470367731509,1015.8028902615908,,16.089534275553852,54.84,23.84,target,opensensemap_2,1,1,1,0,1
2025-01-02 12:00:00+00:00,15.219130164036336,62.100809065484775,1017.02554795792,,14.283802082945591,54.84,23.84,target,opensensemap_2,1,1,1,0,1
2025-01-02 13:00:00+00:00,12.932349294985642,62.645870498491,1015.7588192509448,,15.70248999883349,54.84,23.84,target,opensensemap_2,1,1,1,0,1
2025-01-02 14:00:00+00:00,11.179109452504848,65.67398646043605,1016.0178894130546,,14.25795332156128,54.84,23.84,target,opensensemap_2,1,1,1,0,1
2025-01-02 15:00:00+00:00,9.865217779909536,67.54991842043111,1015.9451569347228,,16.893541377226107,54.84,23.84,target,opensensemap_2,1,1,1,0,1
2025-01-02 16:00:00+00:00,8.347008056836057,70.2781471715185,1015.5738514332496,,16.419056934786518,54.84,23.84,target,opensensemap_2,1,1,1,0,1
2025-01-02 17:00:00+00:00,8.82373199886484,71.08208314870207,1015.639377665491,,17.365481162221997,54.84,23.84,target,opensensemap_2,1,1,1,0,1
2025-01-02 18:00:00+00:00,7.499326093485486,72.44906796025346,1015.7785125484752,,17.927137848070046,54.84,23.84,target,opensensemap_2,1,1,1,0,1
2025-01-02 19:00:00+00:00,7.7074211922011,67.99069970763736,1015.9495310285088,,14.561844888183844,54.84,23.84,target,opensensemap_2,1,1,1,0,1
2025-01-02 20:00:00+00:00,8.818569083001254,71.6569379451017,1016.4562056395752,,11.689319093092612,54.84,23.84,target,opensensemap_2,1,1,1,0,1
2025-01-02 21:00:00+00:00,9.861782862431754,68.8819840835814,1015.5970708750472,,16.05820522570499,54.84,23.84,target,opensensemap_2,1,1,1,0,1
2025-01-02 22:00:00+00:00,11.381565694086078,65.8010205799177,1015.8129412946922,,12.709932309596915,54.84,23.84,target,opensensemap_2,1,1,1,0,1
2025-01-02 23:00:00+00:00,13.490341844096054,62.98331091518696,1016.4124264150691,,10.192629477315508,54.84,23.84,target,opensensemap_2,1,1,1,0,1
2025-01-03 00:00:00+00:00,14.902796851973784,59.11240314247665,1016.7738372250408,,13.31671247848366,54.84,23.84,target,opensensemap_2,1,1,1,0,1
2025-01-03 01:00:00+00:00,17.00222096795826,55.82848525696509,1015.4893677335602,,13.62657858391486,54.84,23.84,target,opensensemap_2,1,1,1,0,1
2025-01-03 02:00:00+00:00,18.79684290934782,53.85642267327594,1015.8187833778104,,16.502362345358506,54.84,23.84,target,opensensemap_2,1,1,1,0,1
2025-01-03 03:00:00+00:00,19.221577632778423,50.24388895856656,1015.435483244646,,12.838271958127136,54.84,23.84,target,opensensemap_2,1,1,1,0,1
2025-01-03 04:00:00+00:00,21.329658143050185,49.71072067101948,1015.4789088022262,,15.329949592693142,54.84,23.84,target,opensensemap_2,1,1,1,0,1
2025-01-03 05:00:00+00:00,21.977306792797425,44.19804143099456,1015.5367723900716,,13.531568228644913,54.84,23.84,target,opensensemap_2,1,1,1,0,1
2025-01-03 06:00:00+00:00,21.464542787611865,47.79640277835964,1014.9439537922837,,16.24339041017492,54.84,23.84,target,opensensemap_2,1,1,1,0,1
2025-01-03 07:00:00+00:00,21.271303706761667,47.950434514073066,1014.5846876856764,,13.310691949961118,54.84,23.84,target,opensensemap_2,1,1,1,0,1
2025-01-03 08:00:00+00:00,20.47326360317154,48.1309233600116,1016.2062256832778,,13.676277254025065,54.84,23.84,target,opensensemap_2,1,1,1,0,1
2025-01-03 09:00:00+00:00,19.70636432838626,51.81257035226351,1014.956258857824,,13.773737375612573,54.84,23.84,target,opensensemap_2,1,1,1,0,1
2025-01-03 10:00:00+00:00,18.06379622414761,53.60546989699886,1015.8818463629016,,13.308908657033712,54.84,23.84,target,opensensemap_2,1,1,1,0,1
2025-01-03 11:00:00+00:00,16.109295450483557,56.33357568319608,1015.0804467053932,,9.47563965842705,54.84,23.84,target,opensensemap_2,1,1,1,0,1
2025-01-03 12:00:00+00:00,15.840215717636305,58.714478224367646,1016.2161466967405,,13.548570364969205,54.84,23.84,target,opensensemap_2,1,1,1,0,1
2025-01-03 13:00:00+00:00,12.98546159923292,65.34435660653558,1014.5554585481872,,15.212619083541083,54.84,23.84,target,opensensemap_2,1,1,1,0,1
2025-01-03 14:00:00+00:00,11.5287549983087,67.4560441661557,1014.873399779691,,10.083841363377129,54.84,23.84,target,opensensemap_2,1,1,1,0,1
2025-01-03 15:00:00+00:00,10.65255876945327,70.69795667596819,1015.0998565413872,,13.96666838399034,54.84,23.84,target,opensensemap_2,1,1,1,0,1
2025-01-03 16:00:00+00:00,9.158098278707772,70.67587259221656,1015.4086426670074,,13.417735255359622,54.84,23.84,target,opensensemap_2,1,1,1,0,1
2025-01-03 17:00:00+00:00,8.08927279350283,73.37102570433618,1015.5425442815834,,12.969860617192207,54.84,23.84,target,opensensemap_2,1,1,1,0,1
2025-01-03 18:00:00+00:00,8.152283235475876,71.86288676076272,1015.2421157384856,,11.037332071090326,54.84,23.84,target,opensensemap_2,1,1,1,0,1
2025-01-03 19:00:00+00:00,8.296866905096126,71.25338775071765,1014.837079761221,,18.696616561649265,54.84,23.84,target,opensensemap_2,1,1,1,0,1
2025-01-03 20:00:00+00:00,8.037242218596457,68.55328701616537,1014.6115984426216,,14.427854812708128,54.84,23.84,target,opensensemap_2,1,1,1,0,1
2025-01-03 21:00:00+00:00,10.055082281326762,69.41924962017472,1014.4730464506006,,17.194360692850946,54.84,23.84,target,opensensemap_2,1,1,1,0,1
2025-01-03 22:00:00+00:00,12.210327518932916,68.00066134035212,1013.7331409860482,,15.924745659728371,54.84,23.84,target,opensensemap_2,1,1,1,0,1
2025-01-03 23:00:00+00:00,14.220061080019848,62.51368543179282,1014.2521218286628,,18.28110252297029,54.84,23.84,target,opensensemap_2,1,1,1,0,1
2025-01-04 00:00:00+00:00,14.685160175940588,59.71963872955386,1015.21476080462,,20.3386252719276,54.84,23.84,target,opensensemap_2,1,1,1,0,1
2025-01-04 01:00:00+00:00,17.49294625442862,56.95741299705759,1013.6267995923685,,18.147049143634398,54.84,23.84,target,opensensemap_2,1,1,1,0,1
2025-01-04 02:00:00+00:00,17.779180913436573,54.251150544699136,1014.0923711467972,,14.466572901214118,54.84,23.84,target,opensensemap_2,1,1,1,0,1
2025-01-04 03:00:00+00:00,20.407119415049905,52.628891054729294,1013.6977789441992,,19.96173106343528,54.84,23.84,target,opensensemap_2,1,1,1,0,1
2025-01-04 04:00:00+00:00,21.13909925822394,49.86714297178956,1013.522897700194,,20.677879680423477,54.84,23.84,target,opensensemap_2,1,1,1,0,1
2025-01-04 05:00:00+00:00,21.169304258212232,47.114502555389386,1013.4247231287864,,20.095569217376973,54.84,23.84,target,opensensemap_2,1,1,1,0,1
2025-01-04 06:00:00+00:00,21.827219533577384,46.335430392991725,1013.0924203546012,,21.95500978109132,54.84,23.84,target,opensensemap_2,1,1,1,0,1
2025-01-04 07:00:00+00:00,22.029816433854787,53.50606356928482,1014.0683640378496,,19.338873793372823,54.84,23.84,target,opensensemap_2,1,1,1,0,1
2025-01-04 08:00:00+00:00,20.810155536108297,49.74416773330666,1013.4630522109388,,22.93665216390024,54.84,23.84,target,opensensemap_2,1,1,1,0,1
2025-01-04 09:00:00+00:00,20.15656333575013,52.011464165401456,1012.6868781523884,,23.608206852538437,54.84,23.84,target,opensensemap_2,1,1,1,0,1
2025-01-04 10:00:00+00:00,19.52331032833446,52.79269590249201,1012.8295225688756,,25.07592326478912,54.84,23.84,target,opensensemap_2,1,1,1,0,1
2025-01-04 11:00:00+00:00,16.572370359205053,55.93150622015032,1013.6173271991512,,23.118077615601003,54.84,23.84,target,opensensemap_2,1,1,1,0,1
2025-01-04 12:00:00+00:00,14.879650134911165,63.91792712582364,1012.8972049061656,,22.11779333086422,54.84,23.84,target,opensensemap_2,1,1,1,0,1
2025-01-04 13:00:00+00:00,12.69221615510026,61.75153721634331,1013.2263896123662,,20.026284497570977,54.84,23.84,target,opensensemap_2,1,1,1,0,1
2025-01-04 14:00:00+00:00,11.26314638041365,65.71176768437566,1013.243755748101,,26.472817147804,54.84,23.84,target,opensensemap_2,1,1,1,0,1
2025-01-04 15:00:00+00:00,10.387774616415212,68.94829226803748,1012.9633552836268,,25.861938727863567,54.84,23.84,target,opensensemap_2,1,1,1,0,1
2025-01-04 16:00:00+00:00,8.793192254718114,70.7430837956433,1013.0117059834926,,25.53279725668633,54.84,23.84,target,opensensemap_2,1,1,1,0,1
2025-01-04 17:00:00+00:00,7.98232370183392,73.0778464146205,1012.2559260785304,,23.701787251066275,54.84,23.84,target,opensensemap_2,1,1,1,0,1
2025-01-04 18:00:00+00:00,8.317012710128065,73.06950199408983,1012.0907776003066,,19.15569876313969,54.84,23.84,target,opensensemap_2,1,1,1,0,1
2025-01-04 19:00:00+00:00,7.857850594231425,72.3677312522545,1012.9067248000738,,24.32922248815256,54.84,23.84,target,opensensemap_2,1,1,1,0,1
2025-01-04 20:00:00+00:00,8.636301026620277,71.84276785562979,1013.0191703416862,,19.350289658299264,54.84,23.84,target,opensensemap_2,1,1,1,0,1
2025-01-04 21:00:00+00:00,9.69775139364727,67.85793828845952,1012.1671661797434,,26.298273763478804,54.84,23.84,target,opensensemap_2,1,1,1,0,1
2025-01-04 22:00:00+00:00,11.285697736012546,64.3081643966505,1011.5904771767046,,23.17638624039172,54.84,23.84,target,opensensemap_2,1,1,1,0,1
2025-01-04 23:00:00+00:00,13.957042857375024,63.56717306328251,1011.863313200846,,24.71887323000301,54.84,23.84,target,opensensemap_2,1,1,1,0,1
2025-01-05 00:00:00+00:00,15.112922165810676,59.80665365493661,1012.1552216438326,,25.97026297148208,54.84,23.84,target,opensensemap_2,1,1,1,0,1
2025-01-05 01:00:00+00:00,16.91003798196033,56.46214509218413,1011.0107240200006,,24.906472514888844,54.84,23.84,target,opensensemap_2,1,1,1,0,1
2025-01-05 02:00:00+00:00,18.21351876183231,57.17809006957422,1011.560161030696,,24.379757956224417,54.84,23.84,target,opensensemap_2,1,1,1,0,1
2025-01-05 03:00:00+00:00,19.919370675755843,52.95964308941678,1011.9447670394084,,21.87143503727748,54.84,23.84,target,opensensemap_2,1,1,1,0,1
2025-01-05 04:00:00+00:00,20.521319050783926,48.36836945827012,1011.9006044048268,,25.190277897399167,54.84,23.84,target,opensensemap_2,1,1,1,0,1
2025-01-05 05:00:00+00:00,21.69130593637656,51.07746004463199,1010.1972391756408,,20.033275067942583,54.84,23.84,target,opensensemap_2,1,1,1,0,1
2025-01-05 06:00:00+00:00,21.747777882960648,47.850398449507175,1011.0483451889866,,20.379150581572063,54.84,23.84,target,opensensemap_2,1,1,1,0,1
2025-01-05 07:00:00+00:00,21.751588305107035,49.656384477635896,1011.4228937240164,,18.50585344586691,54.84,23.84,target,opensensemap_2,1,1,1,0,1
2025-01-05 08:00:00+00:00,19.836129571465307,48.57693725480805,1010.975183995597,,20.280922549718337,54.84,23.84,target,opensensemap_2,1,1,1,0,1
2025-01-05 09:00:00+00:00,20.000996227304707,51.26751639291617,1010.210468395896,,22.347037124809507,54.84,23.84,target,opensensemap_2,1,1,1,0,1
2025-01-05 10:00:00+00:00,18.2786982527324,52.623218591692,1010.8591824541802,,18.96283851953733,54.84,23.84,target,opensensemap_2,1,1,1,0,1
2025-01-05 11:00:00+00:00,17.1172671099853,56.31058817192118,1011.0100749346328,,17.93494538299192,54.84,23.84,target,opensensemap_2,1,1,1,0,1
2025-01-05 12:00:00+00:00,14.606957237474628,62.984529844439216,1009.9842697664797,,17.91318211041156,54.84,23.84,target,opensensemap_2,1,1,1,0,1
2025-01-05 13:00:00+00:00,12.988321515959964,63.966661881029815,1010.6203637556048,,16.664854465020912,54.84,23.84,target,opensensemap_2,1,1,1,0,1
2025-01-05 14:00:00+00:00,11.203731890114147,65.90325357328332,1010.170684096945,,15.602465005629888,54.84,23.84,target,opensensemap_2,1,1,1,0,1
2025-01-05 15:00:00+00:00,9.697204986717637,68.20318732014351,1010.714661012721,,15.677676282437751,54.84,23.84,target,opensensemap_2,1,1,1,0,1
2025-01-05 16:00:00+00:00,8.76916415413044,70.9658270507227,1010.980273237962,,16.215703555359767,54.84,23.84,target,opensensemap_2,1,1,1,0,1
2025-01-05 17:00:00+00:00,8.315975581843892,70.12511750091113,1009.5794159181036,,20.05030167137694,54.84,23.84,target,opensensemap_2,1,1,1,0,1
2025-01-05 18:00:00+00:00,7.968900004818405,74.37161934516968,1010.215246913152,,13.87467349756919,54.84,23.84,target,opensensemap_2,1,1,1,0,1
2025-01-05 19:00:00+00:00,8.727520907741937,71.36444622362632,1010.2962484542808,,15.210610385009112,54.84,23.84,target,opensensemap_2,1,1,1,0,1
2025-01-05 20:00:00+00:00,9.709200059198135,68.72988287291426,1010.181032268028,,11.83261284025412,54.84,23.84,target,opensensemap_2,1,1,1,0,1
2025-01-05 21:00:00+00:00,10.478919829146731,69.21646726393347,1010.3303501230212,,15.33749620873372,54.84,23.84,target,opensensemap_2,1,1,1,0,1
2025-01-05 22:00:00+00:00,11.915024671981207,67.67394317000826,1009.5848818152898,,13.943979819564523,54.84,23.84,target,opensensemap_2,1,1,1,0,1
2025-01-05 23:00:00+00:00,13.58562235902164,62.87577285237467,1010.2249878014446,,14.354490729977629,54.84,23.84,target,opensensemap_2,1,1,1,0,1
2025-01-06 00:00:00+00:00,15.176714060382167,61.839713361458514,1010.4627394602444,,12.459857698740558,54.84,23.84,target,opensensemap_2,1,1,1,0,1
2025-01-06 01:00:00+00:00,17.514476678678843,56.9906682756293,1009.68327973433,,17.946641634472794,54.84,23.84,target,opensensemap_2,1,1,1,0,1
2025-01-06 02:00:00+00:00,17.976696518871684,53.829077232284455,1010.697025713646,,14.88430185708168,54.84,23.84,target,opensensemap_2,1,1,1,0,1
2025-01-06 03:00:00+00:00,20.979560651337145,54.11683553961951,1010.1965208549312,,12.697785688425917,54.84,23.84,target,opensensemap_2,1,1,1,0,1
2025-01-06 04:00:00+00:00,21.049215921999995,49.99576874316863,1009.538438203855,,13.778632709284842,54.84,23.84,target,opensensemap_2,1,1,1,0,1
2025-01-06 05:00:00+00:00,21.903908624715136,51.74910528601107,1009.4992603531032,,13.46168447118839,54.84,23.84,target,opensensemap_2,1,1,1,0,1
2025-01-06 06:00:00+00:00,21.458631877579588,47.669107304233954,1009.7291272292008,,11.330935629895595,54.84,23.84,target,opensensemap_2,1,1,1,0,1
2025-01-06 07:00:00+00:00,21.3616353764108,50.091608633059685,1010.01334784362,,11.373261398866047,54.84,23.84,target,opensensemap_2,1,1,1,0,1
2025-01-06 08:00:00+00:00,20.99502598443454,49.60777466695145,1010.8072165663784,,11.21389695692562,54.84,23.84,target,opensensemap_2,1,1,1,0,1
2025-01-06 09:00:00+00:00,19.3258948935304,50.65179190897618,1010.5148705086696,,11.835293883300082,54.84,23.84,target,opensensemap_2,1,1,1,0,1
2025-01-06 10:00:00+00:00,18.91303501421468,53.955771896435486,1010.1485175277336,,14.205361036142993,54.84,23.84,target,opensensemap_2,1,1,1,0,1
2025-01-06 11:00:00+00:00,17.135355735421122,54.92046280907954,1009.8851007789324,,13.707841242428035,54.84,23.84,target,opensensemap_2,1,1,1,0,1
2025-01-06 12:00:00+00:00,13.891880194606832,56.64165997951814,1009.9545525215176,,14.297113674710898,54.84,23.84,target,opensensemap_2,1,1,1,0,1
2025-01-06 13:00:00+00:00,13.0314455248005,62.42825984982872,1010.9353354722208,,15.710463864104929,54.84,23.84,target,opensensemap_2,1,1,1,0,1
2025-01-06 14:00:00+00:00,11.180896739697811,66.72786107549646,1010.004070793021,,18.26715688680481,54.84,23.84,target,opensensemap_2,1,1,1,0,1
2025-01-06 15:00:00+00:00,11.201805754220356,68.10653214769549,1009.2489623065773,,16.273358825669664,54.84,23.84,target,opensensemap_2,1,1,1,0,1
2025-01-06 16:00:00+00:00,9.231304664498872,69.69943900206924,1010.2017376386456,,14.435952974308655,54.84,23.84,target,opensensemap_2,1,1,1,0,1
2025-01-06 17:00:00+00:00,8.61134314892871,72.56322054658229,1009.9682880230756,,15.916244719630065,54.84,23.84,target,opensensemap_2,1,1,1,0,1
2025-01-06 18:00:00+00:00,8.112854874884489,74.55976653530027,1010.0738311106104,,14.63680535803004,54.84,23.84,target,opensensemap_2,1,1,1,0,1
2025-01-06 19:00:00+00:00,8.07306495969688,70.59562830486165,1009.6320274953448,,18.728287184684618,54.84,23.84,target,opensensemap_2,1,1,1,0,1
2025-01-06 20:00:00+00:00,9.00340864011417,69.27809856145178,1010.7205212174767,,17.89547043770534,54.84,23.84,target,opensensemap_2,1,1,1,0,1
2025-01-06 21:00:00+00:00,10.23934508222874,67.20999830128011,1010.5073953267828,,15.350835166867329,54.84,23.84,target,opensensemap_2,1,1,1,0,1
2025-01-06 22:00:00+00:00,11.200693975936074,63.79745291431742,1010.7644875667004,,15.863212061310348,54.84,23.84,target,opensensemap_2,1,1,1,0,1
2025-01-06 23:00:00+00:00,13.200896745460335,62.08828581375887,1010.0186010758345,,17.664856442883107,54.84,23.84,target,opensensemap_2,1,1,1,0,1
2025-01-07 00:00:00+00:00,14.635015862577715,59.44109277890708,1011.1275618025968,,19.852824445003584,54.84,23.84,target,opensensemap_2,1,1,1,0,1
2025-01-07 01:00:00+00:00,16.073129831169584,55.29173487016237,1010.441867527936,,18.9257302404732,54.84,23.84,target,opensensemap_2,1,1,1,0,1
2025-01-07 02:00:00+00:00,18.859880471798892,52.52704134719901,1010.5956169228674,,18.807784525440457,54.84,23.84,target,opensensemap_2,1,1,1,0,1
2025-01-07 03:00:00+00:00,19.930196140023472,52.67744615431544,1011.4016186550648,,20.29802653640449,54.84,23.84,target,opensensemap_2,1,1,1,0,1
2025-01-07 04:00:00+00:00,20.911392417411264,48.465743266025534,1011.2465964252892,,17.444447659092738,54.84,23.84,target,opensensemap_2,1,1,1,0,1
2025-01-07 05:00:00+00:00,23.54191744437625,48.06434567405088,1010.2570015956518,,20.457019874366303,54.84,23.84,target,opensensemap_2,1,1,1,0,1
2025-01-07 06:00:00+00:00,22.425661542972723,46.27933214424869,1010.946960907016,,20.000041036497414,54.84,23.84,target,opensensemap_2,1,1,1,0,1
2025-01-07 07:00:00+00:00,20.68749735585043,51.31306562150074,1011.57089237898,,20.11188520574982,54.84,23.84,target,opensensemap_2,1,1,1,0,1
2025-01-07 08:00:00+00:00,20.478390147529428,50.94877007814211,1011.084281206022,,21.301415280452307,54.84,23.84,target,opensensemap_2,1,1,1,0,1
2025-01-07 09:00:00+00:00,20.136596852766463,53.250329222444186,1011.2044392045055,,17.82775296428338,54.84,23.84,target,opensensemap_2,1,1,1,0,1
2025-01-07 10:00:00+00:00,18.76028166461493,53.028326318456,1011.7444029941267,,18.46520788055637,54.84,23.84,target,opensensemap_2,1,1,1,0,1
2025-01-07 11:00:00+00:00,16.04109889138412,54.50161645363501,1011.5856017716716,,20.550269738396786,54.84,23.84,target,opensensemap_2,1,1,1,0,1
2025-01-07 12:00:00+00:00,14.870973569976602,60.34724877189013,1011.9732356742554,,22.902521677001,54.84,23.84,target,opensensemap_2,1,1,1,0,1
2025-01-07 13:00:00+00:00,12.66582289925786,62.39234717620848,1011.5378174784902,,21.91580280407807,54.84,23.84,target,opensensemap_2,1,1,1,0,1
2025-01-07 14:00:00+00:00,12.26684749596748,67.81729193839868,1012.1861212210353,,19.66787798081534,54.84,23.84,target,opensensemap_2,1,1,1,0,1
2025-01-07 15:00:00+00:00,9.90363624962612,67.56386830933982,1012.6000507313358,,22.317871735682772,54.84,23.84,target,opensensemap_2,1,1,1,0,1
2025-01-07 16:00:00+00:00,9.358894806987175,70.37166453394865,1011.380862714278,,21.692324076972827,54.84,23.84,target,opensensemap_2,1,1,1,0,1
2025-01-07 17:00:00+00:00,8.83711466742891,71.6388127368536,1012.6318478348074,,24.831623868742728,54.84,23.84,target,opensensemap_2,1,1,1,0,1
2025-01-07 18:00:00+00:00,8.536958528840527,72.52522320743688,1012.9536484686508,,23.035382204036367,54.84,23.84,target,opensensemap_2,1,1,1,0,1
2025-01-07 19:00:00+00:00,9.011023246207742,71.8440392340085,1013.0437393727548,,23.04411350796444,54.84,23.84,target,opensensemap_2,1,1,1,0,1
2025-01-07 20:00:00+00:00,8.53864641718283,69.91188679968897,1013.247786180036,,22.937539320498768,54.84,23.84,target,opensensemap_2,1,1,1,0,1
2025-01-07 21:00:00+00:00,9.756542081926272,70.1461016160807,1013.2621971779328,,26.230166762842167,54.84,23.84,target,opensensemap_2,1,1,1,0,1
2025-01-07 22:00:00+00:00,11.602573225932227,65.3097006290517,1012.5077567222178,,23.00067547125207,54.84,23.84,target,opensensemap_2,1,1,1,0,1
2025-01-07 23:00:00+00:00,12.610794670475103,60.10711379000176,1012.945171745738,,25.701201021481005,54.84,23.84,target,opensensemap_2,1,1,1,0,1
2025-01-08 00:00:00+00:00,15.315605473823098,60.79239510415464,1012.4619663065891,,25.640588420588543,54.84,23.84,target,opensensemap_2,1,1,1,0,1
2025-01-08 01:00:00+00:00,17.65657967285234,54.60555893644983,1013.6707114731072,,22.19512552593433,54.84,23.84,target,opensensemap_2,1,1,1,0,1
2025-01-08 02:00:00+00:00,17.81454459283826,54.29135947122279,1013.6923629748328,,18.13389810635189,54.84,23.84,target,opensensemap_2,1,1,1,0,1
2025-01-08 03:00:00+00:00,19.512371076155667,55.53747616646064,1013.7128236618352,,21.48437220621254,54.84,23.84,target,opensensemap_2,1,1,1,0,1
2025-01-08 04:00:00+00:00,20.83849879181569,49.83281208804932,1012.870090119663,,23.211618772752644,54.84,23.84,target,opensensemap_2,1,1,1,0,1
2025-01-08 05:00:00+00:00,21.403177314789797,47.28498639405336,1013.564399949372,,21.14039762437844,54.84,23.84,target,opensensemap_2,1,1,1,0,1
2025-01-08 06:00:00+00:00,21.310477405619896,49.02593575135938,1014.0267247797888,,23.494302962773567,54.84,23.84,target,opensensemap_2,1,1,1,0,1
2025-01-08 07:00:00+00:00,21.54795413614783,48.29458215490417,1014.6653020319152,,19.54338517744658,54.84,23.84,target,opensensemap_2,1,1,1,0,1
2025-01-08 08:00:00+00:00,21.141806559650632,50.66819697232893,1013.6263991505756,,22.92041375181972,54.84,23.84,target,opensensemap_2,1,1,1,0,1
2025-01-08 09:00:00+00:00,20.312333802613622,50.19650978439552,1014.380798421154,,21.13482130153455,54.84,23.84,target,opensensemap_2,1,1,1,0,1
2025-01-08 10:00:00+00:00,19.337312282967527,53.779862496901664,1013.9382566992564,,18.97464695566562,54.84,23.84,target,opensensemap_2,1,1,1,0,1
2025-01-08 11:00:00+00:00,16.348133056464402,54.094906641974525,1014.3259526088242,,21.0879869427087,54.84,23.84,target,opensensemap_2,1,1,1,0,1
2025-01-08 12:00:00+00:00,14.684490620717158,61.04404326440387,1014.7874083787954,,18.44437968027926,54.84,23.84,target,opensensemap_2,1,1,1,0,1
2025-01-08 13:00:00+00:00,13.15023492413876,62.661381170620345,1014.876253286284,,15.060584344559508,54.84,23.84,target,opensensemap_2,1,1,1,0,1
2025-01-08 14:00:00+00:00,11.568770993441149,64.31953426544769,1014.4946743453912,,16.541553678244778,54.84,23.84,target,opensensemap_2,1,1,1,0,1
2025-01-08 15:00:00+00:00,9.83746230305164,68.65172361810373,1015.2883304371964,,15.240325613369412,54.84,23.84,target,opensensemap_2,1,1,1,0,1
2025-01-08 16:00:00+00:00,9.063086923126772,69.96871629538782,1014.31817199815,,16.820812588612995,54.84,23.84,target,opensensemap_2,1,1,1,0,1
2025-01-08 17:00:00+00:00,9.481279401946468,73.84953978618034,1015.0347731874076,,15.97803804480266,54.84,23.84,target,opensensemap_2,1,1,1,0,1
2025-01-08 18:00:00+00:00,8.216382967487732,70.98829472433803,1014.7458513294916,,15.343151309692873,54.84,23.84,target,opensensemap_2,1,1,1,0,1
2025-01-08 19:00:00+00:00,8.474487933350547,70.4798740809877,1014.9777867846436,,16.73205497723265,54.84,23.84,target,opensensemap_2,1,1,1,0,1
2025-01-08 20:00:00+00:00,9.753328956712648,69.80010695578925,1014.5165401102398,,14.927683555081746,54.84,23.84,target,opensensemap_2,1,1,1,0,1
2025-01-08 21:00:00+00:00,9.80628935024603,70.6297776363908,1015.3676418644422,,15.234143327547212,54.84,23.84,target,opensensemap_2,1,1,1,0,1
2025-01-08 22:00:00+00:00,11.510606544793038,66.25840245989725,1015.532039510168,,13.738536005645454,54.84,23.84,target,opensensemap_2,1,1,1,0,1
2025-01-08 23:00:00+00:00,13.719464794601794,62.2560633971843,1015.8586415763478,,16.553425916713472,54.84,23.84,target,opensensemap_2,1,1,1,0,1
2025-01-09 00:00:00+00:00,14.742822395839411,58.80037272965176,1014.9364283868222,,14.87095665698783,54.84,23.84,target,opensensemap_2,1,1,1,0,1
2025-01-09 01:00:00+00:00,17.358251544791507,57.42997418911308,1014.9223348078104,,15.023680402435827,54.84,23.84,target,opensensemap_2,1,1,1,0,1
2025-01-09 02:00:00+00:00,18.831725522074738,53.21187509469831,1015.4293709420982,,16.025791696758276,54.84,23.84,target,opensensemap_2,1,1,1,0,1
2025-01-09 03:00:00+00:00,20.932993763682827,52.49332795388267,1015.5560740510564,,12.7860626401696,54.84,23.84,target,opensensemap_2,1,1,1,0,1
2025-01-09 04:00:00+00:00,20.67367907544825,48.97684948379233,1016.2388210502068,,12.609146994912448,54.84,23.84,target,opensensemap_2,1,1,1,0,1
2025-01-09 05:00:00+00:00,21.661357897255765,48.98538667446847,1015.6292754508294,,11.966923603574935,54.84,23.84,target,opensensemap_2,1,1,1,0,1
2025-01-09 06:00:00+00:00,22.082998845809108,49.9971349031837,1015.9489586818386,,12.06990442261936,54.84,23.84,target,opensensemap_2,1,1,1,0,1
2025-01-09 07:00:00+00:00,21.530883702519905,48.47826183140322,1016.239372137808,,13.670297393478997,54.84,23.84,target,opensensemap_2,1,1,1,0,1
2025-01-09 08:00:00+00:00,21.11101839734866,49.6760111456762,1015.8435427905551,,13.75654900197162,54.84,23.84,target,opensensemap_2,1,1,1,0,1
2025-01-09 09:00:00+00:00,19.34669229341697,52.65832634742945,1016.0249816646378,,11.931151357117106,54.84,23.84,target,opensensemap_2,1,1,1,0,1
2025-01-09 10:00:00+00:00,18.131592149848007,53.89993370460897,1016.3480974487428,,13.88581766648208,54.84,23.84,target,opensensemap_2,1,1,1,0,1
2025-01-09 11:00:00+00:00,17.151655382972653,57.43759299977792,1015.911654712877,,16.73638166614529,54.84,23.84,target,opensensemap_2,1,1,1,0,1
2025-01-09 12:00:00+00:00,15.272689539634746,60.75702420764764,1014.97832548796,,13.59652223325722,54.84,23.84,target,opensensemap_2,1,1,1,0,1
2025-01-09 13:00:00+00:00,12.881051531593968,60.48473284565185,1016.9235565086748,,13.599486470018,54.84,23.84,target,opensensemap_2,1,1,1,0,1
2025-01-09 14:00:00+00:00,12.101501206082686,64.32012096392721,1016.01383362631,,13.09345288603024,54.84,23.84,target,opensensemap_2,1,1,1,0,1
2025-01-09 15:00:00+00:00,9.855759375811068,67.57266096415553,1015.7833090175355,,14.85656190344132,54.84,23.84,target,opensensemap_2,1,1,1,0,1
2025-01-09 16:00:00+00:00,8.413596574887515,69.68039019672196,1015.6020174129228,,16.446359147507923,54.84,23.84,target,opensensemap_2,1,1,1,0,1
2025-01-09 17:00:00+00:00,7.35179261048852,73.7372215692607,1015.5382549534112,,16.585757572645793,54.84,23.84,target,opensensemap_2,1,1,1,0,1
2025-01-09 18:00:00+00:00,7.760138709383781,74.11348885402231,1015.8871527031748,,15.441833832645152,54.84,23.84,target,opensensemap_2,1,1,1,0,1
2025-01-09 19:00:00+00:00,8.145857541123712,72.26186392799353,1016.2792693316616,,13.744738294497672,54.84,23.84,target,opensensemap_2,1,1,1,0,1
2025-01-09 20:00:00+00:00,8.664047779924996,69.84495685260757,1015.7478015077955,,17.10993770389261,54.84,23.84,target,opensensemap_2,1,1,1,0,1
2025-01-09 21:00:00+00:00,10.795916117428776,68.5360205192597,1016.359628002724,,15.126357625278338,54.84,23.84,target,opensensemap_2,1,1,1,0,1
2025-01-09 22:00:00+00:00,11.42629723124474,67.67646540620606,1016.6653567477488,,18.382187192666382,54.84,23.84,target,opensensemap_2,1,1,1,0,1
2025-01-09 23:00:00+00:00,13.872381025468334,62.20612307102408,1015.1029655086204,,19.17955815325652,54.84,23.84,target,opensensemap_2,1,1,1,0,1
2025-01-10 00:00:00+00:00,14.44215408662842,61.47933699376348,1016.56743609468,,17.4882857762503,54.84,23.84,target,opensensemap_2,1,1,1,0,1
2025-01-10 01:00:00+00:00,16.77439892843608,56.57312377461143,1015.047943365352,,17.4431907578063,54.84,23.84,target,opensensemap_2,1,1,1,0,1
2025-01-10 02:00:00+00:00,18.430116596440303,54.819650619786565,1014.9711679094604,,17.359897908150536,54.84,23.84,target,opensensemap_2,1,1,1,0,1
2025-01-10 03:00:00+00:00,19.988700173186345,51.67537334672053,1016.6125461255164,,17.872338914382876,54.84,23.84,target,opensensemap_2,1,1,1,0,1
2025-01-10 04:00:00+00:00,21.380310042827247,50.96888533485904,1015.4990301549316,,23.71640961540878,54.84,23.84,target,opensensemap_2,1,1,1,0,1
2025-01-10 05:00:00+00:00,22.658188085557917,50.08097972428443,1016.2775589750216,,19.06064399037269,54.84,23.84,target,opensensemap_2,1,1,1,0,1
2025-01-10 06:00:00+00:00,22.213723220164045,50.318300093251295,1016.5058830247192,,19.21591207737326,54.84,23.84,target,opensensemap_2,1,1,1,0,1
2025-01-10 07:00:00+00:00,21.577746752576054,47.81926803182881,1015.7544260806384,,21.93749158886993,54.84,23.84,target,opensensemap_2,1,1,1,0,1
2025-01-10 08:00:00+00:00,20.932883377122984,48.56559687277924,1015.6181938284038,,23.966944969915872,54.84,23.84,target,opensensemap_2,1,1,1,0,1
2025-01-10 09:00:00+00:00,19.983703535197986,50.093912479037954,1015.9163260911912,,20.064905696902542,54.84,23.84,target,opensensemap_2,1,1,1,0,1
2025-01-10 10:00:00+00:00,17.243773147670478,52.81729445205078,1015.8129777358436,,20.84747061065396,54.84,23.84,target,opensensemap_2,1,1,1,0,1
2025-01-10 11:00:00+00:00,16.305040860889672,56.96990473799496,1013.5855732896728,,19.60974235021729,54.84,23.84,target,opensensemap_2,1,1,1,0,1
2025-01-10 12:00:00+00:00,15.494137188336191,60.125141054974286,1014.8352153077416,,22.47032481822452,54.84,23.84,target,opensensemap_2,1,1,1,0,1
2025-01-10 13:00:00+00:00,12.483001221057757,61.48046460104071,1014.9267902454854,,22.19054684423994,54.84,23.84,target,opensensemap_2,1,1,1,0,1
2025-01-10 14:00:00+00:00,11.242691862008856,66.4695918709485,1015.072000358299,,24.678211100943862,54.84,23.84,target,opensensemap_2,1,1,1,0,1
2025-01-10 15:00:00+00:00,10.037768807275969,69.71321371603808,1014.9316753265248,,19.65737207695463,54.84,23.84,target,opensensemap_2,1,1,1,0,1
2025-01-10 16:00:00+00:00,9.182632901634358,70.12580032555043,1014.958519136832,,22.780797378190915,54.84,23.84,target,opensensemap_2,1,1,1,0,1
2025-01-10 17:00:00+00:00,8.370214109812393,71.5843732832005,1016.0674547056744,,22.18303327670545,54.84,23.84,target,opensensemap_2,1,1,1,0,1
2025-01-10 18:00:00+00:00,8.55000810892853,73.03640153460007,1015.2303779365686,,22.36508400273137,54.84,23.84,target,opensensemap_2,1,1,1,0,1
2025-01-10 19:00:00+00:00,8.054122521407155,71.70578668073482,1015.5678553131564,,24.2075877801084,54.84,23.84,target,opensensemap_2,1,1,1,0,1
2025-01-10 20:00:00+00:00,9.006701472971733,70.56164239416297,1014.879884716562,,21.615368359029016,54.84,23.84,target,opensensemap_2,1,1,1,0,1
2025-01-10 21:00:00+00:00,10.02141716794164,70.58657402562274,1014.210324407516,,20.26930335116037,54.84,23.84,target,opensensemap_2,1,1,1,0,1
2025-01-10 22:00:00+00:00,11.14311610161027,65.69472661320665,1015.0402110294536,,22.995516062868205,54.84,23.84,target,opensensemap_2,1,1,1,0,1
2025-01-10 23:00:00+00:00,12.537111399575709,63.762223330941694,1014.4861246784644,,21.524405315172288,54.84,23.84,target,opensensemap_2,1,1,1,0,1
2025-01-11 00:00:00+00:00,14.593554678541931,60.29765922286104,1014.3563170558052,,24.316852166447298,54.84,23.84,target,opensensemap_2,1,1,1,0,1
2025-01-11 01:00:00+00:00,16.516053447205703,55.07659311886263,1013.6823742101624,,22.79376813433261,54.84,23.84,target,opensensemap_2,1,1,1,0,1
2025-01-11 02:00:00+00:00,18.26847811329128,53.11493381735809,1014.3065149109572,,20.695486898929914,54.84,23.84,target,opensensemap_2,1,1,1,0,1
2025-01-11 03:00:00+00:00,20.0578885072534,53.68760790080301,1013.7251520937924,,20.1824949648014,54.84,23.84,target,opensensemap_2,1,1,1,0,1
2025-01-11 04:00:00+00:00,21.67071133179381,48.515634288705776,1014.0349475465864,,20.57741244013058,54.84,23.84,target,opensensemap_2,1,1,1,0,1
2025-01-11 05:00:00+00:00,22.46703619264767,47.43672526297997,1013.1506940079868,,22.00830303434426,54.84,23.84,target,opensensemap_2,1,1,1,0,1
2025-01-11 06:00:00+00:00,22.122913482658287,49.1502110905646,1013.87072649683,,23.63314320156412,54.84,23.84,target,opensensemap_2,1,1,1,0,1
2025-01-11 07:00:00+00:00,21.42605187050516,48.70711470945166,1012.9317315597144,,20.767375722071183,54.84,23.84,target,opensensemap_2,1,1,1,0,1
2025-01-11 08:00:00+00:00,21.32348246801936,49.84632119065,1012.8313774569688,,18.895374684762228,54.84,23.84,target,opensensemap_2,1,1,1,0,1
2025-01-11 09:00:00+00:00,21.00165043235653,51.165711896399664,1012.6819056396578,,21.328305002199446,54.84,23.84,target,opensensemap_2,1,1,1,0,1
2025-01-11 10:00:00+00:00,18.83064021511602,54.0384214640402,1012.4082054618362,,22.17938990187337,54.84,23.84,target,opensensemap_2,1,1,1,0,1
2025-01-11 11:00:00+00:00,16.47141544978826,55.89260713025319,1013.3049314870032,,16.511958997169867,54.84,23.84,target,opensensemap_2,1,1,1,0,1
2025-01-11 12:00:00+00:00,15.662479766750147,56.94390556973906,1012.645747567312,,23.2151178261916,54.84,23.84,target,opensensemap_2,1,1,1,0,1
2025-01-11 13:00:00+00:00,12.332186452605866,64.23900803469586,1012.9440974812452,,16.89365739014734,54.84,23.84,target,opensensemap_2,1,1,1,0,1
2025-01-11 14:00:00+00:00,11.473139914396793,66.15189983585289,1013.463580526782,,17.89793238856337,54.84,23.84,target,opensensemap_2,1,1,1,0,1
2025-01-11 15:00:00+00:00,9.7275641973062,68.27226286183854,1013.2873050092784,,14.797175035428197,54.84,23.84,target,opensensemap_2,1,1,1,0,1
2025-01-11 16:00:00+00:00,9.609753268534696,71.54632953321618,1012.9022337433106,,15.522233539694994,54.84,23.84,target,opensensemap_2,1,1,1,0,1
2025-01-11 17:00:00+00:00,9.074474157089584,70.73788440874942,1012.6123463365484,,14.400092220571118,54.84,23.84,target,opensensemap_2,1,1,1,0,1
2025-01-11 18:00:00+00:00,7.348537987993208,68.11176323775764,1012.6137776616778,,13.411134460982804,54.84,23.84,target,opensensemap_2,1,1,1,0,1
2025-01-11 19:00:00+00:00,8.146713740691482,71.95009499538288,1012.1255108221104,,17.427401050915122,54.84,23.84,target,opensensemap_2,1,1,1,0,1
2025-01-11 20:00:00+00:00,8.371736809943702,70.05225090998172,1012.3032364280344,,15.299379682092807,54.84,23.84,target,opensensemap_2,1,1,1,0,1
2025-01-11 21:00:00+00:00,9.943963742437358,65.8566852021728,1011.5705456172884,,16.941954762750214,54.84,23.84,target,opensensemap_2,1,1,1,0,1
2025-01-11 22:00:00+00:00,11.547542659253168,64.50736478747343,1011.411957186499,,16.69163040970662,54.84,23.84,target,opensensemap_2,1,1,1,0,1
2025-01-11 23:00:00+00:00,12.741623224294155,63.99944493015384,1011.8629445485576,,13.122228306848433,54.84,23.84,target,opensensemap_2,1,1,1,0,1
2025-01-12 00:00:00+00:00,15.310623848233927,62.09703618266579,1011.7954735499576,,14.177338473117551,54.84,23.84,target,opensensemap_2,1,1,1,0,1
2025-01-12 01:00:00+00:00,17.501585482309345,57.102154370523856,1012.2109568743026,,15.271003400463927,54.84,23.84,target,opensensemap_2,1,1,1,0,1
2025-01-12 02:00:00+00:00,18.54343410377708,54.29699388893575,1011.8454268639542,,16.94969991975832,54.84,23.84,target,opensensemap_2,1,1,1,0,1
2025-01-12 03:00:00+00:00,19.940448604406583,54.299476890777655,1011.6251913561564,,9.59814990406743,54.84,23.84,target,opensensemap_2,1,1,1,0,1
2025-01-12 04:00:00+00:00,21.61269013371519,48.74613388590111,1010.8640819359692,,13.09237402138024,54.84,23.84,target,opensensemap_2,1,1,1,0,1
2025-01-12 05:00:00+00:00,21.97385372441144,48.63009769659599,1011.5747302294128,,10.869047676921989,54.84,23.84,target,opensensemap_2,1,1,1,0,1
2025-01-12 06:00:00+00:00,21.76699887224172,47.30931550276206,1010.82768995408,,13.628575778366548,54.84,23.84,target,opensensemap_2,1,1,1,0,1
2025-01-12 07:00:00+00:00,21.323836571286293,48.39865425252624,1010.7042471053144,,13.232728969524528,54.84,23.84,target,opensensemap_2,1,1,1,0,1
2025-01-12 08:00:00+00:00,20.78957202152254,49.56467243742563,1010.123065936894,,12.07453133681447,54.84,23.84,target,opensensemap_2,1,1,1,0,1
2025-01-12 09:00:00+00:00,19.70312457449496,53.472454283987766,1010.2814925095568,,12.068229378680346,54.84,23.84,target,opensensemap_2,1,1,1,0,1
2025-01-12 10:00:00+00:00,18.730202108768115,51.85178804367704,1010.1630904757033,,13.258317959437036,54.84,23.84,target,opensensemap_2,1,1,1,0,1
2025-01-12 11:00:00+00:00,16.58790854802948,57.634718826933735,1010.7721370471588,,16.53129757540585,54.84,23.84,target,opensensemap_2,1,1,1,0,1
2025-01-12 12:00:00+00:00,16.11800765615965,58.71315799383798,1010.5616104915016,,13.711399055205536,54.84,23.84,target,opensensemap_2,1,1,1,0,1
2025-01-12 13:00:00+00:00,12.84808650971322,62.30268037244196,1010.6137337130708,,14.11753387071343,54.84,23.84,target,opensensemap_2,1,1,1,0,1
2025-01-12 14:00:00+00:00,10.52585699198628,63.7930008413096,1010.4971815939962,,15.627879315436116,54.84,23.84,target,opensensemap_2,1,1,1,0,1
2025-01-12 15:00:00+00:00,11.237566769746856,66.80560494408685,1010.6722505263368,,12.50499103247796,54.84,23.84,target,opensensemap_2,1,1,1,0,1
2025-01-12 16:00:00+00:00,9.342759561991762,70.12972559751807,1010.2723193184704,,15.957155021539082,54.84,23.84,target,opensensemap_2,1,1,1,0,1
2025-01-12 17:00:00+00:00,7.767335251383642,71.50996947154842,1009.7090152867044,,16.007662137845752,54.84,23.84,target,opensensemap_2,1,1,1,0,1
2025-01-12 18:00:00+00:00,7.871700713674537,69.66772983117136,1009.5273505406184,,15.11715380261894,54.84,23.84,target,opensensemap_2,1,1,1,0,1
2025-01-12 19:00:00+00:00,8.352411279939728,70.10996367342983,1009.8519496415856,,12.603151050370863,54.84,23.84,target,opensensemap_2,1,1,1,0,1
2025-01-12 20:00:00+00:00,9.919764402441452,70.721178357513,1010.6987275773826,,13.35434732771499,54.84,23.84,target,opensensemap_2,1,1,1,0,1
2025-01-12 21:00:00+00:00,9.864175794299555,70.38844905545652,1010.198905248104,,17.09789608757396,54.84,23.84,target,opensensemap_2,1,1,1,0,1
2025-01-12 22:00:00+00:00,11.688987239551246,63.88181408344944,1010.1233970513516,,18.16903755812911,54.84,23.84,target,opensensemap_2,1,1,1,0,1
2025-01-12 23:00:00+00:00,12.990135314755266,60.42032553420896,1009.6199739820274,,18.914648787119862,54.84,23.84,target,opensensemap_2,1,1,1,0,1
2025-01-13 00:00:00+00:00,14.79272441315964,59.02532054485732,1009.9774335488696,,16.180389322291838,54.84,23.84,target,opensensemap_2,1,1,1,0,1
2025-01-13 01:00:00+00:00,16.53543764779663,59.601828450662026,1010.238382297489,,18.686325480190053,54.84,23.84,target,opensensemap_2,1,1,1,0,1
2025-01-13 02:00:00+00:00,18.867396023832008,52.93271331587248,1009.971098483697,,22.633799111488816,54.84,23.84,target,opensensemap_2,1,1,1,0,1
2025-01-13 03:00:00+00:00,19.45629584071672,50.87696954544997,1010.7385736169026,,21.2906012531104,54.84,23.84,target,opensensemap_2,1,1,1,0,1
2025-01-13 04:00:00+00:00,21.01275858389173,49.46457494560286,1010.513260385174,,21.29844855194357,54.84,23.84,target,opensensemap_2,1,1,1,0,1
2025-01-13 05:00:00+00:00,21.22200042670903,49.16030865700512,1010.0146145558627,,18.05859351210819,54.84,23.84,target,opensensemap_2,1,1,1,0,1
2025-01-13 06:00:00+00:00,22.312913109950813,47.91113263394122,1009.7463399532638,,15.153220237025458,54.84,23.84,target,opensensemap_2,1,1,1,0,1
2025-01-13 07:00:00+00:00,22.11222631724372,45.96487161028527,1009.7541883873716,,22.882032993069835,54.84,23.84,target,opensensemap_2,1,1,1,0,1
2025-01-13 08:00:00+00:00,21.11344556729554,49.64711648322365,1010.3591278904204,,21.65044864243101,54.84,23.84,target,opensensemap_2,1,1,1,0,1
2025-01-13 09:00:00+00:00,19.647980828443757,50.9191927469882,1011.0925278200208,,18.22239529894918,54.84,23.84,target,opensensemap_2,1,1,1,0,1
2025-01-13 10:00:00+00:00,18.28143179361776,53.79176729390832,1010.77899143362,,20.44702041021741,54.84,23.84,target,opensensemap_2,1,1,1,0,1
2025-01-13 11:00:00+00:00,16.9953687114462,55.24718305307849,1010.4432682555604,,24.088299938068783,54.84,23.84,target,opensensemap_2,1,1,1,0,1
2025-01-13 12:00:00+00:00,14.726363478719822,60.940552211048086,1010.4008407196984,,18.08863275462908,54.84,23.84,target,opensensemap_2,1,1,1,0,1
2025-01-13 13:00:00+00:00,12.98464412002255,63.68357644118149,1009.0552907405817,,20.61248550023008,54.84,23.84,target,opensensemap_2,1,1,1,0,1
2025-01-13 14:00:00+00:00,11.74422497738188,64.96636328717774,1009.4268626002088,,23.4877233727881,54.84,23.84,target,opensensemap_2,1,1,1,0,1
2025-01-13 15:00:00+00:00,9.960225356868955,70.22942515308438,1010.2738265142632,,22.097297220140856,54.84,23.84,target,opensensemap_2,1,1,1,0,1
2025-01-13 16:00:00+00:00,8.699868431278787,72.99166479471754,1009.8160200689356,,24.884864768150933,54.84,23.84,target,opensensemap_2,1,1,1,0,1
2025-01-13 17:00:00+00:00,8.92042011921714,70.58198656409705,1009.8201127005714,,23.856077219101408,54.84,23.84,target,opensensemap_2,1,1,1,0,1
2025-01-13 18:00:00+00:00,8.465622405368329,71.91446805644858,1010.1419558584694,,23.03541113312452,54.84,23.84,target,opensensemap_2,1,1,1,0,1
2025-01-13 19:00:00+00:00,8.23744563643977,71.74580767190662,1009.9648436607196,,21.56622344364953,54.84,23.84,target,opensensemap_2,1,1,1,0,1
2025-01-13 20:00:00+00:00,8.910110255549137,70.63727456378722,1010.1343054784888,,21.966512038851956,54.84,23.84,target,opensensemap_2,1,1,1,0,1
2025-01-13 21:00:00+00:00,9.71440780753819,65.8492649842891,1010.3178724151936,,21.078024597361733,54.84,23.84,target,opensensemap_2,1,1,1,0,1
2025-01-13 22:00:00+00:00,11.236541806585944,67.95800223410768,1011.0578324675972,,20.71450950800886,54.84,23.84,target,opensensemap_2,1,1,1,0,1
2025-01-13 23:00:00+00:00,13.21521095767696,63.21610923866962,1010.0507331504796,,23.35130835432274,54.84,23.84,target,opensensemap_2,1,1,1,0,1
2025-01-14 00:00:00+00:00,15.27677544044152,62.23745411472488,1010.5749961100188,,18.6918707359702,54.84,23.84,target,opensensemap_2,1,1,1,0,1
2025-01-14 01:00:00+00:00,16.45964709067936,57.96441106421092,1010.8371152102588,,21.00655809387246,54.84,23.84,target,opensensemap_2,1,1,1,0,1
2025-01-14 02:00:00+00:00,17.75936622166484,51.07002981722189,1010.4166425887776,,20.7612118206989,54.84,23.84,target,opensensemap_2,1,1,1,0,1
2025-01-14 03:00:00+00:00,20.0588775428097,50.21654942627548,1011.3229904103036,,18.53707723304729,54.84,23.84,target,opensensemap_2,1,1,1,0,1
2025-01-14 04:00:00+00:00,21.30186541425969,48.56319308253602,1010.9749264490785,,19.51047288318255,54.84,23.84,target,opensensemap_2,1,1,1,0,1
2025-01-14 05:00:00+00:00,21.74412526423184,46.93584389445074,1010.4915219237604,,19.152944371385587,54.84,23.84,target,opensensemap_2,1,1,1,0,1
2025-01-14 06:00:00+00:00,22.43054059156989,49.45725154442314,1011.1286380634144,,23.506949709151424,54.84,23.84,target,opensensemap_2,1,1,1,0,1
2025-01-14 07:00:00+00:00,22.260424383697057,50.22302056289238,1010.3844595321232,,19.19697306470539,54.84,23.84,target,opensensemap_2,1,1,1,0,1
2025-01-14 08:00:00+00:00,21.59358622349643,49.425550731175214,1010.664882508028,,22.24550256716104,54.84,23.84,target,opensensemap_2,1,1,1,0,1
2025-01-14 09:00:00+00:00,20.78006419024892,53.964464640165566,1011.2838195227334,,21.842705651496285,54.84,23.84,target,opensensemap_2,1,1,1,0,1
2025-01-14 10:00:00+00:00,18.497656029945205,52.96009633605498,1011.154531602032,,23.27800673296157,54.84,23.84,target,opensensemap_2,1,1,1,0,1
2025-01-14 11:00:00+00:00,17.6534112941974,54.15377403836396,1012.565736115186,,20.82503266681557,54.84,23.84,target,opensensemap_2,1,1,1,0,1
2025-01-14 12:00:00+00:00,15.60829109437845,61.28949841693957,1011.3254604663372,,14.095295686811596,54.84,23.84,target,opensensemap_2,1,1,1,0,1
2025-01-14 13:00:00+00:00,12.36442847435694,63.35492981049914,1012.0091806229702,,17.624817299963603,54.84,23.84,target,opensensemap_2,1,1,1,0,1
2025-01-14 14:00:00+00:00,11.721136009271316,64.94310659154529,1011.8343239018244,,14.444806513476603,54.84,23.84,target,opensensemap_2,1,1,1,0,1
2025-01-14 15:00:00+00:00,10.448526890394309,68.06856473125634,1012.191515417795,,17.67148300243977,54.84,23.84,target,opensensemap_2,1,1,1,0,1
2025-01-14 16:00:00+00:00,8.956111102445934,70.8066782079712,1011.38463649998,,15.076668586897672,54.84,23.84,target,opensensemap_2,1,1,1,0,1
2025-01-14 17:00:00+00:00,8.574565172496522,72.35412683698566,1012.675899183592,,13.981660625394014,54.84,23.84,target,opensensemap_2,1,1,1,0,1
2025-01-14 18:00:00+00:00,8.279127206504148,70.12304872314273,1012.6957881518446,,16.95100847186358,54.84,23.84,target,opensensemap_2,1,1,1,0,1
2025-01-14 19:00:00+00:00,8.632551937327552,73.35306497895183,1013.469056369196,,16.427826573360818,54.84,23.84,target,opensensemap_2,1,1,1,0,1
2025-01-14 20:00:00+00:00,8.444210570806264,72.12336501931904,1013.1627483251268,,16.88591440407652,54.84,23.84,target,opensensemap_2,1,1,1,0,1
2025-01-14 21:00:00+00:00,10.504221088055631,67.66854575931319,1012.8308627890428,,14.221546610584996,54.84,23.84,target,opensensemap_2,1,1,1,0,1
2025-01-14 22:00:00+00:00,10.939562007449108,65.38653001192246,1013.4290063407852,,14.309289159354584,54.84,23.84,target,opensensemap_2,1,1,1,0,1
2025-01-14 23:00:00+00:00,12.38312986364374,60.79094821396573,1013.2064095376188,,13.34942951557522,54.84,23.84,target,opensensemap_2,1,1,1,0,1
2025-01-15 00:00:00+00:00,15.348210525510035,59.358109658336765,1013.2329608851398,,16.921200050947046,54.84,23.84,target,opensensemap_2,1,1,1,0,1
2025-01-15 01:00:00+00:00,16.477883770806258,57.406550527213085,1014.0747695829808,,13.36193324473785,54.84,23.84,target,opensensemap_2,1,1,1,0,1
2025-01-15 02:00:00+00:00,18.096844621081352,53.40358893624661,1012.9385743264256,,13.447454042318617,54.84,23.84,target,opensensemap_2,1,1,1,0,1
2025-01-15 03:00:00+00:00,20.19429854743043,49.99350290186601,1013.3045453151474,,10.294631083196876,54.84,23.84,target,opensensemap_2,1,1,1,0,1
2025-01-15 04:00:00+00:00,21.00094087324492,49.94994988276892,1013.2709742334176,,11.414854349528948,54.84,23.84,target,opensensemap_2,1,1,1,0,1
2025-01-15 05:00:00+00:00,21.630935876117366,48.662921426256766,1013.894546370704,,12.36462329891524,54.84,23.84,target,opensensemap_2,1,1,1,0,1
2025-01-15 06:00:00+00:00,21.847350426552325,48.78729799752736,1013.3754693399444,,12.544495456296731,54.84,23.84,target,opensensemap_2,1,1,1,0,1
2025-01-15 07:00:00+00:00,21.49502726706841,47.208337997815576,1014.2912828886627,,11.699582222199483,54.84,23.84,target,opensensemap_2,1,1,1,0,1
2025-01-15 08:00:00+00:00,21.039108954036443,49.92496619583502,1013.5702082685572,,14.298576471711632,54.84,23.84,target,opensensemap_2,1,1,1,0,1
2025-01-15 09:00:00+00:00,20.183830490161213,52.70668741438256,1014.225993542978,,14.958621924826442,54.84,23.84,target,opensensemap_2,1,1,1,0,1
2025-01-15 10:00:00+00:00,19.259957755253225,51.31381232141343,1014.6400693002472,,16.33522953088039,54.84,23.84,target,opensensemap_2,1,1,1,0,1
2025-01-15 11:00:00+00:00,16.88667633020042,58.48606998355709,1014.0075175238125,,15.69084031779203,54.84,23.84,target,opensensemap_2,1,1,1,0,1
2025-01-15 12:00:00+00:00,14.58417466122877,59.32138660387295,1014.4950542282604,,14.053594776263015,54.84,23.84,target,opensensemap_2,1,1,1,0,1
2025-01-15 13:00:00+00:00,13.19272416480726,60.50130376230019,1013.7759055744488,,12.61180696722596,54.84,23.84,target,opensensemap_2,1,1,1,0,1
2025-01-15 14:00:00+00:00,11.04653873305985,67.18793007965066,1013.8512990576666,,14.67486637548033,54.84,23.84,target,opensensemap_2,1,1,1,0,1
2025-01-15 15:00:00+00:00,9.516646243068005,67.58576482433216,1013.9604158572948,,12.526859897105,54.84,23.84,target,opensensemap_2,1,1,1,0,1
2025-01-15 16:00:00+00:00,8.631659048916223,72.61019157447933,1014.8326028351256,,11.59033319152917,54.84,23.84,target,opensensemap_2,1,1,1,0,1
2025-01-15 17:00:00+00:00,7.708293189699334,71.29116640300997,1014.6609465398184,,15.905406181798874,54.84,23.84,target,opensensemap_2,1,1,1,0,1
2025-01-15 18:00:00+00:00,8.437017635855312,71.48351853982716,1014.2970176292852,,13.313544419839689,54.84,23.84,target,opensensemap_2,1,1,1,0,1
2025-01-15 19:00:00+00:00,8.344893551165798,73.09788368165304,1014.5060665679132,,14.71521689749934,54.84,23.84,target,opensensemap_2,1,1,1,0,1
2025-01-15 20:00:00+00:00,9.083712732454796,70.7879669779293,1014.585949898278,,18.611837366906528,54.84,23.84,target,opensensemap_2,1,1,1,0,1
2025-01-15 21:00:00+00:00,10.580375226336862,71.36035557213211,1014.8899814928768,,16.66861953446329,54.84,23.84,target,opensensemap_2,1,1,1,0,1
2025-01-15 22:00:00+00:00,10.719253916586691,66.18187288597248,1014.9004237896964,,17.042042702999524,54.84,23.84,target,opensensemap_2,1,1,1,0,1
2025-01-15 23:00:00+00:00,13.43634391143298,62.999620681358486,1015.806445145643,,18.72154376678028,54.84,23.84,target,opensensemap_2,1,1,1,0,1
2025-01-01 00:00:00+00:00,14.587099986412907,59.22297393658171,1012.759072588292,,17.5797530172524,54.86,23.86,target,opensensemap_3,1,1,1,0,1
2025-01-01 01:00:00+00:00,18.003870704748287,57.811502250814414,1012.775466759914,,17.785668988509915,54.86,23.86,target,opensensemap_3,1,1,1,0,1
2025-01-01 02:00:00+00:00,18.87592804895384,53.78674060051736,1012.5037170849894,,22.518638150853263,54.86,23.86,target,opensensemap_3,1,1,1,0,1
2025-01-01 03:00:00+00:00,20.168297492711744,50.7227193484114,1013.0692574696208,,18.497094287697,54.86,23.86,target,opensensemap_3,1,1,1,0,1
2025-01-01 04:00:00+00:00,21.244493772378707,49.371939760253895,1013.71645220451,,21.66136303507889,54.86,23.86,target,opensensemap_3,1,1,1,0,1
2025-01-01 05:00:00+00:00,21.03095284516527,50.62105798714537,1014.1596020685256,,21.57832408647846,54.86,23.86,target,opensensemap_3,1,1,1,0,1
2025-01-01 06:00:00+00:00,22.42210398892049,49.36792194552165,1014.405610077776,,17.5173958897554,54.86,23.86,target,opensensemap_3,1,1,1,0,1
2025-01-01 07:00:00+00:00,21.280337884138408,45.91930389742306,1014.5512221199692,,20.38053096828726,54.86,23.86,target,opensensemap_3,1,1,1,0,1
2025-01-01 08:00:00+00:00,21.548796973877256,49.98008455563729,1013.479395263663,,20.75277196068994,54.86,23.86,target,opensensemap_3,1,1,1,0,1
2025-01-01 09:00:00+00:00,19.985052998695437,51.42675419228611,1014.049379655803,,23.11503221066812,54.86,23.86,target,opensensemap_3,1,1,1,0,1
2025-01-01 10:00:00+00:00,18.633610243429203,54.853317177366094,1014.451490861431,,23.867420967892077,54.86,23.86,target,opensensemap_3,1,1,1,0,1
2025-01-01 11:00:00+00:00,17.612264073493854,54.93697423621989,1014.2170870190104,,23.63765274548148,54.86,23.86,target,opensensemap_3,1,1,1,0,1
2025-01-01 12:00:00+00:00,14.72614519077645,58.6276568530197,1014.402985795776,,24.98336908379233,54.86,23.86,target,opensensemap_3,1,1,1,0,1
2025-01-01 13:00:00+00:00,14.11359792147743,59.7158529244234,1013.7875025439704,,21.42475642024976,54.86,23.86,target,opensensemap_3,1,1,1,0,1
2025-01-01 14:00:00+00:00,11.822429074560864,65.9376022865064,1014.383975248564,,22.84073554780483,54.86,23.86,target,opensensemap_3,1,1,1,0,1
2025-01-01 15:00:00+00:00,10.05788708668203,70.79728525985985,1014.6112325691556,,25.71546897648841,54.86,23.86,target,opensensemap_3,1,1,1,0,1
2025-01-01 16:00:00+00:00,8.238829514331458,71.48909222447548,1014.549988112031,,22.86358047747845,54.86,23.86,target,opensensemap_3,1,1,1,0,1
2025-01-01 17:00:00+00:00,8.993568748378346,69.51530433384906,1015.212217042424,,20.64025842068541,54.86,23.86,target,opensensemap_3,1,1,1,0,1
2025-01-01 18:00:00+00:00,9.000525318329583,71.52078115515992,1015.14337184996,,25.42573471159397,54.86,23.86,target,opensensemap_3,1,1,1,0,1
2025-01-01 19:00:00+00:00,8.32457939630126,71.71444037426542,1014.243448158486,,27.0898173365602,54.86,23.86,target,opensensemap_3,1,1,1,0,1
2025-01-01 20:00:00+00:00,9.03278545572003,70.18452478958197,1015.3505896626588,,26.24030215832972,54.86,23.86,target,opensensemap_3,1,1,1,0,1
2025-01-01 21:00:00+00:00,9.957022502340696,69.86411152134366,1015.1225169723988,,24.548366619143557,54.86,23.86,target,opensensemap_3,1,1,1,0,1
2025-01-01 22:00:00+00:00,10.950400637627776,68.1988901864554,1015.4343963250066,,24.136300901768173,54.86,23.86,target,opensensemap_3,1,1,1,0,1
2025-01-01 23:00:00+00:00,13.847956763536466,63.177341528081385,1015.6510001420888,,23.18181487305062,54.86,23.86,target,opensensemap_3,1,1,1,0,1
2025-01-02 00:00:00+00:00,14.248097126272349,61.72627556861732,1015.14123163382,,18.23988025267319,54.86,23.86,target,opensensemap_3,1,1,1,0,1
2025-01-02 01:00:00+00:00,16.77529545871681,58.90708173939672,1015.942323095952,,19.320354647321597,54.86,23.86,target,opensensemap_3,1,1,1,0,1
2025-01-02 02:00:00+00:00,18.62629676635619,55.64888558242803,1015.8518056514172,,22.575002361722625,54.86,23.86,target,opensensemap_3,1,1,1,0,1
2025-01-02 03:00:00+00:00,19.02099937542515,52.76565805348247,1015.519041315688,,24.50812866941392,54.86,23.86,target,opensensemap_3,1,1,1,0,1
2025-01-02 04:00:00+00:00,21.22518076964721,51.56325581022305,1015.9615069647214,,19.00126256639537,54.86,23.86,target,opensensemap_3,1,1,1,0,1
2025-01-02 05:00:00+00:00,22.50675833620645,48.59440652370921,1014.7613921554552,,21.740400302019943,54.86,23.86,target,opensensemap_3,1,1,1,0,1
2025-01-02 06:00:00+00:00,21.762567713943472,49.38635821148197,1016.0760147473496,,19.914359343704923,54.86,23.86,target,opensensemap_3,1,1,1,0,1
2025-01-02 07:00:00+00:00,22.020325306856897,48.68648877261381,1016.444224026758,,21.408977166388645,54.86,23.86,target,opensensemap_3,1,1,1,0,1
2025-01-02 08:00:00+00:00,20.65343079142073,48.48201939750988,1014.8711671118872,,17.567444077655395,54.86,23.86,target,opensensemap_3,1,1,1,0,1
2025-01-02 09:00:00+00:00,20.631150911525207,50.381405192705294,1015.9892606603576,,23.282779827139738,54.86,23.86,target,opensensemap_3,1,1,1,0,1
2025-01-02 10:00:00+00:00,17.963467878560277,53.30512757078523,1016.5347709529766,,18.359136466777496,54.86,23.86,target,opensensemap_3,1,1,1,0,1
2025-01-02 11:00:00+00:00,17.20908908917193,56.45419252843641,1015.6307986157444,,16.297709352236218,54.86,23.86,target,opensensemap_3,1,1,1,0,1
2025-01-02 12:00:00+00:00,15.28730020947607,58.42563504370254,1015.9122516829758,,18.138815806341235,54.86,23.86,target,opensensemap_3,1,1,1,0,1
2025-01-02 13:00:00+00:00,13.20966996736009,62.25460720099149,1015.902660230514,,19.374150885043647,54.86,23.86,target,opensensemap_3,1,1,1,0,1
2025-01-02 14:00:00+00:00,11.058512154395922,64.64067748191553,1015.2211519930004,,16.865332707160068,54.86,23.86,target,opensensemap_3,1,1,1,0,1
2025-01-02 15:00:00+00:00,9.879921404808073,68.99211895038752,1016.3765869813748,,16.152430199540984,54.86,23.86,target,opensensemap_3,1,1,1,0,1
2025-01-02 16:00:00+00:00,9.20458916347289,71.03983597401088,1015.8263950121608,,19.854732625928115,54.86,23.86,target,opensensemap_3,1,1,1,0,1
2025-01-02 17:00:00+00:00,8.181118758069431,68.93402345703883,1016.43262694164,,16.81995212572857,54.86,23.86,target,opensensemap_3,1,1,1,0,1
2025-01-02 18:00:00+00:00,8.477206201293848,72.75227805330894,1016.3990153232558,,11.773274621312014,54.86,23.86,target,opensensemap_3,1,1,1,0,1
2025-01-02 19:00:00+00:00,8.551015314182171,72.07021240219076,1016.617621390554,,10.566053653953253,54.86,23.86,target,opensensemap_3,1,1,1,0,1
2025-01-02 20:00:00+00:00,8.804292513818062,71.28762344336154,1015.6909012131084,,18.00422687183943,54.86,23.86,target,opensensemap_3,1,1,1,0,1
2025-01-02 21:00:00+00:00,9.916945835421425,67.05808073499676,1015.800099070832,,13.402563928298427,54.86,23.86,target,opensensemap_3,1,1,1,0,1
2025-01-02 22:00:00+00:00,10.354579032851358,64.31864460589136,1015.347756013774,,14.49013240035172,54.86,23.86,target,opensensemap_3,1,1,1,0,1
2025-01-02 23:00:00+00:00,14.09277265826774,61.83983048694228,1015.74662321235,,13.704480395933478,54.86,23.86,target,opensensemap_3,1,1,1,0,1
2025-01-03 00:00:00+00:00,15.479558761089171,59.289496014037205,1016.7633649786618,,11.000627899100078,54.86,23.86,target,opensensemap_3,1,1,1,0,1
2025-01-03 01:00:00+00:00,16.878026944082947,55.1241193725074,1015.4657613989503,,13.837635130460905,54.86,23.86,target,opensensemap_3,1,1,1,0,1
2025-01-03 02:00:00+00:00,19.0550821321102,53.18836241453568,1015.9376929888456,,14.237602466127822,54.86,23.86,target,opensensemap_3,1,1,1,0,1
2025-01-03 03:00:00+00:00,20.143486876676995,51.52818286752325,1015.8515496188786,,13.546334976048808,54.86,23.86,target,opensensemap_3,1,1,1,0,1
2025-01-03 04:00:00+00:00,20.87401184943208,48.33904190004569,1015.9378959087984,,14.187341314205892,54.86,23.86,target,opensensemap_3,1,1,1,0,1
2025-01-03 05:00:00+00:00,21.658507489617968,47.44045046295424,1016.516309362245,,13.09460810158194,54.86,23.86,target,opensensemap_3,1,1,1,0,1
2025-01-03 06:00:00+00:00,22.06789693172701,48.96872494427265,1015.4050642511478,,8.283502849830228,54.86,23.86,target,opensensemap_3,1,1,1,0,1
2025-01-03 07:00:00+00:00,21.83351851859395,50.6678471797354,1015.5902993899532,,10.396438205178807,54.86,23.86,target,opensensemap_3,1,1,1,0,1
2025-01-03 08:00:00+00:00,20.6644058225818,47.705625283066304,1015.5479112756276,,13.517357391932306,54.86,23.86,target,opensensemap_3,1,1,1,0,1
2025-01-03 09:00:00+00:00,20.10848352581733,53.657375426774514,1016.5860833363432,,11.467711229820036,54.86,23.86,target,opensensemap_3,1,1,1,0,1
2025-01-03 10:00:00+00:00,18.903342630545875,52.38582447699646,1015.15889748395,,15.82199140205594,54.86,23.86,target,opensensemap_3,1,1,1,0,1
2025-01-03 11:00:00+00:00,17.93530824235819,56.15929123050628,1015.2778051485,,14.396650826466963,54.86,23.86,target,opensensemap_3,1,1,1,0,1
2025-01-03 12:00:00+00:00,15.104782850018612,60.6653000559356,1014.7784899852982,,13.12010256099288,54.86,23.86,target,opensensemap_3,1,1,1,0,1
2025-01-03 13:00:00+00:00,13.697107837073869,62.32823456039701,1014.7324590301098,,15.750199714883824,54.86,23.86,target,opensensemap_3,1,1,1,0,1
2025-01-03 14:00:00+00:00,12.242244100924577,62.72767061048332,1014.764781121075,,16.042746222300167,54.86,23.86,target,opensensemap_3,1,1,1,0,1
2025-01-03 15:00:00+00:00,9.630568212413571,68.87142194618903,1015.2686542540748,,15.085722303849677,54.86,23.86,target,opensensemap_3,1,1,1,0,1
2025-01-03 16:00:00+00:00,8.856036015848558,69.99575890476555,1015.9134228793162,,12.865060877889794,54.86,23.86,target,opensensemap_3,1,1,1,0,1
2025-01-03 17:00:00+00:00,8.744187670631625,75.78933902555,1015.4149984244636,,18.656239725572917,54.86,23.86,target,opensensemap_3,1,1,1,0,1
2025-01-03 18:00:00+00:00,8.238015782664919,69.5285051886144,1014.9615056660108,,15.869153269619542,54.86,23.86,target,opensensemap_3,1,1,1,0,1
2025-01-03 19:00:00+00:00,9.079082594610794,72.36261056929456,1015.0948287439144,,15.97125900572366,54.86,23.86,target,opensensemap_3,1,1,1,0,1
2025-01-03 20:00:00+00:00,8.954672425466097,71.40978660967892,1014.8535997805028,,14.380857408635002,54.86,23.86,target,opensensemap_3,1,1,1,0,1
2025-01-03 21:00:00+00:00,10.478282086926468,67.98725457227232,1015.041238503653,,15.851048703821563,54.86,23.86,target,opensensemap_3,1,1,1,0,1
2025-01-03 22:00:00+00:00,10.812334809791937,67.33574284979863,1013.6561159821102,,18.690367711837844,54.86,23.86,target,opensensemap_3,1,1,1,0,1
2025-01-03 23:00:00+00:00,12.716079693655542,60.84472756235516,1014.688633348573,,17.663216974355766,54.86,23.86,target,opensensemap_3,1,1,1,0,1
2025-01-04 00:00:00+00:00,14.568698718257588,61.18834380777914,1012.6606118191974,,16.66391782028112,54.86,23.86,target,opensensemap_3,1,1,1,0,1
2025-01-04 01:00:00+00:00,16.415561510117662,56.99683244864949,1013.8225498372182,,19.991646169762223,54.86,23.86,target,opensensemap_3,1,1,1,0,1
2025-01-04 02:00:00+00:00,18.6834621884643,53.54257350341889,1014.5249790943049,,19.914219633170383,54.86,23.86,target,opensensemap_3,1,1,1,0,1
2025-01-04 03:00:00+00:00,19.757614867883103,51.760601129821154,1013.8673592841088,,23.36907260605404,54.86,23.86,target,opensensemap_3,1,1,1,0,1
2025-01-04 04:00:00+00:00,20.528045449871332,51.56739309921572,1013.924337887742,,18.336942637105523,54.86,23.86,target,opensensemap_3,1,1,1,0,1
2025-01-04 05:00:00+00:00,21.815174812383905,46.72431300915094,1014.1485110306772,,18.234775525016904,54.86,23.86,target,opensensemap_3,1,1,1,0,1
2025-01-04 06:00:00+00:00,21.82296578778611,48.65615534043021,1013.8411631205726,,19.61056013012877,54.86,23.86,target,opensensemap_3,1,1,1,0,1
2025-01-04 07:00:00+00:00,21.889380167539816,50.28496520104398,1013.6616471684954,,21.42572823054448,54.86,23.86,target,opensensemap_3,1,1,1,0,1
2025-01-04 08:00:00+00:00,20.376784061861176,51.06066150498192,1012.9898755450592,,20.56005704303008,54.86,23.86,target,opensensemap_3,1,1,1,0,1
2025-01-04 09:00:00+00:00,20.17503672200804,53.14288622710234,1013.949845942603,,20.89354926951367,54.86,23.86,target,opensensemap_3,1,1,1,0,1
2025-01-04 10:00:00+00:00,18.74835512904246,52.9797664529622,1014.1349528961656,,22.49638882087737,54.86,23.86,target,opensensemap_3,1,1,1,0,1
2025-01-04 11:00:00+00:00,16.57794415218298,54.30328251650536,1013.6633523510624,,23.7664921920304,54.86,23.86,target,opensensemap_3,1,1,1,0,1
2025-01-04 12:00:00+00:00,14.277276974684115,60.57571133495196,1012.8629342339628,,23.894251874233916,54.86,23.86,target,opensensemap_3,1,1,1,0,1
2025-01-04 13:00:00+00:00,12.91882452992694,59.26276980679971,1013.3623643138192,,20.37837580009124,54.86,23.86,target,opensensemap_3,1,1,1,0,1
2025-01-04 14:00:00+00:00,11.277668756788104,65.62669884284803,1011.8387533952714,,20.954370537227664,54.86,23.86,target,opensensemap_3,1,1,1,0,1
2025-01-04 15:00:00+00:00,9.651206185836378,68.98158715315047,1012.1461334066214,,26.208140291000937,54.86,23.86,target,opensensemap_3,1,1,1,0,1
2025-01-04 16:00:00+00:00,8.771443889007704,70.23407665354972,1012.659934018542,,19.11007015439548,54.86,23.86,target,opensensemap_3,1,1,1,0,1
2025-01-04 17:00:00+00:00,8.58729913393659,71.77901554776834,1012.809917670193,,25.885512990623763,54.86,23.86,target,opensensemap_3,1,1,1,0,1
2025-01-04 18:00:00+00:00,7.407662844284489,72.60335168746738,1012.5307642103428,,23.92511505127819,54.86,23.86,target,opensensemap_3,1,1,1,0,1
2025-01-04 19:00:00+00:00,8.197640336052203,71.34474075720846,1011.6748973726905,,22.487336549989948,54.86,23.86,target,opensensemap_3,1,1,1,0,1
2025-01-04 20:00:00+00:00,9.225791991730809,71.00358208364754,1012.7817898051776,,22.23215922496393,54.86,23.86,target,opensensemap_3,1,1,1,0,1
2025-01-04 21:00:00+00:00,10.53437121828601,70.04350247791722,1011.9951440906708,,22.807447490826103,54.86,23.86,target,opensensemap_3,1,1,1,0,1
2025-01-04 22:00:00+00:00,11.073554359796432,65.5251558407973,1011.089433470575,,24.05608769970316,54.86,23.86,target,opensensemap_3,1,1,1,0,1
2025-01-04 23:00:00+00:00,13.267562091915345,60.96996174830009,1013.3026399902192,,21.97764190109033,54.86,23.86,target,opensensemap_3,1,1,1,0,1
2025-01-05 00:00:00+00:00,14.61506576749977,60.57805477040847,1012.0649000128772,,23.231092671390503,54.86,23.86,target,opensensemap_3,1,1,1,0,1
2025-01-05 01:00:00+00:00,15.753511635551924,58.09064685210622,1010.4459485464796,,26.299776069851347,54.86,23.86,target,opensensemap_3,1,1,1,0,1
2025-01-05 02:00:00+00:00,18.714448325242486,55.808101575446194,1011.7200175066316,,26.848302405222185,54.86,23.86,target,opensensemap_3,1,1,1,0,1
2025-01-05 03:00:00+00:00,19.976066867355343,51.07191150708053,1012.0122160847498,,20.61115677930193,54.86,23.86,target,opensensemap_3,1,1,1,0,1
2025-01-05 04:00:00+00:00,21.87903237780649,50.99260648369295,1011.5957226619925,,20.96591403353749,54.86,23.86,target,opensensemap_3,1,1,1,0,1
2025-01-05 05:00:00+00:00,21.592362867348545,46.70788917104387,1011.1664060552564,,21.749623909576005,54.86,23.86,target,opensensemap_3,1,1,1,0,1
2025-01-05 06:00:00+00:00,21.970955989332968,49.790322302913,1010.605769404848,,22.38387340761391,54.86,23.86,target,opensensemap_3,1,1,1,0,1
2025-01-05 07:00:00+00:00,21.658306408198754,49.46950751584668,1010.723780121797,,24.03088046859824,54.86,23.86,target,opensensemap_3,1,1,1,0,1
2025-01-05 08:00:00+00:00,20.566902810491744,51.75527484436724,1011.0942419623484,,22.3437047907091,54.86,23.86,target,opensensemap_3,1,1,1,0,1
2025-01-05 09:00:00+00:00,19.63707855791092,47.21776769569189,1011.24248988529,,18.58843307068106,54.86,23.86,target,opensensemap_3,1,1,1,0,1
2025-01-05 10:00:00+00:00,18.46223752172248,57.332864006905815,1010.7657973643396,,20.72291853271651,54.86,23.86,target,opensensemap_3,1,1,1,0,1
2025-01-05 11:00:00+00:00,16.845927680593032,59.83515936870639,1009.8351432705448,,19.26961909206036,54.86,23.86,target,opensensemap_3,1,1,1,0,1
2025-01-05 12:00:00+00:00,14.958538760228796,60.10737339343715,1009.9605010095088,,16.36102995811911,54.86,23.86,target,opensensemap_3,1,1,1,0,1
2025-01-05 13:00:00+00:00,12.890755141385702,64.08656113040043,1011.0382448646454,,18.118408355074923,54.86,23.86,target,opensensemap_3,1,1,1,0,1
2025-01-05 14:00:00+00:00,11.867839221133956,64.57331995093857,1011.1096346768632,,14.547761247066482,54.86,23.86,target,opensensemap_3,1,1,1,0,1
2025-01-05 15:00:00+00:00,10.649546707864005,70.368264324066,1010.73689324671,,16.043311668304796,54.86,23.86,target,opensensemap_3,1,1,1,0,1
2025-01-05 16:00:00+00:00,8.43692575195352,71.06733969829129,1010.5789365921996,,15.733924489138344,54.86,23.86,target,opensensemap_3,1,1,1,0,1
2025-01-05 17:00:00+00:00,8.293877458400114,67.86564565411535,1011.254123383828,,15.11677900603238,54.86,23.86,target,opensensemap_3,1,1,1,0,1
2025-01-05 18:00:00+00:00,7.512913013524941,72.18229396221348,1010.67754998403,,14.965972548346375,54.86,23.86,target,opensensemap_3,1,1,1,0,1
2025-01-05 19:00:00+00:00,7.610551399364542,74.26977824202666,1009.6738064964668,,17.694587712739743,54.86,23.86,target,opensensemap_3,1,1,1,0,1
2025-01-05 20:00:00+00:00,9.39863486108709,69.97000949932448,1009.4718459657038,,13.470698622193938,54.86,23.86,target,opensensemap_3,1,1,1,0,1
2025-01-05 21:00:00+00:00,9.890336368065691,69.88133707536912,1010.1684656888036,,10.835013159815178,54.86,23.86,target,opensensemap_3,1,1,1,0,1
2025-01-05 22:00:00+00:00,11.566510181643098,67.84345996227401,1009.9756412372632,,11.49460466419846,54.86,23.86,target,opensensemap_3,1,1,1,0,1
2025-01-05 23:00:00+00:00,12.788195726717628,62.25336048382693,1009.9638340710712,,14.657977623833826,54.86,23.86,target,opensensemap_3,1,1,1,0,1
2025-01-06 00:00:00+00:00,16.00178042518183,60.28386275750391,1010.545308522121,,10.266905343294916,54.86,23.86,target,opensensemap_3,1,1,1,0,1
2025-01-06 01:00:00+00:00,17.533004245172542,54.12760975710577,1010.2474087438836,,13.5391519799629,54.86,23.86,target,opensensemap_3,1,1,1,0,1
2025-01-06 02:00:00+00:00,17.62912176699633,52.712783478223386,1010.312946576292,,12.442200073752604,54.86,23.86,target,opensensemap_3,1,1,1,0,1
2025-01-06 03:00:00+00:00,19.933035910454823,52.48727654302396,1009.7795096849268,,13.546771595567645,54.86,23.86,target,opensensemap_3,1,1,1,0,1
2025-01-06 04:00:00+00:00,20.98829098594368,48.57689826861803,1009.9903355319206,,16.4314997808592,54.86,23.86,target,opensensemap_3,1,1,1,0,1
2025-01-06 05:00:00+00:00,21.427953866223184,48.66641456517655,1009.9665070066412,,11.672520797343555,54.86,23.86,target,opensensemap_3,1,1,1,0,1
2025-01-06 06:00:00+00:00,22.047199902177308,45.504474899265,1010.8120681250232,,13.671437853517322,54.86,23.86,target,opensensemap_3,1,1,1,0,1
2025-01-06 07:00:00+00:00,21.89351601872181,47.5015331607825,1009.9412316740076,,12.492339422119803,54.86,23.86,target,opensensemap_3,1,1,1,0,1
2025-01-06 08:00:00+00:00,20.509956724907383,48.5845729043918,1009.5231969795165,,11.78623600849288,54.86,23.86,target,opensensemap_3,1,1,1,0,1
2025-01-06 09:00:00+00:00,19.22615156170606,50.72423517052513,1010.6291578003304,,11.956472491888638,54.86,23.86,target,opensensemap_3,1,1,1,0,1
2025-01-06 10:00:00+00:00,18.29868508028571,54.32747111286106,1009.1443946596382,,13.530942765082091,54.86,23.86,target,opensensemap_3,1,1,1,0,1
2025-01-06 11:00:00+00:00,17.086527974709863,55.798242517630335,1010.284273360272,,11.982941229810711,54.86,23.86,target,opensensemap_3,1,1,1,0,1
2025-01-06 12:00:00+00:00,15.129274706964637,58.96404533989543,1009.5534092429848,,16.51175366703765,54.86,23.86,target,opensensemap_3,1,1,1,0,1
2025-01-06 13:00:00+00:00,12.67331920587846,61.87258603904005,1009.7772718362664,,14.741931572995544,54.86,23.86,target,opensensemap_3,1,1,1,0,1
2025-01-06 14:00:00+00:00,10.554816510966385,65.77473194458612,1009.5620698268706,,14.322380703747704,54.86,23.86,target,opensensemap_3,1,1,1,0,1
2025-01-06 15:00:00+00:00,10.235675047803063,68.54652266192188,1010.59877933977,,14.344053776715876,54.86,23.86,target,opensensemap_3,1,1,1,0,1
2025-01-06 16:00:00+00:00,9.079005832419844,69.81836759455855,1010.4058007765008,,15.454446531667712,54.86,23.86,target,opensensemap_3,1,1,1,0,1
2025-01-06 17:00:00+00:00,8.926927813045248,73.57955809334365,1010.3347463273178,,12.96687730894664,54.86,23.86,target,opensensemap_3,1,1,1,0,1
2025-01-06 18:00:00+00:00,7.196287676146429,71.34123956740422,1010.08951042682,,18.467278388936,54.86,23.86,target,opensensemap_3,1,1,1,0,1
2025-01-06 19:00:00+00:00,7.221559623385028,68.51185953095298,1010.261094840647,,18.660858021737717,54.86,23.86,target,opensensemap_3,1,1,1,0,1
2025-01-06 20:00:00+00:00,8.705074471016758,71.55223975934261,1009.915708308208,,13.111929874507942,54.86,23.86,target,opensensemap_3,1,1,1,0,1
2025-01-06 21:00:00+00:00,10.064356838579048,66.6664066238097,1012.2401337261512,,16.59685479048963,54.86,23.86,target,opensensemap_3,1,1,1,0,1
2025-01-06 22:00:00+00:00,10.614872075021433,67.5920786903039,1011.098343972184,,15.75479797521636,54.86,23.86,target,opensensemap_3,1,1,1,0,1
2025-01-06 23:00:00+00:00,13.266901070871404,63.55397452131364,1010.6253771682132,,15.760179223476523,54.86,23.86,target,opensensemap_3,1,1,1,0,1
2025-01-07 00:00:00+00:00,14.998411020803944,61.21506025539868,1010.7447300209784,,21.56440289488268,54.86,23.86,target,opensensemap_3,1,1,1,0,1
2025-01-07 01:00:00+00:00,16.362797788937083,54.19605277674346,1011.1562108127432,,16.26511943600477,54.86,23.86,target,opensensemap_3,1,1,1,0,1
2025-01-07 02:00:00+00:00,18.84719891064377,52.58786101198405,1010.611118999154,,15.430227367275906,54.86,23.86,target,opensensemap_3,1,1,1,0,1
2025-01-07 03:00:00+00:00,20.894473599238683,48.17149887351924,1010.8589652148926,,16.314515487793905,54.86,23.86,target,opensensemap_3,1,1,1,0,1
2025-01-07 04:00:00+00:00,21.15241725718053,50.27928239850911,1010.5708715439388,,20.57523203036773,54.86,23.86,target,opensensemap_3,1,1,1,0,1
2025-01-07 05:00:00+00:00,22.43921559734667,47.31376576039543,1011.3254527594696,,21.400685320110817,54.86,23.86,target,opensensemap_3,1,1,1,0,1
2025-01-07 06:00:00+00:00,22.84650167418855,47.70922464396824,1011.3806638022132,,22.602515546809943,54.86,23.86,target,opensensemap_3,1,1,1,0,1
2025-01-07 07:00:00+00:00,22.31996257916889,47.31377519051498,1011.5096313256896,,21.97927100731314,54.86,23.86,target,opensensemap_3,1,1,1,0,1
2025-01-07 08:00:00+00:00,21.065083151667945,51.5913193655902,1011.5880086510958,,19.98556227211416,54.86,23.86,target,opensensemap_3,1,1,1,0,1
2025-01-07 09:00:00+00:00,20.479526342163044,50.88900931032403,1011.1359407579178,,24.104055663058837,54.86,23.86,target,opensensemap_3,1,1,1,0,1
2025-01-07 10:00:00+00:00,19.17007407268223,54.12550753421072,1011.4834989183996,,23.01250136893513,54.86,23.86,target,opensensemap_3,1,1,1,0,1
2025-01-07 11:00:00+00:00,16.635631147926215,57.14275344247621,1012.3286424657524,,21.733622993675795,54.86,23.86,target,opensensemap_3,1,1,1,0,1
2025-01-07 12:00:00+00:00,15.45311841534271,60.008154416907146,1011.3388996139346,,24.634692501116056,54.86,23.86,target,opensensemap_3,1,1,1,0,1
2025-01-07 13:00:00+00:00,13.635936356889186,63.922785421040224,1011.370964648279,,22.66250703529664,54.86,23.86,target,opensensemap_3,1,1,1,0,1
2025-01-07 14:00:00+00:00,11.733385936576411,62.19066622339029,1012.3659961336912,,20.96157473050286,54.86,23.86,target,opensensemap_3,1,1,1,0,1
2025-01-07 15:00:00+00:00,10.019415694108082,67.15215729421956,1011.9818606993716,,22.390500133057657,54.86,23.86,target,opensensemap_3,1,1,1,0,1
2025-01-07 16:00:00+00:00,7.974117311743171,71.4798634700242,1012.8227328226708,,23.41132107998333,54.86,23.86,target,opensensemap_3,1,1,1,0,1
2025-01-07 17:00:00+00:00,8.263084155291597,70.979752876318,1012.3333949340796,,21.83913374300428,54.86,23.86,target,opensensemap_3,1,1,1,0,1
2025-01-07 18:00:00+00:00,8.047828198560875,73.63077095302363,1012.1535852156686,,22.266150893713014,54.86,23.86,target,opensensemap_3,1,1,1,0,1
2025-01-07 19:00:00+00:00,8.246099270230165,71.52558490006048,1013.174741409802,,24.70433799533124,54.86,23.86,target,opensensemap_3,1,1,1,0,1
2025-01-07 20:00:00+00:00,9.670880299989689,71.02595737990848,1011.8077104296976,,23.952758014650847,54.86,23.86,target,opensensemap_3,1,1,1,0,1
2025-01-07 21:00:00+00:00,9.663601307949472,68.61661497561256,1011.5846940009346,,22.939186600705195,54.86,23.86,target,opensensemap_3,1,1,1,0,1
2025-01-07 22:00:00+00:00,12.142863033639715,65.11752591338657,1012.7863435217324,,24.19095322101223,54.86,23.86,target,opensensemap_3,1,1,1,0,1
2025-01-07 23:00:00+00:00,12.93572332328968,59.96628067455624,1012.8799893728002,,21.109281197043423,54.86,23.86,target,opensensemap_3,1,1,1,0,1
2025-01-08 00:00:00+00:00,14.843186711126982,60.68660786552379,1013.406628198358,,21.60705497356436,54.86,23.86,target,opensensemap_3,1,1,1,0,1
2025-01-08 01:00:00+00:00,17.40865653483757,56.6418548344818,1013.1702456924224,,18.901254980768304,54.86,23.86,target,opensensemap_3,1,1,1,0,1
2025-01-08 02:00:00+00:00,18.606035161955504,49.80127252740607,1013.2361900042772,,19.58139504613584,54.86,23.86,target,opensensemap_3,1,1,1,0,1
2025-01-08 03:00:00+00:00,20.95239745885585,51.41208670588166,1013.7215506913674,,19.673719160681983,54.86,23.86,target,opensensemap_3,1,1,1,0,1
2025-01-08 04:00:00+00:00,21.651300908411617,48.94682371050524,1012.5444354519116,,20.83525265249091,54.86,23.86,target,opensensemap_3,1,1,1,0,1
2025-01-08 05:00:00+00:00,22.15839738601836,45.82906401120001,1013.4163233739432,,20.336115673837007,54.86,23.86,target,opensensemap_3,1,1,1,0,1
2025-01-08 06:00:00+00:00,21.531721761899515,49.63333416151198,1012.8629439662368,,20.934194577095443,54.86,23.86,target,opensensemap_3,1,1,1,0,1
2025-01-08 07:00:00+00:00,23.03002542441628,50.12951693860141,1013.5413808085808,,18.28126542956838,54.86,23.86,target,opensensemap_3,1,1,1,0,1
2025-01-08 08:00:00+00:00,21.619429374814736,46.70692654789529,1014.3235947708864,,19.218299214192704,54.86,23.86,target,opensensemap_3,1,1,1,0,1
2025-01-08 09:00:00+00:00,18.866467966466555,51.94606664008025,1013.7143986947392,,19.768711657293345,54.86,23.86,target,opensensemap_3,1,1,1,0,1
2025-01-08 10:00:00+00:00,19.16293612829689,52.32326796747929,1014.6149464481738,,19.07644967951976,54.86,23.86,target,opensensemap_3,1,1,1,0,1
2025-01-08 11:00:00+00:00,16.317250493856864,54.37772336003077,1014.1989880497928,,20.007770231790914,54.86,23.86,target,opensensemap_3,1,1,1,0,1
2025-01-08 12:00:00+00:00,15.578084531975875,58.98485504701073,1014.2871455045914,,18.646004034457707,54.86,23.86,target,opensensemap_3,1,1,1,0,1
2025-01-08 13:00:00+00:00,12.635892023712234,63.22857291874197,1014.8314241766492,,17.087309627595634,54.86,23.86,target,opensensemap_3,1,1,1,0,1
2025-01-08 14:00:00+00:00,12.15162062752384,67.6424331631506,1014.3875320553126,,16.47400497107436,54.86,23.86,target,opensensemap_3,1,1,1,0,1
2025-01-08 15:00:00+00:00,9.393925498969589,67.44219084345623,1014.9322516264638,,15.285296253385743,54.86,23.86,target,opensensemap_3,1,1,1,0,1
2025-01-08 16:00:00+00:00,9.03644272590931,70.46376485279862,1015.2156477535628,,14.858609013883452,54.86,23.86,target,opensensemap_3,1,1,1,0,1
2025-01-08 17:00:00+00:00,8.52774963688122,70.96003379535694,1014.2557183108406,,12.706143638741166,54.86,23.86,target,opensensemap_3,1,1,1,0,1
2025-01-08 18:00:00+00:00,8.219215582335044,69.17634023143856,1014.2636520975964,,12.68105398651641,54.86,23.86,target,opensensemap_3,1,1,1,0,1
2025-01-08 19:00:00+00:00,8.6005807400773,69.69604262455407,1015.0885883308688,,14.152436359825312,54.86,23.86,target,opensensemap_3,1,1,1,0,1
2025-01-08 20:00:00+00:00,8.984156462838568,69.73928510112458,1015.2029846174912,,15.602148402240278,54.86,23.86,target,opensensemap_3,1,1,1,0,1
2025-01-08 21:00:00+00:00,9.346609069410844,70.18679289578931,1015.4945302381768,,17.39830121148625,54.86,23.86,target,opensensemap_3,1,1,1,0,1
2025-01-08 22:00:00+00:00,12.055880516501484,65.1840481227175,1016.1021136681784,,14.557815352122464,54.86,23.86,target,opensensemap_3,1,1,1,0,1
2025-01-08 23:00:00+00:00,12.74818436114892,66.04696471865492,1014.98900449582,,8.97962783372844,54.86,23.86,target,opensensemap_3,1,1,1,0,1
2025-01-09 00:00:00+00:00,15.97798755370937,59.417411594141655,1014.8363927771256,,13.256188997994505,54.86,23.86,target,opensensemap_3,1,1,1,0,1
2025-01-09 01:00:00+00:00,17.00525886722547,58.02029413720783,1016.0935277864112,,14.703339673517023,54.86,23.86,target,opensensemap_3,1,1,1,0,1
2025-01-09 02:00:00+00:00,18.56716253171128,52.97056248604014,1015.0444400839295,,13.921630741464956,54.86,23.86,target,opensensemap_3,1,1,1,0,1
2025-01-09 03:00:00+00:00,19.741686130957,51.19872457539919,1015.7950295600748,,11.65484194758988,54.86,23.86,target,opensensemap_3,1,1,1,0,1
2025-01-09 04:00:00+00:00,21.51337116804693,48.64087552689268,1015.2973275276744,,11.429030840833365,54.86,23.86,target,opensensemap_3,1,1,1,0,1
2025-01-09 05:00:00+00:00,21.56998115343869,46.35493210159272,1016.5127533437658,,9.215843841906954,54.86,23.86,target,opensensemap_3,1,1,1,0,1
2025-01-09 06:00:00+00:00,21.81462327426612,49.95278748545644,1016.3085149194764,,13.786272301104969,54.86,23.86,target,opensensemap_3,1,1,1,0,1
2025-01-09 07:00:00+00:00,21.602535290228012,47.53812942055559,1015.2046845344962,,8.808843829199862,54.86,23.86,target,opensensemap_3,1,1,1,0,1
2025-01-09 08:00:00+00:00,20.719379648068045,49.120994728730864,1016.243449997693,,10.427613369671192,54.86,23.86,target,opensensemap_3,1,1,1,0,1
2025-01-09 09:00:00+00:00,20.60270632112937,51.04243047256304,1015.8043886550918,,13.399181781002005,54.86,23.86,target,opensensemap_3,1,1,1,0,1
2025-01-09 10:00:00+00:00,18.997706415970985,54.76561001213546,1015.2758733446816,,15.50288779734065,54.86,23.86,target,opensensemap_3,1,1,1,0,1
2025-01-09 11:00:00+00:00,16.668681898671636,57.85963508007785,1015.3873327655256,,14.65285655066417,54.86,23.86,target,opensensemap_3,1,1,1,0,1
2025-01-09 12:00:00+00:00,14.57186759241777,58.41618597417009,1015.2052231389264,,12.456335519648873,54.86,23.86,target,opensensemap_3,1,1,1,0,1
2025-01-09 13:00:00+00:00,13.310805204495956,62.57372193578797,1016.4043550721038,,17.6007889800964,54.86,23.86,target,opensensemap_3,1,1,1,0,1
2025-01-09 14:00:00+00:00,11.556788062876644,66.77998341291034,1016.0852235339236,,14.528705986580036,54.86,23.86,target,opensensemap_3,1,1,1,0,1
2025-01-09 15:00:00+00:00,10.02962389384511,71.26288424601424,1016.5402324406097,,14.91060207047002,54.86,23.86,target,opensensemap_3,1,1,1,0,1
2025-01-09 16:00:00+00:00,9.446567256831704,70.3480351649696,1015.4924605680628,,12.08177155327378,54.86,23.86,target,opensensemap_3,1,1,1,0,1
2025-01-09 17:00:00+00:00,7.527127139564637,69.9195639038365,1016.3106583482568,,18.68844099472932,54.86,23.86,target,opensensemap_3,1,1,1,0,1
2025-01-09 18:00:00+00:00,9.099403961662883,70.35057282055838,1016.461098999701,,16.96750299492761,54.86,23.86,target,opensensemap_3,1,1,1,0,1
2025-01-09 19:00:00+00:00,8.574725776394159,72.67772659640659,1015.8407976965588,,16.515032690540774,54.86,23.86,target,opensensemap_3,1,1,1,0,1
2025-01-09 20:00:00+00:00,9.39340992003656,72.82759978612836,1015.2153530392284,,17.492695687053732,54.86,23.86,target,opensensemap_3,1,1,1,0,1
2025-01-09 21:00:00+00:00,10.309857505800974,70.39067412716427,1016.052008420483,,15.755871691317704,54.86,23.86,target,opensensemap_3,1,1,1,0,1
2025-01-09 22:00:00+00:00,11.395977170881215,66.4332262350171,1016.466064106407,,15.016598700845892,54.86,23.86,target,opensensemap_3,1,1,1,0,1
2025-01-09 23:00:00+00:00,13.43121139867594,63.69155722032717,1016.4474783249108,,19.53892614045976,54.86,23.86,target,opensensemap_3,1,1,1,0,1
2025-01-10 00:00:00+00:00,15.342312231716605,59.0487403450894,1015.2587641714,,19.86088238042796,54.86,23.86,target,opensensemap_3,1,1,1,0,1
2025-01-10 01:00:00+00:00,16.363605211476486,59.52990186472212,1016.0372052879948,,17.63997332776672,54.86,23.86,target,opensensemap_3,1,1,1,0,1
2025-01-10 02:00:00+00:00,18.703410555153816,53.96818444047781,1016.6530607109588,,19.68267202357124,54.86,23.86,target,opensensemap_3,1,1,1,0,1
2025-01-10 03:00:00+00:00,19.639607108005336,52.73503700923767,1015.9220500270184,,20.32112015244359,54.86,23.86,target,opensensemap_3,1,1,1,0,1
2025-01-10 04:00:00+00:00,21.11690323186888,51.95416552433496,1015.8265223921056,,19.51167934033733,54.86,23.86,target,opensensemap_3,1,1,1,0,1
2025-01-10 05:00:00+00:00,21.719084237815352,49.29058461261074,1016.4397933900632,,19.18725146448173,54.86,23.86,target,opensensemap_3,1,1,1,0,1
2025-01-10 06:00:00+00:00,22.48850599318789,48.754008809009726,1014.9637867845277,,21.071790092819416,54.86,23.86,target,opensensemap_3,1,1,1,0,1
2025-01-10 07:00:00+00:00,21.94219097899763,49.00091321606218,1015.7298729423308,,18.784302979270997,54.86,23.86,target,opensensemap_3,1,1,1,0,1
2025-01-10 08:00:00+00:00,20.507392769338505,49.02842965818438,1016.007740847994,,20.166030537468423,54.86,23.86,target,opensensemap_3,1,1,1,0,1
2025-01-10 09:00:00+00:00,20.87092377636071,51.76847384774726,1015.6039155782352,,20.479512351489237,54.86,23.86,target,opensensemap_3,1,1,1,0,1
2025-01-10 10:00:00+00:00,18.058981720435938,54.08840156189107,1014.6888673959022,,21.17549506939133,54.86,23.86,target,opensensemap_3,1,1,1,0,1
2025-01-10 11:00:00+00:00,16.711685896527307,57.59899159918289,1016.1521563279256,,22.77627766721125,54.86,23.86,target,opensensemap_3,1,1,1,0,1
2025-01-10 12:00:00+00:00,15.26724154726863,59.99176094944352,1015.6103302529602,,21.218978920331367,54.86,23.86,target,opensensemap_3,1,1,1,0,1
2025-01-10 13:00:00+00:00,13.7388977202581,61.07477549041111,1015.622958144397,,16.18461566049975,54.86,23.86,target,opensensemap_3,1,1,1,0,1
2025-01-10 14:00:00+00:00,12.175660553803969,65.47747429624411,1015.1680552368588,,23.06828080061856,54.86,23.86,target,opensensemap_3,1,1,1,0,1
2025-01-10 15:00:00+00:00,9.85727621529126,66.05718028444595,1013.7692097972812,,21.883338496801898,54.86,23.86,target,opensensemap_3,1,1,1,0,1
2025-01-10 16:00:00+00:00,8.426451874667205,71.06693091605885,1014.9567910209732,,21.153454882298373,54.86,23.86,target,opensensemap_3,1,1,1,0,1
2025-01-10 17:00:00+00:00,8.27553191063525,74.45244956693855,1015.456899127697,,22.92449334267391,54.86,23.86,target,opensensemap_3,1,1,1,0,1
2025-01-10 18:00:00+00:00,8.869052975356933,73.46644772788231,1015.0867514827132,,24.84982743888144,54.86,23.86,target,opensensemap_3,1,1,1,0,1
2025-01-10 19:00:00+00:00,7.540585935981371,73.94402028477555,1014.6870190921848,,24.05643573818285,54.86,23.86,target,opensensemap_3,1,1,1,0,1
2025-01-10 20:00:00+00:00,8.453138792142424,68.04447287875973,1013.9992824449024,,21.352363057422675,54.86,23.86,target,opensensemap_3,1,1,1,0,1
2025-01-10 21:00:00+00:00,9.981237010919854,69.26478381968526,1015.060932541573,,21.99271605404842,54.86,23.86,target,opensensemap_3,1,1,1,0,1
2025-01-10 22:00:00+00:00,11.587796286818884,67.38864260994397,1014.7740724539389,,21.834282204560367,54.86,23.86,target,opensensemap_3,1,1,1,0,1
2025-01-10 23:00:00+00:00,12.681586292442688,62.69580322008062,1013.7096249287588,,21.42977443044918,54.86,23.86,target,opensensemap_3,1,1,1,0,1
2025-01-11 00:00:00+00:00,15.051830273425146,59.32895450875564,1013.8737629784335,,22.09130829928157,54.86,23.86,target,opensensemap_3,1,1,1,0,1
2025-01-11 01:00:00+00:00,17.8303843971214,53.88213022762085,1013.971649892632,,18.42421575035021,54.86,23.86,target,opensensemap_3,1,1,1,0,1
2025-01-11 02:00:00+00:00,18.93126069420687,53.09175517983093,1013.7030393742716,,24.91732063243819,54.86,23.86,target,opensensemap_3,1,1,1,0,1
2025-01-11 03:00:00+00:00,20.2663275227076,51.45912632252725,1014.2585743640252,,24.627183593045498,54.86,23.86,target,opensensemap_3,1,1,1,0,1
2025-01-11 04:00:00+00:00,20.961947292025982,48.57407659564871,1014.503475478409,,22.86900324589052,54.86,23.86,target,opensensemap_3,1,1,1,0,1
2025-01-11 05:00:00+00:00,22.225097542237677,53.06901407739037,1014.050336436216,,21.37508225340577,54.86,23.86,target,opensensemap_3,1,1,1,0,1
2025-01-11 06:00:00+00:00,22.29745196887691,49.23228009572057,1013.8492282458362,,20.88892011802288,54.86,23.86,target,opensensemap_3,1,1,1,0,1
2025-01-11 07:00:00+00:00,21.30375759611011,46.83071810375571,1014.7160336977817,,21.448427019399585,54.86,23.86,target,opensensemap_3,1,1,1,0,1
2025-01-11 08:00:00+00:00,20.731092790028335,50.584999627586456,1014.0129457733348,,18.57372654657299,54.86,23.86,target,opensensemap_3,1,1,1,0,1
2025-01-11 09:00:00+00:00,18.830274782772708,53.210715853475385,1013.3692372346344,,20.314564580522397,54.86,23.86,target,opensensemap_3,1,1,1,0,1
2025-01-11 10:00:00+00:00,18.48378689068597,54.16571916563628,1013.908429421513,,20.47105147428844,54.86,23.86,target,opensensemap_3,1,1,1,0,1
2025-01-11 11:00:00+00:00,17.68039687362488,56.510326819457305,1013.873056014756,,19.311968418243637,54.86,23.86,target,opensensemap_3,1,1,1,0,1
2025-01-11 12:00:00+00:00,14.493688128507491,61.12438156217499,1013.3538048052152,,19.76292867131355,54.86,23.86,target,opensensemap_3,1,1,1,0,1
2025-01-11 13:00:00+00:00,12.597574339729327,59.72378006031869,1012.9124498913316,,15.483543043404696,54.86,23.86,target,opensensemap_3,1,1,1,0,1
2025-01-11 14:00:00+00:00,12.195451881443963,65.25753598370316,1012.58935262766,,16.848410051964365,54.86,23.86,target,opensensemap_3,1,1,1,0,1
2025-01-11 15:00:00+00:00,9.351425382002937,71.28025715405978,1012.2574733818052,,17.687480517380838,54.86,23.86,target,opensensemap_3,1,1,1,0,1
2025-01-11 16:00:00+00:00,9.208239935808646,68.99555761062813,1013.2517317059502,,14.337206557819156,54.86,23.86,target,opensensemap_3,1,1,1,0,1
2025-01-11 17:00:00+00:00,8.386915047432462,75.55463092180939,1012.2363427634745,,17.51494900471331,54.86,23.86,target,opensensemap_3,1,1,1,0,1
2025-01-11 18:00:00+00:00,8.285740935337591,70.71987212718956,1013.3121561541911,,15.932487386489926,54.86,23.86,target,opensensemap_3,1,1,1,0,1
2025-01-11 19:00:00+00:00,9.070287135344843,70.04623737072158,1012.6050644723928,,17.294190802660765,54.86,23.86,target,opensensemap_3,1,1,1,0,1
2025-01-11 20:00:00+00:00,9.614109721410182,67.67597273867976,1011.701293505304,,17.151555151435392,54.86,23.86,target,opensensemap_3,1,1,1,0,1
2025-01-11 21:00:00+00:00,10.764597056847084,68.67498016157681,1012.063208610034,,16.26236215536238,54.86,23.86,target,opensensemap_3,1,1,1,0,1
2025-01-11 22:00:00+00:00,11.064043696288053,69.90093449756255,1011.4230030069295,,15.415117270241993,54.86,23.86,target,opensensemap_3,1,1,1,0,1
2025-01-11 23:00:00+00:00,13.443723624635938,61.469588373148525,1012.6204661014334,,14.653841853325138,54.86,23.86,target,opensensemap_3,1,1,1,0,1
2025-01-12 00:00:00+00:00,14.930860753847831,61.64672742228214,1011.7063359833662,,14.848989326208912,54.86,23.86,target,opensensemap_3,1,1,1,0,1
2025-01-12 01:00:00+00:00,16.772930428699553,57.67647815335173,1011.045735516638,,16.50031306306106,54.86,23.86,target,opensensemap_3,1,1,1,0,1
2025-01-12 02:00:00+00:00,18.47649309225955,54.973170861410914,1010.4992538755037,,10.19812084609122,54.86,23.86,target,opensensemap_3,1,1,1,0,1
2025-01-12 03:00:00+00:00,20.044301148342885,52.51229467383976,1011.6678183406256,,13.777938121449605,54.86,23.86,target,opensensemap_3,1,1,1,0,1
2025-01-12 04:00:00+00:00,21.8094655822107,49.91910562874435,1011.0139961858245,,12.282218108553517,54.86,23.86,target,opensensemap_3,1,1,1,0,1
2025-01-12 05:00:00+00:00,20.55948058668874,47.59053342899005,1010.4481266716084,,13.977070108442897,54.86,23.86,target,opensensemap_3,1,1,1,0,1
2025-01-12 06:00:00+00:00,22.497702150940267,46.48940706925413,1011.155625332224,,13.142748998856913,54.86,23.86,target,opensensemap_3,1,1,1,0,1
2025-01-12 07:00:00+00:00,22.07935465534823,47.534037970684345,1010.9084359222356,,13.793091950424875,54.86,23.86,target,opensensemap_3,1,1,1,0,1
2025-01-12 08:00:00+00:00,21.722620815696345,48.0342904057075,1010.0344802712876,,12.771271966855068,54.86,23.86,target,opensensemap_3,1,1,1,0,1
2025-01-12 09:00:00+00:00,20.44673521000703,52.35670139654108,1010.3500399192246,,14.646517840432947,54.86,23.86,target,opensensemap_3,1,1,1,0,1
2025-01-12 10:00:00+00:00,18.748876395437133,54.78360238558809,1010.5773119619456,,15.708790264150068,54.86,23.86,target,opensensemap_3,1,1,1,0,1
2025-01-12 11:00:00+00:00,17.51318383884558,54.317885273729296,1010.7038553414944,,11.873663936275502,54.86,23.86,target,opensensemap_3,1,1,1,0,1
2025-01-12 12:00:00+00:00,14.390763757374057,57.625803986439166,1011.045815297217,,12.519103200314149,54.86,23.86,target,opensensemap_3,1,1,1,0,1
2025-01-12 13:00:00+00:00,13.13638811270636,64.62928515850739,1009.8839277849762,,11.941025174518158,54.86,23.86,target,opensensemap_3,1,1,1,0,1
2025-01-12 14:00:00+00:00,12.6215952125062,64.55237608395532,1010.3756301070438,,12.143669784765606,54.86,23.86,target,opensensemap_3,1,1,1,0,1
2025-01-12 15:00:00+00:00,10.47077412313816,68.29455449822908,1011.6242786878422,,14.259704260859802,54.86,23.86,target,opensensemap_3,1,1,1,0,1
2025-01-12 16:00:00+00:00,9.68553865424225,70.23201892515085,1009.7868202526328,,14.022603680407132,54.86,23.86,target,opensensemap_3,1,1,1,0,1
2025-01-12 17:00:00+00:00,8.978853627610992,72.3909526312086,1010.2327585214812,,12.995657459736837,54.86,23.86,target,opensensemap_3,1,1,1,0,1
2025-01-12 18:00:00+00:00,8.69925994535653,71.2200441834026,1010.4908697310484,,11.852213438033251,54.86,23.86,target,opensensemap_3,1,1,1,0,1
2025-01-12 19:00:00+00:00,8.112275313731836,70.46027398660023,1011.0595867722468,,15.333866626964944,54.86,23.86,target,opensensemap_3,1,1,1,0,1
2025-01-12 20:00:00+00:00,8.679678715701352,70.95765082885718,1010.1112907737472,,15.267387562870834,54.86,23.86,target,opensensemap_3,1,1,1,0,1
2025-01-12 21:00:00+00:00,10.293896406671058,66.91823657006897,1009.2973771150648,,19.48136046086901,54.86,23.86,target,opensensemap_3,1,1,1,0,1
2025-01-12 22:00:00+00:00,11.017588692704752,65.11503333263435,1009.987579225636,,14.733652182192614,54.86,23.86,target,opensensemap_3,1,1,1,0,1
2025-01-12 23:00:00+00:00,12.913357642219395,64.04871723999953,1010.5292404517398,,16.71936226252839,54.86,23.86,target,opensensemap_3,1,1,1,0,1
2025-01-13 00:00:00+00:00,14.526097049367523,58.73211504317741,1010.8841556913094,,14.659357662556678,54.86,23.86,target,opensensemap_3,1,1,1,0,1
2025-01-13 01:00:00+00:00,17.087513483776494,56.89512439510658,1009.9314887421864,,17.207734050137358,54.86,23.86,target,opensensemap_3,1,1,1,0,1
2025-01-13 02:00:00+00:00,18.64000779784107,53.50040922149318,1009.65583279483,,16.720442025176077,54.86,23.86,target,opensensemap_3,1,1,1,0,1
2025-01-13 03:00:00+00:00,20.04144338925448,49.9024968314239,1009.9509879716244,,16.78546588120875,54.86,23.86,target,opensensemap_3,1,1,1,0,1
2025-01-13 04:00:00+00:00,21.90349095680317,47.51268364897726,1010.180096082824,,19.26467222451872,54.86,23.86,target,opensensemap_3,1,1,1,0,1
2025-01-13 05:00:00+00:00,21.237030963802265,50.52832782740326,1009.30096330971,,19.815540779511757,54.86,23.86,target,opensensemap_3,1,1,1,0,1
2025-01-13 06:00:00+00:00,22.195408098241792,48.7773191819224,1009.573772600186,,19.24574482709057,54.86,23.86,target,opensensemap_3,1,1,1,0,1
2025-01-13 07:00:00+00:00,22.316181425401275,48.267192133576216,1009.7027551164722,,20.74763324729824,54.86,23.86,target,opensensemap_3,1,1,1,0,1
2025-01-13 08:00:00+00:00,20.881373832138067,48.515635259755456,1009.1843103817046,,22.00950696059209,54.86,23.86,target,opensensemap_3,1,1,1,0,1
2025-01-13 09:00:00+00:00,19.382164124919512,51.33916893662855,1010.030635251417,,18.566014357012453,54.86,23.86,target,opensensemap_3,1,1,1,0,1
2025-01-13 10:00:00+00:00,17.705110105184083,55.79783355600397,1009.988195297852,,20.494197247324752,54.86,23.86,target,opensensemap_3,1,1,1,0,1
2025-01-13 11:00:00+00:00,16.454122681647377,57.29717928967293,1009.3380788759212,,23.102548259256405,54.86,23.86,target,opensensemap_3,1,1,1,0,1
2025-01-13 12:00:00+00:00,15.056138994006616,58.91279269015933,1010.5463105281912,,22.477362939707223,54.86,23.86,target,opensensemap_3,1,1,1,0,1
2025-01-13 13:00:00+00:00,13.716508929437072,62.18406441662177,1010.7762661110012,,21.076347494835534,54.86,23.86,target,opensensemap_3,1,1,1,0,1
2025-01-13 14:00:00+00:00,11.941991333121909,67.63264221404864,1010.9791266283202,,21.31071724391254,54.86,23.86,target,opensensemap_3,1,1,1,0,1
2025-01-13 15:00:00+00:00,9.76498229425817,71.52792873364443,1009.885162471852,,24.016273258760176,54.86,23.86,target,opensensemap_3,1,1,1,0,1
2025-01-13 16:00:00+00:00,9.447335832883244,71.76417699021256,1010.3410876697856,,24.47893580594901,54.86,23.86,target,opensensemap_3,1,1,1,0,1
2025-01-13 17:00:00+00:00,8.265888097522668,74.72815406787109,1010.0909579096112,,23.554598190742315,54.86,23.86,target,opensensemap_3,1,1,1,0,1
2025-01-13 18:00:00+00:00,7.762206204875478,69.12499483079165,1009.4937804899168,,21.25171328599827,54.86,23.86,target,opensensemap_3,1,1,1,0,1
2025-01-13 19:00:00+00:00,8.335448358098137,70.80848450820008,1010.0646886192864,,22.121165299909126,54.86,23.86,target,opensensemap_3,1,1,1,0,1
2025-01-13 20:00:00+00:00,8.519849772133432,68.50568934663794,1010.341815626752,,20.789232862342168,54.86,23.86,target,opensensemap_3,1,1,1,0,1
2025-01-13 21:00:00+00:00,9.58274515136348,67.08012357886071,1009.9647472073613,,21.65545136081697,54.86,23.86,target,opensensemap_3,1,1,1,0,1
2025-01-13 22:00:00+00:00,11.746152673156324,67.0954750278648,1010.7531754928772,,22.35018220526124,54.86,23.86,target,opensensemap_3,1,1,1,0,1
2025-01-13 23:00:00+00:00,13.877519373107404,61.98652770062928,1010.5464964693164,,20.250312113731937,54.86,23.86,target,opensensemap_3,1,1,1,0,1
2025-01-14 00:00:00+00:00,15.039060734869256,62.77406431053172,1011.7322621033652,,25.045346589849533,54.86,23.86,target,opensensemap_3,1,1,1,0,1
2025-01-14 01:00:00+00:00,17.30249375796396,58.92595513239895,1010.2450910601508,,21.48867302669982,54.86,23.86,target,opensensemap_3,1,1,1,0,1
2025-01-14 02:00:00+00:00,18.698912631219827,52.51663399786502,1010.6677388618704,,23.06846547623503,54.86,23.86,target,opensensemap_3,1,1,1,0,1
2025-01-14 03:00:00+00:00,20.05808603602277,51.62734009462229,1011.4708395967089,,22.82912905246589,54.86,23.86,target,opensensemap_3,1,1,1,0,1
2025-01-14 04:00:00+00:00,21.37928800656518,49.36544944146988,1010.127259373814,,18.60652929301668,54.86,23.86,target,opensensemap_3,1,1,1,0,1
2025-01-14 05:00:00+00:00,21.67521088100679,48.85001208981636,1011.1015310066508,,18.89113779726689,54.86,23.86,target,opensensemap_3,1,1,1,0,1
2025-01-14 06:00:00+00:00,22.975095524011447,46.42395822255664,1011.689860789231,,18.509660426726143,54.86,23.86,target,opensensemap_3,1,1,1,0,1
2025-01-14 07:00:00+00:00,22.47159935641825,45.00570126410182,1010.9039868139852,,20.118391683375837,54.86,23.86,target,opensensemap_3,1,1,1,0,1
2025-01-14 08:00:00+00:00,21.74745572457029,50.90172040724089,1011.0169170609778,,23.10699075834492,54.86,23.86,target,opensensemap_3,1,1,1,0,1
2025-01-14 09:00:00+00:00,19.904251360411717,52.79701418232568,1011.2032786240428,,19.578754095720733,54.86,23.86,target,opensensemap_3,1,1,1,0,1
2025-01-14 10:00:00+00:00,18.07502485319529,54.02145547062865,1010.9761086578318,,21.382119296317068,54.86,23.86,target,opensensemap_3,1,1,1,0,1
2025-01-14 11:00:00+00:00,16.526051894922407,58.98379040497951,1011.1292472304996,,20.66909324527297,54.86,23.86,target,opensensemap_3,1,1,1,0,1
2025-01-14 12:00:00+00:00,14.64265015637567,61.03551571807669,1011.599835238524,,18.33953072320339,54.86,23.86,target,opensensemap_3,1,1,1,0,1
2025-01-14 13:00:00+00:00,13.525030177521652,62.01582226210108,1010.7476104205352,,19.89318022395619,54.86,23.86,target,opensensemap_3,1,1,1,0,1
2025-01-14 14:00:00+00:00,10.72730250395494,66.6253911125347,1011.695024482598,,17.00695612949846,54.86,23.86,target,opensensemap_3,1,1,1,0,1
2025-01-14 15:00:00+00:00,10.06580982905748,72.17891610708483,1011.4791057216012,,17.381379047273754,54.86,23.86,target,opensensemap_3,1,1,1,0,1
2025-01-14 16:00:00+00:00,8.768478710009736,71.323634235928,1011.9566457857666,,17.787810122598536,54.86,23.86,target,opensensemap_3,1,1,1,0,1
2025-01-14 17:00:00+00:00,7.754810275513165,72.38058502991015,1012.4580545285244,,14.013127675199318,54.86,23.86,target,opensensemap_3,1,1,1,0,1
2025-01-14 18:00:00+00:00,8.351077158351204,70.96378997380376,1012.0673725134228,,14.840702738701232,54.86,23.86,target,opensensemap_3,1,1,1,0,1
2025-01-14 19:00:00+00:00,8.330506881888029,71.13242596931333,1012.086088523242,,15.304548962871404,54.86,23.86,target,opensensemap_3,1,1,1,0,1
2025-01-14 20:00:00+00:00,9.115000839116938,70.73262228041969,1012.9314611951144,,14.622846109683984,54.86,23.86,target,opensensemap_3,1,1,1,0,1
2025-01-14 21:00:00+00:00,10.42389399949212,68.4384062564266,1013.4994861282124,,14.733285147385065,54.86,23.86,target,opensensemap_3,1,1,1,0,1
2025-01-14 22:00:00+00:00,11.28827626171815,65.78101259818939,1013.1640771963168,,14.176086045886686,54.86,23.86,target,opensensemap_3,1,1,1,0,1
2025-01-14 23:00:00+00:00,13.226091874359083,65.72179588676062,1012.8647425377396,,12.415615501937882,54.86,23.86,target,opensensemap_3,1,1,1,0,1
2025-01-15 00:00:00+00:00,15.51673736895834,60.3166953563268,1012.174878649302,,11.413248805956,54.86,23.86,target,opensensemap_3,1,1,1,0,1
2025-01-15 01:00:00+00:00,16.338514435385733,59.24484951441029,1013.1023065636034,,14.346247404056465,54.86,23.86,target,opensensemap_3,1,1,1,0,1
2025-01-15 02:00:00+00:00,18.874601500465705,54.22653860202015,1013.354023211685,,13.04263018248576,54.86,23.86,target,opensensemap_3,1,1,1,0,1
2025-01-15 03:00:00+00:00,19.867781298672675,52.0449052352591,1013.39041621392,,14.914080846066357,54.86,23.86,target,opensensemap_3,1,1,1,0,1
2025-01-15 04:00:00+00:00,22.350997312842058,49.79140950495816,1013.6666133689392,,15.926994889608997,54.86,23.86,target,opensensemap_3,1,1,1,0,1
2025-01-15 05:00:00+00:00,20.900878716823215,46.68248312949997,1013.5710753205008,,15.11495176513374,54.86,23.86,target,opensensemap_3,1,1,1,0,1
2025-01-15 06:00:00+00:00,22.199895967878373,49.69538292991836,1013.8199795961808,,14.32165356894222,54.86,23.86,target,opensensemap_3,1,1,1,0,1
2025-01-15 07:00:00+00:00,21.78159670083028,46.749231290969696,1014.061691948558,,10.440443738522385,54.86,23.86,target,opensensemap_3,1,1,1,0,1
2025-01-15 08:00:00+00:00,22.63486230833982,48.87233011791712,1014.6461156490328,,10.00503251159989,54.86,23.86,target,opensensemap_3,1,1,1,0,1
2025-01-15 09:00:00+00:00,19.98782744405075,52.586860693416334,1013.6292734410836,,12.756734943429336,54.86,23.86,target,opensensemap_3,1,1,1,0,1
2025-01-15 10:00:00+00:00,18.525672047683624,53.28280508993123,1015.0377480787351,,15.753851505088782,54.86,23.86,target,opensensemap_3,1,1,1,0,1
2025-01-15 11:00:00+00:00,17.583063851923665,56.08248193649582,1014.1736362856168,,14.740496776550293,54.86,23.86,target,opensensemap_3,1,1,1,0,1
2025-01-15 12:00:00+00:00,15.230503433369908,59.86626061351825,1013.7666554262664,,14.343125964906475,54.86,23.86,target,opensensemap_3,1,1,1,0,1
2025-01-15 13:00:00+00:00,13.42136607463756,61.62919516148864,1015.0521701428636,,14.513405625719276,54.86,23.86,target,opensensemap_3,1,1,1,0,1
2025-01-15 14:00:00+00:00,11.393472070518367,64.83199726615534,1014.6696038214864,,16.078551555517468,54.86,23.86,target,opensensemap_3,1,1,1,0,1
2025-01-15 15:00:00+00:00,9.323951927959758,68.5339739122847,1015.03615349472,,17.383229848041093,54.86,23.86,target,opensensemap_3,1,1,1,0,1
2025-01-15 16:00:00+00:00,8.533616475065083,71.94443662633563,1015.16813264477,,17.258241159304553,54.86,23.86,target,opensensemap_3,1,1,1,0,1
2025-01-15 17:00:00+00:00,8.171926849424919,71.79763525994485,1014.4959756625256,,13.57148611815014,54.86,23.86,target,opensensemap_3,1,1,1,0,1
2025-01-15 18:00:00+00:00,7.712030462936332,72.17368571787928,1014.4162527912786,,18.196592516591966,54.86,23.86,target,opensensemap_3,1,1,1,0,1
2025-01-15 19:00:00+00:00,8.615638788973813,73.43969942249261,1014.5621717236438,,15.888675095213715,54.86,23.86,target,opensensemap_3,1,1,1,0,1
2025-01-15 20:00:00+00:00,8.887372983668193,70.83592118573672,1015.2235412687952,,15.395970152721407,54.86,23.86,target,opensensemap_3,1,1,1,0,1
2025-01-15 21:00:00+00:00,9.927707624102505,66.3377036176161,1014.1520575643184,,17.650273186897376,54.86,23.86,target,opensensemap_3,1,1,1,0,1
2025-01-15 22:00:00+00:00,12.201148672203969,65.3913357483439,1014.1054884113892,,14.98473961092582,54.86,23.86,target,opensensemap_3,1,1,1,0,1
2025-01-15 23:00:00+00:00,12.485417139580036,63.50939773217483,1015.6370460831472,,15.459427045697796,54.86,23.86,target,opensensemap_3,1,1,1,0,1
