timestamp,temperature,relative_humidity,pressure,energy,pm25,latitude,longitude,domain,entity_id,mask_temperature,mask_relative_humidity,mask_pressure,mask_energy,mask_pm25,temperature_scaled,relative_humidity_scaled,pressure_scaled,pm25_scaled,energy_scaled
2025-01-04 00:00:00+00:00,14.775895034340106,59.65436840958657,1014.560955445845,,21.484588756830124,54.8,23.8,target,opensensemap_0,1,1,1,0,1,-0.08773104222221459,0.009146115860124784,0.43203031709398376,0.9374116816461966,0.0
2025-01-04 01:00:00+00:00,16.775176612845474,55.45341347431744,1013.7677827276774,,19.74658758011116,54.8,23.8,target,opensensemap_0,1,1,1,0,1,0.31366141823375954,-0.475178037208447,0.05444855314051071,0.5502759083648201,0.0
2025-01-04 02:00:00+00:00,19.18003713857708,56.66873273800403,1015.0104479362404,,18.16125724068513,54.8,23.8,target,opensensemap_0,1,1,1,0,1,0.796481294060603,-0.33506501953447393,0.6460066220271954,0.17298398624317451,0.0
2025-01-04 03:00:00+00:00,20.036124648394747,50.822543891973496,1013.8388340635822,,18.77637980750932,54.8,23.8,target,opensensemap_0,1,1,1,0,1,0.9683565694723992,-1.0090666465838916,0.08827181524686753,0.3208076378347681,0.0
2025-01-04 04:00:00+00:00,21.219531591065213,50.59616698997471,1013.6006774632212,,20.05950751456005,54.8,23.8,target,opensensemap_0,1,1,1,0,1,1.2059472268095668,-1.0351654272240662,-0.025100199702412868,0.6167070419671937,0.0
2025-01-04 05:00:00+00:00,21.670954885701008,47.08302025010818,1013.0708953700888,,19.781127249114164,54.8,23.8,target,opensensemap_0,1,1,1,0,1,1.2965787360922485,-1.44019281875986,-0.27729754922551514,0.5477949320198692,0.0
2025-01-04 06:00:00+00:00,22.11077958644571,49.33085607525428,1014.156399831906,,21.69233923875625,54.8,23.8,target,opensensemap_0,1,1,1,0,1,1.3848816148359262,-1.1810419354425798,0.2394457528123746,0.9642314954553296,0.0
2025-01-04 07:00:00+00:00,22.32094605776817,48.83350978942106,1012.908664177635,,20.63232887918269,54.8,23.8,target,opensensemap_0,1,1,1,0,1,1.4270763901674426,-1.2383805221162179,-0.35452604991887937,0.7234898415519148,0.0
2025-01-04 08:00:00+00:00,21.13619593300197,49.67366593439403,1014.0085703955476,,20.102891246997853,54.8,23.8,target,opensensemap_0,1,1,1,0,1,1.1892160643793457,-1.1415197084133155,0.16907306088040955,0.5976225815968472,0.0
2025-01-04 09:00:00+00:00,20.0661526573871,54.53973123138949,1013.4280437317208,,21.148730733254144,54.8,23.8,target,opensensemap_0,1,1,1,0,1,0.9743852432428269,-0.5805156057609471,-0.10728072276478276,0.8258292153806187,0.0
2025-01-04 10:00:00+00:00,19.20867726842604,53.445290607247706,1012.4779396587908,,22.926667156929213,54.8,23.8,target,opensensemap_0,1,1,1,0,1,0.8022313256276654,-0.7066926384925182,-0.5595680538583807,1.190406621717233,0.0
2025-01-04 11:00:00+00:00,17.083760130185546,55.7750453290333,1012.9925973097796,,21.438738207516245,54.8,23.8,target,opensensemap_0,1,1,1,0,1,0.37561522134631975,-0.43809740243959283,-0.3145705404019814,0.8638102031938527,0.0
2025-01-04 12:00:00+00:00,14.631142916799083,59.41662984499252,1013.0081574676811,,18.932223297152383,54.8,23.8,target,opensensemap_0,1,1,1,0,1,-0.11679268578491872,-0.018262540200922238,-0.30716328630299683,0.2831024556008119,0.0
2025-01-04 13:00:00+00:00,13.364439988321433,63.17336814982435,1013.796845257178,,21.10342214929129,54.8,23.8,target,opensensemap_0,1,1,1,0,1,-0.3711065406189825,0.4148482943173196,0.06828347320576415,0.7831101630979359,0.0
2025-01-04 14:00:00+00:00,11.362392704743955,65.17369357700457,1012.1257546959032,,20.54263749762693,54.8,23.8,target,opensensemap_0,1,1,1,0,1,-0.7730542671143804,0.6454639360722403,-0.7272221050872038,0.6507732697923416,0.0
2025-01-04 15:00:00+00:00,10.189285878276836,68.55491759915473,1013.0829707894344,,21.856158973139365,54.8,23.8,target,opensensemap_0,1,1,1,0,1,-1.0085769871333166,1.035282081255004,-0.27154916929192413,0.9343327624547529,0.0
2025-01-04 16:00:00+00:00,8.327487771047043,70.8706306744174,1012.585372213998,,21.634167549670167,54.8,23.8,target,opensensemap_0,1,1,1,0,1,-1.3823671181322332,1.3022584690544505,-0.5084258842249194,0.8767607885061225,0.0
2025-01-04 17:00:00+00:00,8.447131309219246,70.78237210810394,1011.7114362469712,,24.215048410307944,54.8,23.8,target,opensensemap_0,1,1,1,0,1,-1.3583464825794858,1.2920832217500962,-0.9244541671626908,1.3962375299552505,0.0
2025-01-04 18:00:00+00:00,7.389782330777585,72.67899056580673,1011.983744876518,,24.447383873939856,54.8,23.8,target,opensensemap_0,1,1,1,0,1,-1.5706286906387392,1.5107425842938833,-0.7948244278524688,1.418294087466772,0.0
2025-01-04 19:00:00+00:00,8.702197629795027,69.89550170172649,1012.1874980854756,,23.496908804738727,54.8,23.8,target,opensensemap_0,1,1,1,0,1,-1.3071372386710296,1.1898367646781105,-0.6978297956781511,1.210905768263923,0.0
2025-01-04 20:00:00+00:00,10.106893714450072,68.6801803066541,1013.1636441808298,,24.57040854584116,54.8,23.8,target,opensensemap_0,1,1,1,0,1,-1.0251187257839776,1.0497235012786676,-0.23314542603464594,1.4018974107006317,0.0
2025-01-04 21:00:00+00:00,9.642106205207863,70.62182945569863,1011.2862373752828,,25.07903551410834,54.8,23.8,target,opensensemap_0,1,1,1,0,1,-1.1184333463605374,1.2735744099785642,-1.1268657432618086,1.474453003278955,0.0
2025-01-04 22:00:00+00:00,10.680262241757356,66.36776825207961,1012.4334640065772,,20.40954674927585,54.8,23.8,target,opensensemap_0,1,1,1,0,1,-0.9100044735454595,0.7831276850572795,-0.5807402334242378,0.5078938325654229,0.0
2025-01-04 23:00:00+00:00,13.114678184882672,60.17818771853102,1011.9066885040804,,22.74798784689313,54.8,23.8,target,opensensemap_0,1,1,1,0,1,-0.42125080538290466,0.06953675253074512,-0.8315063262113259,1.0014307481037055,0.0
2025-01-05 00:00:00+00:00,15.06565348545425,57.9542792669936,1011.8179561670491,,25.68347541718583,54.8,23.8,target,opensensemap_0,1,1,1,0,1,-0.029556716563911043,-0.18685556633232261,-0.8737464481527139,1.5497304923877546,0.0
2025-01-05 01:00:00+00:00,17.15949095806284,58.10801448635867,1011.9671179281844,,23.55551392201296,54.8,23.8,target,opensensemap_0,1,1,1,0,1,0.3908195745804249,-0.16913157712913265,-0.8027395166309587,1.1273837821717199,0.0
2025-01-05 02:00:00+00:00,18.44024124868285,55.50902703561506,1010.9197897628528,,21.5656596283602,54.8,23.8,target,opensensemap_0,1,1,1,0,1,0.6479536951108558,-0.4687664019041823,-1.3013093829995583,0.712683491621041,0.0
2025-01-05 03:00:00+00:00,19.558406269366312,50.16712114725994,1011.0539955661344,,22.504591074903555,54.8,23.8,target,opensensemap_0,1,1,1,0,1,0.8724458395257879,-1.084629719891398,-1.2374220823206843,0.9015473112774567,0.0
2025-01-05 04:00:00+00:00,21.3977806832921,51.949472304766175,1011.3890486317392,,21.817593112309684,54.8,23.8,target,opensensemap_0,1,1,1,0,1,1.2417340026555597,-0.8791441271794411,-1.0779234956555381,0.751894827145773,0.0
2025-01-05 05:00:00+00:00,21.52999290381324,48.73459919178652,1012.0197235757148,,20.94725454627512,54.8,23.8,target,opensensemap_0,1,1,1,0,1,1.2682780318047713,-1.249783832117634,-0.7776971359067009,0.56015074940261,0.0
2025-01-05 06:00:00+00:00,21.993596943043983,45.192019236853774,1010.8990789703116,,16.830770913762155,54.8,23.8,target,opensensemap_0,1,1,1,0,1,1.3613550490617758,-1.6582045514035901,-1.3111685440643066,-0.4398962886689175,0.0
2025-01-05 07:00:00+00:00,21.95965422570725,46.09011207570965,1011.7948585380338,,19.425511705565057,54.8,23.8,target,opensensemap_0,1,1,1,0,1,1.3545404257626716,-1.5546642706202745,-0.8847418383205532,0.2169587687710884,0.0
2025-01-05 08:00:00+00:00,20.252979230522943,48.13740313443285,1010.1935289593108,,20.643231515375625,54.8,23.8,target,opensensemap_0,1,1,1,0,1,1.0118941057641413,-1.3186340052688434,-1.6470384140297254,0.4960396742569813,0.0
2025-01-05 09:00:00+00:00,20.035824328570804,51.72507859075437,1010.6516678020876,,21.335345800640702,54.8,23.8,target,opensensemap_0,1,1,1,0,1,0.9682962747573616,-0.9050142679372628,-1.4289461014362286,0.6459436349462176,0.0
2025-01-05 10:00:00+00:00,18.65639023080145,52.415513879836936,1010.4642007091516,,21.738034985119445,54.8,23.8,target,opensensemap_0,1,1,1,0,1,0.6913495692540569,-0.8254146312389117,-1.5181878945699236,0.7286355179807391,0.0
2025-01-05 11:00:00+00:00,16.00071292453593,55.78248176963263,1011.227292017818,,15.806245382564793,54.8,23.8,target,opensensemap_0,1,1,1,0,1,0.15817362265432242,-0.4372400621799104,-1.154926078090089,-0.7517718378279742,0.0
2025-01-05 12:00:00+00:00,15.055104279063066,59.25162116020662,1009.5548905302516,,16.29367944508256,54.8,23.8,target,opensensemap_0,1,1,1,0,1,-0.031674663307751344,-0.03728623665549314,-1.9510557094426872,-0.6065230069660882,0.0
2025-01-05 13:00:00+00:00,12.951417486214428,63.48969073189176,1010.25551653991,,16.585778705332206,54.8,23.8,target,opensensemap_0,1,1,1,0,1,-0.4540283862093125,0.4513168280237993,-1.6175298599787022,-0.52057203483242,0.0
2025-01-05 14:00:00+00:00,10.977018261302309,66.89596730953976,1010.8342112971776,,17.06036131732284,54.8,23.8,target,opensensemap_0,1,1,1,0,1,-0.8504252576306515,0.8440232588251073,-1.3420481367236237,-0.3865274486008037,0.0
2025-01-05 15:00:00+00:00,10.366125692086364,70.12538751186605,1010.2389807285506,,18.19842298241953,54.8,23.8,target,opensensemap_0,1,1,1,0,1,-0.9730731497875797,1.216340084045709,-1.6254015639322996,-0.08266040437930057,0.0
2025-01-05 16:00:00+00:00,8.757583302246069,71.192900393022,1010.8587147416716,,16.699287066707548,54.8,23.8,target,opensensemap_0,1,1,1,0,1,-1.296017548689315,1.339412642552582,-1.330383522468653,-0.4857040225957584,0.0
2025-01-05 17:00:00+00:00,8.220246039339274,70.23829685481094,1009.4495435708576,,18.55044624607593,54.8,23.8,target,opensensemap_0,1,1,1,0,1,-1.4038978634842316,1.2293572962600574,-2.0012050525101053,0.012208091389823664,0.0
2025-01-05 18:00:00+00:00,8.192689891139075,71.19512753511144,1010.652826694933,,13.481679581464762,54.8,23.8,target,opensensemap_0,1,1,1,0,1,-1.4094302658460023,1.3396694076745248,-1.4283944223444236,-1.4886306596191645,0.0
2025-01-05 19:00:00+00:00,7.934330263869725,72.83277745509568,1008.896143575213,,15.724617684739831,54.8,23.8,target,opensensemap_0,1,1,1,0,1,-1.4613007015000234,1.52847253047412,-2.2646454630805,-0.751694210390122,0.0
2025-01-05 20:00:00+00:00,9.022273837636414,72.44348031239252,1010.3431127908294,,12.21503019842464,54.8,23.8,target,opensensemap_0,1,1,1,0,1,-1.2428760670681187,1.4835908281381147,-1.575830560216755,-1.9205819728838753,0.0
2025-01-05 21:00:00+00:00,10.69198424847048,69.31268524796292,1010.7818288566548,,18.596805604637307,54.8,23.8,target,opensensemap_0,1,1,1,0,1,-0.9076510656180082,1.1226444025335767,-1.366984262033741,0.059062956664497505,0.0
2025-01-05 22:00:00+00:00,10.990010562447686,66.82488715264684,1009.9201797471156,,13.04474936782811,54.8,23.8,target,opensensemap_0,1,1,1,0,1,-0.8478168147880846,0.835828494225725,-1.7771635120719058,-1.5900071475425157,0.0
2025-01-05 23:00:00+00:00,13.329784908894547,64.39985670680879,1009.4546786454246,,16.007045379614482,54.8,23.8,target,opensensemap_0,1,1,1,0,1,-0.3780641836783728,0.5562490093363515,-1.9987605527578864,-0.6254381889162615,0.0
2025-01-06 00:00:00+00:00,15.302419474658423,57.748328352353525,1010.0493674395728,,11.05013926793413,54.8,23.8,target,opensensemap_0,1,1,1,0,1,0.01797840004032591,-0.21059945405397534,-1.7156650317513022,-2.3208670097249184,0.0
2025-01-06 01:00:00+00:00,16.349347925401524,55.36907508448258,1010.001089761776,,14.066832321151116,54.8,23.8,target,opensensemap_0,1,1,1,0,1,0.2281684959643284,-0.4849013310445709,-1.7386471267283103,-1.1789924538343322,0.0
2025-01-06 02:00:00+00:00,18.26969612482362,55.49333130699277,1009.61665792628,,14.46999275192049,54.8,23.8,target,opensensemap_0,1,1,1,0,1,0.6137136322699824,-0.47057594773100464,-1.9216519720056233,-1.0397762787661053,0.0
2025-01-06 03:00:00+00:00,20.30450579111968,54.17998025788977,1009.7879128874574,,16.50627373194712,54.8,23.8,target,opensensemap_0,1,1,1,0,1,1.0222390082326671,-0.6219909579702858,-1.8401277984605122,-0.4329993921172202,0.0
2025-01-06 04:00:00+00:00,21.74296606039771,48.637098768257495,1009.9309596120625,,13.994709725890248,54.8,23.8,target,opensensemap_0,1,1,1,0,1,1.3110363007007528,-1.261024564469479,-1.7720318675655231,-1.182324689874117,0.0
2025-01-06 05:00:00+00:00,21.740263334023822,49.22224203813224,1010.181855986238,,11.405686264289088,54.8,23.8,target,opensensemap_0,1,1,1,0,1,1.3104936787905541,-1.193563945878553,-1.65259521352932,-2.089310160369251,0.0
2025-01-06 06:00:00+00:00,22.589634762403453,48.17644660127127,1009.889115143267,,12.70695228553269,54.8,23.8,target,opensensemap_0,1,1,1,0,1,1.4810205776244743,-1.3141327206083908,-1.79195149916354,-1.5688898480135345,0.0
2025-01-06 07:00:00+00:00,22.230951137612056,49.27093292038388,1010.6398398892666,,14.248977904921,54.8,23.8,target,opensensemap_0,1,1,1,0,1,1.4090082586854291,-1.1879504197465054,-1.434576658419019,-1.040859991073583,0.0
2025-01-06 08:00:00+00:00,21.479105707478343,50.027463249260805,1009.4968939489142,,13.341875635818004,54.8,23.8,target,opensensemap_0,1,1,1,0,1,1.2580614934431058,-1.1007307479219295,-1.9786643890947064,-1.3239519224390195,0.0
2025-01-06 09:00:00+00:00,19.578173975499737,52.609981538066215,1010.6459637367374,,12.771456667983577,54.8,23.8,target,opensensemap_0,1,1,1,0,1,0.8764145692373867,-0.8029946373750427,-1.4316614634340605,-1.502312929274765,0.0
2025-01-06 10:00:00+00:00,18.59837548952368,53.15206284603136,1009.326317422257,,13.815465367524522,54.8,23.8,target,opensensemap_0,1,1,1,0,1,0.6797020454662323,-0.7404985919710934,-2.0598656008220573,-1.1389766086135926,0.0
2025-01-06 11:00:00+00:00,16.348422756196513,53.07880475462096,1010.0649361407274,,12.91910555662218,54.8,23.8,target,opensensemap_0,1,1,1,0,1,0.2279827512710695,-0.7489444485976153,-1.7082537107240694,-1.423136502344695,0.0
2025-01-06 12:00:00+00:00,15.884717192156389,59.21380561342979,1010.4554249949248,,14.07153861036704,54.8,23.8,target,opensensemap_0,1,1,1,0,1,0.13488535104576607,-0.04164595556410319,-1.522365483614276,-1.033563877433036,0.0
2025-01-06 13:00:00+00:00,12.669134347899728,64.05231976123738,1010.0217812910294,,12.312651269720387,54.8,23.8,target,opensensemap_0,1,1,1,0,1,-0.5107019056632743,0.5161818009474268,-1.728797135754825,-1.6079715728068327,0.0
2025-01-06 14:00:00+00:00,11.64330021372786,66.63645311249068,1010.3283985959011,,18.17851043005547,54.8,23.8,target,opensensemap_0,1,1,1,0,1,-0.7166569304891405,0.8141041105286474,-1.5828351022905267,0.1167686401177908,0.0
2025-01-06 15:00:00+00:00,10.417925254513287,68.06325261996653,1009.4661304880842,,13.405333380576277,54.8,23.8,target,opensensemap_0,1,1,1,0,1,-0.9626734371925038,0.9785984870941572,-1.993309020130871,-1.2239880322837293,0.0
2025-01-06 16:00:00+00:00,9.411039034222698,72.06811795238045,1011.1651648164632,,19.26338955855941,54.8,23.8,target,opensensemap_0,1,1,1,0,1,-1.1648243206432465,1.4403156538246766,-1.1845010971744807,0.3823446851211727,0.0
2025-01-06 17:00:00+00:00,8.506698952719619,72.42278837010703,1010.0728894724928,,15.9292235208581,54.8,23.8,target,opensensemap_0,1,1,1,0,1,-1.346387185177239,1.4812052735256074,-1.7044676084433112,-0.46232164232482015,0.0
2025-01-06 18:00:00+00:00,8.307946210637011,70.988178490313,1009.4733629419044,,16.43436768928241,54.8,23.8,target,opensensemap_0,1,1,1,0,1,-1.3862904449404538,1.3158104464633804,-1.9898660844264773,-0.3220087540097561,0.0
2025-01-06 19:00:00+00:00,9.253624981517373,71.23115107452695,1010.8227534403932,,16.976271656404123,54.8,23.8,target,opensensemap_0,1,1,1,0,1,-1.1964280800161373,1.3438225277357452,-1.3475025323132583,-0.1763062728720915,0.0
2025-01-06 20:00:00+00:00,9.652168266108475,68.71339489725628,1009.3237762866052,,18.735778301210555,54.8,23.8,target,opensensemap_0,1,1,1,0,1,-1.1164132030122582,1.053552780266611,-2.0610752824713443,0.26647091823259617,0.0
2025-01-06 21:00:00+00:00,10.859365716465051,66.29101609879979,1010.1497765376308,,15.71707051648163,54.8,23.8,target,opensensemap_0,1,1,1,0,1,-0.8740461647399133,0.7742790013160291,-1.6678663070935824,-0.5231161999992752,0.0
2025-01-06 22:00:00+00:00,10.98873835466281,62.280479584791706,1010.0532638582704,,14.907740374192894,54.8,23.8,target,opensensemap_0,1,1,1,0,1,-0.8480722338438457,0.3119080093803323,-1.7138101814630626,-0.7571111229104662,0.0
2025-01-06 23:00:00+00:00,13.335793351878005,66.30721654403138,1011.4843133173996,,17.217314147944002,54.8,23.8,target,opensensemap_0,1,1,1,0,1,-0.37685787850427,0.7761467354472026,-1.0325737159288568,-0.10632802346870293,0.0
2025-01-07 00:00:00+00:00,14.788581296925884,60.27436324830978,1010.6671997552594,,17.071470020033548,54.8,23.8,target,opensensemap_0,1,1,1,0,1,-0.08518404223579815,0.08062473912516356,-1.4215522739104776,-0.1444259324630179,0.0
2025-01-07 01:00:00+00:00,16.832365925765554,59.50118835058869,1010.2791077823396,,17.260251866857626,54.8,23.8,target,opensensemap_0,1,1,1,0,1,0.3251432221335077,-0.008513869425194,-1.6062994901911596,-0.0940081999238925,0.0
2025-01-07 02:00:00+00:00,18.728871196059288,54.25273602332392,1010.5536504583628,,17.36293790755285,54.8,23.8,target,opensensemap_0,1,1,1,0,1,0.7059014529376036,-0.6136030140342735,-1.4756062558943137,-0.06665996168023841,0.0
2025-01-07 03:00:00+00:00,19.94339763447222,50.81024196446896,1009.912750212873,,22.68137856491477,54.8,23.8,target,opensensemap_0,1,1,1,0,1,0.9497399200372938,-1.0104849242639793,-1.7807002658966868,1.1634431636566258,0.0
2025-01-07 04:00:00+00:00,20.72301188398633,50.917183161461885,1010.6376618767804,,16.599826767316955,54.8,23.8,target,opensensemap_0,1,1,1,0,1,1.1062617852829835,-0.9981557739970004,-1.4356134789974493,-0.27920312736691194,0.0
2025-01-07 05:00:00+00:00,22.49591097969971,47.48534842047231,1011.2542811974156,,21.83463353502668,54.8,23.8,target,opensensemap_0,1,1,1,0,1,1.4622038085674507,-1.3938087814707871,-1.142078155050477,0.9833115037903846,0.0
2025-01-07 06:00:00+00:00,22.31348703068626,48.84266300243324,1010.482860059244,,24.609748959781072,54.8,23.8,target,opensensemap_0,1,1,1,0,1,1.425578853619712,-1.237325256775768,-1.5093053017112041,1.5326173983407356,0.0
2025-01-07 07:00:00+00:00,22.003810281405283,47.5530936596822,1011.0958964573314,,20.91048056242036,54.8,23.8,target,opensensemap_0,1,1,1,0,1,1.3634055641359837,-1.3859984964021965,-1.2174755914152413,0.7631966864344419,0.0
2025-01-07 08:00:00+00:00,20.31627300818833,48.90599123850813,1011.3471225414804,,20.90725959176626,54.8,23.8,target,opensensemap_0,1,1,1,0,1,1.0246014929685268,-1.2300242038544915,-1.0978819823167614,0.7585185201725863,0.0
2025-01-07 09:00:00+00:00,20.426555504147544,50.697153424152525,1010.9576182556252,,22.780459257911097,54.8,23.8,target,opensensemap_0,1,1,1,0,1,1.0467427275370902,-1.0235227959751663,-1.2833015157323846,1.1515200584108929,0.0
2025-01-07 10:00:00+00:00,18.13653781494085,55.2082952514196,1011.9703949035808,,21.357714233562845,54.8,23.8,target,opensensemap_0,1,1,1,0,1,0.5869796583222199,-0.5034374871515981,-0.8011795459937262,0.8447309331198307,0.0
2025-01-07 11:00:00+00:00,16.49822911953047,57.24695522667838,1011.5466986343748,,20.184727300921068,54.8,23.8,target,opensensemap_0,1,1,1,0,1,0.25805912741390996,-0.26840229131492793,-1.0028758235420394,0.5793937539302414,0.0
2025-01-07 12:00:00+00:00,14.949180946683992,59.67790269421352,1011.537042217893,,22.584537558542834,54.8,23.8,target,opensensemap_0,1,1,1,0,1,-0.05294071580402728,0.01185936145443733,-1.0074726618915562,1.0971000284494785,0.0
2025-01-07 13:00:00+00:00,14.34468046297344,61.1018606838888,1011.5301324180064,,21.495880003498613,54.8,23.8,target,opensensemap_0,1,1,1,0,1,-0.17430527951135683,0.17602614209868742,-1.0107620014893703,0.860487718309571,0.0
2025-01-07 14:00:00+00:00,12.176773718611557,66.34076760528431,1012.1578182064028,,25.05411006597028,54.8,23.8,target,opensensemap_0,1,1,1,0,1,-0.6095523360110475,0.7800148058207875,-0.7119585986961278,1.5677291524984838,0.0
2025-01-07 15:00:00+00:00,9.124075974782995,72.01466325830319,1012.5432820078496,,19.04206502514885,54.8,23.8,target,opensensemap_0,1,1,1,0,1,-1.2224374201320072,1.4341529122967556,-0.5284624965776269,0.2846120365666414,0.0
2025-01-07 16:00:00+00:00,9.9606301855916,70.6138547821985,1011.7996385523096,,24.01766432992128,54.8,23.8,target,opensensemap_0,1,1,1,0,1,-1.0544838129006031,1.27265501735273,-0.8824663613902184,1.357046445083546,0.0
2025-01-07 17:00:00+00:00,8.96649517405097,73.04196713913818,1012.3783288430884,,22.651654758647624,54.8,23.8,target,opensensemap_0,1,1,1,0,1,-1.2540746572308137,1.5525898128815008,-0.6069867643614744,1.074057080160629,0.0
2025-01-07 18:00:00+00:00,8.624544476207092,69.9001811226532,1012.2245018071444,,23.709234865533244,54.8,23.8,target,opensensemap_0,1,1,1,0,1,-1.3227275340631017,1.1903762507264257,-0.6802145522632725,1.2780526393474319,0.0
2025-01-07 19:00:00+00:00,8.104224755468133,70.42338214684699,1012.0037615072872,,21.09016772354317,54.8,23.8,target,opensensemap_0,1,1,1,0,1,-1.4271912650235554,1.2506956059282297,-0.7852957154029321,0.7280959635468621,0.0
2025-01-07 20:00:00+00:00,8.69390157373629,70.03965605181943,1012.7470021577834,,20.673514410862253,54.8,23.8,target,opensensemap_0,1,1,1,0,1,-1.3088028241439804,1.2064561844518777,-0.4314836018135992,0.6328504355218401,0.0
2025-01-07 21:00:00+00:00,8.738885880179106,68.14573123966464,1013.168095342349,,22.91135831813138,54.8,23.8,target,opensensemap_0,1,1,1,0,1,-1.2997713992365965,0.9881073697760876,-0.23102649609722384,1.1050263054610694,0.0
2025-01-07 22:00:00+00:00,11.130194355510602,65.1816950063417,1012.2941657215416,,24.816248190174896,54.8,23.8,target,opensensemap_0,1,1,1,0,1,-0.8196723461856977,0.6463864133534192,-0.6470517579821364,1.4678436231335859,0.0
2025-01-07 23:00:00+00:00,13.829974309408277,64.04248298756417,1013.9259982410096,,20.5325710102302,54.8,23.8,target,opensensemap_0,1,1,1,0,1,-0.2776419838618273,0.5150477285396966,0.12976543083994418,0.5808275532074831,0.0
2025-01-08 00:00:00+00:00,15.439702431343324,60.241549631113,1012.5846743129786,,24.114026447589104,54.8,23.8,target,opensensemap_0,1,1,1,0,1,0.04554047251418849,0.07684168798492831,-0.5087581128706317,1.3205179095169042,0.0
2025-01-08 01:00:00+00:00,17.183007726399243,55.33717136203413,1013.4153620486657,,19.440135205675062,54.8,23.8,target,opensensemap_0,1,1,1,0,1,0.39554099731847603,-0.48857948127295286,-0.11331770833951778,0.3189163238153194,0.0
2025-01-08 02:00:00+00:00,18.64223521897294,53.75127235712388,1013.6338623742524,,20.901932979608112,54.8,23.8,target,opensensemap_0,1,1,1,0,1,0.6885076909079978,-0.6714162896273943,-0.009302862052246888,0.65116148451034,0.0
2025-01-08 03:00:00+00:00,20.14615316514516,49.305760355172005,1013.17024036934,,18.95856076744252,54.8,23.8,target,opensensemap_0,1,1,1,0,1,0.99044681305469,-1.183935197465567,-0.2300053779265669,0.1993744280805471,0.0
2025-01-08 04:00:00+00:00,20.8539399762193,49.43997081752593,1013.6293490345518,,20.14528205368543,54.8,23.8,target,opensensemap_0,1,1,1,0,1,1.1325480021166758,-1.1684621991796802,-0.011451391277307302,0.47870766081996186,0.0
2025-01-08 05:00:00+00:00,22.4116413369142,47.84836003266408,1013.0236675645936,,23.965277083701697,54.8,23.8,target,opensensemap_0,1,1,1,0,1,1.4452851315671313,-1.3519575132858377,-0.29977986322610956,1.2836894595673718,0.0
2025-01-08 06:00:00+00:00,22.322563897918577,47.988899927463976,1013.6564822212492,,21.82212082998629,54.8,23.8,target,opensensemap_0,1,1,1,0,1,1.4274012012623767,-1.3357548006716533,0.0014650848700096285,0.8387852128226013,0.0
2025-01-08 07:00:00+00:00,22.25624478004373,49.671004183401806,1012.3138046172826,,21.283300421748887,54.8,23.8,target,opensensemap_0,1,1,1,0,1,1.4140864215008606,-1.1418265791879019,-0.6377028624312358,0.7187624443072489,0.0
2025-01-08 08:00:00+00:00,20.835669138078096,51.77435264582299,1013.4457199016608,,19.71047754767985,54.8,23.8,target,opensensemap_0,1,1,1,0,1,1.1288797961196126,-0.8993335083582905,-0.09886616276664957,0.3599622523363282,0.0
2025-01-08 09:00:00+00:00,19.89922810005895,52.86831669526159,1013.644682432719,,19.613470149981907,54.8,23.8,target,opensensemap_0,1,1,1,0,1,0.9408720755645849,-0.773211419477117,-0.004152083831660647,0.33594097877507756,0.0
2025-01-08 10:00:00+00:00,17.74331198947922,54.23980726329875,1014.6342777874968,,14.748271241749183,54.8,23.8,target,opensensemap_0,1,1,1,0,1,0.5080323588053242,-0.6150935586475581,0.46693466826989,-0.9798743115091876,0.0
2025-01-08 11:00:00+00:00,16.51866814049564,58.06206681587048,1014.1687405015535,,21.978672161665408,54.8,23.8,target,opensensemap_0,1,1,1,0,1,0.26216263589551875,-0.17442884095070718,0.24532040244057346,0.8709511761471183,0.0
2025-01-08 12:00:00+00:00,14.455132780746649,58.473312494320666,1014.2678016778592,,17.917874237578186,54.8,23.8,target,opensensemap_0,1,1,1,0,1,-0.1521299500976794,-0.12701671252097513,0.2924774627277823,-0.08374753666091798,0.0
2025-01-08 13:00:00+00:00,14.111209000800851,64.90353781540914,1014.58568302998,,14.535475981541566,54.8,23.8,target,opensensemap_0,1,1,1,0,1,-0.2211789593647809,0.6143179317833557,0.4438016307336832,-1.0489433345869432,0.0
2025-01-08 14:00:00+00:00,11.61770686717989,66.42765612213249,1014.4471487086834,,11.943859955515435,54.8,23.8,target,opensensemap_0,1,1,1,0,1,-0.7217952644050023,0.7900321014076971,0.37785378330376057,-1.9371569622405649,0.0
2025-01-08 15:00:00+00:00,10.36975134684052,71.02403057790373,1014.8479859769848,,15.580897297619767,54.8,23.8,target,opensensemap_0,1,1,1,0,1,-0.9723452330708046,1.319943800004581,0.5686682671568913,-0.7079555639808653,0.0
2025-01-08 16:00:00+00:00,9.305258517858167,67.54018913627309,1015.0235262416828,,14.666943669970324,54.8,23.8,target,opensensemap_0,1,1,1,0,1,-1.1860617002041607,0.9182949888075951,0.6522324156347505,-0.981208813334304,0.0
2025-01-08 17:00:00+00:00,8.160620392570294,75.15929330021135,1015.162693174973,,15.970221500048844,54.8,23.8,target,opensensemap_0,1,1,1,0,1,-1.4158688061069171,1.7966943594745475,0.7184814115370571,-0.5867981769278432,0.0
2025-01-08 18:00:00+00:00,8.150827478519245,70.29197351551818,1015.2365378579492,,15.995382538471285,54.8,23.8,target,opensensemap_0,1,1,1,0,1,-1.4178349132867387,1.2355456281124955,0.7536344179606104,-0.5774483917005141,0.0
2025-01-08 19:00:00+00:00,8.701175906433921,70.07239733185153,1014.3175916777212,,12.309920890759702,54.8,23.8,target,opensensemap_0,1,1,1,0,1,-1.3073423683827363,1.210230895908265,0.31617948316360045,-1.770237679473401,0.0
2025-01-08 20:00:00+00:00,8.817843935586504,69.51478250758986,1015.9397941819936,,15.648475450440234,54.8,23.8,target,opensensemap_0,1,1,1,0,1,-1.2839191208614373,1.1459440059843398,1.0884124016985988,-0.6630613697045835,0.0
2025-01-08 21:00:00+00:00,11.752403669568656,68.20490602541885,1015.2792562827658,,13.116526102375786,54.8,23.8,target,opensensemap_0,1,1,1,0,1,-0.6947524098578216,0.9949295753067416,0.7739700873881061,-1.463659826317379,0.0
2025-01-08 22:00:00+00:00,10.724753156705068,65.75209798862946,1015.3017559207706,,16.40911791896331,54.8,23.8,target,opensensemap_0,1,1,1,0,1,-0.9010721060336505,0.7121476380180701,0.7846808100485921,-0.43405363674586855,0.0
2025-01-08 23:00:00+00:00,12.224983759006978,63.32696526834214,1015.2063633014886,,14.193129400963851,54.8,23.8,target,opensensemap_0,1,1,1,0,1,-0.5998732858256971,0.43255636200339637,0.7392701288292158,-1.0949610433848702,0.0
2025-01-09 00:00:00+00:00,14.40368574157812,60.69393205372626,1015.9613705310614,,12.457478014742817,54.8,23.8,target,opensensemap_0,1,1,1,0,1,-0.1624588871804033,0.12899643305391753,1.0986836020993342,-1.6784788354796918,0.0
2025-01-09 01:00:00+00:00,16.336598083679462,56.17137563555434,1015.0039438107398,,15.416367510196643,54.8,23.8,target,opensensemap_0,1,1,1,0,1,0.2256087312997289,-0.39240485324567603,0.6429103995736662,-0.7002826524892597,0.0
2025-01-09 02:00:00+00:00,18.80071878117855,54.6965490840964,1016.0445174678983,,13.01747789126146,54.8,23.8,target,opensensemap_0,1,1,1,0,1,0.7203261739368337,-0.5624362226519636,1.1382648513772107,-1.4630676904081759,0.0
2025-01-09 03:00:00+00:00,20.161455613295733,50.026795567836814,1015.1473433271898,,13.940748106000868,54.8,23.8,target,opensensemap_0,1,1,1,0,1,0.9935190602959962,-1.1008077242868695,0.7111742734199045,-1.1431728216060542,0.0
2025-01-09 04:00:00+00:00,20.486053663160416,48.728103759027306,1015.7674797610912,,15.186842817393302,54.8,23.8,target,opensensemap_0,1,1,1,0,1,1.0586880746535436,-1.2505326844663012,1.0063838831821252,-0.7497243078888227,0.0
2025-01-09 05:00:00+00:00,20.99348470715543,49.09780331388751,1016.3992488170568,,14.414663160293884,54.8,23.8,target,opensensemap_0,1,1,1,0,1,1.160564167271358,-1.2079103696458673,1.307131083758811,-0.9830043627213847,0.0
2025-01-09 06:00:00+00:00,21.55669840585398,47.75093232661237,1015.7344903827724,,11.2422200883488,54.8,23.8,target,opensensemap_0,1,1,1,0,1,1.273639651342054,-1.363189862107948,0.9906796268807764,-2.091976127472979,0.0
2025-01-09 07:00:00+00:00,22.37932377672399,46.52512792718955,1015.8838660059628,,11.140818366799325,54.8,23.8,target,opensensemap_0,1,1,1,0,1,1.4387967883841863,-1.5045117012435905,1.061788365247593,-2.1040097534834774,0.0
2025-01-09 08:00:00+00:00,21.586852599110788,48.14115545478944,1016.1016344421872,,13.034631881201552,54.8,23.8,target,opensensemap_0,1,1,1,0,1,1.2796936589188477,-1.318201403775433,1.165454803085964,-1.386886741504795,0.0
2025-01-09 09:00:00+00:00,20.623215330202303,50.247290789188206,1016.6497331110944,,14.678423750392366,54.8,23.8,target,opensensemap_0,1,1,1,0,1,1.086225796006103,-1.075387037090224,1.4263715712580005,-0.8515937305631992,0.0
2025-01-09 10:00:00+00:00,18.70778893274492,51.35236768942904,1014.8765339331636,,11.60098212625948,54.8,23.8,target,opensensemap_0,1,1,1,0,1,0.7016688017519404,-0.9479837580663572,0.5822582298527529,-1.8849625317535927,0.0
2025-01-09 11:00:00+00:00,16.69192986546212,56.34940212308968,1015.7983146871122,,9.70253831447657,54.8,23.8,target,opensensemap_0,1,1,1,0,1,0.29694810625389273,-0.37188034652568114,1.0210625344918896,-2.6342303278474866,0.0
2025-01-09 12:00:00+00:00,14.687566904348529,59.820522762124185,1015.5809350993206,,13.952377274548397,54.8,23.8,target,opensensemap_0,1,1,1,0,1,-0.10546453499580348,0.028301895274902816,0.9175812039748218,-1.029410905275524,0.0
2025-01-09 13:00:00+00:00,13.34490032364294,62.86489194427582,1016.471908981513,,16.20608238495614,54.8,23.8,target,opensensemap_0,1,1,1,0,1,-0.37502948682431286,0.37928436199807725,1.3417202122501641,-0.371572596230844,0.0
2025-01-09 14:00:00+00:00,12.07206827527732,63.42808837619321,1016.2309181050372,,15.385551854845437,54.8,23.8,target,opensensemap_0,1,1,1,0,1,-0.6305738749352855,0.44421475023185564,1.2269989691309395,-0.5981849296293755,0.0
2025-01-09 15:00:00+00:00,10.153220611909894,70.9428138225397,1015.5741412350872,,15.878541504366398,54.8,23.8,target,opensensemap_0,1,1,1,0,1,-1.015817751095564,1.3105803964778209,0.9143470543595066,-0.4579086074269405,0.0
2025-01-09 16:00:00+00:00,9.62056341231356,70.51384508129946,1016.006412304032,,11.193147570587588,54.8,23.8,target,opensensemap_0,1,1,1,0,1,-1.1227584573093423,1.2611249927671497,1.1201252776641415,-1.9767068822417986,0.0
2025-01-09 17:00:00+00:00,7.919669130825674,71.9392009890067,1016.1399599744444,,12.977406455151405,54.8,23.8,target,opensensemap_0,1,1,1,0,1,-1.464244192966605,1.425452938069749,1.1836992809186881,-1.3197187641450758,0.0
2025-01-09 18:00:00+00:00,7.4868209618137245,71.64074209340531,1016.3047976937204,,17.245758427656106,54.8,23.8,target,opensensemap_0,1,1,1,0,1,-1.5511464049569024,1.3910438920158756,1.2621685920594843,-0.07600847905002033,0.0
2025-01-09 19:00:00+00:00,8.21881797067646,73.71199652510758,1015.8097861115316,,15.245135099762027,54.8,23.8,target,opensensemap_0,1,1,1,0,1,-1.404184574471033,1.6298368721551553,1.0265233888154355,-0.6153853407677147,0.0
2025-01-09 20:00:00+00:00,9.11997990349385,69.30537830955625,1015.9581362128872,,12.545553057548666,54.8,23.8,target,opensensemap_0,1,1,1,0,1,-1.2232597815995612,1.121801992460185,1.0971439379966201,-1.4589317835454594,0.0
2025-01-09 21:00:00+00:00,10.08264904547962,70.04110782594209,1015.586360245285,,17.638189737684606,54.8,23.8,target,opensensemap_0,1,1,1,0,1,-1.0299862879301087,1.206623558128396,0.920163789250421,0.03274010860415164,0.0
2025-01-09 22:00:00+00:00,11.976647809504646,65.76747223485327,1016.217798922517,,14.29725252375959,54.8,23.8,target,opensensemap_0,1,1,1,0,1,-0.6497312842497764,0.7139201204407932,1.2207537164083697,-0.8861585342902488,0.0
2025-01-09 23:00:00+00:00,12.915809216356426,65.68382458571527,1015.512542725788,,17.479609972643576,54.8,23.8,target,opensensemap_0,1,1,1,0,1,-0.4611773997372464,0.704276461451544,0.8850237137234053,-0.0029607742071073814,0.0
2025-01-10 00:00:00+00:00,14.246345394886568,61.132515324538446,1015.8664799313348,,18.37320239014715,54.8,23.8,target,opensensemap_0,1,1,1,0,1,-0.1940478487186433,0.17956028685839762,1.0535119021571389,0.2173173575746948,0.0
2025-01-10 01:00:00+00:00,17.229061889887724,58.42389645982514,1015.7639303835574,,17.742413914517766,54.8,23.8,target,opensensemap_0,1,1,1,0,1,0.4047872156579172,-0.13271384077486847,1.004694238292126,0.0620490953199962,0.0
2025-01-10 02:00:00+00:00,18.79471926630812,53.0583179879461,1016.0989938455984,,24.81981946579868,54.8,23.8,target,opensensemap_0,1,1,1,0,1,0.719121661245238,-0.7513063487064727,1.164197774074448,1.562922152285124,0.0
2025-01-10 03:00:00+00:00,20.22651537233688,52.04827703401276,1015.7394738462282,,18.012326638054063,54.8,23.8,target,opensensemap_0,1,1,1,0,1,1.006581000664457,-0.8677530226451438,0.9930519537134315,0.12136886248855171,0.0
2025-01-10 04:00:00+00:00,21.54069243397264,48.94794234026244,1015.8865903120268,,22.81973709620693,54.8,23.8,target,opensensemap_0,1,1,1,0,1,1.270426158803278,-1.225187700692586,1.06308524329904,1.1762574399411663,0.0
2025-01-10 05:00:00+00:00,21.55889731925476,48.48285728424949,1015.0888501187573,,21.819282548851906,54.8,23.8,target,opensensemap_0,1,1,1,0,1,1.274081123553752,-1.2788069204483659,0.6833291795161729,0.9692631295404994,0.0
2025-01-10 06:00:00+00:00,22.47357976799121,47.83364300592811,1015.5725022720044,,20.10043584077666,54.8,23.8,target,opensensemap_0,1,1,1,0,1,1.457720408075491,-1.3536542254904238,0.9135668427389202,0.5987365779914778,0.0
2025-01-10 07:00:00+00:00,22.53073639425137,49.96288384227874,1015.7446533658726,,22.52984193727236,54.8,23.8,target,opensensemap_0,1,1,1,0,1,1.469195649528513,-1.1081760471632207,0.9955176110904324,1.1073781986676463,0.0
2025-01-10 08:00:00+00:00,20.26626500914301,53.48667910428432,1016.3852153048962,,26.33614022140839,54.8,23.8,target,opensensemap_0,1,1,1,0,1,1.014561469594587,-0.7019209975006695,1.3004505737580305,1.8038964346106696,0.0
2025-01-10 09:00:00+00:00,20.559447512978814,53.55946458564776,1015.555177912771,,18.931067821233544,54.8,23.8,target,opensensemap_0,1,1,1,0,1,1.0734232366625722,-0.6935296276430498,0.9053197586311652,0.31516207532571855,0.0
2025-01-10 10:00:00+00:00,18.43002874297024,52.032580766508254,1015.272894003894,,22.786412640621528,54.8,23.8,target,opensensemap_0,1,1,1,0,1,0.6459033472061503,-0.8695626305991915,0.7709413895721426,1.139875279692971,0.0
2025-01-10 11:00:00+00:00,16.981720788479343,54.70672464081148,1014.7642076000084,,20.111678459322373,54.8,23.8,target,opensensemap_0,1,1,1,0,1,0.35512895124254584,-0.5612630922651892,0.5287864272557591,0.5776328805412208,0.0
2025-01-10 12:00:00+00:00,14.971299485063648,60.14419018008138,1014.728294488656,,21.589840227223004,54.8,23.8,target,opensensemap_0,1,1,1,0,1,-0.04850001338504269,0.06561720822004588,0.5116903577328482,0.8921103668435725,0.0
2025-01-10 13:00:00+00:00,13.64252179445779,62.0153864143588,1015.50872769558,,20.61725746618213,54.8,23.8,target,opensensemap_0,1,1,1,0,1,-0.31527651568744725,0.2813456664767528,0.883207607593588,0.6829211201827163,0.0
2025-01-10 14:00:00+00:00,11.973910743403009,64.57584011568521,1015.2824317927932,,21.788715055806986,54.8,23.8,target,opensensemap_0,1,1,1,0,1,-0.6502808004903994,0.5765379714346158,0.775481756473711,0.9276981447307844,0.0
2025-01-10 15:00:00+00:00,10.131964383652262,67.79447628255642,1015.7641786253804,,21.19080684591264,54.8,23.8,target,opensensemap_0,1,1,1,0,1,-1.0200853289355616,0.9476115153253948,1.0048124112742063,0.7995145248866695,0.0
2025-01-10 16:00:00+00:00,9.649895231271117,67.22895024311121,1014.7380127425546,,21.234982429744537,54.8,23.8,target,opensensemap_0,1,1,1,0,1,-1.1168695564623567,0.8824125488254185,0.5163166331524515,0.8060092332334077,0.0
2025-01-10 17:00:00+00:00,7.926880909657747,71.5624344892401,1014.8551691460182,,25.29318812587803,54.8,23.8,target,opensensemap_0,1,1,1,0,1,-1.4627962960416334,1.3820158818014048,0.5720877413423772,1.589097311329167,0.0
2025-01-10 18:00:00+00:00,7.806217806233127,71.48618301815951,1014.8448741505936,,20.848902893751827,54.8,23.8,target,opensensemap_0,1,1,1,0,1,-1.4870216280261705,1.3732249212411538,0.5671869140152673,0.7119491891734373,0.0
2025-01-10 19:00:00+00:00,8.256780620093934,73.1605176465085,1014.8007386828008,,20.35813916499233,54.8,23.8,target,opensensemap_0,1,1,1,0,1,-1.3965628760474929,1.566257389649805,0.5461766757652553,0.6033939017312204,0.0
2025-01-10 20:00:00+00:00,9.207920547149334,70.27024500516978,1015.177038082892,,19.20025011321492,54.8,23.8,target,opensensemap_0,1,1,1,0,1,-1.205604083817688,1.233040568540545,0.7253101583052216,0.3405554441950945,0.0
2025-01-10 21:00:00+00:00,10.18790353947118,64.41950605794207,1014.4707946316214,,23.940260580913822,54.8,23.8,target,opensensemap_0,1,1,1,0,1,-1.008854517012225,0.5585143645930996,0.38911018318836654,1.3290034938707986,0.0
2025-01-10 22:00:00+00:00,11.03379521762577,67.42503084076047,1014.9350532680326,,24.10518880990197,54.8,23.8,target,opensensemap_0,1,1,1,0,1,-0.8390262418837487,0.9050184969617252,0.6101157609794493,1.352198475977408,0.0
2025-01-10 23:00:00+00:00,12.709311328979563,63.35404813152708,1014.4970413555274,,23.64341118291282,54.8,23.8,target,opensensemap_0,1,1,1,0,1,-0.5026356395291242,0.4356787198903124,0.40160466778600284,1.25739478950916,0.0
2025-01-11 00:00:00+00:00,15.293935708449483,58.75051499414378,1014.6652487524168,,20.742189031911806,54.8,23.8,target,opensensemap_0,1,1,1,0,1,0.01627512831054516,-0.09505829639320994,0.4816780795067971,0.6654659152526796,0.0
2025-01-11 01:00:00+00:00,17.958963883926163,57.6593425600616,1014.567776265712,,21.381558120199927,54.8,23.8,target,opensensemap_0,1,1,1,0,1,0.5513284334776882,-0.22085854255908924,0.43527729866307585,0.7990398598344225,0.0
2025-01-11 02:00:00+00:00,17.426230143114072,55.33889112244624,1013.445023237274,,22.295946284895063,54.8,23.8,target,opensensemap_0,1,1,1,0,1,0.4443723602104397,-0.4883812117085532,-0.09919780272607533,0.9837731037667157,0.0
2025-01-11 03:00:00+00:00,19.79347701029861,51.87320993551104,1014.4631913887246,,21.30329738032803,54.8,23.8,target,opensensemap_0,1,1,1,0,1,0.9196406039343924,-0.8879363441800096,0.38549073713456666,0.7759503034547447,0.0
2025-01-11 04:00:00+00:00,22.061352896511,51.95356915735093,1013.7657864774668,,21.54692209352642,54.8,23.8,target,opensensemap_0,1,1,1,0,1,1.37495829993202,-0.8786718048886928,0.05349825863523521,0.8243047441141231,0.0
2025-01-11 05:00:00+00:00,22.394364597136978,47.965575687790256,1014.0487320599216,,21.779999502145948,54.8,23.8,target,opensensemap_0,1,1,1,0,1,1.4418165090567288,-1.3384438303803758,0.18819161063670653,0.8696982180739136,0.0
2025-01-11 06:00:00+00:00,22.672100642093664,47.62600878575435,1013.5387962378874,,19.921514580902866,54.8,23.8,target,opensensemap_0,1,1,1,0,1,1.4975771160872886,-1.3775921799277442,-0.054558124416648805,0.46740345180954257,0.0
2025-01-11 07:00:00+00:00,21.52626854408628,47.51982976457594,1013.3080574198432,,19.71576333313628,54.8,23.8,target,opensensemap_0,1,1,1,0,1,1.2675302982536298,-1.389833459660156,-0.1643989799253121,0.41981874737947766,0.0
2025-01-11 08:00:00+00:00,20.31642197569057,48.45117033223481,1013.2155930752194,,17.989943055021858,54.8,23.8,target,opensensemap_0,1,1,1,0,1,1.0246314009279134,-1.2824600794168164,-0.20841568592913473,0.00947919909749194,0.0
2025-01-11 09:00:00+00:00,20.98581520777473,51.50123745920512,1013.2769712928736,,15.56406340673132,54.8,23.8,target,opensensemap_0,1,1,1,0,1,1.1590243745478206,-0.9308207019814205,-0.17919721287864535,-0.6350077598736229,0.0
2025-01-11 10:00:00+00:00,18.670236337433703,54.22406599029615,1013.0857200728054,,17.126213044981256,54.8,23.8,target,opensensemap_0,1,1,1,0,1,0.6941294292140586,-0.6169083552432562,-0.2702404010488105,-0.2077507173264055,0.0
2025-01-11 11:00:00+00:00,16.99474460889713,57.64554814828613,1012.4964007047756,,17.076877561086963,54.8,23.8,target,opensensemap_0,1,1,1,0,1,0.3577437221573761,-0.2224488873504947,-0.5507798616428327,-0.22021030449779447,0.0
2025-01-11 12:00:00+00:00,14.993578020116836,60.52849197336144,1012.7039736075556,,14.716829934963162,54.8,23.8,target,opensensemap_0,1,1,1,0,1,-0.04402718869816749,0.10992300140779743,-0.4519669032727427,-0.8827452945112045,0.0
2025-01-11 13:00:00+00:00,13.371202740897347,62.40132137553248,1013.1937984837429,,17.159843722566993,54.8,23.8,target,opensensemap_0,1,1,1,0,1,-0.3697487939538376,0.32583974605868987,-0.21879077839749728,-0.19464832102425322,0.0
2025-01-11 14:00:00+00:00,10.876627472683698,66.33231443980358,1013.6026978240563,,14.542793587521103,54.8,23.8,target,opensensemap_0,1,1,1,0,1,-0.8705805504538188,0.7790402483034403,-0.024138427580820764,-0.9334410773421529,0.0
2025-01-11 15:00:00+00:00,10.027354502903446,69.07268843654671,1012.7729432941348,,17.519124878422485,54.8,23.8,target,opensensemap_0,1,1,1,0,1,-1.0410876819173582,1.0949753953151347,-0.41913458904729994,-0.09755471437107269,0.0
2025-01-11 16:00:00+00:00,9.054525176638808,68.64949819081349,1012.9079074489416,,16.385389492409324,54.8,23.8,target,opensensemap_0,1,1,1,0,1,-1.236401019003679,1.0461861889299693,-0.3548862828774212,-0.39810454118489297,0.0
2025-01-11 17:00:00+00:00,8.432228264323607,74.43056247650614,1011.9402307307128,,13.023239775054616,54.8,23.8,target,opensensemap_0,1,1,1,0,1,-1.3613385422889632,1.7126796665191764,-0.8155388921220365,-1.4219981424417398,0.0
2025-01-11 18:00:00+00:00,8.012865590082505,71.58268718128434,1011.9839367282716,,10.923769311317152,54.8,23.8,target,opensensemap_0,1,1,1,0,1,-1.4455332937670784,1.3843507956657106,-0.7947330987864575,-2.185539746434513,0.0
2025-01-11 19:00:00+00:00,8.051443102122898,72.71538131943448,1012.0571497507608,,13.7399118437968,54.8,23.8,target,opensensemap_0,1,1,1,0,1,-1.4377881503902563,1.514938040137106,-0.7598807878803291,-1.1596846717595986,0.0
2025-01-11 20:00:00+00:00,9.22700652481146,70.97422510861419,1012.9526694205704,,14.080400174597964,54.8,23.8,target,opensensemap_0,1,1,1,0,1,-1.2017722236053134,1.3142017741786616,-0.33357780388098357,-1.0466389607025124,0.0
2025-01-11 21:00:00+00:00,9.77884560198784,67.67506856841942,1011.291758612723,,11.941315746653723,54.8,23.8,target,opensensemap_0,1,1,1,0,1,-1.09098040351103,0.933845111993208,-1.1242374146214769,-1.764616850128588,0.0
2025-01-11 22:00:00+00:00,11.730812761166696,63.24584381494115,1011.3912942864343,,15.46695297505353,54.8,23.8,target,opensensemap_0,1,1,1,0,1,-0.6990871808776301,0.42320394575054054,-1.076854474695045,-0.6179832170739152,0.0
2025-01-11 23:00:00+00:00,12.904026818979164,61.78394137655278,1011.7570844180424,,13.25769109744527,54.8,23.8,target,opensensemap_0,1,1,1,0,1,-0.46354293219859427,0.25466258521438684,-0.9027238219812096,-1.2945447667442713,0.0
2025-01-12 00:00:00+00:00,15.69815936632352,58.63054137926274,1011.058244290967,,11.790695934568944,54.8,23.8,target,opensensemap_0,1,1,1,0,1,0.09743044447660047,-0.1088899418912382,-1.2353995202984571,-1.7985155728748674,0.0
2025-01-12 01:00:00+00:00,15.767012580542476,58.635102212796056,1011.362415102689,,14.789357757507249,54.8,23.8,target,opensensemap_0,1,1,1,0,1,0.11125399057574985,-0.10836412767224571,-1.090602114887806,-0.7981195280663027,0.0
2025-01-12 02:00:00+00:00,17.78270335389554,53.88385859569625,1011.436407635404,,11.493948425068831,54.8,23.8,target,opensensemap_0,1,1,1,0,1,0.515940897979483,-0.6561305465774041,-1.055378726107594,-1.8924689327614281,0.0
2025-01-12 03:00:00+00:00,19.00756080377335,51.43133789628085,1011.834876343653,,12.21278965180654,54.8,23.8,target,opensensemap_0,1,1,1,0,1,0.7618535051880355,-0.9388793570098138,-0.865691771053809,-1.615527600174072,0.0
2025-01-12 04:00:00+00:00,20.73050846535788,49.71385128505863,1010.3695135729938,,13.261845319233757,54.8,23.8,target,opensensemap_0,1,1,1,0,1,1.1077668615434189,-1.1368867770378805,-1.5632627377601156,-1.2495108387989282,0.0
2025-01-12 05:00:00+00:00,22.010871271932626,47.01643513342914,1011.0020041645477,,10.49663722793826,54.8,23.8,target,opensensemap_0,1,1,1,0,1,1.36482318754206,-1.4478693543903192,-1.2621720575428383,-2.2445907055061323,0.0
2025-01-12 06:00:00+00:00,22.41272791260474,48.90991565642893,1010.6314106943788,,13.54770100305183,54.8,23.8,target,opensensemap_0,1,1,1,0,1,1.445503281573907,-1.2295717613943689,-1.438589290474466,-1.1346867403027086,0.0
2025-01-12 07:00:00+00:00,21.357571568469485,48.362870369866805,1011.6094286006582,,13.89077245364415,54.8,23.8,target,opensensemap_0,1,1,1,0,1,1.2336612850829443,-1.292640099233461,-0.9730138643753692,-1.0225097055986472,0.0
2025-01-12 08:00:00+00:00,21.08979984598545,51.8821458416689,1010.1959401900406,,14.577602470097055,54.8,23.8,target,opensensemap_0,1,1,1,0,1,1.1799011986179087,-0.886906131942913,-1.6458905722906072,-0.8109141513635922,0.0
2025-01-12 09:00:00+00:00,20.03255082158993,52.44144637069664,1010.5935890339975,,12.934220431229251,54.8,23.8,target,opensensemap_0,1,1,1,0,1,0.9676390581674125,-0.8224248986980699,-1.456593905251686,-1.3224404485754921,0.0
2025-01-12 10:00:00+00:00,18.433318090476032,52.58993679060909,1010.4680862272132,,11.938887095419492,54.8,23.8,target,opensensemap_0,1,1,1,0,1,0.6465637440721244,-0.8053055775029984,-1.5163382334179476,-1.6570418567355352,0.0
2025-01-12 11:00:00+00:00,17.03211411053106,56.29509137685909,1011.8939910743668,,9.791302559073108,54.8,23.8,target,opensensemap_0,1,1,1,0,1,0.36524633528007155,-0.37814178150319494,-0.8375508078218658,-2.4788287150428046,0.0
2025-01-12 12:00:00+00:00,14.572910245441935,60.25526390900957,1010.2928648658112,,12.796645848427032,54.8,23.8,target,opensensemap_0,1,1,1,0,1,-0.1284839630348416,0.07842279421661821,-1.5997505712418485,-1.329965520905508,0.0
2025-01-12 13:00:00+00:00,12.991430632050642,62.51929360695365,1010.0143380407436,,12.987034321168515,54.8,23.8,target,opensensemap_0,1,1,1,0,1,-0.44599501300642996,0.33944065393536704,-1.7323404189617058,-1.2611037613447382,0.0
2025-01-12 14:00:00+00:00,12.520291448979368,63.704980767939766,1010.6744820596098,,16.50283018610411,54.8,23.8,target,opensensemap_0,1,1,1,0,1,-0.5405848486470772,0.47613741429042433,-1.4180856073707913,-0.23800136372580885,0.0
2025-01-12 15:00:00+00:00,10.032404788397589,69.6983627372685,1009.966085913008,,18.59248618356032,54.8,23.8,target,opensensemap_0,1,1,1,0,1,-1.0400737444398698,1.1671087984254054,-1.7553103510932775,0.27496922712941924,0.0
2025-01-12 16:00:00+00:00,9.06367938839483,71.13254467739826,1010.9546064408077,,15.447865266401392,54.8,23.8,target,opensensemap_0,1,1,1,0,1,-1.2345631430287345,1.332454288725241,-1.2847352593867882,-0.5218983798203226,0.0
2025-01-12 17:00:00+00:00,8.320421569492975,72.8718449126422,1010.0359092048216,,12.947575142726258,54.8,23.8,target,opensensemap_0,1,1,1,0,1,-1.3837857877475384,1.532976581000801,-1.7220716868223804,-1.2722376772862136,0.0
2025-01-12 18:00:00+00:00,7.991217486947088,73.25149959962161,1010.28224541577,,17.933458057901664,54.8,23.8,target,opensensemap_0,1,1,1,0,1,-1.4498795476790591,1.576746613663157,-1.6048058518723165,0.12508813849899028,0.0
2025-01-12 19:00:00+00:00,8.293751915054552,70.74455841437154,1010.9846371031842,,18.468423226291662,54.8,23.8,target,opensensemap_0,1,1,1,0,1,-1.3891402102209112,1.2877237164772393,-1.2704394695630548,0.2519393679170683,0.0
2025-01-12 20:00:00+00:00,8.778338233123954,69.45509438363297,1010.4588966980956,,16.0453073218594,54.8,23.8,target,opensensemap_0,1,1,1,0,1,-1.2918506154962948,1.1390626181739227,-1.520712814810704,-0.3557388559384413,0.0
2025-01-12 21:00:00+00:00,9.638951061371095,68.7147963991912,1010.0122462704398,,19.365122826786003,54.8,23.8,target,opensensemap_0,1,1,1,0,1,-1.1190667993775354,1.0537143581097714,-1.733336184830841,0.4591278149612381,0.0
2025-01-12 22:00:00+00:00,10.958607373248968,66.9725269033887,1010.3550209500698,,17.169369139774275,54.8,23.8,target,opensensemap_0,1,1,1,0,1,-0.8541215812172642,0.8528497425702339,-1.5701618027463469,-0.06454327537146393,0.0
2025-01-12 23:00:00+00:00,12.946450852599272,63.949801016632726,1011.1732072158104,,14.524238202363764,54.8,23.8,target,opensensemap_0,1,1,1,0,1,-0.4550255290372184,0.5043625110670598,-1.1806725951819244,-0.7865279367519485,0.0
2025-01-13 00:00:00+00:00,15.36423948097152,60.17970129469939,1010.471656205498,,15.515926347734812,54.8,23.8,target,opensensemap_0,1,1,1,0,1,0.030389900604427724,0.06971125130712964,-1.514638781751041,-0.4999320548304679,0.0
2025-01-13 01:00:00+00:00,16.632805453006362,57.28729059839991,1008.8046166241468,,19.938253149886457,54.8,23.8,target,opensensemap_0,1,1,1,0,1,0.2850777956164223,-0.2637520641525921,-2.308215932464171,0.5921802094892431,0.0
2025-01-13 02:00:00+00:00,18.125875958713863,54.00591911913899,1009.576937946162,,17.184662387626037,54.8,23.8,target,opensensemap_0,1,1,1,0,1,0.5848390950569003,-0.6420583033492768,-1.94056026248716,-0.05832705429806685,0.0
2025-01-13 03:00:00+00:00,19.763015109267336,51.724737122880455,1009.981299832162,,19.865963770406943,54.8,23.8,target,opensensemap_0,1,1,1,0,1,0.9135248183759369,-0.9050536354480748,-1.7480679204104794,0.5760669273789941,0.0
2025-01-13 04:00:00+00:00,21.256109699655923,50.7212351000687,1010.0781143850062,,17.95122868824489,54.8,23.8,target,opensensemap_0,1,1,1,0,1,1.2132909532580578,-1.0207464421526933,-1.7019803422550845,0.13036745957340434,0.0
2025-01-13 05:00:00+00:00,20.859047434078665,49.352945370649344,1010.1417122904088,,19.308882853302272,54.8,23.8,target,opensensemap_0,1,1,1,0,1,1.1335734179955024,-1.178495281301095,-1.6717052095435845,0.45012449003042837,0.0
2025-01-13 06:00:00+00:00,22.12460785304033,46.40942275786885,1011.4454040891816,,25.456062809352403,54.8,23.8,target,opensensemap_0,1,1,1,0,1,1.3876578930810377,-1.5178512416577066,-1.0510960562566571,1.6737710687762117,0.0
2025-01-13 07:00:00+00:00,21.509422005195937,48.16960843728405,1010.1979298640032,,20.582647138352613,54.8,23.8,target,opensensemap_0,1,1,1,0,1,1.2641480464647559,-1.3149210861187781,-1.644943408340956,0.7230478978981777,0.0
2025-01-13 08:00:00+00:00,21.013726910478272,50.52967497929356,1010.2018387064916,,24.464760007820715,54.8,23.8,target,opensensemap_0,1,1,1,0,1,1.164628160999985,-1.042831228751383,-1.6430826438340895,1.485490144942532,0.0
2025-01-13 09:00:00+00:00,20.05795810177809,52.08321639908284,1009.710326632128,,21.23766047443571,54.8,23.8,target,opensensemap_0,1,1,1,0,1,0.9727400358475273,-0.8637248960270142,-1.8770619421530597,0.8526174999927869,0.0
2025-01-13 10:00:00+00:00,18.209374499988325,55.47520010117986,1011.592747316716,,20.95993185556799,54.8,23.8,target,opensensemap_0,1,1,1,0,1,0.6016029592804165,-0.4726662774381213,-0.9809548190648835,0.7921668995254794,0.0
2025-01-13 11:00:00+00:00,16.225401795404224,56.98131780666074,1009.3756741428888,,19.35092315308381,54.8,23.8,target,opensensemap_0,1,1,1,0,1,0.20328403615711835,-0.2990273802425058,-2.0363698385344335,0.4387291465019927,0.0
2025-01-13 12:00:00+00:00,14.89290469877924,60.93547684195002,1010.2509749690048,,21.74273609833692,54.8,23.8,target,opensensemap_0,1,1,1,0,1,-0.06423920514868757,0.15684390506616067,-1.6196918283800648,0.9515309545167622,0.0
2025-01-13 13:00:00+00:00,13.856462866121138,63.09363187105072,1009.8802282888892,,23.1416014377952,54.8,23.8,target,opensensemap_0,1,1,1,0,1,-0.27232392007971035,0.4056555735476539,-1.7961819953406166,1.2245016781772216,0.0
2025-01-13 14:00:00+00:00,10.45638075831378,66.30369334201023,1010.6503042879848,,24.037336748795184,54.8,23.8,target,opensensemap_0,1,1,1,0,1,-0.9549527892084945,0.7757405487917225,-1.4295951883857725,1.3877518740631891,0.0
2025-01-13 15:00:00+00:00,9.743047980083997,66.00490697836452,1010.3222231262704,,23.721038836047125,54.8,23.8,target,opensensemap_0,1,1,1,0,1,-1.098167432936469,0.741293749254255,-1.5857748714770046,1.3224342985284494,0.0
2025-01-13 16:00:00+00:00,9.4356132402354,68.9575281675292,1010.23612005292,,22.065166862394754,54.8,23.8,target,opensensemap_0,1,1,1,0,1,-1.1598905978894138,1.0816986759457372,-1.6267633593218218,0.9970632932884106,0.0
2025-01-13 17:00:00+00:00,8.510840447728897,73.03332637713653,1009.2225751499444,,20.569812172450767,54.8,23.8,target,opensensemap_0,1,1,1,0,1,-1.345555704064417,1.551593627537264,-2.1092510490089684,0.6849984351078398,0.0
2025-01-13 18:00:00+00:00,7.830243277750911,72.73260897094059,1009.775737192208,,22.379872589847817,54.8,23.8,target,opensensemap_0,1,1,1,0,1,-1.4821980737905798,1.516924199915923,-1.845923913713012,1.054924175929757,0.0
2025-01-13 19:00:00+00:00,7.748277347471092,72.37285935009479,1009.9419091072242,,20.806304040464305,54.8,23.8,target,opensensemap_0,1,1,1,0,1,-1.498654238235998,1.4754490036527852,-1.7668194723294313,0.7300699597621023,0.0
2025-01-13 20:00:00+00:00,9.259069743120897,71.52783652090022,1010.6832363539276,,21.421834645801663,54.8,23.8,target,opensensemap_0,1,1,1,0,1,-1.1953349442216943,1.3780271144919947,-1.41391821505514,0.8566854167922842,0.0
2025-01-13 21:00:00+00:00,9.30056410697044,66.98514783082935,1010.590672148168,,20.068705341706405,54.8,23.8,target,opensensemap_0,1,1,1,0,1,-1.1870041893246903,0.8543047974536639,-1.4579824589317998,0.5669641861108298,0.0
2025-01-13 22:00:00+00:00,11.96003929965137,66.02714881569315,1011.25921823688,,23.444860222269067,54.8,23.8,target,opensensemap_0,1,1,1,0,1,-0.6530657473420125,0.7438579898121438,-1.1397279278843497,1.2525674093743935,0.0
2025-01-13 23:00:00+00:00,13.83585827341185,63.59745556254255,1010.5455082213408,,22.80031541554512,54.8,23.8,target,opensensemap_0,1,1,1,0,1,-0.27646067012692355,0.46374093424244334,-1.4794822845912916,1.1240452534061312,0.0
2025-01-14 00:00:00+00:00,15.86929232555118,60.45653250287798,1010.7364880466636,,20.53072218167896,54.8,23.8,target,opensensemap_0,1,1,1,0,1,0.13178852605351143,0.10162686156955048,-1.3885682911152162,0.6574900525077361,0.0
2025-01-14 01:00:00+00:00,16.516452400363708,55.09986452439825,1011.5251846283512,,21.375623309154086,54.8,23.8,target,opensensemap_0,1,1,1,0,1,0.261717785408799,-0.5159383639380473,-1.0131173461739145,0.8337776604020993,0.0
2025-01-14 02:00:00+00:00,17.802068706579927,53.00145544668732,1011.252603491846,,20.26621123571677,54.8,23.8,target,opensensemap_0,1,1,1,0,1,0.519828847853655,-0.7578619777386422,-1.1428768096358544,0.5965251377242756,0.0
2025-01-14 03:00:00+00:00,19.80602650287416,51.95529803067933,1010.9167934600335,,22.447131725463738,54.8,23.8,target,opensensemap_0,1,1,1,0,1,0.9221601448317484,-0.8784724847047242,-1.3027357423257493,1.0468728630445376,0.0
2025-01-14 04:00:00+00:00,19.95997171020548,49.29157177074868,1010.392649214666,,24.3392417197228,54.8,23.8,target,opensensemap_0,1,1,1,0,1,0.9530674698481265,-1.1855709860517227,-1.552249252055565,1.4023614250158627,0.0
2025-01-14 05:00:00+00:00,22.76587798502342,46.67744702109155,1010.384791209528,,17.1174633004159,54.8,23.8,target,opensensemap_0,1,1,1,0,1,1.516404638342427,-1.4869509758164006,-1.5559899750698702,-0.15352798072399115,0.0
2025-01-14 06:00:00+00:00,20.915412519383835,49.44932153794757,1010.993197094323,,23.142913881758588,54.8,23.8,target,opensensemap_0,1,1,1,0,1,1.144889743078319,-1.1673841633952997,-1.2663645732894235,1.1747540567256587,0.0
2025-01-14 07:00:00+00:00,21.970889681792144,48.51576515027953,1010.6175938235168,,14.831696794544644,54.8,23.8,target,opensensemap_0,1,1,1,0,1,1.3567961497240917,-1.2750130034485705,-1.4451666705997483,-0.7803026993616814,0.0
2025-01-14 08:00:00+00:00,20.533809881045915,48.12607544053836,1011.4406694528724,,19.324200603803384,54.8,23.8,target,opensensemap_0,1,1,1,0,1,1.068276011643121,-1.3199399644700742,-1.0533499314699069,0.37711736187864725,0.0
2025-01-14 09:00:00+00:00,20.75926658611373,49.782239280840926,1011.52361975701,,19.059441315695,54.8,23.8,target,opensensemap_0,1,1,1,0,1,1.113540581949981,-1.1290023891671035,-1.013862287178361,0.3157125592070696,0.0
2025-01-14 10:00:00+00:00,18.19540537150593,54.85307976253491,1011.6822184897616,,19.04710102274245,54.8,23.8,target,opensensemap_0,1,1,1,0,1,0.5987984004267479,-0.5443899475949507,-0.938362981791936,0.31231889323911927,0.0
2025-01-14 11:00:00+00:00,16.36942541975638,54.82986551132583,1011.8742456405132,,16.07735930102906,54.8,23.8,target,opensensemap_0,1,1,1,0,1,0.23219942134548993,-0.5470662968367784,-0.8469504197521491,-0.4329100097923785,0.0
2025-01-14 12:00:00+00:00,14.84770378884231,61.13373979386587,1011.5261493701572,,16.301549076162146,54.8,23.8,target,opensensemap_0,1,1,1,0,1,-0.07331411718183756,0.1797014547783353,-1.0126580906996325,-0.3714612352730044,0.0
2025-01-14 13:00:00+00:00,13.885634011143445,64.23475889721182,1011.4443482744164,,17.922151995590756,54.8,23.8,target,opensensemap_0,1,1,1,0,1,-0.26646727747333204,0.537215037765931,-1.0515986660821397,0.04614439497399519,0.0
2025-01-14 14:00:00+00:00,11.928713792060575,66.23420987754577,1012.3266035109816,,13.592436429620829,54.8,23.8,target,opensensemap_0,1,1,1,0,1,-0.6593549177630702,0.7677298653643679,-0.6316100799277021,-1.1657527187835417,0.0
2025-01-14 15:00:00+00:00,10.070544272157909,66.76519903196463,1011.9171310545152,,16.681592760890005,54.8,23.8,target,opensensemap_0,1,1,1,0,1,-1.03241654327738,0.8289471067928426,-0.8265352568300844,-0.26647354248926886,0.0
2025-01-14 16:00:00+00:00,8.569375978024208,69.72953316643013,1011.4575537029452,,14.60097607535082,54.8,23.8,target,opensensemap_0,1,1,1,0,1,-1.3338036223256882,1.17070240795874,-1.0453123568288303,-0.8504292923606462,0.0
2025-01-14 17:00:00+00:00,9.01186968133504,71.34442139633394,1011.9366663706166,,16.145430316357633,54.8,23.8,target,opensensemap_0,1,1,1,0,1,-1.2449648923449956,1.3568813568644282,-0.8172356693076694,-0.4073655323678118,0.0
2025-01-14 18:00:00+00:00,8.071495497669066,73.6199764346044,1012.3699908699948,,12.053450035769044,54.8,23.8,target,opensensemap_0,1,1,1,0,1,-1.433762264055461,1.6192279622561032,-0.610955971214368,-1.6816677561070548,0.0
2025-01-14 19:00:00+00:00,8.659534586409686,69.95545121685815,1013.1007457483908,,16.084452009391654,54.8,23.8,target,opensensemap_0,1,1,1,0,1,-1.315702627428217,1.196748288031825,-0.2630875817924893,-0.41707995801862174,0.0
2025-01-14 20:00:00+00:00,8.656026786610477,70.36966749613985,1012.2386686538132,,16.0402700871146,54.8,23.8,target,opensensemap_0,1,1,1,0,1,-1.3164068826003394,1.2445028942443466,-0.6734705697329403,-0.4284321822434364,0.0
2025-01-14 21:00:00+00:00,10.166145826593034,66.20269104763479,1012.859506812033,,13.953074264677614,54.8,23.8,target,opensensemap_0,1,1,1,0,1,-1.013222777091219,0.7640960890355177,-0.37792691128258493,-1.0384731322900307,0.0
2025-01-14 22:00:00+00:00,11.607880481126834,66.54425371428226,1013.1833513207076,,9.886451428376605,54.8,23.8,target,opensensemap_0,1,1,1,0,1,-0.7237680917033839,0.8034745284124886,-0.2237640435600487,-2.518807657767857,0.0
2025-01-14 23:00:00+00:00,13.299819126071368,61.49478490264018,1013.792654891182,,17.182773434904895,54.8,23.8,target,opensensemap_0,1,1,1,0,1,-0.3840803644035898,0.2213260066292977,0.0662886923110818,-0.11277276516793264,0.0
2025-01-15 00:00:00+00:00,15.032444485259443,61.23569265734736,1013.137836701808,,10.511744722827428,54.8,23.8,target,opensensemap_0,1,1,1,0,1,-0.036224032684255496,0.19145550475493261,-0.2454308125955154,-2.2355200125612433,0.0
2025-01-15 01:00:00+00:00,17.077674083263155,58.07616597870122,1013.1693923714702,,11.814610494389838,54.8,23.8,target,opensensemap_0,1,1,1,0,1,0.3743933357575697,-0.17280336169606336,-0.23040905864351532,-1.720800213559096,0.0
2025-01-15 02:00:00+00:00,18.98033277873109,58.94781078492119,1012.689588713464,,13.492731475088036,54.8,23.8,target,opensensemap_0,1,1,1,0,1,0.756386979570748,-0.0723122497812765,-0.45881468504960965,-1.144229634166287,0.0
2025-01-15 03:00:00+00:00,19.50894817708788,50.04247151830886,1012.7350272952408,,12.797627018162697,54.8,23.8,target,opensensemap_0,1,1,1,0,1,0.8625162200251975,-1.0990004586644329,-0.43718411270911584,-1.366516996733409,0.0
2025-01-15 04:00:00+00:00,20.273604318197663,52.82253784306255,1013.3306341809874,,13.709017698373758,54.8,23.8,target,opensensemap_0,1,1,1,0,1,1.016034970551714,-0.7784892203965244,-0.15365154358270094,-1.0668030794531755,0.0
2025-01-15 05:00:00+00:00,21.75306990404169,46.48990927175833,1012.289885296742,,13.917865494209591,54.8,23.8,target,opensensemap_0,1,1,1,0,1,1.313064832701409,-1.5085720269854204,-0.6490894104496134,-0.9986811935059416,0.0
2025-01-15 06:00:00+00:00,22.108819398763547,45.63706478051783,1013.4813382555124,,14.241760163968449,54.8,23.8,target,opensensemap_0,1,1,1,0,1,1.3844880711924707,-1.6068956682250495,-0.08191040953871469,-0.8970706843344542,0.0
2025-01-15 07:00:00+00:00,21.696827358516064,49.50323338612842,1014.3743127863336,,10.804031119023328,54.8,23.8,target,opensensemap_0,1,1,1,0,1,1.3017731097277419,-1.1611687169996863,0.34318098706394234,-2.06952510517999,0.0
2025-01-15 08:00:00+00:00,21.18700830886924,47.47827455882297,1015.201774846922,,12.746264673224768,54.8,23.8,target,opensensemap_0,1,1,1,0,1,1.1994175811593,-1.394624320343504,0.7370858419401255,-1.3569335443187671,0.0
2025-01-15 09:00:00+00:00,20.19893739577417,52.87581111584039,1013.814506951668,,14.392722616244422,54.8,23.8,target,opensensemap_0,1,1,1,0,1,1.0010442158583972,-0.7723473947599999,0.07669114231389185,-0.8344722301619316,0.0
2025-01-15 10:00:00+00:00,18.130914908245504,53.11230045271983,1013.5556086615512,,12.471620056233434,54.8,23.8,target,opensensemap_0,1,1,1,0,1,0.5858507566319202,-0.7450827609901202,-0.04655474200330133,-1.4418024855421665,0.0
2025-01-15 11:00:00+00:00,16.432207414577427,56.03056199290519,1013.9330141935126,,12.207097551181336,54.8,23.8,target,opensensemap_0,1,1,1,0,1,0.24480405875349026,-0.40863912599256536,0.13310530330558548,-1.5259397520238684,0.0
2025-01-15 12:00:00+00:00,15.049577934945498,58.63899139963608,1014.073428442076,,15.671115112175462,54.8,23.8,target,opensensemap_0,1,1,1,0,1,-0.03278417828879534,-0.10791574697037062,0.1999480708925073,-0.45760852330832613,0.0
2025-01-15 13:00:00+00:00,13.31798460178941,63.9788461927222,1014.8697795726492,,15.41977373936,54.8,23.8,target,opensensemap_0,1,1,1,0,1,-0.380433311846206,0.5077111021676595,0.5790428855790765,-0.5260967085915786,0.0
2025-01-15 14:00:00+00:00,10.944688268592364,64.12946988561389,1014.0459247108738,,14.014081609801824,54.8,23.8,target,opensensemap_0,1,1,1,0,1,-0.8569160968700497,0.5250763664030285,0.18685520082178092,-0.9337234869319078,0.0
2025-01-15 15:00:00+00:00,9.759677403237982,68.1671523257723,1015.1754308879424,,11.930673302701202,54.8,23.8,target,opensensemap_0,1,1,1,0,1,-1.0948287711153906,0.9905769866957558,0.7245450695796949,-1.6133604311102865,0.0
2025-01-15 16:00:00+00:00,9.035286435955948,69.79970940890965,1014.0302768337796,,15.90992306027957,54.8,23.8,target,opensensemap_0,1,1,1,0,1,-1.2402635491954197,1.1787929611134718,0.17940618889784699,-0.3828132764642172,0.0
2025-01-15 17:00:00+00:00,8.219920936688819,69.2493398314823,1014.8738844216354,,16.37740723207575,54.8,23.8,target,opensensemap_0,1,1,1,0,1,-1.4039631338064165,1.1153413688994431,0.5809969569754316,-0.2578010422740181,0.0
2025-01-15 18:00:00+00:00,8.033643513987572,69.99139053170796,1015.3789174755912,,14.999210547184324,54.8,23.8,target,opensensemap_0,1,1,1,0,1,-1.4413617443019666,1.2008916979218873,0.821412779405598,-0.6348245408321807,0.0
2025-01-15 19:00:00+00:00,8.140703499779981,71.18001077399322,1015.1070884479254,,18.52173348683976,54.8,23.8,target,opensensemap_0,1,1,1,0,1,-1.419867487777219,1.3379266104680478,0.6920113496679604,0.27606045204694146,0.0
2025-01-15 20:00:00+00:00,8.70475583020817,72.17603206961587,1014.868886286788,,13.192140218327376,54.8,23.8,target,opensensemap_0,1,1,1,0,1,-1.306623632999267,1.4527569711536,0.5786176459768047,-1.1837535278129379,0.0
2025-01-15 21:00:00+00:00,10.52336744503748,66.45049744670388,1015.2448884092416,,17.90592014808582,54.8,23.8,target,opensensemap_0,1,1,1,0,1,-0.9415039827517673,0.7926654562873522,0.7576096125364735,0.1321708382716079,0.0
2025-01-15 22:00:00+00:00,11.339737537253004,68.55417817358644,1015.7925925768188,,18.94868191143482,54.8,23.8,target,opensensemap_0,1,1,1,0,1,-0.7776027076737304,1.0351968335749786,1.018338582383317,0.37792482027045565,0.0
2025-01-15 23:00:00+00:00,13.308834777029842,62.69018577938184,1015.3217667626312,,17.875030535334645,54.8,23.8,target,opensensemap_0,1,1,1,0,1,-0.38227030705111836,0.35914265216021324,0.7942067667473987,0.12358712654254035,0.0
2025-01-04 00:00:00+00:00,14.766288509089051,61.99291791260805,1014.133417392096,,19.232218802615616,54.82,23.82,target,opensensemap_1,1,1,1,0,1,-0.08965972843050549,0.2787552939902993,0.22850519728815147,0.38653713518094807,0.0
2025-01-04 01:00:00+00:00,16.6757255508077,56.95849003166418,1014.6456324781668,,22.38500192286298,54.82,23.82,target,opensensemap_1,1,1,1,0,1,0.2936947927641526,-0.3016591730043919,0.4723399526854222,1.0478082211955693,0.0
2025-01-04 02:00:00+00:00,18.081954879517745,52.65688976772783,1013.4573836007488,,20.715266726919936,54.82,23.82,target,opensensemap_1,1,1,1,0,1,0.5760211325277848,-0.7975866315875791,-0.09331377805271272,0.6934386281586589,0.0
2025-01-04 03:00:00+00:00,19.74649697515128,50.910913641567824,1013.9745376091636,,18.35884526918579,54.82,23.82,target,opensensemap_1,1,1,1,0,1,0.910208499871196,-0.9988785810633999,0.15287210083626437,0.15812281171725873,0.0
2025-01-04 04:00:00+00:00,19.710181127645274,48.99961462317555,1013.466314743343,,19.961769746379733,54.82,23.82,target,opensensemap_1,1,1,1,0,1,0.9029174271475241,-1.2192304516754866,-0.08906219892298611,0.5254248116515862,0.0
2025-01-04 05:00:00+00:00,21.3841994928755,48.28355480730714,1013.599528550153,,20.09432662820745,54.82,23.82,target,opensensemap_1,1,1,1,0,1,1.2390073294866326,-1.3017843160255427,-0.025647128023335988,0.5503982292030122,0.0
2025-01-04 06:00:00+00:00,22.16678484718572,46.49184545636242,1014.1474362619946,,23.75980104757128,54.82,23.82,target,opensensemap_1,1,1,1,0,1,1.3961256985350905,-1.5083488060789814,0.23517873698977212,1.2946108228574507,0.0
2025-01-04 07:00:00+00:00,22.31573457872433,49.50737076583845,1013.7309239311896,,19.766913568950624,54.82,23.82,target,opensensemap_1,1,1,1,0,1,1.4260300901272123,-1.1606917223746878,0.03690229987652669,0.4544214409510519,0.0
2025-01-04 08:00:00+00:00,20.88124194249102,49.98789583474098,1013.3416130356842,,21.20238445088214,54.82,23.82,target,opensensemap_1,1,1,1,0,1,1.138029372792478,-1.1052924380189928,-0.1484251720401094,0.7636489129648711,0.0
2025-01-04 09:00:00+00:00,20.443079611019247,52.03382016367233,1013.1650454980448,,24.38969871923302,54.82,23.82,target,opensensemap_1,1,1,1,0,1,1.050060245182118,-0.8694197416629718,-0.23247834329996658,1.3853507839644013,0.0
2025-01-04 10:00:00+00:00,18.319674253798706,53.84526374359327,1012.1214432437288,,22.061717467671865,54.82,23.82,target,opensensemap_1,1,1,1,0,1,0.6237476586792551,-0.660580110865907,-0.7292745278192656,0.9124414165664325,0.0
2025-01-04 11:00:00+00:00,16.978664696917413,55.65929437510657,1013.3408225704212,,21.07369482427858,54.82,23.82,target,opensensemap_1,1,1,1,0,1,0.3545153847871699,-0.45144222131798206,-0.14880146494769908,0.6979403702154184,0.0
2025-01-04 12:00:00+00:00,15.434100250888443,58.40905021785124,1013.714465293888,,24.02385426853845,54.82,23.82,target,opensensemap_1,1,1,1,0,1,0.04441573199695525,-0.13442545008300286,0.02906733384418519,1.2793661764546853,0.0
2025-01-04 13:00:00+00:00,13.201742524219377,60.60274374180778,1012.3664421116932,,21.501715359809424,54.82,23.82,target,opensensemap_1,1,1,1,0,1,-0.40377104177178824,0.11848341812750511,-0.6126453213252105,0.763908457198313,0.0
2025-01-04 14:00:00+00:00,11.936862263588791,65.92210969658639,1013.7565297031769,,24.73474047652513,54.82,23.82,target,opensensemap_1,1,1,1,0,1,-0.6577189625925578,0.7317481283200941,0.04909166586563805,1.385016924132898,0.0
2025-01-04 15:00:00+00:00,9.75440430129716,68.58135643821905,1012.493432687516,,26.175123959195563,54.82,23.82,target,opensensemap_1,1,1,1,0,1,-1.0958874430828698,1.0383301902052895,-0.5521927559175056,1.6156035492728529,0.0
2025-01-04 16:00:00+00:00,9.30384850591828,71.03168419974736,1012.9545676354433,,23.81650682316556,54.82,23.82,target,opensensemap_1,1,1,1,0,1,-1.186344785972523,1.3208261788861544,-0.332674178096021,1.164207921910751,0.0
2025-01-04 17:00:00+00:00,7.788918575850137,71.54838597606162,1011.8459352956644,,22.04248456180601,54.82,23.82,target,opensensemap_1,1,1,1,0,1,-1.490494765938347,1.3803962418976494,-0.8604272700034322,0.8073970141002769,0.0
2025-01-04 18:00:00+00:00,8.386648879522765,73.5645341123398,1013.0618107145756,,23.86306693846817,54.82,23.82,target,opensensemap_1,1,1,1,0,1,-1.3704894400954428,1.612836068939296,-0.28162220661100335,1.1508680078165383,0.0
2025-01-04 19:00:00+00:00,7.532711630587272,69.47671734954437,1012.0052008246566,,26.64696599881597,54.82,23.82,target,opensensemap_1,1,1,1,0,1,-1.5419330111813467,1.1415555096267564,-0.7846105430832204,1.625144666982567,0.0
2025-01-04 20:00:00+00:00,8.739042178851305,70.93085105771603,1011.2338809994708,,25.431012425283942,54.82,23.82,target,opensensemap_1,1,1,1,0,1,-1.2997400194103257,1.3092012205450003,-1.1517894607327954,1.388195243739833,0.0
2025-01-04 21:00:00+00:00,9.638469144828797,67.21346829655516,1011.5955585203257,,25.18600560449181,54.82,23.82,target,opensensemap_1,1,1,1,0,1,-1.119163552965788,0.8806276497324383,-0.9796165743251719,1.3243056905594432,0.0
2025-01-04 22:00:00+00:00,11.628289737234883,65.7416673798366,1012.4008953464552,,17.861338438194167,54.82,23.82,target,opensensemap_1,1,1,1,0,1,-0.7196705590629789,0.7109451029165439,-0.5962442111289729,-0.1800711892899401,0.0
2025-01-04 23:00:00+00:00,12.53422461891421,62.16260231797447,1011.740976105746,,22.802206819771328,54.82,23.82,target,opensensemap_1,1,1,1,0,1,-0.5377875091316104,0.2983180498837447,-0.9103920193761514,0.8794707247014596,0.0
2025-01-05 00:00:00+00:00,15.199799827392342,60.04877048591646,1011.8660812084672,,19.999403725047955,54.82,23.82,target,opensensemap_1,1,1,1,0,1,-0.002624377052258603,0.05461636120440691,-0.8508370141634192,0.3006662902439315,0.0
2025-01-05 01:00:00+00:00,16.687145757378378,57.117804468246526,1012.3137763778614,,21.63209491800082,54.82,23.82,target,opensensemap_1,1,1,1,0,1,0.29598760877546515,-0.28329196108275295,-0.6377163055190216,0.6416641094446597,0.0
2025-01-05 02:00:00+00:00,18.970589350029343,55.75342849454384,1011.7247061605004,,24.74982689023048,54.82,23.82,target,opensensemap_1,1,1,1,0,1,0.7544308074827747,-0.4405895870065427,-0.918137160484168,1.2295207772807035,0.0
2025-01-05 03:00:00+00:00,19.50509740586857,48.36045298635245,1010.9431738907977,,19.01814081283136,54.82,23.82,target,opensensemap_1,1,1,1,0,1,0.8617431070475212,-1.2929187971107943,-1.2901776079451632,0.0610507771326104,0.0
2025-01-05 04:00:00+00:00,21.111585398721385,51.15788528122313,1011.4185891285692,,20.13957100117836,54.82,23.82,target,opensensemap_1,1,1,1,0,1,1.1842750480591704,-0.9704054524411929,-1.0638610441293377,0.3116023931057331,0.0
2025-01-05 05:00:00+00:00,21.419430337176703,50.6673820087882,1010.8320975918424,,20.26738155743269,54.82,23.82,target,opensensemap_1,1,1,1,0,1,1.2460805679088929,-1.0269551145203912,-1.3430543445402368,0.33777362736532285,0.0
2025-01-05 06:00:00+00:00,21.16346632478066,48.49339176684475,1011.551919172234,,21.190534332967705,54.82,23.82,target,opensensemap_1,1,1,1,0,1,1.1946910958963317,-1.277592409833617,-1.0003906398632618,0.5332225104200022,0.0
2025-01-05 07:00:00+00:00,21.80215849067181,49.03918598636592,1011.0623173276,,20.860821072789776,54.82,23.82,target,opensensemap_1,1,1,1,0,1,1.3229202671632723,-1.2146683063399006,-1.233460592847574,0.46014519514612856,0.0
2025-01-05 08:00:00+00:00,21.02229832057515,46.78980267309674,1011.7822299650796,,16.579479102684132,54.82,23.82,target,opensensemap_1,1,1,1,0,1,1.1663490288483922,-1.473997598111007,-0.8907535413746908,-0.5620211283625485,0.0
2025-01-05 09:00:00+00:00,19.032710696536064,51.26575459426607,1011.4749821380068,,20.271827038691047,54.82,23.82,target,opensensemap_1,1,1,1,0,1,0.76690280761985,-0.9579693005455849,-1.0370157284870296,0.336167526308598,0.0
2025-01-05 10:00:00+00:00,18.42971761948718,52.83708074471786,1010.9887168339092,,20.323374459183487,54.82,23.82,target,opensensemap_1,1,1,1,0,1,0.6458408834583156,-0.7768125829091201,-1.2684973554581584,0.34580564241001005,0.0
2025-01-05 11:00:00+00:00,16.888858135928643,59.37492593705896,1010.6113051724444,,17.249540251154073,54.82,23.82,target,opensensemap_1,1,1,1,0,1,0.33648506986408616,-0.023070544619155052,-1.4481603186544727,-0.3926083125843139,0.0
2025-01-05 12:00:00+00:00,14.991065463458249,60.18033095530424,1010.3765139713348,,19.696928294416978,54.82,23.82,target,opensensemap_1,1,1,1,0,1,-0.04453163054871426,0.06978384428750292,-1.5599302696942947,0.207342475282265,0.0
2025-01-05 13:00:00+00:00,11.660450064075222,64.74124604419842,1010.752760449775,,13.45459832644196,54.82,23.82,target,opensensemap_1,1,1,1,0,1,-0.7132137833599974,0.595607465745806,-1.3808219799652695,-1.506552624994254,0.0
2025-01-05 14:00:00+00:00,11.576320293783668,65.91989546299095,1010.788074891008,,16.994705035207712,54.82,23.82,target,opensensemap_1,1,1,1,0,1,-0.7301043783907224,0.7314928514063135,-1.3640109012325041,-0.44503032463818376,0.0
2025-01-05 15:00:00+00:00,9.762718149195862,68.6253461650557,1010.2048473691804,,19.82463792435308,54.82,23.82,target,opensensemap_1,1,1,1,0,1,-1.0942182855715945,1.04340172454026,-1.6416504007183697,0.2529199854404784,0.0
2025-01-05 16:00:00+00:00,9.668966757719517,70.64963073662602,1009.6138022928828,,17.784153773280888,54.82,23.82,target,opensensemap_1,1,1,1,0,1,-1.1130405975962938,1.2767795935729742,-1.9230113670914832,-0.24143104333205237,0.0
2025-01-05 17:00:00+00:00,7.730332752370122,73.23530585393647,1010.7564652227048,,16.10542920376123,54.82,23.82,target,opensensemap_1,1,1,1,0,1,-1.5022569449567036,1.5748796519164077,-1.3790583606855666,-0.6898679593748088,0.0
2025-01-05 18:00:00+00:00,7.767006692326613,71.54597525679216,1010.7314794665932,,15.556869221515074,54.82,23.82,target,opensensemap_1,1,1,1,0,1,-1.494893978603182,1.3801183123348573,-1.3909525744554638,-0.8422966907754116,0.0
2025-01-05 19:00:00+00:00,7.957414997612923,70.48304562064926,1010.8246064325256,,15.40503450906682,54.82,23.82,target,opensensemap_1,1,1,1,0,1,-1.4566660176336916,1.2575741518454484,-1.3466204343515946,-0.8804533572180526,0.0
2025-01-05 20:00:00+00:00,8.167777569675458,69.92499464945149,1010.2905923858568,,16.004950472289945,54.82,23.82,target,opensensemap_1,1,1,1,0,1,-1.4144318714804758,1.1932369789504622,-1.6008323620927911,-0.7004616585265772,0.0
2025-01-05 21:00:00+00:00,10.610188736050793,68.20921599035793,1010.838453848982,,15.76745590141702,54.82,23.82,target,opensensemap_1,1,1,1,0,1,-0.9240730155511137,0.9954264671208746,-1.34002851330835,-0.7640066709983732,0.0
2025-01-05 22:00:00+00:00,11.95067981736998,66.68744444535643,1009.5880014308644,,15.050224908493732,54.82,23.82,target,opensensemap_1,1,1,1,0,1,-0.6549448351413057,0.8199828534536675,-1.9352936036955526,-0.9706381925213787,0.0
2025-01-05 23:00:00+00:00,12.8821277206729,66.201219600004,1010.1305159529132,,12.51208696337634,54.82,23.82,target,opensensemap_1,1,1,1,0,1,-0.4679395779964763,0.7639264472187048,-1.67703511154924,-1.796757856708475,0.0
2025-01-06 00:00:00+00:00,15.51808635540919,59.74820103015141,1009.4590884329984,,15.325745571027072,54.82,23.82,target,opensensemap_1,1,1,1,0,1,0.0612774834881571,0.019963990649433647,-1.9966613184641866,-0.8574808118212398,0.0
2025-01-06 01:00:00+00:00,16.70991218645959,56.67931483999614,1008.9873551914974,,12.593368101081897,54.82,23.82,target,opensensemap_1,1,1,1,0,1,0.30055838714052957,-0.3338450189241403,-2.2212251055961287,-1.7317203910556196,0.0
2025-01-06 02:00:00+00:00,18.17943193337462,54.16789423466662,1010.0743428320897,,9.979027899032658,54.82,23.82,target,opensensemap_1,1,1,1,0,1,0.5955914396352312,-0.6233843442483377,-1.7037757514647685,-2.722242429495545,0.0
2025-01-06 03:00:00+00:00,20.67758603809288,49.38041551783181,1009.6749320359078,,8.77560330288254,54.82,23.82,target,opensensemap_1,1,1,1,0,1,1.0971417132293524,-1.1753282738054616,-1.8939111778480862,-3.1728016403119175,0.0
2025-01-06 04:00:00+00:00,20.67815956496608,48.0798422473508,1010.1486171567046,,12.283886061573067,54.82,23.82,target,opensensemap_1,1,1,1,0,1,1.0972568592724343,-1.3252701459357763,-1.6684182185312562,-1.6621876717550104,0.0
2025-01-06 05:00:00+00:00,21.966997342479228,47.71868412627488,1009.884923055086,,14.48979588074747,54.82,23.82,target,opensensemap_1,1,1,1,0,1,1.3560146911889168,-1.3669077268689611,-1.7939470998867608,-0.9525176873453975,0.0
2025-01-06 06:00:00+00:00,21.492982170624025,48.86016517996549,1010.0770327798168,,13.352282115338216,54.82,23.82,target,opensensemap_1,1,1,1,0,1,1.260847448030171,-1.2353074471489622,-1.7024952293483357,-1.2855543668154055,0.0
2025-01-06 07:00:00+00:00,22.037527009935783,46.17921633811257,1010.2773205262682,,13.695211144178488,54.82,23.82,target,opensensemap_1,1,1,1,0,1,1.3701748160357092,-1.5443915238072146,-1.6071502951729693,-1.167169423810017,0.0
2025-01-06 08:00:00+00:00,20.5077512256562,49.460786376177296,1010.0458136348658,,11.105649847852272,54.82,23.82,target,opensensemap_1,1,1,1,0,1,1.063044258439617,-1.1660623929523313,-1.717356784151883,-2.0177972128656454,0.0
2025-01-06 09:00:00+00:00,20.017821417587417,50.75336020701639,1009.9174065468376,,11.864090756405377,54.82,23.82,target,opensensemap_1,1,1,1,0,1,0.9646818600532586,-1.017042768713101,-1.7784836657141088,-1.7120906865136758,0.0
2025-01-06 10:00:00+00:00,19.170584638559845,53.10894445777616,1010.27217358683,,14.755154114844958,54.82,23.82,target,opensensemap_1,1,1,1,0,1,0.7945835312441142,-0.7454696704985151,-1.6096004430758415,-0.8026959770053727,0.0
2025-01-06 11:00:00+00:00,16.906240530257957,58.34933173468784,1009.5095666734868,,7.94706156085582,54.82,23.82,target,opensensemap_1,1,1,1,0,1,0.33997490446441053,-0.14131033797785506,-1.972631668114016,-3.2681291406235498,0.0
2025-01-06 12:00:00+00:00,14.850246150588138,61.577194287002,1010.0090226173468,,14.236090095882378,54.82,23.82,target,opensensemap_1,1,1,1,0,1,-0.07280369141315222,0.230826907234266,-1.7348707719306957,-0.8874674271768537,0.0
2025-01-06 13:00:00+00:00,12.940403171854827,62.647601386944,1010.2230839495218,,10.665061444873244,54.82,23.82,target,opensensemap_1,1,1,1,0,1,-0.4562397119117886,0.3542331375095692,-1.6329690630776905,-2.008244501551744,0.0
2025-01-06 14:00:00+00:00,12.016622058701294,66.1925911959455,1010.7170165205002,,14.794203605957344,54.82,23.82,target,opensensemap_1,1,1,1,0,1,-0.6417057202609769,0.7629316866101391,-1.3978375120896853,-0.7068770264711065,0.0
2025-01-06 15:00:00+00:00,10.329816683113412,70.16470104438416,1010.3374205859328,,16.36751860292716,54.82,23.82,target,opensensemap_1,1,1,1,0,1,-0.9803628495502646,1.2208725043249917,-1.5785402761669074,-0.30601003729751763,0.0
2025-01-06 16:00:00+00:00,9.13721698203907,70.11250957912462,1010.571881252734,,15.530488218316428,54.82,23.82,target,opensensemap_1,1,1,1,0,1,-1.2197991218092024,1.2148553992622793,-1.4669276726055933,-0.5119510824985002,0.0
2025-01-06 17:00:00+00:00,8.092581246794635,71.97058187694654,1010.7789933896509,,17.46188364419491,54.82,23.82,target,opensensemap_1,1,1,1,0,1,-1.4295289130292403,1.4290708111981671,-1.3683340571142504,-0.04487007900343626,0.0
2025-01-06 18:00:00+00:00,8.37128069671732,72.9508283706129,1010.2169259353232,,23.553698089094755,54.82,23.82,target,opensensemap_1,1,1,1,0,1,-1.373574884774839,1.5420825097664075,-1.6359005227841352,1.1588860727465737,0.0
2025-01-06 19:00:00+00:00,8.102845358696193,72.4086708116785,1010.8579611427368,,14.839771310715532,54.82,23.82,target,opensensemap_1,1,1,1,0,1,-1.4274682042352136,1.479577673459754,-1.3307422655375967,-0.6987746825382871,0.0
2025-01-06 20:00:00+00:00,8.23320633592755,68.7171293111844,1009.545773878794,,15.440258914087352,54.82,23.82,target,opensensemap_1,1,1,1,0,1,-1.4012958461437348,1.0539833173446826,-1.9553955981704005,-0.5379077083051176,0.0
2025-01-06 21:00:00+00:00,9.896355655425928,70.91455595644747,1009.8263110131602,,14.6350629597804,54.82,23.82,target,opensensemap_1,1,1,1,0,1,-1.0673881041646371,1.3073225736081335,-1.8218487632601423,-0.7480816121348006,0.0
2025-01-06 22:00:00+00:00,11.304050942225462,63.8255511893765,1010.9419369435424,,20.337729243852444,54.82,23.82,target,opensensemap_1,1,1,1,0,1,-0.784767446416589,0.4900378650563226,-1.290766444040843,0.574784978646752,0.0
2025-01-06 23:00:00+00:00,12.901398752419649,61.9414640652711,1011.1123269857476,,18.141703226693604,54.82,23.82,target,opensensemap_1,1,1,1,0,1,-0.4640705647811714,0.2728232282058345,-1.2096540063304546,0.1104285297845498,0.0
2025-01-07 00:00:00+00:00,14.310399582459896,59.365975422459066,1011.24809373624,,15.81242009407028,54.82,23.82,target,opensensemap_1,1,1,1,0,1,-0.18118779527295126,-0.02410244104982805,-1.1450236326892933,-0.44342633640459883,0.0
2025-01-07 01:00:00+00:00,16.312976302172913,57.98101213016886,1011.520015866225,,16.78674721612483,54.82,23.82,target,opensensemap_1,1,1,1,0,1,0.22086622524094987,-0.18377355961814587,-1.0155778825443371,-0.2006207438353831,0.0
2025-01-07 02:00:00+00:00,18.167354594883506,54.595748587264566,1011.2521220252636,,19.37963499848353,54.82,23.82,target,opensensemap_1,1,1,1,0,1,0.593166692333587,-0.5740574173586952,-1.1431060068804249,0.38410739263493215,0.0
2025-01-07 03:00:00+00:00,19.092404770435067,52.6135026201252,1011.2701885277436,,18.106932161443524,54.82,23.82,target,opensensemap_1,1,1,1,0,1,0.7788874882444142,-0.8025886951280105,-1.1345056330669812,0.1050560257532646,0.0
2025-01-07 04:00:00+00:00,21.547872136814224,49.69454534364951,1011.4522502215526,,19.82976026285012,54.82,23.82,target,opensensemap_1,1,1,1,0,1,1.2718676158846163,-1.139112540909724,-1.047837024928793,0.47752561206690364,0.0
2025-01-07 05:00:00+00:00,22.811557807374133,45.83345044357731,1010.8503602831732,,22.60162081584801,54.82,23.82,target,opensensemap_1,1,1,1,0,1,1.5255757008299091,-1.5842545493838163,-1.334360577029966,1.016493312904201,0.0
2025-01-07 06:00:00+00:00,22.4541360304604,48.23478845835248,1012.4127388821286,,19.62870948109828,54.82,23.82,target,opensensemap_1,1,1,1,0,1,1.4538167210051651,-1.3074065426429768,-0.5906062170470074,0.426747709896955,0.0
2025-01-07 07:00:00+00:00,22.16528962192004,49.88693055370393,1011.638477834824,,16.503772790570782,54.82,23.82,target,opensensemap_1,1,1,1,0,1,1.3958255046280488,-1.116932630542141,-0.9591852734183486,-0.28804715012109344,0.0
2025-01-07 08:00:00+00:00,21.404382233003982,52.023246603583786,1010.5145396797049,,23.92977926483124,54.82,23.82,target,opensensemap_1,1,1,1,0,1,1.243059384887939,-0.870638757485258,-1.4942245422485956,1.2528985602972804,0.0
2025-01-07 09:00:00+00:00,20.06812022296702,52.20505305437003,1010.8430153778472,,22.89115971197667,54.82,23.82,target,opensensemap_1,1,1,1,0,1,0.9747802681346301,-0.8496784623485021,-1.3378570441241413,1.0574785035652832,0.0
2025-01-07 10:00:00+00:00,18.49092926645876,56.0537048121597,1011.06940871095,,21.864941530965403,54.82,23.82,target,opensensemap_1,1,1,1,0,1,0.6581302447222014,-0.40597101207376146,-1.2300848122983383,0.8594764280585098,0.0
2025-01-07 11:00:00+00:00,17.35590185038312,56.612206312488816,1011.1005541495527,,23.25094351428564,54.82,23.82,target,opensensemap_1,1,1,1,0,1,0.43025266503471127,-0.34158189809791817,-1.2152583446484075,1.1105851367518833,0.0
2025-01-07 12:00:00+00:00,15.312497185095388,60.17751544208995,1011.9577191133388,,22.34668636493683,54.82,23.82,target,opensensemap_1,1,1,1,0,1,0.02000168532017146,0.06945924641059686,-0.8072137263549828,0.9375388114875992,0.0
2025-01-07 13:00:00+00:00,12.483371786896477,61.75432753851339,1012.1249551429778,,20.76626078556838,54.82,23.82,target,opensensemap_1,1,1,1,0,1,-0.5479971482260757,0.25124843361111066,-0.7276027240835861,0.6272277538419534,0.0
2025-01-07 14:00:00+00:00,11.946705148229183,66.31287655782417,1012.1218587679464,,21.53691935887959,54.82,23.82,target,opensensemap_1,1,1,1,0,1,-0.6557428229000465,0.7767992731270371,-0.7290767217633417,0.776011837239266,0.0
2025-01-07 15:00:00+00:00,10.550616954945262,69.4518078790935,1011.2484456484452,,22.306226313297635,54.82,23.82,target,opensensemap_1,1,1,1,0,1,-0.9360331436535141,1.13868372014903,-1.1448561084815512,0.918492290600905,0.0
2025-01-07 16:00:00+00:00,8.439597333566837,68.75825826693612,1012.18256033848,,25.37184334158804,54.82,23.82,target,opensensemap_1,1,1,1,0,1,-1.3598590664279282,1.0587250360653038,-0.7001803596572594,1.4524212706355026,0.0
2025-01-07 17:00:00+00:00,7.381356641672207,72.34866810298824,1012.4814465896922,,24.66311579333325,54.82,23.82,target,opensensemap_1,1,1,1,0,1,-1.5723203023243593,1.4726600174705762,-0.5578986152538038,1.3200456346797964,0.0
2025-01-07 18:00:00+00:00,7.832208788376793,72.72941609694061,1012.1946245135208,,24.76151830513468,54.82,23.82,target,opensensemap_1,1,1,1,0,1,-1.4818034614685052,1.5165560964680826,-0.6944373324600195,1.325549062414113,0.0
2025-01-07 19:00:00+00:00,8.308367961207859,73.40508506292605,1012.5950892074072,,23.06202406542863,54.82,23.82,target,opensensemap_1,1,1,1,0,1,-1.3862057707749178,1.5944533376306211,-0.5038002088483543,1.0189773820569987,0.0
2025-01-07 20:00:00+00:00,8.277428851383208,69.31335766714741,1012.0270235619888,,22.63297538901359,54.82,23.82,target,opensensemap_1,1,1,1,0,1,-1.3924173647546505,1.1227219251104805,-0.7742220520680345,0.9347882644056338,0.0
2025-01-07 21:00:00+00:00,10.609094070052585,68.53833220152178,1012.1704097493616,,21.982925583161915,54.82,23.82,target,opensensemap_1,1,1,1,0,1,-0.9242927898355977,1.0333699663226477,-0.7059645233927381,0.8087179510122223,0.0
2025-01-07 22:00:00+00:00,12.041480318104025,64.71088645196527,1012.8962258040028,,21.86279721044216,54.82,23.82,target,opensensemap_1,1,1,1,0,1,-0.6367149685771776,0.5921073368412128,-0.36044721053017265,0.7819781173228931,0.0
2025-01-07 23:00:00+00:00,13.906300956106188,64.12722576592154,1013.4223939323614,,19.646425271160595,54.82,23.82,target,opensensemap_1,1,1,1,0,1,-0.2623180090671753,0.5248176439491747,-0.10997025199245168,0.3356790394346237,0.0
2025-01-08 00:00:00+00:00,15.040853373100196,59.03105219696624,1012.9178348324266,,23.13682190579865,54.82,23.82,target,opensensemap_1,1,1,1,0,1,-0.03453579416078473,-0.06271542548533328,-0.3501604534561066,1.0142359920867836,0.0
2025-01-08 01:00:00+00:00,15.56064481412934,57.81884396553176,1012.7506938860832,,22.32906409996948,54.82,23.82,target,opensensemap_1,1,1,1,0,1,0.06982187495484862,-0.20246977516979256,-0.4297261922966581,0.8600623146569482,0.0
2025-01-08 02:00:00+00:00,18.66706128209686,50.64923348631964,1013.1909661915356,,20.12481544429244,54.82,23.82,target,opensensemap_1,1,1,1,0,1,0.6934919785980769,-1.029047440648491,-0.22013906214849885,0.42348063114590256,0.0
2025-01-08 03:00:00+00:00,19.792806824874088,53.76347952735842,1012.5896290143148,,20.101991124211537,54.82,23.82,target,opensensemap_1,1,1,1,0,1,0.9195060519136052,-0.6700089364240616,-0.5063994779509517,0.4173006353450958,0.0
2025-01-08 04:00:00+00:00,20.439228409149443,49.52921647331679,1014.1362112984324,,25.36087851067253,54.82,23.82,target,opensensemap_1,1,1,1,0,1,1.049287045743453,-1.1581731512555835,0.2298352078377357,1.3894859292883792,0.0
2025-01-08 05:00:00+00:00,21.97404560083228,46.42379555408306,1013.6256248200214,,21.390834367672603,54.82,23.82,target,opensensemap_1,1,1,1,0,1,1.3574297583773896,-1.5161942154670112,-0.013224265532205664,0.6654764236097933,0.0
2025-01-08 06:00:00+00:00,22.52088003052784,48.3704463059976,1013.9454670108051,,18.667992418691163,54.82,23.82,target,opensensemap_1,1,1,1,0,1,1.4672168036627427,-1.2917666766648335,0.13903333967373113,0.09598323334205504,0.0
2025-01-08 07:00:00+00:00,21.60479024028601,48.19142528006765,1013.9103865849752,,19.314069385527706,54.82,23.82,target,opensensemap_1,1,1,1,0,1,1.2832949695113665,-1.3124058427832481,0.12233366158127797,0.2373823204362618,0.0
2025-01-08 08:00:00+00:00,20.681289267423534,51.18919256134244,1014.2802503160326,,20.90429083731862,54.82,23.82,target,opensensemap_1,1,1,1,0,1,1.097885204465727,-0.9667960654893444,0.2984035096689682,0.5679296242980841,0.0
2025-01-08 09:00:00+00:00,20.22669239066436,51.7431255421296,1013.5716067205724,,15.44527371111939,54.82,23.82,target,opensensemap_1,1,1,1,0,1,1.0066165403416978,-0.9029336518452181,-0.03893902955292782,-0.6964742617147284,0.0
2025-01-08 10:00:00+00:00,18.97562951222057,52.34504883978984,1014.3871779340848,,17.280685791070717,54.82,23.82,target,opensensemap_1,1,1,1,0,1,0.7554427125214571,-0.833538479594254,0.3493053091317033,-0.22695481909624085,0.0
2025-01-08 11:00:00+00:00,16.66645845704338,59.32214343627817,1013.8831679575752,,19.368004752269385,54.82,23.82,target,opensensemap_1,1,1,1,0,1,0.29183425365484006,-0.029155789612591597,0.10937651226099213,0.25179872344677656,0.0
2025-01-08 12:00:00+00:00,14.364324717543836,61.48534915978084,1014.922494102202,,17.58670445204005,54.82,23.82,target,opensensemap_1,1,1,1,0,1,-0.17036133496617192,0.22023816868784424,0.6041370984769812,-0.15468116692071845,0.0
2025-01-08 13:00:00+00:00,13.040288207840485,64.08425233363243,1014.3176821812834,,14.94689789223927,54.82,23.82,target,opensensemap_1,1,1,1,0,1,-0.43618595820942635,0.5198632772590842,0.3162225664591789,-0.8351930680110411,0.0
2025-01-08 14:00:00+00:00,11.085259846908484,68.60218235138377,1015.256855320426,,16.88517521404335,54.82,23.82,target,opensensemap_1,1,1,1,0,1,-0.8286937732628522,1.0407311901947693,0.7633063382691715,-0.32095659113710984,0.0
2025-01-08 15:00:00+00:00,9.295733731210822,67.50933293880021,1015.0178956268728,,14.081909318294295,54.82,23.82,target,opensensemap_1,1,1,1,0,1,-1.1879739758879864,0.9147376067508395,0.6495520190156956,-1.080321852369772,0.0
2025-01-08 16:00:00+00:00,8.881535258420264,69.72065985618441,1015.266794008014,,18.469632364524884,54.82,23.82,target,opensensemap_1,1,1,1,0,1,-1.2711319191701924,1.1696794123456253,0.7680375488931844,0.06444113658224188,0.0
2025-01-08 17:00:00+00:00,8.401606144523253,72.23423234957703,1014.5109521844746,,14.53768742158756,54.82,23.82,target,opensensemap_1,1,1,1,0,1,-1.367486494705066,1.4594668268256734,0.4082267756972411,-0.9441451714578867,0.0
2025-01-08 18:00:00+00:00,8.082255240539324,72.66140632925848,1014.4973894336435,,14.435019236915329,54.82,23.82,target,opensensemap_1,1,1,1,0,1,-1.4316020482504441,1.5087153141601128,0.40177036681484507,-0.9689999304049912,0.0
2025-01-08 19:00:00+00:00,7.872172027670116,73.02322455473477,1015.2552673465946,,15.94611150325643,54.82,23.82,target,opensensemap_1,1,1,1,0,1,-1.473780107919812,1.550428997910293,0.7625503995604315,-0.5462768954718262,0.0
2025-01-08 20:00:00+00:00,9.238724659567806,70.62579028042525,1014.6139292893528,,15.23916987231742,54.82,23.82,target,opensensemap_1,1,1,1,0,1,-1.199419593044229,1.2740310497451723,0.45724797374921666,-0.735322491913659,0.0
2025-01-08 21:00:00+00:00,10.189161412124289,69.20576882044725,1015.7496332353516,,14.120583388100243,54.82,23.82,target,opensensemap_1,1,1,1,0,1,-1.0086019759971923,1.1103181079163917,0.9978882270471322,-1.052503607286174,0.0
2025-01-08 22:00:00+00:00,12.04746328143786,67.63384699750726,1014.7988541907472,,14.472420114969786,54.82,23.82,target,opensensemap_1,1,1,1,0,1,-0.6355137789102466,0.9290927157576345,0.5452795825881286,-0.943519187639913,0.0
2025-01-08 23:00:00+00:00,13.63419088316514,61.92552615012333,1015.2727959910292,,16.059565324280847,54.82,23.82,target,opensensemap_1,1,1,1,0,1,-0.31694909898814344,0.27098576092171417,0.7708947315498392,-0.5007619013252463,0.0
2025-01-09 00:00:00+00:00,15.934487408081637,61.73482237816937,1015.5481317490188,,8.911182992949808,54.82,23.82,target,opensensemap_1,1,1,1,0,1,0.14487763509541715,0.24899970197517418,0.9019655044092042,-2.9401941557528013,0.0
2025-01-09 01:00:00+00:00,16.092226553573823,55.94945404733159,1015.7848975024012,,13.71210978329835,54.82,23.82,target,opensensemap_1,1,1,1,0,1,0.17654666281019518,-0.4179899849406747,1.014675420872843,-1.127371937766888,0.0
2025-01-09 02:00:00+00:00,18.752921967144808,53.03266954834194,1016.3889128874748,,10.190900819867116,54.82,23.82,target,opensensemap_1,1,1,1,0,1,0.7107300865256233,-0.7542633332445648,1.302210770144552,-2.3261863560881655,0.0
2025-01-09 03:00:00+00:00,19.840135794466605,51.58145436606697,1015.503258974344,,11.655656353665153,54.82,23.82,target,opensensemap_1,1,1,1,0,1,0.9290082109690538,-0.9215725700503987,0.8806042787554345,-1.7526970165948517,0.0
2025-01-09 04:00:00+00:00,21.327061407201946,50.182575087542006,1015.6984383579406,,13.262275925200884,54.82,23.82,target,opensensemap_1,1,1,1,0,1,1.2275358103965612,-1.0828480496154695,0.973517429016088,-1.2166150974025112,0.0
2025-01-09 05:00:00+00:00,21.805625145185687,50.39830947664561,1015.8422113198336,,17.3632925298942,54.82,23.82,target,opensensemap_1,1,1,1,0,1,1.3236162616644147,-1.0579762343019652,1.0419590777477499,-0.11475217610624537,0.0
2025-01-09 06:00:00+00:00,21.83948039602001,50.2603803404529,1015.8312840673146,,12.23738631234501,54.82,23.82,target,opensensemap_1,1,1,1,0,1,1.3304133244582923,-1.0738779550057924,1.0367572708943718,-1.535109711182193,0.0
2025-01-09 07:00:00+00:00,22.279924021130064,49.41649347148091,1016.0049671794444,,15.031289129145968,54.82,23.82,target,opensensemap_1,1,1,1,0,1,1.4188404636245717,-1.1711688803783025,1.1194373408775988,-0.6938796431005662,0.0
2025-01-09 08:00:00+00:00,19.952549733735005,47.75671437350551,1016.706844090818,,10.4071091714565,54.82,23.82,target,opensensemap_1,1,1,1,0,1,0.9515773718904604,-1.3625232553464681,1.453558669315225,-2.1653305569024557,0.0
2025-01-09 09:00:00+00:00,20.25353671967864,51.03684097590629,1015.5100424097876,,16.658032625356814,54.82,23.82,target,opensensemap_1,1,1,1,0,1,1.0120060319411681,-0.984360536835022,0.883833463851934,-0.2595540349887856,0.0
2025-01-09 10:00:00+00:00,18.251795535112613,49.17130184156422,1015.8397082610768,,13.079356590071736,54.82,23.82,target,opensensemap_1,1,1,1,0,1,0.6101197604387391,-1.1994367933477843,1.0407675222151027,-1.2332900072821764,0.0
2025-01-09 11:00:00+00:00,16.737258574919718,55.65243328468579,1014.8162049725676,,14.609553452839789,54.82,23.82,target,opensensemap_1,1,1,1,0,1,0.3060486763857301,-0.4522332299953834,0.5535392448983018,-0.7823277210092835,0.0
2025-01-09 12:00:00+00:00,14.24973053956882,59.95217368305696,1015.3873930556,,14.144483312167967,54.82,23.82,target,opensensemap_1,1,1,1,0,1,-0.19336821881177232,0.043479806431757514,0.8254474926237517,-0.9093354424723594,0.0
2025-01-09 13:00:00+00:00,13.498540254088482,64.68772978530606,1016.2733006606356,,16.16552439241532,54.82,23.82,target,opensensemap_1,1,1,1,0,1,-0.3441834517440897,0.5894376264681135,1.2471747514507023,-0.3662690426976823,0.0
2025-01-09 14:00:00+00:00,11.41196604532036,65.02210135543618,1015.455697669734,,11.989962280799066,54.82,23.82,target,opensensemap_1,1,1,1,0,1,-0.7631015094033526,0.6279870110744262,0.8579632059106024,-1.567147421584874,0.0
2025-01-09 15:00:00+00:00,10.526822308315634,69.00216186147495,1015.4636609274738,,16.329405909711735,54.82,23.82,target,opensensemap_1,1,1,1,0,1,-0.9408103555575458,1.0868444526445316,0.8617540333499927,-0.3156176191535459,0.0
2025-01-09 16:00:00+00:00,9.663579930241344,70.39753154759751,1015.1913109839448,,17.70850227065825,54.82,23.82,target,opensensemap_1,1,1,1,0,1,-1.1141221020520755,1.247715314594298,0.732104626940923,0.014976079790942164,0.0
2025-01-09 17:00:00+00:00,7.937748536028597,72.20114811013018,1015.674349767378,,16.534081799027533,54.82,23.82,target,opensensemap_1,1,1,1,0,1,-1.4606144206443856,1.4556525759001306,0.9620503017341354,-0.26492370923873176,0.0
2025-01-09 18:00:00+00:00,7.489582337035384,71.47622041980375,1015.8708223134396,,15.362293270234389,54.82,23.82,target,opensensemap_1,1,1,1,0,1,-1.550592008214402,1.3720763426238245,1.0555790487663754,-0.5634906064992734,0.0
2025-01-09 19:00:00+00:00,7.918533561441499,73.30099544173777,1016.6464686236652,,13.353281397375255,54.82,23.82,target,opensensemap_1,1,1,1,0,1,-1.4644721793563327,1.5824529428627556,1.4248175453898821,-1.1294113486227573,0.0
2025-01-09 20:00:00+00:00,8.93681054441958,70.99234654487715,1015.5265462642898,,15.806267381019126,54.82,23.82,target,opensensemap_1,1,1,1,0,1,-1.2600343912940744,1.31629097756353,0.891689955070333,-0.440108537872906,0.0
2025-01-09 21:00:00+00:00,9.713605408998877,66.91442496605377,1016.3080549759338,,17.967670552491047,54.82,23.82,target,opensensemap_1,1,1,1,0,1,-1.1040785693051847,0.8461512247272716,1.263719187958302,0.08606116853070611,0.0
2025-01-09 22:00:00+00:00,11.850668876534389,67.65707451946163,1015.6758942738576,,16.9108519907734,54.82,23.82,target,opensensemap_1,1,1,1,0,1,-0.6750238665524418,0.9317705949712354,0.9627855482544062,-0.16346520315591573,0.0
2025-01-09 23:00:00+00:00,12.912919452285877,64.66779578078737,1015.542841716616,,17.461275868004666,54.82,23.82,target,opensensemap_1,1,1,1,0,1,-0.46175757289688807,0.5871394537896293,0.89944723856333,-0.031138093829942048,0.0
2025-01-10 00:00:00+00:00,15.870519361343185,61.06884291369209,1016.1176298301956,,15.570669290538271,54.82,23.82,target,opensensemap_1,1,1,1,0,1,0.13203487600287087,0.17221955435063008,1.1730692440280024,-0.5030947811898361,0.0
2025-01-10 01:00:00+00:00,16.432480337341158,58.01604533511394,1017.3266444492838,,17.782594882921998,54.82,23.82,target,opensensemap_1,1,1,1,0,1,0.24485885300599886,-0.17973461428887003,1.7486082938019967,0.046721094982873405,0.0
2025-01-10 02:00:00+00:00,17.755577727875366,52.851734975226194,1015.9918148760188,,16.14684568991264,54.82,23.82,target,opensensemap_1,1,1,1,0,1,0.5104949308447359,-0.7751231104227018,1.1131763212865986,-0.3530754014160758,0.0
2025-01-10 03:00:00+00:00,20.107914890340364,51.89208531124596,1015.798011557092,,18.212409078919887,54.82,23.82,target,opensensemap_1,1,1,1,0,1,0.9827697777773662,-0.8857602198207802,1.020918232544616,0.14777111599883583,0.0
2025-01-10 04:00:00+00:00,21.290022590532107,49.60897345401409,1016.1863643239652,,18.766459289624244,54.82,23.82,target,opensensemap_1,1,1,1,0,1,1.22009958834794,-1.1489780437805603,1.2057895971207564,0.2726674739514444,0.0
2025-01-10 05:00:00+00:00,21.60041146704039,50.01453261444989,1015.1526861919376,,23.73381542680781,54.82,23.82,target,opensensemap_1,1,1,1,0,1,1.2824158504389285,-1.1022215086775036,0.7137176895635049,1.2616539314656758,0.0
2025-01-10 06:00:00+00:00,22.622326272494806,48.45575854594112,1015.8421546970444,,25.273827993176525,54.82,23.82,target,opensensemap_1,1,1,1,0,1,1.4875839981114471,-1.2819311085633678,1.0419321230477996,1.52061062020746,0.0
2025-01-10 07:00:00+00:00,21.24516189221724,50.26690429530423,1015.3182758539018,,21.85165591791693,54.82,23.82,target,opensensemap_1,1,1,1,0,1,1.2110929800402501,-1.0731258143718854,0.7925449553339914,0.8959562533170694,0.0
2025-01-10 08:00:00+00:00,20.69301876434417,50.39561985092338,1016.1595165763435,,18.18363374315401,54.82,23.82,target,opensensemap_1,1,1,1,0,1,1.10024011618977,-1.058286318728021,1.193009001327462,0.12289160181704581,0.0
2025-01-10 09:00:00+00:00,20.118014705412776,53.11122750680575,1014.9696572935252,,22.55865530468716,54.82,23.82,target,opensensemap_1,1,1,1,0,1,0.9847975009683617,-0.7452064599178957,0.6265886535615106,1.0280626097077885,0.0
2025-01-10 10:00:00+00:00,18.598434839175297,54.80733657689749,1015.5708725108592,,20.04757592632928,54.82,23.82,target,opensensemap_1,1,1,1,0,1,0.6797139609977644,-0.5496636365499318,0.9127910116066515,0.5266980867971589,0.0
2025-01-10 11:00:00+00:00,17.025058303617428,55.51840119315511,1015.951781213359,,25.405575641509184,54.82,23.82,target,opensensemap_1,1,1,1,0,1,0.3638297525795582,-0.46768566407640966,1.0941187054377912,1.5262629326090653,0.0
2025-01-10 12:00:00+00:00,15.35323402247554,60.40978957399928,1015.5083618814128,,21.948388752389487,54.82,23.82,target,opensensemap_1,1,1,1,0,1,0.02818035287906435,0.09623791315426103,0.8830334654990051,0.8975722452494366,0.0
2025-01-10 13:00:00+00:00,13.283758817248522,60.5421576144386,1016.2417172507354,,23.81650650743992,54.82,23.82,target,opensensemap_1,1,1,1,0,1,-0.3873047660803682,0.11149850034620985,1.232139792041929,1.2386371771539875,0.0
2025-01-10 14:00:00+00:00,11.833533520275246,64.53917521361318,1015.3622558618524,,24.07441060144912,54.82,23.82,target,opensensemap_1,1,1,1,0,1,-0.6784641037274319,0.5723109092744639,0.8134811885153866,1.2773113402531964,0.0
2025-01-10 15:00:00+00:00,10.431682821536633,71.2223487186997,1015.224109917885,,24.44130332967924,54.82,23.82,target,opensensemap_1,1,1,1,0,1,-0.9599113531835484,1.3428077123909659,0.7477182241427194,1.3338680519038766,0.0
2025-01-10 16:00:00+00:00,7.864820890087836,68.68171120240245,1015.1845111256888,,21.692667346560143,54.82,23.82,target,opensensemap_1,1,1,1,0,1,-1.4752559836708943,1.0498999968131795,0.7288676239324453,0.8245790556770479,0.0
2025-01-10 17:00:00+00:00,7.646574901044646,70.3195023199262,1014.7078603065612,,24.83116491673525,54.82,23.82,target,opensensemap_1,1,1,1,0,1,-1.5190728704308791,1.23871939814463,0.5019628742433219,1.390025172234415,0.0
2025-01-10 18:00:00+00:00,8.651401233411054,72.68067850882315,1014.7517117716905,,23.8491463295988,54.82,23.82,target,opensensemap_1,1,1,1,0,1,-1.317335547276515,1.510937185660585,0.522837915928691,1.2116254809356204,0.0
2025-01-10 19:00:00+00:00,8.646335126638109,72.78942032152983,1014.195032171773,,22.988850675595195,54.82,23.82,target,opensensemap_1,1,1,1,0,1,-1.318352661166018,1.5234739272238293,0.25783628327129376,1.0511353603014015,0.0
2025-01-10 20:00:00+00:00,8.427365860228056,69.950431042015,1013.9891356686544,,23.804555214880622,54.82,23.82,target,opensensemap_1,1,1,1,0,1,-1.362314759128366,1.1961695167841846,0.15982135782227885,1.192720917985104,0.0
2025-01-10 21:00:00+00:00,9.89264169820034,71.46889521552441,1015.1564896050515,,23.042412096200028,54.82,23.82,target,opensensemap_1,1,1,1,0,1,-1.0681337492227594,1.3712318266951102,0.7155282654944554,1.0502594880277882,0.0
2025-01-10 22:00:00+00:00,11.106846343600838,64.09920414182238,1015.4328210786056,,20.29834852153788,54.82,23.82,target,opensensemap_1,1,1,1,0,1,-0.8243598879746946,0.5215870571972226,0.8470730385691395,0.5161089582645232,0.0
2025-01-10 23:00:00+00:00,12.452764986765304,62.84791357481243,1014.0577902803284,,23.20930357864952,54.82,23.82,target,opensensemap_1,1,1,1,0,1,-0.5541420249374991,0.37732694171208364,0.1925036838600337,1.0753505246976796,0.0
2025-01-11 00:00:00+00:00,14.803059036566871,59.007560826046905,1014.1778726496498,,19.01057009502753,54.82,23.82,target,opensensemap_1,1,1,1,0,1,-0.08227737035985283,-0.06542372359855717,0.2496676681846902,0.23725420904968772,0.0
2025-01-11 01:00:00+00:00,17.69667425760207,54.41492999397499,1013.6424608880632,,23.231806619604832,54.82,23.82,target,opensensemap_1,1,1,1,0,1,0.498668978404325,-0.5949038233314876,-0.005209627454443962,1.0757207073985497,0.0
2025-01-11 02:00:00+00:00,19.902275473633885,54.64799514981161,1014.6297243683036,,21.15652641803068,54.82,23.82,target,opensensemap_1,1,1,1,0,1,0.941483891724111,-0.5680339601814002,0.4647670596121708,0.6786078930468528,0.0
2025-01-11 03:00:00+00:00,20.18076492142157,55.153090783094754,1013.7669924435498,,24.79163078497588,54.82,23.82,target,opensensemap_1,1,1,1,0,1,0.9973957581967126,-0.5098019585108509,0.054072346460585785,1.3430040367541074,0.0
2025-01-11 04:00:00+00:00,20.303775974367905,51.51269526176281,1014.058813854315,,19.05585273479413,54.82,23.82,target,opensensemap_1,1,1,1,0,1,1.0220924841287957,-0.9294997426744808,0.19299094579244055,0.23370966407940846,0.0
2025-01-11 05:00:00+00:00,21.35420354944405,48.56922192312541,1013.7773443444394,,22.04425499184523,54.82,23.82,target,opensensemap_1,1,1,1,0,1,1.2329850934659075,-1.268850022261365,0.0590002630525366,0.8426993898482974,0.0
2025-01-11 06:00:00+00:00,23.555945915508364,47.98859542310601,1014.2251465817674,,22.865934840957955,54.82,23.82,target,opensensemap_1,1,1,1,0,1,1.6750252718510852,-1.335789906693391,0.2721719402923067,0.9936064791453452,0.0
2025-01-11 07:00:00+00:00,21.179562556190724,47.48821696758729,1014.2348886228036,,21.177159106311617,54.82,23.82,target,opensensemap_1,1,1,1,0,1,1.1979227096916152,-1.3934780693652287,0.27680953933564145,0.6673721990894366,0.0
2025-01-11 08:00:00+00:00,20.737096503318565,53.03490663042206,1013.1766662948148,,19.09343093134326,54.82,23.82,target,opensensemap_1,1,1,1,0,1,1.109089531043827,-0.7540054221504229,-0.22694638179592747,0.23169089808084575,0.0
2025-01-11 09:00:00+00:00,20.7346856694612,50.174826241211065,1013.379016055337,,18.097015499612244,54.82,23.82,target,opensensemap_1,1,1,1,0,1,1.108605511912074,-1.0837414068388436,-0.13061984690192513,0.007197898289087013,0.0
2025-01-11 10:00:00+00:00,18.82401408787458,54.0123327535655,1013.9476840692628,,17.256853359548668,54.82,23.82,target,opensensemap_1,1,1,1,0,1,0.7250031341871187,-0.641318881453642,0.14008874768770618,-0.19136648200226444,0.0
2025-01-11 11:00:00+00:00,15.623372003272058,58.9797006656425,1013.3572209868992,,17.158328869745365,54.82,23.82,target,opensensemap_1,1,1,1,0,1,0.08241550911732899,-0.06863569535263056,-0.1409951664228406,-0.21489679178141885,0.0
2025-01-11 12:00:00+00:00,14.669812305302338,63.21707813153271,1012.9387851574448,,17.430159087416808,54.82,23.82,target,opensensemap_1,1,1,1,0,1,-0.10902909652239313,0.41988757709891134,-0.3401872654043752,-0.14862560251172519,0.0
2025-01-11 13:00:00+00:00,12.043364753511204,66.31954793127225,1012.1532719486584,,19.520260679870983,54.82,23.82,target,opensensemap_1,1,1,1,0,1,-0.6363366335928561,0.777568409512653,-0.714122798219401,0.32848066042757335,0.0
2025-01-11 14:00:00+00:00,12.340507181581602,65.02974022219233,1013.6578762890152,,20.71975721674552,54.82,23.82,target,opensensemap_1,1,1,1,0,1,-0.5766798390765958,0.628867688855808,0.0021287165785901737,0.5803589085993106,0.0
2025-01-11 15:00:00+00:00,10.465566991065824,66.9940721340616,1012.9912216906292,,16.132536204135967,54.82,23.82,target,opensensemap_1,1,1,1,0,1,-0.9531084844310652,0.8553336720003529,-0.31522538983570125,-0.4774037466151754,0.0
2025-01-11 16:00:00+00:00,8.184850651888429,71.33974420241644,1011.548268560179,,15.367977191887237,54.82,23.82,target,opensensemap_1,1,1,1,0,1,-1.4110041369628823,1.3563421275659147,-1.0021284764121383,-0.6798179979820888,0.0
2025-01-11 17:00:00+00:00,8.150237788568253,71.94889953343338,1011.6480906272692,,15.99447160015282,54.82,23.82,target,opensensemap_1,1,1,1,0,1,-1.4179533043642536,1.426571074157336,-0.9546092018454942,-0.510227255362279,0.0
2025-01-11 18:00:00+00:00,7.571669606225494,69.25452110988027,1012.4382048080444,,15.368169251077314,54.82,23.82,target,opensensemap_1,1,1,1,0,1,-1.534111482756371,1.1159387136247678,-0.5784834233505624,-0.6768271037937921,0.0
2025-01-11 19:00:00+00:00,7.698253213168842,70.80058945487227,1011.8530792425636,,12.489476387954472,54.82,23.82,target,opensensemap_1,1,1,1,0,1,-1.5086975010588222,1.294183482567143,-0.8570264671139707,-1.5404572563572028,0.0
2025-01-11 20:00:00+00:00,9.15707149301918,69.357546389498,1011.3352317591898,,12.183006882300877,54.82,23.82,target,opensensemap_1,1,1,1,0,1,-1.2158129644319036,1.1278164014515502,-1.1035424676678538,-1.6330886183582596,0.0
2025-01-11 21:00:00+00:00,9.683473244986724,67.21944221821552,1010.9572085689276,,15.859486678053504,54.82,23.82,target,opensensemap_1,1,1,1,0,1,-1.1101281541069128,0.8813163775558099,-1.2834965428965857,-0.5273287069767674,0.0
2025-01-11 22:00:00+00:00,11.931356853333126,67.78445057903093,1011.3394554815644,,14.970505712807908,54.82,23.82,target,opensensemap_1,1,1,1,0,1,-0.6588242747167226,0.9464556613722539,-1.1015318078101406,-0.7673723006415967,0.0
2025-01-11 23:00:00+00:00,12.875845539413373,63.60157920723549,1011.9551397204586,,14.650064007721085,54.82,23.82,target,opensensemap_1,1,1,1,0,1,-0.469200841152153,0.4642163453702076,-0.8084416199667075,-0.8554249709222067,0.0
2025-01-12 00:00:00+00:00,14.55344107905342,56.776692107314666,1011.6541159874512,,15.490344855726756,54.82,23.82,target,opensensemap_1,1,1,1,0,1,-0.1323927554149302,-0.3226184851362561,-0.9517408907275543,-0.6193196046949003,0.0
2025-01-12 01:00:00+00:00,17.555386036486816,56.00945364115676,1011.8197932323952,,15.163294219735908,54.82,23.82,target,opensensemap_1,1,1,1,0,1,0.4703027756059696,-0.41107268806137093,-0.8728719319748588,-0.707168050888162,0.0
2025-01-12 02:00:00+00:00,18.71548629598132,53.24118110980491,1011.7026511831804,,11.981531621722915,54.82,23.82,target,opensensemap_1,1,1,1,0,1,0.7032141886557666,-0.73022423095315,-0.9286362069714238,-1.6851287919680316,0.0
2025-01-12 03:00:00+00:00,20.13183983397157,48.59499651800648,1011.5806835326786,,12.941567970631224,54.82,23.82,target,opensensemap_1,1,1,1,0,1,0.9875731491952026,-1.2658784933997584,-0.9866976601289672,-1.355241437341363,0.0
2025-01-12 04:00:00+00:00,19.98404777252859,51.14042539277827,1010.9020454512294,,15.815354568362537,54.82,23.82,target,opensensemap_1,1,1,1,0,1,0.9579011811161459,-0.97241838659879,-1.3097563811494748,-0.5144342605077352,0.0
2025-01-12 05:00:00+00:00,22.18342208625623,47.74413212406023,1011.4015552790062,,12.6282480722009,54.82,23.82,target,opensensemap_1,1,1,1,0,1,1.3994659295448206,-1.3639738510801005,-1.0719698340783892,-1.4492792650742272,0.0
2025-01-12 06:00:00+00:00,21.38768041411543,46.79395574347342,1011.5115243955348,,13.785148156776136,54.82,23.82,target,opensensemap_1,1,1,1,0,1,1.2397061882948017,-1.4735187945237718,-1.0196201603588804,-1.0788039078745257,0.0
2025-01-12 07:00:00+00:00,21.70272102287644,48.46775114151325,1010.7050028812008,,11.17225461112024,54.82,23.82,target,opensensemap_1,1,1,1,0,1,1.3029563709872594,-1.280548493471547,-1.4035564822638702,-1.9387002613813369,0.0
2025-01-12 08:00:00+00:00,21.24503579357884,49.31427321775969,1011.2117799060331,,14.843292780340295,54.82,23.82,target,opensensemap_1,1,1,1,0,1,1.211067663424886,-1.182953757524768,-1.1623104603263812,-0.7563912929463192,0.0
2025-01-12 09:00:00+00:00,19.63673783345609,51.226621694149685,1011.070666182353,,11.927486993421258,54.82,23.82,target,opensensemap_1,1,1,1,0,1,0.8881723382738359,-0.962480895884746,-1.2294862058919822,-1.6542597441795655,0.0
2025-01-12 10:00:00+00:00,18.244221879244453,54.52779811641152,1010.5863495998756,,12.077363103197744,54.82,23.82,target,opensensemap_1,1,1,1,0,1,0.6085992100589168,-0.581891363390874,-1.460040163857395,-1.5922046359238726,0.0
2025-01-12 11:00:00+00:00,16.504369477209327,57.85989024635692,1010.7158178369434,,14.03144729706754,54.82,23.82,target,opensensemap_1,1,1,1,0,1,0.2592919168835344,-0.19773758796388882,-1.398408133142881,-0.9693993048856587,0.0
2025-01-12 12:00:00+00:00,14.371386128430798,61.39909165788405,1009.713248336974,,8.92120191741498,54.82,23.82,target,opensensemap_1,1,1,1,0,1,-0.16894362716518913,0.2102936222226495,-1.8756710944294819,-2.793923129654629,0.0
2025-01-12 13:00:00+00:00,13.694450995458975,62.24894720274692,1010.593572812556,,15.366447997280964,54.82,23.82,target,opensensemap_1,1,1,1,0,1,-0.3048507757699309,0.30827267063869024,-1.456601627303115,-0.5745637199989154,0.0
2025-01-12 14:00:00+00:00,12.306516974039504,61.669958901000726,1010.6473225295568,,17.358505049198566,54.82,23.82,target,opensensemap_1,1,1,1,0,1,-0.5835039969057955,0.24152165254859226,-1.4310146240031616,-0.07331482206566714,0.0
2025-01-12 15:00:00+00:00,9.43255893166723,68.31934860888244,1010.8054109870254,,13.677914730105616,54.82,23.82,target,opensensemap_1,1,1,1,0,1,-1.160503806376077,1.0081235533819741,-1.3557582299487014,-1.048689336041571,0.0
2025-01-12 16:00:00+00:00,8.934077035277145,69.81806230156094,1010.1426800798348,,14.854694860437371,54.82,23.82,target,opensensemap_1,1,1,1,0,1,-1.2605831934098728,1.1809088488881943,-1.671244503280958,-0.7085855826594475,0.0
2025-01-12 17:00:00+00:00,8.713071139980602,73.22067377434549,1010.7311648352896,,15.707740542134264,54.82,23.82,target,opensensemap_1,1,1,1,0,1,-1.304954181990017,1.5731927331884685,-1.3911023514710874,-0.47804520859193517,0.0
2025-01-12 18:00:00+00:00,8.529197456074707,72.27607548395235,1010.5484652669032,,14.736235868799616,54.82,23.82,target,opensensemap_1,1,1,1,0,1,-1.3418701978176961,1.4642908825297525,-1.4780746132808982,-0.7387300183912774,0.0
2025-01-12 19:00:00+00:00,8.908614551931374,70.47021134678292,1010.6031190502588,,15.786197444757828,54.82,23.82,target,opensensemap_1,1,1,1,0,1,-1.265695254136766,1.2560945004527657,-1.4520572384349855,-0.4542917139764498,0.0
2025-01-12 20:00:00+00:00,9.516787774703667,70.26743809494837,1010.6514116758476,,14.052995347711615,54.82,23.82,target,opensensemap_1,1,1,1,0,1,-1.143593320673993,1.232716962494617,-1.4290680277144006,-0.9305063570466756,0.0
2025-01-12 21:00:00+00:00,10.13211942802022,68.71522571162748,1009.838110665978,,13.019965058971756,54.82,23.82,target,opensensemap_1,1,1,1,0,1,-1.0200542009338818,1.0537638531377609,-1.8162316591629786,-1.2388345862491348,0.0
2025-01-12 22:00:00+00:00,12.711916050989002,66.29014598352212,1009.6479528436688,,14.998144987877716,54.82,23.82,target,opensensemap_1,1,1,1,0,1,-0.5021126937933094,0.7741786865420266,-1.906754346507698,-0.6558239157989861,0.0
2025-01-12 23:00:00+00:00,12.1929324830737,63.48245163013832,1009.4480340665664,,17.911551774643943,54.82,23.82,target,opensensemap_1,1,1,1,0,1,-0.6063081675581792,0.45048223877451277,-2.00192363659642,0.0785794080205178,0.0
2025-01-13 00:00:00+00:00,14.98128550953667,59.41792923111865,1010.0276345257378,,16.699583332374086,54.82,23.82,target,opensensemap_1,1,1,1,0,1,-0.046495135744747236,-0.01811273519355059,-1.7260107632089547,-0.21215331660781117,0.0
2025-01-13 01:00:00+00:00,16.362234454978008,55.94630395953647,1009.3706237452034,,17.693808927331403,54.82,23.82,target,opensensemap_1,1,1,1,0,1,0.23075570322370328,-0.41835315560709974,-2.0387740287228313,0.02841292317032257,0.0
2025-01-13 02:00:00+00:00,17.954647355490327,54.33146422481695,1009.3173508879106,,17.65304680227791,54.82,23.82,target,opensensemap_1,1,1,1,0,1,0.5504618111929054,-0.6045265135484905,-2.0641340278336355,0.018753860082893762,0.0
2025-01-13 03:00:00+00:00,20.255646039263485,52.85489160318102,1009.257850792182,,21.667985328692662,54.82,23.82,target,opensensemap_1,1,1,1,0,1,1.0124295165504158,-0.7747591857474008,-2.092458440141341,0.8784226568284093,0.0
2025-01-13 04:00:00+00:00,21.170263499594267,52.851652954369015,1009.8318733868284,,21.489586149181715,54.82,23.82,target,opensensemap_1,1,1,1,0,1,1.1960557534572853,-0.7751325665303723,-1.819200852139007,0.8409027527823997,0.0
2025-01-13 05:00:00+00:00,21.97013908723745,46.48112642672172,1010.1181208142408,,21.64705658377232,54.82,23.82,target,opensensemap_1,1,1,1,0,1,1.3566454540950452,-1.5095845929494527,-1.6829356905999189,0.8692539091762723,0.0
2025-01-13 06:00:00+00:00,22.264415155079003,48.75089696785213,1009.7647730089878,,19.611938888108813,54.82,23.82,target,opensensemap_1,1,1,1,0,1,1.4157267742023087,-1.2479048768059247,-1.85114330104915,0.450870911560841,0.0
2025-01-13 07:00:00+00:00,21.751496781825647,50.32039603615094,1010.3412085044026,,22.76546038637548,54.82,23.82,target,opensensemap_1,1,1,1,0,1,1.3127489995522996,-1.0669588017566722,-1.5767370763028885,1.079450043923929,0.0
2025-01-13 08:00:00+00:00,20.79364386212612,50.617004633399176,1010.868638955196,,24.71737395903364,54.82,23.82,target,opensensemap_1,1,1,1,0,1,1.1204424508766702,-1.032763074863947,-1.3256592020746587,1.4244429335308446,0.0
2025-01-13 09:00:00+00:00,20.35595046510621,53.88950230650944,1010.1300963675416,,21.29764460727586,54.82,23.82,target,opensensemap_1,1,1,1,0,1,1.0325674704617074,-0.6554798884527921,-1.6772348508760433,0.7875376549406841,0.0
2025-01-13 10:00:00+00:00,18.17890228371592,51.88884865543399,1010.7224547250796,,22.136099767909595,54.82,23.82,target,opensensemap_1,1,1,1,0,1,0.5954851027480361,-0.8861333708326479,-1.3952487103939275,0.9484003657328145,0.0
2025-01-13 11:00:00+00:00,17.49199396800386,57.569128629166194,1010.027013240141,,21.725683165723066,54.82,23.82,target,opensensemap_1,1,1,1,0,1,0.4575756547164803,-0.23125922201153534,-1.7263065198659773,0.866341907682933,0.0
2025-01-13 12:00:00+00:00,14.147674468889049,59.878715138570215,1008.8820502013112,,22.93442483420969,54.82,23.82,target,opensensemap_1,1,1,1,0,1,-0.2138578475639396,0.035010839758132656,-2.271354469651214,1.092790353284258,0.0
2025-01-13 13:00:00+00:00,13.211944295963733,64.21641804800159,1011.1810471283668,,19.955927587271884,54.82,23.82,target,opensensemap_1,1,1,1,0,1,-0.4017228489081604,0.535100538468229,-1.1769404849561438,0.5018055439253237,0.0
2025-01-13 14:00:00+00:00,12.112029211421833,66.68463336708558,1011.3833585402128,,25.505266453940344,54.82,23.82,target,opensensemap_1,1,1,1,0,1,-0.6225509837859753,0.8196587668772298,-1.0806322055574045,1.5397179420919889,0.0
2025-01-13 15:00:00+00:00,10.45121106462845,68.41249053051214,1010.6031083686408,,23.50173322277841,54.82,23.82,target,opensensemap_1,1,1,1,0,1,-0.9559907000713104,1.018861798139079,-1.4520623233100072,1.184365493297895,0.0
2025-01-13 16:00:00+00:00,8.653982372330109,73.1078831066612,1009.6974344120664,,23.72597420459797,54.82,23.82,target,opensensemap_1,1,1,1,0,1,-1.316817336278806,1.5601892029335724,-1.8831991517174502,1.2198719918540295,0.0
2025-01-13 17:00:00+00:00,8.540871876043,70.11835266857042,1009.6808625637108,,24.86647512287426,54.82,23.82,target,opensensemap_1,1,1,1,0,1,-1.3395263438024092,1.2155290435623847,-1.8910880107146957,1.413603726217671,0.0
2025-01-13 18:00:00+00:00,7.879880759976447,71.50826332410875,1010.7550723594098,,23.9048971924125,54.82,23.82,target,opensensemap_1,1,1,1,0,1,-1.4722324384665937,1.3757705389978647,-1.3797214190180385,1.2400528100527621,0.0
2025-01-13 19:00:00+00:00,8.820091550614931,68.62657219878642,1009.7621806712356,,24.04315104569235,54.82,23.82,target,opensensemap_1,1,1,1,0,1,-1.283467870904394,1.0435430728187853,-1.8523773569348956,1.2592746957080585,0.0
2025-01-13 20:00:00+00:00,9.128009404745672,72.7242444727639,1009.50098377753,,21.80563110739147,54.82,23.82,target,opensensemap_1,1,1,1,0,1,-1.221647711894946,1.5159598647688692,-1.976717467992114,0.8430210528956309,0.0
2025-01-13 21:00:00+00:00,8.929616191233395,69.12114389934982,1009.9518559244513,,27.270868147453875,54.82,23.82,target,opensensemap_1,1,1,1,0,1,-1.2614787897009014,1.1005617801598357,-1.7620843916738744,1.784468593473139,0.0
2025-01-13 22:00:00+00:00,11.026715167347838,67.26226040798993,1010.6487620441184,,24.305173272222696,54.82,23.82,target,opensensemap_1,1,1,1,0,1,-0.8404476918844712,0.8862528464820331,-1.4303293578121696,1.2873319027815626,0.0
2025-01-13 23:00:00+00:00,13.574241481988071,63.223895153173125,1010.7578929387186,,23.634405952839508,54.82,23.82,target,opensensemap_1,1,1,1,0,1,-0.3289850412486203,0.42067350512797097,-1.3783787110726406,1.1643607159202283,0.0
2025-01-14 00:00:00+00:00,15.32129333949304,57.77677472144919,1010.8984346638392,,22.325160811384027,54.82,23.82,target,opensensemap_1,1,1,1,0,1,0.021767674710652305,-0.20731989884987911,-1.3114752595738057,0.9212750809237052,0.0
2025-01-14 01:00:00+00:00,16.873911097874505,56.56400302882932,1010.8318050649395,,23.28431481270281,54.82,23.82,target,opensensemap_1,1,1,1,0,1,0.3334841777208368,-0.34713920944575205,-1.3431935989818653,1.0947392648787762,0.0
2025-01-14 02:00:00+00:00,18.46079186870656,55.13430429607368,1010.2016023824184,,21.512088947078123,54.82,23.82,target,opensensemap_1,1,1,1,0,1,0.6520796091511284,-0.5119678349736586,-1.643195143493204,0.7597175861990638,0.0
2025-01-14 03:00:00+00:00,20.394181137112035,49.77725481823587,1010.6664746684418,,23.61549861654161,54.82,23.82,target,opensensemap_1,1,1,1,0,1,1.0402429793376382,-1.1295770431843197,-1.4218974440775132,1.1484799940390633,0.0
2025-01-14 04:00:00+00:00,20.749187857864747,46.62169217171337,1010.5651396034262,,20.221195492776506,54.82,23.82,target,opensensemap_1,1,1,1,0,1,1.111517092325698,-1.4933789000909141,-1.4701369658392958,0.49566800914834713,0.0
2025-01-14 05:00:00+00:00,21.8680505619704,50.00913590562083,1011.4546171002496,,17.43961346522693,54.82,23.82,target,opensensemap_1,1,1,1,0,1,1.3361493094889927,-1.1028436901751075,-1.0467102965214699,-0.12021495722090035,0.0
2025-01-14 06:00:00+00:00,21.18231444511719,48.46074990293068,1011.1111859360192,,21.223995225793285,54.82,23.82,target,opensensemap_1,1,1,1,0,1,1.198475201886297,-1.2813556596990312,-1.2101971913888168,0.6982316462541639,0.0
2025-01-14 07:00:00+00:00,22.268060010714123,46.74725344921132,1011.2750945349104,,23.281840609596863,54.82,23.82,target,opensensemap_1,1,1,1,0,1,1.4164585458482422,-1.4789030582122373,-1.1321701785088654,1.085094473108849,0.0
2025-01-14 08:00:00+00:00,21.321724314053483,48.97410885564991,1011.4985342911305,,21.39586344316595,54.82,23.82,target,opensensemap_1,1,1,1,0,1,1.2264642910200134,-1.222170987683505,-1.0258039667639611,0.7268116973470184,0.0
2025-01-14 09:00:00+00:00,19.77977032172839,51.16180972130319,1011.673564962758,,17.620862450246232,54.82,23.82,target,opensensemap_1,1,1,1,0,1,0.9168887347084389,-0.9699530074263494,-0.9424824048578136,-0.08509582773014335,0.0
2025-01-14 10:00:00+00:00,18.889483518917164,56.04490061928175,1011.5800372993748,,17.380414127341414,54.82,23.82,target,opensensemap_1,1,1,1,0,1,0.7381473237266837,-0.40698603921039367,-0.9870052928868439,-0.14209410140866643,0.0
2025-01-14 11:00:00+00:00,16.480656324337374,58.03531019816971,1011.2541637816684,,17.63759175114968,54.82,23.82,target,opensensemap_1,1,1,1,0,1,0.2545310663466344,-0.17751358630184355,-1.1421340496166208,-0.08069775589268115,0.0
2025-01-14 12:00:00+00:00,14.39615605185109,57.79643643851199,1012.0784686245172,,17.57611484837819,54.82,23.82,target,opensensemap_1,1,1,1,0,1,-0.16397061055068604,-0.20505311793671932,-0.7497321559694398,-0.09514032879890111,0.0
2025-01-14 13:00:00+00:00,12.263814710118794,63.48311534859436,1011.351132199036,,19.54020845163472,54.82,23.82,target,opensensemap_1,1,1,1,0,1,-0.5920772599050913,0.4505587582525958,-1.0959732258277846,0.34884449433843184,0.0
2025-01-14 14:00:00+00:00,11.115938535713472,66.31964199882754,1011.8314311937088,,18.353788425900245,54.82,23.82,target,opensensemap_1,1,1,1,0,1,-0.8225344635811198,0.7775792544728454,-0.8673317994653206,0.0851572507241025,0.0
2025-01-14 15:00:00+00:00,10.051967355952856,67.81454002320761,1011.8721395562932,,17.72151974336364,54.82,23.82,target,opensensemap_1,1,1,1,0,1,-1.036146200061796,0.9499246451608747,-0.8479529996147939,-0.06206919786002211,0.0
2025-01-14 16:00:00+00:00,9.366207361054483,73.78067990046479,1011.6030935220392,,16.26125002548736,54.82,23.82,target,opensensemap_1,1,1,1,0,1,-1.1738251016201815,1.6377553140599934,-0.9760296137890452,-0.4221693226529947,0.0
2025-01-14 17:00:00+00:00,8.58950183869708,72.81070134698781,1013.1535458423124,,14.259879261441103,54.82,23.82,target,opensensemap_1,1,1,1,0,1,-1.3297629865187413,1.525927396682603,-0.23795263685149873,-0.9687003702015258,0.0
2025-01-14 18:00:00+00:00,7.67339121293274,73.4112661223144,1012.6474217012033,,16.38481947914575,54.82,23.82,target,opensensemap_1,1,1,1,0,1,-1.5136890037835589,1.5951659461683128,-0.4788878601669248,-0.38683703959946997,0.0
2025-01-14 19:00:00+00:00,7.115866136146273,69.15838520303402,1012.4768235623104,,11.79646217857234,54.82,23.82,target,opensensemap_1,1,1,1,0,1,-1.6256223926284286,1.1048552951210628,-0.5600993601781064,-1.7488795517586209,0.0
2025-01-14 20:00:00+00:00,8.935296392689478,69.46839396728453,1012.6348487011368,,18.270683321973145,54.82,23.82,target,opensensemap_1,1,1,1,0,1,-1.260338385036118,1.1405959146951798,-0.48487310831597424,0.07686044152651823,0.0
2025-01-14 21:00:00+00:00,10.109034442897189,71.27322585561852,1012.1842178232696,,11.595350503945632,54.82,23.82,target,opensensemap_1,1,1,1,0,1,-1.0246889352693274,1.3486732897724047,-0.6993913309674935,-1.8114216964367513,0.0
2025-01-14 22:00:00+00:00,11.177452055047926,64.53460981607516,1012.7144580709258,,14.722717533826234,54.82,23.82,target,opensensemap_1,1,1,1,0,1,-0.8101844959015189,0.5717845688756519,-0.4469758816670009,-0.8185089453696147,0.0
2025-01-14 23:00:00+00:00,12.58201063245582,62.45812766039193,1013.4638059390678,,11.48590286264904,54.82,23.82,target,opensensemap_1,1,1,1,0,1,-0.5281935901173672,0.3323888893433611,-0.09025648955091521,-1.836975219741444,0.0
2025-01-15 00:00:00+00:00,14.14944379087735,58.22583138162568,1011.8329004896428,,13.668112073448626,54.82,23.82,target,opensensemap_1,1,1,1,0,1,-0.2135026237106024,-0.1555485778119289,-0.8666323561563936,-1.1144746716552754,0.0
2025-01-15 01:00:00+00:00,16.784478982363936,53.51903554733311,1012.3378054158442,,15.76073168488192,54.82,23.82,target,opensensemap_1,1,1,1,0,1,0.3155290395979685,-0.6981906535390262,-0.6262775276339022,-0.5226213099235719,0.0
2025-01-15 02:00:00+00:00,18.752396652460927,54.592490317417166,1013.0436082683938,,15.202569119791743,54.82,23.82,target,opensensemap_1,1,1,1,0,1,0.7106246199641628,-0.574433060232429,-0.2902872950339592,-0.6711658759195401,0.0
2025-01-15 03:00:00+00:00,19.379712456578,54.2207786941968,1014.1443978211264,,15.320903284324462,54.82,23.82,target,opensensemap_1,1,1,1,0,1,0.8365697778671892,-0.6172873445263436,0.23373231827617016,-0.6375773575463736,0.0
2025-01-15 04:00:00+00:00,20.72272129318691,50.64108984167977,1013.0849932977452,,14.212255645454606,54.82,23.82,target,opensensemap_1,1,1,1,0,1,1.1062034438481305,-1.0299863137984935,-0.2705863748864796,-0.947353212217735,0.0
2025-01-15 05:00:00+00:00,22.41432472619957,50.46428229046752,1013.5070511035692,,11.47573214998356,54.82,23.82,target,opensensemap_1,1,1,1,0,1,1.4458238712020062,-1.0503702904934291,-0.06967007108128012,-1.821887097395948,0.0
2025-01-15 06:00:00+00:00,22.150671882337225,48.514891815782846,1014.0685239303896,,10.73951609975912,54.82,23.82,target,opensensemap_1,1,1,1,0,1,1.3928907251950102,-1.2751136893633133,0.19761332824256342,-2.0785855011063226,0.0
2025-01-15 07:00:00+00:00,22.60907692552492,45.42873355493685,1013.978006705088,,9.322340741427787,54.82,23.82,target,opensensemap_1,1,1,1,0,1,1.4849239486032368,-1.6309139797618248,0.1545235284868339,-2.6270051668578183,0.0
2025-01-15 08:00:00+00:00,21.813700619510044,49.32410065133768,1014.2621090796011,,13.94831506183139,54.82,23.82,target,opensensemap_1,1,1,1,0,1,1.3252375613068723,-1.1818207619278531,0.2897675595219279,-0.9864777387771246,0.0
2025-01-15 09:00:00+00:00,20.84203129222897,50.73275975529395,1013.7517136069548,,16.821221128029755,54.82,23.82,target,opensensemap_1,1,1,1,0,1,1.1301571153006,-1.0194177754644325,0.04679901249363368,-0.21892103581389633,0.0
2025-01-15 10:00:00+00:00,18.49035979007439,54.39261405695365,1014.1107953571218,,12.832275910484633,54.82,23.82,target,opensensemap_1,1,1,1,0,1,0.6580159118890719,-0.5974766067734265,0.21773620880160713,-1.3224031941886896,0.0
2025-01-15 11:00:00+00:00,16.0643395269306,59.82245801859949,1013.7903446991454,,10.074681191517325,54.82,23.82,target,opensensemap_1,1,1,1,0,1,0.17094783052990514,0.02852500917824517,0.06518894900893994,-2.2847314304117354,0.0
2025-01-15 12:00:00+00:00,14.90755797246335,58.23653012344538,1014.8857112436718,,11.88746152999868,54.82,23.82,target,opensensemap_1,1,1,1,0,1,-0.061297291592820956,-0.1543151299053064,0.5866269947014079,-1.6088009179056977,0.0
2025-01-15 13:00:00+00:00,13.661911739029373,62.67120437626053,1014.6065381254324,,15.153419423834354,54.82,23.82,target,opensensemap_1,1,1,1,0,1,-0.3113836285406999,0.3569543040030836,0.45372948572409727,-0.6257334983338761,0.0
2025-01-15 14:00:00+00:00,11.522427535092625,66.54487635215942,1014.6709477394832,,19.590203499636804,54.82,23.82,target,opensensemap_1,1,1,1,0,1,-0.7409243385425736,0.8035463117491749,0.4843910240395247,0.4237947345420193,0.0
2025-01-15 15:00:00+00:00,9.230837146123696,68.74635949875515,1015.5668428624424,,18.277182833303343,54.82,23.82,target,opensensemap_1,1,1,1,0,1,-1.2010031560912,1.0573532382453783,0.9108727386725495,0.13811969873876928,0.0
2025-01-15 16:00:00+00:00,9.03840453539229,69.23487853619297,1014.0742564116664,,14.672477233904408,54.82,23.82,target,opensensemap_1,1,1,1,0,1,-1.2396375335215117,1.1136741397334073,0.2003422173517771,-0.7585943627485507,0.0
2025-01-15 17:00:00+00:00,8.075516923500588,71.33047408205466,1015.1848703746036,,20.164241427911453,54.82,23.82,target,opensensemap_1,1,1,1,0,1,-1.4329548890331478,1.355273384086815,0.7290386407057837,0.5448407999903129,0.0
2025-01-15 18:00:00+00:00,8.276822174503325,74.65877317878062,1015.5636121952692,,15.582357970063878,54.82,23.82,target,opensensemap_1,1,1,1,0,1,-1.3925391662698228,1.7389898642726287,0.9093348125915689,-0.5144130354323307,0.0
2025-01-15 19:00:00+00:00,9.559139362625857,73.03693353723622,1014.9929438236696,,16.753855378201123,54.82,23.82,target,opensensemap_1,1,1,1,0,1,-1.1350904623157352,1.5520094936408486,0.637673968180763,-0.21709136389482533,0.0
2025-01-15 20:00:00+00:00,8.488167236060278,73.06993430748952,1014.5517329289952,,12.524139061422488,54.82,23.82,target,opensensemap_1,1,1,1,0,1,-1.3501077673235153,1.5558141214813788,0.42764003222854524,-1.399953417454117,0.0
2025-01-15 21:00:00+00:00,10.014427875100168,69.61511233764149,1015.3917007169952,,18.147228060115552,54.82,23.82,target,opensensemap_1,1,1,1,0,1,-1.0436829396314995,1.1575109379595714,0.8274981107940996,0.11550268505051467,0.0
2025-01-15 22:00:00+00:00,11.49143719127165,64.37943889627799,1015.8309202322408,,19.084524519766973,54.82,23.82,target,opensensemap_1,1,1,1,0,1,-0.7471462186871287,0.553895059116647,1.036584070926935,0.3231421912358288,0.0
2025-01-15 23:00:00+00:00,14.45493882206832,63.2081286876604,1015.2843254742336,,19.494432604055344,54.82,23.82,target,opensensemap_1,1,1,1,0,1,-0.15216889086118082,0.41885580411141704,0.7763832241644757,0.4106024249076574,0.0
2025-01-04 00:00:00+00:00,14.685160175940588,59.71963872955386,1015.21476080462,,20.3386252719276,54.84,23.84,target,opensensemap_2,1,1,1,0,1,-0.10594772988325642,0.016671069811254765,0.7432676743480285,0.5925465295805472,0.0
2025-01-04 01:00:00+00:00,17.49294625442862,56.95741299705759,1013.6267995923685,,18.1470491436344,54.84,23.84,target,opensensemap_2,1,1,1,0,1,0.45776684368916054,-0.3017833433136904,-0.01266502716595661,0.13268531459385663,0.0
2025-01-04 02:00:00+00:00,17.779180913436573,54.251150544699136,1014.0923711467972,,14.466572901214118,54.84,23.84,target,opensensemap_2,1,1,1,0,1,0.515233703426282,-0.6137858023773974,0.20896555182554852,-0.7692665836865781,0.0
2025-01-04 03:00:00+00:00,20.407119415049905,52.628891054729294,1013.6977789441992,,19.96173106343528,54.84,23.84,target,opensensemap_2,1,1,1,0,1,1.0428405760300599,-0.8008145769402369,0.02112396765780599,0.5256940658221482,0.0
2025-01-04 04:00:00+00:00,21.13909925822394,49.86714297178956,1013.522897700194,,20.67787968042348,54.84,23.84,target,opensensemap_2,1,1,1,0,1,1.1897989601889598,-1.1192139222959492,-0.06212646075632152,0.6641559479836682,0.0
2025-01-04 05:00:00+00:00,21.169304258212232,47.114502555389386,1013.4247231287864,,20.095569217376973,54.84,23.84,target,opensensemap_2,1,1,1,0,1,1.19586316814932,-1.436563253321308,-0.10886146184550273,0.5417108844402284,0.0
2025-01-04 06:00:00+00:00,21.827219533577384,46.335430392991725,1013.0924203546012,,21.95500978109132,54.84,23.84,target,opensensemap_2,1,1,1,0,1,1.3279517313560154,-1.5263817519832976,-0.2670508003962642,0.8994691842341578,0.0
2025-01-04 07:00:00+00:00,22.029816433854787,53.50606356928482,1014.0683640378496,,19.338873793372823,54.84,23.84,target,opensensemap_2,1,1,1,0,1,1.3686267764108968,-0.6996861807176485,0.19753721303348432,0.3696532580231472,0.0
2025-01-04 08:00:00+00:00,20.810155536108297,49.74416773330666,1013.4630522109388,,22.93665216390024,54.84,23.84,target,opensensemap_2,1,1,1,0,1,1.1237574723910022,-1.1333916221628537,-0.09061529412142626,1.0702005753461894,0.0
2025-01-04 09:00:00+00:00,20.15656333575013,52.011464165401456,1012.6868781523884,,23.60820685253844,54.84,23.84,target,opensensemap_2,1,1,1,0,1,0.9925368458133662,-0.8719971437287833,-0.4601050199398185,1.1754910283622484,0.0
2025-01-04 10:00:00+00:00,19.52331032833446,52.79269590249201,1012.8295225688756,,25.07592326478912,54.84,23.84,target,opensensemap_2,1,1,1,0,1,0.8653996854101059,-0.7819296697266062,-0.392200603711563,1.4079321325421739,0.0
2025-01-04 11:00:00+00:00,16.572370359205053,55.93150622015032,1013.6173271991512,,23.118077615601003,54.84,23.84,target,opensensemap_2,1,1,1,0,1,0.2729443416499578,-0.42005917309739904,-0.017174263121649408,1.0489857598264778,0.0
2025-01-04 12:00:00+00:00,14.879650134911165,63.91792712582364,1012.8972049061656,,22.11779333086422,54.84,23.84,target,opensensemap_2,1,1,1,0,1,-0.06690030204493123,0.5006878001003917,-0.35998111895485385,0.8547764153154134,0.0
2025-01-04 13:00:00+00:00,12.69221615510026,61.75153721634331,1013.2263896123662,,20.026284497570977,54.84,23.84,target,opensensemap_2,1,1,1,0,1,-0.50606780935408,0.25092673998605747,-0.20327610479238487,0.4398244667411387,0.0
2025-01-04 14:00:00+00:00,11.26314638041365,65.71176768437566,1013.243755748101,,26.472817147804,54.84,23.84,target,opensensemap_2,1,1,1,0,1,-0.7929797877326088,0.7074979950793348,-0.19500913340824041,1.5879272459369886,0.0
2025-01-04 15:00:00+00:00,10.387774616415212,68.94829226803748,1012.9633552836268,,25.861938727863567,54.84,23.84,target,opensensemap_2,1,1,1,0,1,-0.9687267310059501,1.0806338777586386,-0.32849090801354125,1.4604048037205284,0.0
2025-01-04 16:00:00+00:00,8.793192254718114,70.7430837956433,1013.0117059834926,,25.53279725668633,54.84,23.84,target,opensensemap_2,1,1,1,0,1,-1.2888683981140872,1.2875537090675768,-0.3054740516271157,1.3825075059949747,0.0
2025-01-04 17:00:00+00:00,7.98232370183392,73.0778464146205,1012.2559260785304,,23.701787251066275,54.84,23.84,target,opensensemap_2,1,1,1,0,1,-1.4516651382270447,1.5567263008892145,-0.665255349117363,1.058400545335229,0.0
2025-01-04 18:00:00+00:00,8.317012710128065,73.06950199408983,1012.0907776003066,,19.15569876313969,54.84,23.84,target,opensensemap_2,1,1,1,0,1,-1.384470178812079,1.5557642804751342,-0.7438725938783818,0.18812894917684717,0.0
2025-01-04 19:00:00+00:00,7.857850594231425,72.3677312522545,1012.9067248000738,,24.32922248815256,54.84,23.84,target,opensensemap_2,1,1,1,0,1,-1.4766553984576811,1.4748577900640611,-0.3554492707808411,1.1558921194310432,0.0
2025-01-04 20:00:00+00:00,8.636301026620277,71.84276785562979,1013.0191703416862,,19.350289658299264,54.84,23.84,target,opensensemap_2,1,1,1,0,1,-1.320367190854042,1.4143352525981894,-0.3019207202164847,0.21485997342409968,0.0
2025-01-04 21:00:00+00:00,9.69775139364727,67.85793828845952,1012.1671661797434,,26.298273763478804,54.84,23.84,target,opensensemap_2,1,1,1,0,1,-1.1072615537824617,0.9549279904446607,-0.7075085915507909,1.4634639813907515,0.0
2025-01-04 22:00:00+00:00,11.285697736012546,64.3081643966505,1011.5904771767046,,23.17638624039172,54.84,23.84,target,opensensemap_2,1,1,1,0,1,-0.7884521893153685,0.5456778889257319,-0.9820354960098979,0.925644353257945,0.0
2025-01-04 23:00:00+00:00,13.957042857375024,63.56717306328251,1011.863313200846,,24.71887323000301,54.84,23.84,target,opensensemap_2,1,1,1,0,1,-0.2521306413559504,0.46024969331439025,-0.8521546958943955,1.1784591761779906,0.0
2025-01-05 00:00:00+00:00,15.112922165810676,59.80665365493661,1012.1552216438326,,25.97026297148208,54.84,23.84,target,opensensemap_2,1,1,1,0,1,-0.02006666167881726,0.026702938919516746,-0.7131946657632311,1.3646488232220977,0.0
2025-01-05 01:00:00+00:00,16.91003798196033,56.46214509218413,1011.0107240200006,,24.906472514888844,54.84,23.84,target,opensensemap_2,1,1,1,0,1,0.3407373125707351,-0.3588823153964549,-1.2580210594967443,1.1754577861458715,0.0
2025-01-05 02:00:00+00:00,18.21351876183231,57.17809006957422,1011.560161030696,,24.379757956224417,54.84,23.84,target,opensensemap_2,1,1,1,0,1,0.6024349958860732,-0.27634169066682107,-0.9964671873981515,1.0750369129032706,0.0
2025-01-05 03:00:00+00:00,19.919370675755843,52.95964308941678,1011.9447670394084,,21.87143503727748,54.84,23.84,target,opensensemap_2,1,1,1,0,1,0.9449160672192979,-0.7626824851791858,-0.8133794287417512,0.626765394419143,0.0
2025-01-05 04:00:00+00:00,20.521319050783926,48.36836945827012,1011.9006044048268,,25.190277897399167,54.84,23.84,target,opensensemap_2,1,1,1,0,1,1.065768248281571,-1.2920061144907962,-0.8344025994638262,1.1926907893558614,0.0
2025-01-05 05:00:00+00:00,21.69130593637656,51.07746004463199,1010.1972391756408,,20.033275067942583,54.84,23.84,target,opensensemap_2,1,1,1,0,1,1.3006645829241041,-0.9796776025112454,-1.6452722034750327,0.25744868979794666,0.0
2025-01-05 06:00:00+00:00,21.747777882960648,47.850398449507175,1011.0483451889866,,20.379150581572063,54.84,23.84,target,opensensemap_2,1,1,1,0,1,1.3120023623693946,-1.3517225061204803,-1.2401118865986407,0.32492521203114716,0.0
2025-01-05 07:00:00+00:00,21.751588305107035,49.656384477635896,1011.4228937240164,,18.50585344586691,54.84,23.84,target,opensensemap_2,1,1,1,0,1,1.3127673745303416,-1.143512071349158,-1.0618118854722027,-0.06546526893314718,0.0
2025-01-05 08:00:00+00:00,19.836129571465307,48.57693725480805,1010.975183995597,,20.280922549718337,54.84,23.84,target,opensensemap_2,1,1,1,0,1,0.9282038881938555,-1.2679605289103495,-1.2749395247917128,0.305757926082474,0.0
2025-01-05 09:00:00+00:00,20.000996227304707,51.26751639291617,1010.210468395896,,22.347037124809507,54.84,23.84,target,opensensemap_2,1,1,1,0,1,0.9613038943890797,-0.957766184432169,-1.638974568413622,0.7004745418006371,0.0
2025-01-05 10:00:00+00:00,18.2786982527324,52.623218591692,1010.8591824541802,,18.96283851953733,54.84,23.84,target,opensensemap_2,1,1,1,0,1,0.6155209746221016,-0.80146854988179,-1.3301608727103311,0.02414231641525139,0.0
2025-01-05 11:00:00+00:00,17.1172671099853,56.31058817192118,1011.0100749346328,,17.93494538299192,54.84,23.84,target,opensensemap_2,1,1,1,0,1,0.3823423623397991,-0.37635517053988454,-1.2583300499505186,-0.20368819105331673,0.0
2025-01-05 12:00:00+00:00,14.606957237474628,62.984529844439216,1009.9842697664797,,17.91318211041156,54.84,23.84,target,opensensemap_2,1,1,1,0,1,-0.12164840467725198,0.3930773032612826,-1.7466541135399163,-0.20768015732441422,0.0
2025-01-05 13:00:00+00:00,12.988321515959964,63.966661881029815,1010.6203637556048,,16.664854465020912,54.84,23.84,target,opensensemap_2,1,1,1,0,1,-0.44661922510886615,0.5063063843042052,-1.443848072746025,-0.5034413360489945,0.0
2025-01-05 14:00:00+00:00,11.203731890114147,65.90325357328332,1010.170684096945,,15.602465005629888,54.84,23.84,target,opensensemap_2,1,1,1,0,1,-0.8049083368196683,0.7295742235556695,-1.6579134772180752,-0.7710607083009632,0.0
2025-01-05 15:00:00+00:00,9.697204986717637,68.20318732014351,1010.714661012721,,15.677676282437751,54.84,23.84,target,opensensemap_2,1,1,1,0,1,-1.1073712549992656,0.9947314273880712,-1.3989588274878724,-0.7457847326451497,0.0
2025-01-05 16:00:00+00:00,8.76916415413044,70.9658270507227,1010.980273237962,,16.215703555359767,54.84,23.84,target,opensensemap_2,1,1,1,0,1,-1.2936924801836978,1.3132335699635742,-1.2725168429907068,-0.6016126728914734,0.0
2025-01-05 17:00:00+00:00,8.315975581843892,70.12511750091113,1009.5794159181036,,20.05030167137694,54.84,23.84,target,opensensemap_2,1,1,1,0,1,-1.3846784013447468,1.2163089547360457,-1.9393806492764758,0.2848621297319087,0.0
2025-01-05 18:00:00+00:00,7.968900004818405,74.37161934516968,1010.215246913152,,13.87467349756919,54.84,23.84,target,opensensemap_2,1,1,1,0,1,-1.4543601917059554,1.7058841682090016,-1.6366998041242367,-1.2472159038609867,0.0
2025-01-05 19:00:00+00:00,8.727520907741937,71.36444622362632,1010.2962484542808,,15.210610385009112,54.84,23.84,target,opensensemap_2,1,1,1,0,1,-1.3020531259821508,1.3591900004152788,-1.598139848541028,-0.8552367555262235,0.0
2025-01-05 20:00:00+00:00,9.709200059198135,68.72988287291426,1010.181032268028,,11.83261284025412,54.84,23.84,target,opensensemap_2,1,1,1,0,1,-1.1049630241087,1.0554536635108762,-1.6529873361623832,-1.877732919180934,0.0
2025-01-05 21:00:00+00:00,10.478919829146731,69.21646726393347,1010.3303501230212,,15.33749620873372,54.84,23.84,target,opensensemap_2,1,1,1,0,1,-0.9504276571834234,1.1115515214284277,-1.5819060977553228,-0.7901097549481937,0.0
2025-01-05 22:00:00+00:00,11.915024671981207,67.67394317000826,1009.5848818152898,,13.943979819564523,54.84,23.84,target,opensensemap_2,1,1,1,0,1,-0.6621032597921318,0.933715365866256,-1.9367786647983194,-1.1737307720307604,0.0
2025-01-05 23:00:00+00:00,13.58562235902164,62.87577285237467,1010.2249878014446,,14.354490729977629,54.84,23.84,target,opensensemap_2,1,1,1,0,1,-0.3267001213635154,0.3805388116841121,-1.6320627538327117,-1.0440071271173004,0.0
2025-01-06 00:00:00+00:00,15.176714060382167,61.839713361458514,1010.4627394602444,,12.459857698740558,54.84,23.84,target,opensensemap_2,1,1,1,0,1,-0.007259268365894755,0.2610924850277947,-1.518883507173968,-1.6085754153849978,0.0
2025-01-06 01:00:00+00:00,17.514476678678843,56.9906682756293,1009.68327973433,,17.946641634472794,54.84,23.84,target,opensensemap_2,1,1,1,0,1,0.46208947140572193,-0.297949373447915,-1.8899373413519356,-0.10535473306460488,0.0
2025-01-06 02:00:00+00:00,17.976696518871684,53.829077232284455,1010.697025713646,,14.88430185708168,54.84,23.84,target,opensensemap_2,1,1,1,0,1,0.5548885853080628,-0.662446238568197,-1.4073539313285108,-0.8709803369715899,0.0
2025-01-06 03:00:00+00:00,20.979560651337145,54.11683553961951,1010.1965208549312,,12.697785688425917,54.84,23.84,target,opensensemap_2,1,1,1,0,1,1.1577686575820192,-0.6292708532960464,-1.64561415270549,-1.5089505939350638,0.0
2025-01-06 04:00:00+00:00,21.049215921999995,49.99576874316863,1009.538438203855,,13.778632709284842,54.84,23.84,target,opensensemap_2,1,1,1,0,1,1.1717532312287138,-1.1043847777928866,-1.9588876712331886,-1.1605535573369912,0.0
2025-01-06 05:00:00+00:00,21.903908624715136,51.74910528601107,1009.4992603531032,,13.46168447118839,54.84,23.84,target,opensensemap_2,1,1,1,0,1,1.3433484735222323,-0.9022442527834361,-1.9775378865720925,-1.243424169902905,0.0
2025-01-06 06:00:00+00:00,21.458631877579588,47.669107304233954,1009.7291272292008,,11.330935629895595,54.84,23.84,target,opensensemap_2,1,1,1,0,1,1.2539509964293927,-1.3726233921681092,-1.8681121101133136,-1.9183867602710545,0.0
2025-01-06 07:00:00+00:00,21.3616353764108,50.091608633059685,1010.01334784362,,11.373261398866047,54.84,23.84,target,opensensemap_2,1,1,1,0,1,1.234477169091441,-1.0933354868062182,-1.73281179217973,-1.8690941400642018,0.0
2025-01-06 08:00:00+00:00,20.99502598443454,49.60777466695145,1010.8072165663784,,11.21389695692562,54.84,23.84,target,opensensemap_2,1,1,1,0,1,1.160873606965075,-1.1491162508162867,-1.3548987023559722,-1.8916898488117477,0.0
2025-01-06 09:00:00+00:00,19.3258948935304,50.65179190897618,1010.5148705086696,,11.835293883300082,54.84,23.84,target,opensensemap_2,1,1,1,0,1,0.825764914620477,-1.0287524825007808,-1.4940670545019805,-1.6509706093767107,0.0
2025-01-06 10:00:00+00:00,18.91303501421468,53.955771896435486,1010.1485175277336,,14.205361036142993,54.84,23.84,target,opensensemap_2,1,1,1,0,1,0.742875718539362,-0.6478397296056522,-1.6684656458844234,-0.9227854870908037,0.0
2025-01-06 11:00:00+00:00,17.135355735421122,54.92046280907954,1009.8851007789324,,13.707841242428035,54.84,23.84,target,opensensemap_2,1,1,1,0,1,0.38597398579294945,-0.5366214193789212,-1.793862496266547,-1.0547453255646202,0.0
2025-01-06 12:00:00+00:00,13.891880194606832,56.64165997951814,1009.9545525215176,,14.297113674710898,54.84,23.84,target,opensensemap_2,1,1,1,0,1,-0.2652132415357315,-0.3381862124601177,-1.7608007042074987,-0.8829053999252865,0.0
2025-01-06 13:00:00+00:00,13.0314455248005,62.42825984982872,1010.9353354722208,,15.710463864104929,54.84,23.84,target,opensensemap_2,1,1,1,0,1,-0.4379612890785805,0.32894545748609627,-1.2939090069772567,-0.5090363581159201,0.0
2025-01-06 14:00:00+00:00,11.180896739697811,66.72786107549646,1010.004070793021,,18.26715688680481,54.84,23.84,target,opensensemap_2,1,1,1,0,1,-0.8094929122536837,0.8246424488228336,-1.7372280372789377,0.08782266508890878,0.0
2025-01-06 15:00:00+00:00,11.201805754220356,68.10653214769549,1009.2489623065773,,16.273358825669664,54.84,23.84,target,opensensemap_2,1,1,1,0,1,-0.8052950439418134,0.9835881432403237,-2.096689712847332,-0.3703192909916854,0.0
2025-01-06 16:00:00+00:00,9.231304664498872,69.69943900206924,1010.2017376386456,,14.435952974308655,54.84,23.84,target,opensensemap_2,1,1,1,0,1,-1.2009092931991803,1.1672328799845104,-1.6431307561489723,-0.8416216808871844,0.0
2025-01-06 17:00:00+00:00,8.61134314892871,72.56322054658229,1009.9682880230756,,15.916244719630065,54.84,23.84,target,opensensemap_2,1,1,1,0,1,-1.3253779427371595,1.497395567395208,-1.7542620591075475,-0.4509491015841861,0.0
2025-01-06 18:00:00+00:00,8.112854874884489,74.55976653530027,1010.0738311106104,,14.63680535803004,54.84,23.84,target,opensensemap_2,1,1,1,0,1,-1.4254586102020421,1.7275754812357607,-1.7040193512436879,-0.7809651925071687,0.0
2025-01-06 19:00:00+00:00,8.07306495969688,70.59562830486165,1009.6320274953448,,18.728287184684618,54.84,23.84,target,opensensemap_2,1,1,1,0,1,-1.433447165756297,1.270553703881004,-1.9143354457739994,0.20606030851650461,0.0
2025-01-06 20:00:00+00:00,9.00340864011417,69.27809856145178,1010.7205212174767,,17.89547043770534,54.84,23.84,target,opensensemap_2,1,1,1,0,1,-1.246663601616455,1.1186569358956182,-1.3961691369222076,0.022340835020586817,0.0
2025-01-06 21:00:00+00:00,10.23934508222874,67.20999830128011,1010.5073953267828,,15.350835166867329,54.84,23.84,target,opensensemap_2,1,1,1,0,1,-0.9985266834348533,0.8802275972327952,-1.4976255384210972,-0.5934620779882026,0.0
2025-01-06 22:00:00+00:00,11.200693975936074,63.79745291431742,1010.7644875667004,,15.863212061310348,54.84,23.84,target,opensensemap_2,1,1,1,0,1,-0.8055182538317094,0.486798441287116,-1.375239405838155,-0.45898806092637545,0.0
2025-01-06 23:00:00+00:00,13.200896745460335,62.08828581375887,1010.0186010758345,,17.664856442883107,54.84,23.84,target,opensensemap_2,1,1,1,0,1,-0.4039408473763328,0.2897501698379357,-1.730311044687317,-0.02274510742179234,0.0
2025-01-07 00:00:00+00:00,14.635015862577715,59.44109277890708,1011.1275618025968,,19.852824445003584,54.84,23.84,target,opensensemap_2,1,1,1,0,1,-0.1160151208575913,-0.015442231501519153,-1.202401627513488,0.45324395266231715,0.0
2025-01-07 01:00:00+00:00,16.073129831169584,55.29173487016237,1010.441867527936,,18.9257302404732,54.84,23.84,target,opensensemap_2,1,1,1,0,1,0.1727126453936927,-0.49381781179143647,-1.5288193771775822,0.2555675627930719,0.0
2025-01-07 02:00:00+00:00,18.85988047179889,52.52704134719901,1010.5956169228674,,18.807784525440457,54.84,23.84,target,opensensemap_2,1,1,1,0,1,0.7322039688498374,-0.8125567341640032,-1.4556285494861063,0.22899210991760763,0.0
2025-01-07 03:00:00+00:00,19.930196140023472,52.67744615431544,1011.4016186550648,,20.29802653640449,54.84,23.84,target,opensensemap_2,1,1,1,0,1,0.9470894778007181,-0.7952167050643003,-1.0719396645535708,0.542489923883099,0.0
2025-01-07 04:00:00+00:00,20.911392417411264,48.465743266025534,1011.2465964252892,,17.444447659092738,54.84,23.84,target,opensensemap_2,1,1,1,0,1,1.144082633844981,-1.280779979552697,-1.1457364122605302,-0.08469572293584691,0.0
2025-01-07 05:00:00+00:00,23.54191744437625,48.06434567405088,1010.2570015956518,,20.457019874366303,54.84,23.84,target,opensensemap_2,1,1,1,0,1,1.6722087988716439,-1.327056731332334,-1.6168229143744057,0.5749087727933038,0.0
2025-01-07 06:00:00+00:00,22.425661542972723,46.27933214424869,1010.946960907016,,20.00004103649741,54.84,23.84,target,opensensemap_2,1,1,1,0,1,1.4480999451813983,-1.5328492664484008,-1.2883748375887405,0.4783311349363683,0.0
2025-01-07 07:00:00+00:00,20.68749735585043,51.31306562150074,1011.57089237898,,20.11188520574982,54.84,23.84,target,opensensemap_2,1,1,1,0,1,1.0991315921257696,-0.9525148566038367,-0.9913586387531071,0.49964422568994216,0.0
2025-01-07 08:00:00+00:00,20.478390147529428,50.94877007814211,1011.084281206022,,21.301415280452307,54.84,23.84,target,opensensemap_2,1,1,1,0,1,1.057149483277553,-0.9945141480084041,-1.223004913059468,0.7382173274514602,0.0
2025-01-07 09:00:00+00:00,20.136596852766463,53.250329222444186,1011.2044392045055,,17.82775296428338,54.84,23.84,target,opensensemap_2,1,1,1,0,1,0.9885282080018493,-0.7291695536299074,-1.165804926245291,-0.009912005645710662,0.0
2025-01-07 10:00:00+00:00,18.76028166461493,53.028326318456,1011.7444029941267,,18.46520788055637,54.84,23.84,target,opensensemap_2,1,1,1,0,1,0.71220768083125,-0.7547640601432111,-0.9087606841952428,0.13698631708483586,0.0
2025-01-07 11:00:00+00:00,16.04109889138412,54.50161645363501,1011.5856017716716,,20.550269738396786,54.84,23.84,target,opensensemap_2,1,1,1,0,1,0.16628184651601965,-0.5849098227282263,-0.9843563827350383,0.5868083123275724,0.0
2025-01-07 12:00:00+00:00,14.870973569976602,60.34724877189013,1011.9732356742554,,22.902521677001,54.84,23.84,target,opensensemap_2,1,1,1,0,1,-0.06864228165642433,0.08902764275610892,-0.7998272261549899,1.043646340439673,0.0
2025-01-07 13:00:00+00:00,12.66582289925786,62.39234717620848,1011.5378174784902,,21.91580280407807,54.84,23.84,target,opensensemap_2,1,1,1,0,1,-0.5113667397378358,0.3248051190383962,-1.0071036070096984,0.849841737197381,0.0
2025-01-07 14:00:00+00:00,12.26684749596748,67.81729193839868,1012.1861212210353,,19.66787798081534,54.84,23.84,target,opensensemap_2,1,1,1,0,1,-0.5914683724992711,0.9502419108813521,-0.6984852379194081,0.3871127090432423,0.0
2025-01-07 15:00:00+00:00,9.90363624962612,67.56386830933982,1012.6000507313358,,22.31787173568277,54.84,23.84,target,opensensemap_2,1,1,1,0,1,-1.0659263912918657,0.9210249384541932,-0.5014383261033308,0.9224307097615971,0.0
2025-01-07 16:00:00+00:00,9.358894806987175,70.37166453394865,1011.380862714278,,21.692324076972827,54.84,23.84,target,opensensemap_2,1,1,1,0,1,-1.1752932310226885,1.2447331308596619,-1.0818203179790857,0.796067770281174,0.0
2025-01-07 17:00:00+00:00,8.83711466742891,71.6388127368536,1012.6318478348074,,24.831623868742728,54.84,23.84,target,opensensemap_2,1,1,1,0,1,-1.280050167857432,1.390821458309189,-0.4863016400544771,1.3694401544174262,0.0
2025-01-07 18:00:00+00:00,8.536958528840527,72.52522320743688,1012.9536484686508,,23.035382204036367,54.84,23.84,target,opensensemap_2,1,1,1,0,1,-1.340312020056873,1.4930148898149855,-0.333111738050994,1.0370543154351952,0.0
2025-01-07 19:00:00+00:00,9.011023246207742,71.8440392340085,1013.0437393727548,,23.04411350796444,54.84,23.84,target,opensensemap_2,1,1,1,0,1,-1.2451348297275113,1.4144818286186396,-0.29022488414317127,1.032088179258482,0.0
2025-01-07 20:00:00+00:00,8.53864641718283,69.91188679968897,1013.247786180036,,22.937539320498768,54.84,23.84,target,opensensemap_2,1,1,1,0,1,-1.339973145502145,1.1917257872493838,-0.19309048748830754,1.0058757761616308,0.0
2025-01-07 21:00:00+00:00,9.756542081926272,70.1461016160807,1013.2621971779328,,26.230166762842167,54.84,23.84,target,opensensemap_2,1,1,1,0,1,-1.095458244396772,1.2187281936862355,-0.18623027926181954,1.5723117853549962,0.0
2025-01-07 22:00:00+00:00,11.602573225932227,65.3097006290517,1012.5077567222178,,23.00067547125207,54.84,23.84,target,opensensemap_2,1,1,1,0,1,-0.7248336205632174,0.6611440614982611,-0.5453739456309955,0.9976233578768012,0.0
2025-01-07 23:00:00+00:00,12.610794670475103,60.10711379000176,1012.945171745738,,25.701201021481005,54.84,23.84,target,opensensemap_2,1,1,1,0,1,-0.5224146663446309,0.06134270599356551,-0.3371469953369186,1.4633284507021267,0.0
2025-01-08 00:00:00+00:00,15.315605473823098,60.79239510415464,1012.4619663065891,,25.640588420588543,54.84,23.84,target,opensensemap_2,1,1,1,0,1,0.0206257313143108,0.14034814575783422,-0.5671720048798854,1.4397377753024514,0.0
2025-01-08 01:00:00+00:00,17.65657967285234,54.60555893644983,1013.6707114731072,,22.19512552593433,54.84,23.84,target,opensensemap_2,1,1,1,0,1,0.4906192548452828,-0.5729263914053886,0.00823877475268348,0.818095910349336,0.0
2025-01-08 02:00:00+00:00,17.81454459283826,54.29135947122279,1013.6923629748328,,18.13389810635189,54.84,23.84,target,opensensemap_2,1,1,1,0,1,0.5223336109322729,-0.6091501529632917,0.01854575080789292,-0.03266290969127235,0.0
2025-01-08 03:00:00+00:00,19.512371076155667,55.53747616646064,1013.7128236618352,,21.48437220621254,54.84,23.84,target,opensensemap_2,1,1,1,0,1,0.863203429817696,-0.4654865283005299,0.028285851687682072,0.6793551603343763,0.0
2025-01-08 04:00:00+00:00,20.83849879181569,49.83281208804932,1012.870090119663,,23.211618772752644,54.84,23.84,target,opensensemap_2,1,1,1,0,1,1.129447901026987,-1.1231718976724505,-0.37288883587749033,1.0035298972484512,0.0
2025-01-08 05:00:00+00:00,21.4031773147898,47.28498639405336,1013.564399949372,,21.14039762437844,54.84,23.84,target,opensensemap_2,1,1,1,0,1,1.2428174754481491,-1.416908331513031,-0.042369739308706515,0.6025415344794589,0.0
2025-01-08 06:00:00+00:00,21.310477405619896,49.02593575135938,1014.0267247797888,,23.494302962773567,54.84,23.84,target,opensensemap_2,1,1,1,0,1,1.2242062677894607,-1.216195913502174,0.17771526990784012,1.0474831262234459,0.0
2025-01-08 07:00:00+00:00,21.54795413614783,48.29458215490417,1014.6653020319152,,19.54338517744658,54.84,23.84,target,opensensemap_2,1,1,1,0,1,1.2718840787553922,-1.3005129834671558,0.48170344266733356,0.262692155135784,0.0
2025-01-08 08:00:00+00:00,21.141806559650632,50.66819697232893,1013.6263991505756,,22.92041375181972,54.84,23.84,target,opensensemap_2,1,1,1,0,1,1.1903425006249542,-1.0268611581383957,-0.012855653387770047,0.9372853900258881,0.0
2025-01-08 09:00:00+00:00,20.312333802613622,50.19650978439552,1014.380798421154,,21.13482130153455,54.84,23.84,target,opensensemap_2,1,1,1,0,1,1.0238106251713777,-1.0812415314890342,0.3462684072181953,0.587920192474192,0.0
2025-01-08 10:00:00+00:00,19.337312282967527,53.779862496901664,1013.9382566992564,,18.97464695566562,54.84,23.84,target,opensensemap_2,1,1,1,0,1,0.8280571650405398,-0.6681201592362455,0.13560094457128158,0.12899036423232332,0.0
2025-01-08 11:00:00+00:00,16.348133056464402,54.094906641974525,1014.3259526088242,,21.0879869427087,54.84,23.84,target,opensensemap_2,1,1,1,0,1,0.22792458873432853,-0.6317990153314131,0.3201596189421559,0.5771447071284382,0.0
2025-01-08 12:00:00+00:00,14.684490620717158,61.04404326440387,1014.7874083787954,,18.44437968027926,54.84,23.84,target,opensensemap_2,1,1,1,0,1,-0.1060821553796113,0.16936042605171034,0.5398309208179206,0.005433380838521612,0.0
2025-01-08 13:00:00+00:00,13.15023492413876,62.661381170620345,1014.876253286284,,15.060584344559508,54.84,23.84,target,opensensemap_2,1,1,1,0,1,-0.41411213756880816,0.35582179584115115,0.5821246307747652,-0.8512062773802287,0.0
2025-01-08 14:00:00+00:00,11.568770993441149,64.31953426544769,1014.4946743453912,,16.541553678244778,54.84,23.84,target,opensensemap_2,1,1,1,0,1,-0.7316200389518879,0.5469887104319251,0.40047787680841557,-0.45167700777490005,0.0
2025-01-08 15:00:00+00:00,9.83746230305164,68.65172361810373,1015.2883304371964,,15.240325613369412,54.84,23.84,target,opensensemap_2,1,1,1,0,1,-1.0792120252511752,1.0464427563543215,0.7782897458405409,-0.7965454119359714,0.0
2025-01-08 16:00:00+00:00,9.063086923126772,69.96871629538782,1014.31817199815,,16.820812588612995,54.84,23.84,target,opensensemap_2,1,1,1,0,1,-1.2346820913020728,1.198277606489953,0.31645573877114713,-0.37526170199325876,0.0
2025-01-08 17:00:00+00:00,9.481279401946468,73.84953978618034,1015.0347731874076,,15.97803804480266,54.84,23.84,target,opensensemap_2,1,1,1,0,1,-1.1507222780259911,1.6456941056784395,0.6575864091705679,-0.59253563203484,0.0
2025-01-08 18:00:00+00:00,8.216382967487732,70.98829472433803,1014.7458513294916,,15.343151309692873,54.84,23.84,target,opensensemap_2,1,1,1,0,1,-1.4046734460395254,1.315823846975073,0.5200481123306981,-0.7625206111274893,0.0
2025-01-08 19:00:00+00:00,8.474487933350547,70.4798740809877,1014.9777867846436,,16.73205497723265,54.84,23.84,target,opensensemap_2,1,1,1,0,1,-1.3528541383354893,1.2572085080134674,0.630458614701419,-0.390483143821044,0.0
2025-01-08 20:00:00+00:00,9.753328956712648,69.80010695578925,1014.5165401102398,,14.927683555081746,54.84,23.84,target,opensensemap_2,1,1,1,0,1,-1.0961033382390377,1.1788387939202343,0.41088685063292996,-0.8756362680502234,0.0
2025-01-08 21:00:00+00:00,9.80628935024603,70.6297776363908,1015.3676418644422,,15.234143327547212,54.84,23.84,target,opensensemap_2,1,1,1,0,1,-1.085470567499974,1.2744907482734247,0.8160451399876766,-0.7851261583758624,0.0
2025-01-08 22:00:00+00:00,11.510606544793038,66.25840245989725,1015.532039510168,,13.738536005645454,54.84,23.84,target,opensensemap_2,1,1,1,0,1,-0.7432976192411954,0.7705190054857142,0.8943049586137399,-1.2205329834732301,0.0
2025-01-08 23:00:00+00:00,13.719464794601794,62.2560633971843,1015.8586415763478,,16.553425916713472,54.84,23.84,target,opensensemap_2,1,1,1,0,1,-0.29982879662940704,0.30909309001882207,1.0497805333963846,-0.42019149525803756,0.0
2025-01-09 00:00:00+00:00,14.742822395839411,58.80037272965176,1014.9364283868222,,14.87095665698783,54.84,23.84,target,opensensemap_2,1,1,1,0,1,-0.0943709812304503,-0.08931024484400318,0.6107703722215332,-0.876698674045163,0.0
2025-01-09 01:00:00+00:00,17.358251544791507,57.42997418911308,1014.9223348078104,,15.023680402435827,54.84,23.84,target,opensensemap_2,1,1,1,0,1,0.43072440930027256,-0.24730220684782403,0.6040612680103349,-0.8291495936639168,0.0
2025-01-09 02:00:00+00:00,18.831725522074738,53.21187509469831,1015.4293709420982,,16.025791696758276,54.84,23.84,target,opensensemap_2,1,1,1,0,1,0.7265513460950979,-0.7336028939393104,0.8454306363552354,-0.5495388129967802,0.0
2025-01-09 03:00:00+00:00,20.932993763682827,52.49332795388267,1015.5560740510564,,12.7860626401696,54.84,23.84,target,opensensemap_2,1,1,1,0,1,1.1484195004586304,-0.816443519648875,0.9057463561007847,-1.5098012601246786,0.0
2025-01-09 04:00:00+00:00,20.67367907544825,48.97684948379233,1016.2388210502068,,12.609146994912448,54.84,23.84,target,opensensemap_2,1,1,1,0,1,1.0963573187920213,-1.2218550232362766,1.2307610853878497,-1.555947003949532,0.0
2025-01-09 05:00:00+00:00,21.661357897255765,48.98538667446847,1015.6292754508294,,11.966923603574935,54.84,23.84,target,opensensemap_2,1,1,1,0,1,1.2946519645727093,-1.2208707785329844,0.9405931341316768,-1.7613965069584296,0.0
2025-01-09 06:00:00+00:00,22.082998845809108,49.9971349031837,1015.9489586818386,,12.06990442261936,54.84,23.84,target,opensensemap_2,1,1,1,0,1,1.3793041214216415,-1.1042272744865078,1.0927750681619555,-1.7077116227149953,0.0
2025-01-09 07:00:00+00:00,21.530883702519905,48.47826183140322,1016.239372137808,,13.670297393478997,54.84,23.84,target,opensensemap_2,1,1,1,0,1,1.268456875989844,-1.2793367258954678,1.2310234250067091,-1.1733074025475116,0.0
2025-01-09 08:00:00+00:00,21.11101839734866,49.6760111456762,1015.8435427905551,,13.75654900197162,54.84,23.84,target,opensensemap_2,1,1,1,0,1,1.1841612121300409,-1.1412493312049177,1.0425929107732381,-1.1401116432380587,0.0
2025-01-09 09:00:00+00:00,19.34669229341697,52.65832634742945,1016.0249816646378,,11.931151357117106,54.84,23.84,target,opensensemap_2,1,1,1,0,1,0.8299403742462285,-0.7974210096616069,1.1289650319477273,-1.7245123060469287,0.0
2025-01-09 10:00:00+00:00,18.131592149848007,53.89993370460897,1016.3480974487428,,13.88581766648208,54.84,23.84,target,opensensemap_2,1,1,1,0,1,0.5859867253099066,-0.6542772623528407,1.282780997788576,-1.0808166193551272,0.0
2025-01-09 11:00:00+00:00,17.151655382972653,57.43759299977792,1015.911654712877,,16.73638166614529,54.84,23.84,target,opensensemap_2,1,1,1,0,1,0.3892464391109884,-0.24642384131439307,1.0750168950927466,-0.29510691911447434,0.0
2025-01-09 12:00:00+00:00,15.272689539634746,60.75702420764764,1014.97832548796,,13.59652223325722,54.84,23.84,target,opensensemap_2,1,1,1,0,1,0.012009570088283116,0.136270268285213,0.6307150589080547,-1.1635884013809397,0.0
2025-01-09 13:00:00+00:00,12.881051531593968,60.48473284565185,1016.9235565086748,,13.599486470018,54.84,23.84,target,opensensemap_2,1,1,1,0,1,-0.4681556427003941,0.10487805262983349,1.5567224004052531,-1.1560274849807965,0.0
2025-01-09 14:00:00+00:00,12.101501206082686,64.32012096392721,1016.01383362631,,13.09345288603024,54.84,23.84,target,opensensemap_2,1,1,1,0,1,-0.6246646740296141,0.5470563503491773,1.1236581222670985,-1.306622986298272,0.0
2025-01-09 15:00:00+00:00,9.855759375811068,67.57266096415553,1015.7833090175355,,14.85656190344132,54.84,23.84,target,opensensemap_2,1,1,1,0,1,-1.075538552173141,0.9220386353784542,1.0139192388914617,-0.773971477352349,0.0
2025-01-09 16:00:00+00:00,8.413596574887515,69.68039019672196,1015.6020174129228,,16.446359147507923,54.84,23.84,target,opensensemap_2,1,1,1,0,1,-1.3650791958045103,1.1650367610879864,0.9276172238426197,-0.34571225314718684,0.0
2025-01-09 17:00:00+00:00,7.35179261048852,73.7372215692607,1015.5382549534112,,16.585757572645793,54.84,23.84,target,opensensemap_2,1,1,1,0,1,-1.578255824036458,1.6327450438289353,0.8972637568297487,-0.30928765011980897,0.0
2025-01-09 18:00:00+00:00,7.760138709383781,74.11348885402231,1015.8871527031748,,15.441833832645152,54.84,23.84,target,opensensemap_2,1,1,1,0,1,-1.4962728521952922,1.6761245460677288,1.063352963855791,-0.6091410638271241,0.0
2025-01-09 19:00:00+00:00,8.145857541123712,72.26186392799353,1016.2792693316616,,13.744738294497672,54.84,23.84,target,opensensemap_2,1,1,1,0,1,-1.418832719409174,1.4626524455768213,1.2500160762754307,-1.0948764685165624,0.0
2025-01-09 20:00:00+00:00,8.664047779924996,69.84495685260757,1015.7478015077955,,17.10993770389261,54.84,23.84,target,opensensemap_2,1,1,1,0,1,-1.314796521020245,1.1840094964453625,0.9970162518696728,-0.16931912611860525,0.0
2025-01-09 21:00:00+00:00,10.795916117428776,68.5360205192597,1016.359628002724,,15.126357625278338,54.84,23.84,target,opensensemap_2,1,1,1,0,1,-0.8867848359435738,1.0331034546435172,1.2882700001355434,-0.6891957767100292,0.0
2025-01-09 22:00:00+00:00,11.42629723124474,67.67646540620606,1016.6653567477488,,18.382187192666382,54.84,23.84,target,opensensemap_2,1,1,1,0,1,-0.760224260875039,0.9340061521110894,1.4338090437683417,0.13898495622976817,0.0
2025-01-09 23:00:00+00:00,13.872381025468334,62.20612307102408,1015.1029655086204,,19.17955815325652,54.84,23.84,target,opensensemap_2,1,1,1,0,1,-0.26912805751838076,0.3033355166708075,0.6900486665602202,0.3201083728380754,0.0
2025-01-10 00:00:00+00:00,14.44215408662842,61.47933699376348,1016.56743609468,,17.4882857762503,54.84,23.84,target,opensensemap_2,1,1,1,0,1,-0.15473566107987916,0.2195450317084357,1.38719491790861,-0.07549941218356143,0.0
2025-01-10 01:00:00+00:00,16.77439892843608,56.57312377461143,1015.047943365352,,17.4431907578063,54.84,23.84,target,opensensemap_2,1,1,1,0,1,0.3135052838193277,-0.3460876872217955,0.6638559377435084,-0.08636390251041574,0.0
2025-01-10 02:00:00+00:00,18.430116596440303,54.819650619786565,1014.9711679094604,,17.359897908150536,54.84,23.84,target,opensensemap_2,1,1,1,0,1,0.6459209854022341,-0.5482439620985279,0.6273077668345859,-0.10667281376417456,0.0
2025-01-10 03:00:00+00:00,19.988700173186345,51.67537334672053,1016.6125461255164,,17.872338914382876,54.84,23.84,target,opensensemap_2,1,1,1,0,1,0.9588352359121887,-0.9107447388874865,1.4086690869326337,0.018584864045718002,0.0
2025-01-10 04:00:00+00:00,21.380310042827247,50.96888533485904,1015.4990301549316,,23.71640961540878,54.84,23.84,target,opensensemap_2,1,1,1,0,1,1.2382264510243524,-0.9921950789340394,0.878591192504963,1.2464032447994182,0.0
2025-01-10 05:00:00+00:00,22.65818808555792,50.08097972428443,1016.2775589750216,,19.06064399037269,54.84,23.84,target,opensensemap_2,1,1,1,0,1,1.4947839150899136,-1.0945608837266656,1.249201878481806,0.2904706557678226,0.0
2025-01-10 06:00:00+00:00,22.213723220164045,50.318300093251295,1016.5058830247192,,19.21591207737326,54.84,23.84,target,opensensemap_2,1,1,1,0,1,1.4055494381534264,-1.0672004410471172,1.3578932082050084,0.3248826164497413,0.0
2025-01-10 07:00:00+00:00,21.57774675257605,47.81926803182881,1015.7544260806384,,21.93749158886993,54.84,23.84,target,opensensemap_2,1,1,1,0,1,1.277865493149499,-1.355311502767448,1.0001698120491198,0.9005813126894932,0.0
2025-01-10 08:00:00+00:00,20.932883377122984,48.56559687277924,1015.6181938284038,,23.966944969915872,54.84,23.84,target,opensensemap_2,1,1,1,0,1,1.1483973383313277,-1.2692679509146816,0.935317841062386,1.2840883837813626,0.0
2025-01-10 09:00:00+00:00,19.983703535197986,50.093912479037954,1015.9163260911912,,20.064905696902542,54.84,23.84,target,opensensemap_2,1,1,1,0,1,0.9578320691558309,-1.0930698785648973,1.0772406569841797,0.5016277921450752,0.0
2025-01-10 10:00:00+00:00,17.243773147670478,52.81729445205078,1015.8129777358436,,20.84747061065396,54.84,23.84,target,opensensemap_2,1,1,1,0,1,0.40774077058550073,-0.7790937260268184,1.0280427289414715,0.6668463365618864,0.0
2025-01-10 11:00:00+00:00,16.305040860889672,56.96990473799496,1013.5855732896728,,19.60974235021729,54.84,23.84,target,opensensemap_2,1,1,1,0,1,0.21927303980087534,-0.3003431822210181,-0.03229038711161856,0.3980144001378908,0.0
2025-01-10 12:00:00+00:00,15.494137188336191,60.125141054974286,1014.8352153077416,,22.47032481822452,54.84,23.84,target,opensensemap_2,1,1,1,0,1,0.05646924876991955,0.06342105245871298,0.5625889206170206,0.992486917661129,0.0
2025-01-10 13:00:00+00:00,12.483001221057757,61.48046460104071,1014.9267902454854,,22.19054684423994,54.84,23.84,target,opensensemap_2,1,1,1,0,1,-0.5480715461174802,0.21967503249348377,0.6061822335680003,0.9332490864873115,0.0
2025-01-10 14:00:00+00:00,11.242691862008856,66.4695918709485,1015.072000358299,,24.678211100943862,54.84,23.84,target,opensensemap_2,1,1,1,0,1,-0.7970864076095748,0.7948668345437506,0.6753080233035252,1.3964707891816963,0.0
2025-01-10 15:00:00+00:00,10.037768807275969,69.71321371603808,1014.9316753265248,,19.65737207695463,54.84,23.84,target,opensensemap_2,1,1,1,0,1,-1.0389968192289973,1.1688209538342704,0.6085077264570501,0.39247490204769475,0.0
2025-01-10 16:00:00+00:00,9.182632901634358,70.12580032555043,1014.958519136832,,22.780797378190915,54.84,23.84,target,opensensemap_2,1,1,1,0,1,-1.2106810426420587,1.216387676948071,0.62128644793206,1.0366963278602521,0.0
2025-01-10 17:00:00+00:00,8.370214109812393,71.5843732832005,1016.0674547056744,,22.18303327670545,54.84,23.84,target,opensensemap_2,1,1,1,0,1,-1.3737890216661415,1.3845451847736912,1.1491838889352908,0.9154574994065114,0.0
2025-01-10 18:00:00+00:00,8.55000810892853,73.03640153460007,1015.2303779365686,,22.36508400273137,54.84,23.84,target,opensensemap_2,1,1,1,0,1,-1.3376920774155985,1.5519481595560625,0.750702050359687,0.9477172773694522,0.0
2025-01-10 19:00:00+00:00,8.054122521407155,71.70578668073482,1015.5678553131564,,24.2075877801084,54.84,23.84,target,opensensemap_2,1,1,1,0,1,-1.437250207805948,1.3985428214629827,0.9113547054847744,1.2918429379003142,0.0
2025-01-10 20:00:00+00:00,9.006701472971733,70.56164239416297,1014.879884716562,,21.615368359029016,54.84,23.84,target,opensensemap_2,1,1,1,0,1,-1.2460025050021624,1.266635500122804,0.5838533360347848,0.7878161585360329,0.0
2025-01-10 21:00:00+00:00,10.02141716794164,70.58657402562274,1014.210324407516,,20.26930335116037,54.84,23.84,target,opensensemap_2,1,1,1,0,1,-1.0422797108513977,1.2695098445224529,0.26511599576566075,0.5039873289302563,0.0
2025-01-10 22:00:00+00:00,11.14311610161027,65.69472661320665,1015.0402110294536,,22.995516062868205,54.84,23.84,target,opensensemap_2,1,1,1,0,1,-0.8170780685631277,0.7055333459725287,0.6601750382860343,1.0560567001916712,0.0
2025-01-10 23:00:00+00:00,12.537111399575709,63.762223330941694,1014.4861246784644,,21.524405315172288,54.84,23.84,target,opensensemap_2,1,1,1,0,1,-0.5372079349460764,0.4827368556728173,0.3964078952703562,0.7611509838786624,0.0
2025-01-11 00:00:00+00:00,14.593554678541931,60.29765922286104,1014.3563170558052,,24.316852166447298,54.84,23.84,target,opensensemap_2,1,1,1,0,1,-0.12433921429818746,0.08331051017443651,0.33461430351458243,1.2952738148104164,0.0
2025-01-11 01:00:00+00:00,16.516053447205703,55.07659311886263,1013.6823742101624,,22.79376813433261,54.84,23.84,target,opensensemap_2,1,1,1,0,1,0.2616376882421868,-0.5186213024485579,0.013790701500740622,1.0036099623933434,0.0
2025-01-11 02:00:00+00:00,18.26847811329128,53.11493381735809,1014.3065149109572,,20.695486898929914,54.84,23.84,target,opensensemap_2,1,1,1,0,1,0.6134690941063309,-0.7447791628516492,0.31090650158231486,0.5761530453884713,0.0
2025-01-11 03:00:00+00:00,20.0578885072534,53.68760790080301,1013.7251520937924,,20.1824949648014,54.84,23.84,target,opensensemap_2,1,1,1,0,1,0.9727260634697488,-0.6787561050653816,0.03415467568853222,0.4647026320894513,0.0
2025-01-11 04:00:00+00:00,21.67071133179381,48.515634288705776,1014.0349475465864,,20.57741244013058,54.84,23.84,target,opensensemap_2,1,1,1,0,1,1.29652983817656,-1.2750280903566313,0.18162963398128562,0.54849546248615,0.0
2025-01-11 05:00:00+00:00,22.46703619264767,47.43672526297997,1013.1506940079868,,22.00830303434426,54.84,23.84,target,opensensemap_2,1,1,1,0,1,1.4564066652612913,-1.399414499678876,-0.23931022342817126,0.842751084202504,0.0
2025-01-11 06:00:00+00:00,22.122913482658287,49.1502110905646,1013.87072649683,,23.63314320156412,54.84,23.84,target,opensensemap_2,1,1,1,0,1,1.3873177171378968,-1.2018683262427727,0.10345388206112084,1.1542822328265443,0.0
2025-01-11 07:00:00+00:00,21.42605187050516,48.70711470945166,1012.9317315597144,,20.767375722071183,54.84,23.84,target,opensensemap_2,1,1,1,0,1,1.2474099622189665,-1.252952492299538,-0.34354505849567385,0.5792732209463668,0.0
2025-01-11 08:00:00+00:00,21.32348246801936,49.84632119065,1012.8313774569688,,18.895374684762228,54.84,23.84,target,opensensemap_2,1,1,1,0,1,1.226817272687934,-1.1216144459081243,-0.391317603197173,0.1630320020886992,0.0
2025-01-11 09:00:00+00:00,21.00165043235653,51.165711896399664,1012.6819056396578,,21.328305002199446,54.84,23.84,target,opensensemap_2,1,1,1,0,1,1.1622035864332787,-0.9695031293205747,-0.46247213379171853,0.6957475206153415,0.0
2025-01-11 10:00:00+00:00,18.83064021511602,54.0384214640402,1012.4082054618362,,22.17938990187337,54.84,23.84,target,opensensemap_2,1,1,1,0,1,0.7263334508095146,-0.638311138499956,-0.5927643054324357,0.8667062694143434,0.0
2025-01-11 11:00:00+00:00,16.47141544978826,55.89260713025319,1013.3049314870032,,16.511958997169867,54.84,23.84,target,opensensemap_2,1,1,1,0,1,0.2526757912258548,-0.42454381267574726,-0.1658870482976862,-0.43378866194186394,0.0
2025-01-11 12:00:00+00:00,15.662479766750147,56.94390556973906,1012.645747567312,,23.2151178261916,54.84,23.84,target,opensensemap_2,1,1,1,0,1,0.09026711019952162,-0.30334060193630946,-0.4796848144913372,1.069421337244977,0.0
2025-01-11 13:00:00+00:00,12.332186452605866,64.23900803469586,1012.9440974812452,,16.89365739014734,54.84,23.84,target,opensensemap_2,1,1,1,0,1,-0.5783503780903423,0.5377049168398415,-0.3376583879666043,-0.33695762858915645,0.0
2025-01-11 14:00:00+00:00,11.473139914396793,66.15189983585289,1013.463580526782,,17.89793238856337,54.84,23.84,target,opensensemap_2,1,1,1,0,1,-0.7508197327450804,0.7582404178824972,-0.09036379476518838,-0.08274284754342534,0.0
2025-01-11 15:00:00+00:00,9.7275641973062,68.27226286183854,1013.2873050092784,,14.797175035428197,54.84,23.84,target,opensensemap_2,1,1,1,0,1,-1.1012760864313869,1.0026950817820581,-0.17427795282473865,-0.9161291560444842,0.0
2025-01-11 16:00:00+00:00,9.609753268534696,71.54632953321618,1012.9022337433106,,15.522233539694994,54.84,23.84,target,opensensemap_2,1,1,1,0,1,-1.1249287920215367,1.3801591565313933,-0.35758719244130416,-0.7040607868607983,0.0
2025-01-11 17:00:00+00:00,9.074474157089584,70.73788440874942,1012.6123463365484,,14.400092220571118,54.84,23.84,target,opensensemap_2,1,1,1,0,1,-1.2323958951467828,1.286954276630749,-0.49558512893871054,-1.0295580189899494,0.0
2025-01-11 18:00:00+00:00,7.348537987993208,68.11176323775764,1012.6137776616778,,13.411134460982804,54.84,23.84,target,opensensemap_2,1,1,1,0,1,-1.5789092492194305,0.9841912307056777,-0.4949037612431743,-1.3345210378465002,0.0
2025-01-11 19:00:00+00:00,8.146713740691482,71.95009499538288,1012.1255108221104,,17.427401050915122,54.84,23.84,target,opensensemap_2,1,1,1,0,1,-1.4186608216360725,1.4267088978438889,-0.7273381987131593,-0.18434408399811372,0.0
2025-01-11 20:00:00+00:00,8.371736809943702,70.05225090998172,1012.3032364280344,,15.299379682092807,54.84,23.84,target,opensensemap_2,1,1,1,0,1,-1.373483311675706,1.207908233832664,-0.6427337408852097,-0.7555984130808138,0.0
2025-01-11 21:00:00+00:00,9.943963742437358,65.8566852021728,1011.5705456172884,,16.941954762750214,54.84,23.84,target,opensensemap_2,1,1,1,0,1,-1.0578299071659905,0.7242053997416995,-0.9915237111114891,-0.3056957260408746,0.0
2025-01-11 22:00:00+00:00,11.547542659253168,64.50736478747343,1011.411957186499,,16.69163040970662,54.84,23.84,target,opensensemap_2,1,1,1,0,1,-0.735882016545592,0.568643515089981,-1.067018112354169,-0.3706741962499245,0.0
2025-01-11 23:00:00+00:00,12.741623224294155,63.99944493015384,1011.8629445485576,,13.122228306848433,54.84,23.84,target,opensensemap_2,1,1,1,0,1,-0.49614843367390093,0.5100859112800125,-0.8523301890476114,-1.4239913313631223,0.0
2025-01-12 00:00:00+00:00,15.310623848233927,62.09703618266579,1011.7954735499576,,14.177338473117551,54.84,23.84,target,opensensemap_2,1,1,1,0,1,0.019625578572543188,0.2907589916594458,-0.884449068181465,-1.0794574944705224,0.0
2025-01-12 01:00:00+00:00,17.501585482309345,57.102154370523856,1012.2109568743026,,15.271003400463927,54.84,23.84,target,opensensemap_2,1,1,1,0,1,0.45950132720202136,-0.28509624616596985,-0.686662479074033,-0.7502917246121438,0.0
2025-01-12 02:00:00+00:00,18.54343410377708,54.29699388893575,1011.8454268639542,,16.94969991975832,54.84,23.84,target,opensensemap_2,1,1,1,0,1,0.6686715541923746,-0.608500566231486,-0.8606693037214038,-0.28941939124606103,0.0
2025-01-12 03:00:00+00:00,19.940448604406583,54.299476890777655,1011.6251913561564,,9.59814990406743,54.84,23.84,target,opensensemap_2,1,1,1,0,1,0.9491478481417035,-0.6082143032787342,-0.9655101657616469,-2.7543474551660503,0.0
2025-01-12 04:00:00+00:00,21.61269013371519,48.74613388590111,1010.8640819359692,,13.09237402138024,54.84,23.84,target,opensensemap_2,1,1,1,0,1,1.2848810180674928,-1.2484540080552404,-1.3278285244916015,-1.3937222267059455,0.0
2025-01-12 05:00:00+00:00,21.97385372441144,48.63009769659599,1011.5747302294128,,10.869047676921989,54.84,23.84,target,opensensemap_2,1,1,1,0,1,1.3573912356652853,-1.261831711452791,-0.9895316692885697,-2.178545579166199,0.0
2025-01-12 06:00:00+00:00,21.76699887224172,47.30931550276206,1010.82768995408,,13.628575778366548,54.84,23.84,target,opensensemap_2,1,1,1,0,1,1.315861328641517,-1.414103451396054,-1.3451525554381458,-1.1974831282026004,0.0
2025-01-12 07:00:00+00:00,21.323836571286293,48.39865425252624,1010.7042471053144,,13.232728969524528,54.84,23.84,target,opensensemap_2,1,1,1,0,1,1.2268883654159908,-1.2885146089747974,-1.4039162616483805,-1.3177619798223343,0.0
2025-01-12 08:00:00+00:00,20.78957202152254,49.56467243742563,1010.123065936894,,12.07453133681447,54.84,23.84,target,opensensemap_2,1,1,1,0,1,1.1196249541638374,-1.1540854664189584,-1.6805816155143753,-1.6993742605050344,0.0
2025-01-12 09:00:00+00:00,19.70312457449496,53.472454283987766,1010.2814925095568,,12.068229378680346,54.84,23.84,target,opensensemap_2,1,1,1,0,1,0.9015006946263051,-0.703560963686653,-1.6051642651782583,-1.6895553718824083,0.0
2025-01-12 10:00:00+00:00,18.730202108768115,51.85178804367704,1010.1630904757033,,13.258317959437036,54.84,23.84,target,opensensemap_2,1,1,1,0,1,0.706168658083988,-0.8904060539911112,-1.6615283429813417,-1.2818097593062525,0.0
2025-01-12 11:00:00+00:00,16.58790854802948,57.634718826933735,1010.7721370471588,,16.53129757540585,54.84,23.84,target,opensensemap_2,1,1,1,0,1,0.2760639181569991,-0.22369738964893005,-1.371597948865835,-0.3379798645534449,0.0
2025-01-12 12:00:00+00:00,16.11800765615965,58.71315799383798,1010.5616104915016,,13.711399055205536,54.84,23.84,target,opensensemap_2,1,1,1,0,1,0.18172269219567558,-0.09936514990939224,-1.4718169634932454,-1.1343223596096466,0.0
2025-01-12 13:00:00+00:00,12.84808650971322,62.30268037244196,1010.6137337130708,,14.11753387071343,54.84,23.84,target,opensensemap_2,1,1,1,0,1,-0.4747739756975854,0.31446751735931433,-1.4470042367160192,-1.0059445239515385,0.0
2025-01-12 14:00:00+00:00,10.52585699198628,63.7930008413096,1010.4971815939962,,15.627879315436116,54.84,23.84,target,opensensemap_2,1,1,1,0,1,-0.9410041605226508,0.4862851659670671,-1.5024876815001318,-0.5697427245119238,0.0
2025-01-12 15:00:00+00:00,11.237566769746856,66.80560494408685,1010.6722505263368,,12.50499103247796,54.84,23.84,target,opensensemap_2,1,1,1,0,1,-0.7981153639182935,0.8336054664917918,-1.4191479059726229,-1.5144895704148305,0.0
2025-01-12 16:00:00+00:00,9.342759561991762,70.12972559751807,1010.2723193184704,,15.957155021539082,54.84,23.84,target,opensensemap_2,1,1,1,0,1,-1.1785326775110667,1.2168402178704534,-1.6095310690182427,-0.47271354114692316,0.0
2025-01-12 17:00:00+00:00,7.767335251383642,71.50996947154842,1009.7090152867044,,16.007662137845752,54.84,23.84,target,opensensemap_2,1,1,1,0,1,-1.4948280143439583,1.3759672391354423,-1.8776861947362449,-0.45816999132660335,0.0
2025-01-12 18:00:00+00:00,7.871700713674537,69.66772983117136,1009.5273505406184,,15.11715380261894,54.84,23.84,target,opensensemap_2,1,1,1,0,1,-1.473874732852271,1.1635771594218616,-1.9641658399688293,-0.7019039902525993,0.0
2025-01-12 19:00:00+00:00,8.352411279939728,70.10996367342983,1009.8519496415856,,12.603151050370863,54.84,23.84,target,opensensemap_2,1,1,1,0,1,-1.377363266416103,1.214561884183346,-1.8096437562995027,-1.472410269834185,0.0
2025-01-12 20:00:00+00:00,9.919764402441452,70.721178357513,1010.6987275773826,,13.35434732771499,54.84,23.84,target,opensensemap_2,1,1,1,0,1,-1.0626883686887687,1.2850282516576474,-1.4065437764947095,-1.2199278891303391,0.0
2025-01-12 21:00:00+00:00,9.864175794299555,70.38844905545652,1010.198905248104,,17.09789608757396,54.84,23.84,target,opensensemap_2,1,1,1,0,1,-1.0738488017339625,1.2466682025967362,-1.6444790867110313,-0.16219754213889992,0.0
2025-01-12 22:00:00+00:00,11.688987239551246,63.88181408344944,1010.1233970513516,,18.16903755812911,54.84,23.84,target,opensensemap_2,1,1,1,0,1,-0.7074844217723475,0.4965243613270377,-1.6804239918617896,0.09966895155020407,0.0
2025-01-12 23:00:00+00:00,12.990135314755266,60.42032553420896,1009.6199739820274,,18.914648787119862,54.84,23.84,target,opensensemap_2,1,1,1,0,1,-0.44625507172044615,0.09745259412179058,-1.9200733975667978,0.27338313462110747,0.0
2025-01-13 00:00:00+00:00,14.79272441315964,59.02532054485732,1009.9774335488696,,16.180389322291838,54.84,23.84,target,opensensemap_2,1,1,1,0,1,-0.08435223563241533,-0.06337622227942191,-1.7499084250471668,-0.40121355218369137,0.0
2025-01-13 01:00:00+00:00,16.53543764779663,59.601828450662026,1010.238382297489,,18.686325480190053,54.84,23.84,target,opensensemap_2,1,1,1,0,1,0.265529422179425,0.0030888332897380318,-1.6256864409214582,0.22195130781233013,0.0
2025-01-13 02:00:00+00:00,18.867396023832008,52.93271331587248,1009.971098483697,,22.633799111488816,54.84,23.84,target,opensensemap_2,1,1,1,0,1,0.733712853818664,-0.7657871935050641,-1.7529241680598098,1.058277048541632,0.0
2025-01-13 03:00:00+00:00,19.45629584071672,50.87696954544997,1010.7385736169026,,21.2906012531104,54.84,23.84,target,opensensemap_2,1,1,1,0,1,0.8519452974137985,-1.0027919640578085,-1.387575476723507,0.7865860466787328,0.0
2025-01-13 04:00:00+00:00,21.01275858389173,49.46457494560286,1010.513260385174,,21.29844855194357,54.84,23.84,target,opensensemap_2,1,1,1,0,1,1.164433751670516,-1.1656256123377682,-1.4948335373318904,0.7860196723828197,0.0
2025-01-13 05:00:00+00:00,21.22200042670903,49.16030865700512,1010.0146145558627,,18.05859351210819,54.84,23.84,target,opensensemap_2,1,1,1,0,1,1.2064428908641889,-1.2007041872815813,-1.7322087867660274,0.06423869745770705,0.0
2025-01-13 06:00:00+00:00,22.312913109950813,47.91113263394122,1009.7463399532638,,15.153220237025458,54.84,23.84,target,opensensemap_2,1,1,1,0,1,1.4254636285015572,-1.3447205189790863,-1.8599181687871706,-0.6952712019497391,0.0
2025-01-13 07:00:00+00:00,22.11222631724372,45.96487161028527,1009.7541883873716,,22.882032993069835,54.84,23.84,target,opensensemap_2,1,1,1,0,1,1.3851720725887884,-1.5691031263759811,-1.8561820019639508,1.1032977792676528,0.0
2025-01-13 08:00:00+00:00,21.11344556729554,49.64711648322365,1010.3591278904204,,21.65044864243101,54.84,23.84,target,opensensemap_2,1,1,1,0,1,1.184648511031505,-1.1445805697295313,-1.5682067357773384,0.8559523694279657,0.0
2025-01-13 09:00:00+00:00,19.64798082844376,50.9191927469882,1011.0925278200208,,18.22239529894918,54.84,23.84,target,opensensemap_2,1,1,1,0,1,0.8904295758083155,-0.9979240907671041,-1.219079196769683,0.09927001998789617,0.0
2025-01-13 10:00:00+00:00,18.28143179361776,53.79176729390832,1010.77899143362,,20.44702041021741,54.84,23.84,target,opensensemap_2,1,1,1,0,1,0.6160697831108746,-0.6667476663586628,-1.3683349882627234,0.6032250278125836,0.0
2025-01-13 11:00:00+00:00,16.9953687114462,55.24718305307849,1010.4432682555604,,24.088299938068783,54.84,23.84,target,opensensemap_2,1,1,1,0,1,0.3578690221953707,-0.49895414898364593,-1.5281525751114935,1.324515251405255,0.0
2025-01-13 12:00:00+00:00,14.726363478719822,60.940552211048086,1010.4008407196984,,18.08863275462908,54.84,23.84,target,opensensemap_2,1,1,1,0,1,-0.09767541083661502,0.15742903960766547,-1.5483497698258712,0.060517048396332096,0.0
2025-01-13 13:00:00+00:00,12.98464412002255,63.68357644118149,1009.0552907405817,,20.61248550023008,54.84,23.84,target,opensensemap_2,1,1,1,0,1,-0.447357529817547,0.47366972954042375,-2.1888850819533023,0.6329110355999195,0.0
2025-01-13 14:00:00+00:00,11.74422497738188,64.96636328717774,1009.4268626002088,,23.4877233727881,54.84,23.84,target,opensensemap_2,1,1,1,0,1,-0.6963944323800401,0.6215610214794639,-2.012002096722043,1.2078434039900663,0.0
2025-01-13 15:00:00+00:00,9.960225356868955,70.22942515308438,1010.2738265142632,,22.097297220140856,54.84,23.84,target,opensensemap_2,1,1,1,0,1,-1.0545650896946241,1.2283344860916072,-1.6088135838690094,0.9333901926052838,0.0
2025-01-13 16:00:00+00:00,8.699868431278787,72.99166479471754,1009.8160200689356,,24.884864768150933,54.84,23.84,target,opensensemap_2,1,1,1,0,1,-1.3076048680101757,1.5467905027878945,-1.8267476620549101,1.456072090285234,0.0
2025-01-13 17:00:00+00:00,8.92042011921714,70.58198656409705,1009.8201127005714,,23.856077219101408,54.84,23.84,target,opensensemap_2,1,1,1,0,1,-1.2633250698911558,1.268980960387203,-1.8247994066032835,1.261935769507043,0.0
2025-01-13 18:00:00+00:00,8.465622405368329,71.91446805644858,1010.1419558584694,,23.03541113312452,54.84,23.84,target,opensensemap_2,1,1,1,0,1,-1.3546340557459644,1.4226015014800488,-1.6715892614583243,1.1021791631164677,0.0
2025-01-13 19:00:00+00:00,8.23744563643977,71.74580767190662,1009.9648436607196,,21.56622344364953,54.84,23.84,target,opensensemap_2,1,1,1,0,1,-1.400444728781625,1.403156803986698,-1.7559017125957517,0.808196431266413,0.0
2025-01-13 20:00:00+00:00,8.910110255549137,70.63727456378722,1010.1343054784888,,21.96651203885196,54.84,23.84,target,opensensemap_2,1,1,1,0,1,-1.265394964191767,1.2753550619991927,-1.6752311466389405,0.8869215768709721,0.0
2025-01-13 21:00:00+00:00,9.71440780753819,65.8492649842891,1010.3178724151936,,21.078024597361733,54.84,23.84,target,opensensemap_2,1,1,1,0,1,-1.1039174730757069,0.7233499297836832,-1.587845983008189,0.7027817370931204,0.0
2025-01-13 22:00:00+00:00,11.236541806585944,67.95800223410768,1011.0578324675972,,20.71450950800886,54.84,23.84,target,opensensemap_2,1,1,1,0,1,-0.7983211440792566,0.9664642688564736,-1.2355955646035928,0.6246196832273275,0.0
2025-01-13 23:00:00+00:00,13.21521095767696,63.21610923866962,1010.0507331504796,,23.35130835432274,54.84,23.84,target,opensensemap_2,1,1,1,0,1,-0.401067006631291,0.4197758743497598,-1.7150148990356902,1.1516147538098895,0.0
2025-01-14 00:00:00+00:00,15.27677544044152,62.23745411472488,1010.5749961100188,,18.6918707359702,54.84,23.84,target,opensensemap_2,1,1,1,0,1,0.012829889644889285,0.30694764330367114,-1.465444876638058,0.16865091740535768,0.0
2025-01-14 01:00:00+00:00,16.45964709067936,57.96441106421092,1010.8371152102588,,21.00655809387246,54.84,23.84,target,opensensemap_2,1,1,1,0,1,0.2503130772044603,-0.18568748093698945,-1.3406657585877297,0.681297162469471,0.0
2025-01-14 02:00:00+00:00,17.75936622166484,51.07002981722189,1010.4166425887776,,20.7612118206989,54.84,23.84,target,opensensemap_2,1,1,1,0,1,0.5112555404856831,-0.9805342264581708,-1.5408274515917635,0.6279205561971283,0.0
2025-01-14 03:00:00+00:00,20.0588775428097,50.21654942627548,1011.3229904103036,,18.53707723304729,54.84,23.84,target,opensensemap_2,1,1,1,0,1,0.972924630504873,-1.0789311799782808,-1.1093698366629519,0.12802159422727488,0.0
2025-01-14 04:00:00+00:00,21.30186541425969,48.56319308253602,1010.9749264490785,,19.51047288318255,54.84,23.84,target,opensensemap_2,1,1,1,0,1,1.2224772525078402,-1.2695450816365392,-1.2750621271790101,0.35298009947515663,0.0
2025-01-14 05:00:00+00:00,21.74412526423184,46.93584389445074,1010.4915219237604,,19.152944371385587,54.84,23.84,target,opensensemap_2,1,1,1,0,1,1.311269032139963,-1.4571606427198522,-1.5051819096576007,0.27080445758657107,0.0
2025-01-14 06:00:00+00:00,22.43054059156989,49.45725154442314,1011.1286380634144,,23.506949709151424,54.84,23.84,target,opensensemap_2,1,1,1,0,1,1.4490795037099,-1.1664699203888196,-1.20188928455377,1.1787710726686924,0.0
2025-01-14 07:00:00+00:00,22.260424383697057,50.22302056289238,1010.3844595321232,,19.19697306470539,54.84,23.84,target,opensensemap_2,1,1,1,0,1,1.4149255536232073,-1.0781851287090658,-1.556147866707719,0.276620133613248,0.0
2025-01-14 08:00:00+00:00,21.59358622349643,49.425550731175214,1010.664882508028,,22.24550256716104,54.84,23.84,target,opensensemap_2,1,1,1,0,1,1.2810455575653403,-1.1701246774058456,-1.4226553757659928,0.9295732982997953,0.0
2025-01-14 09:00:00+00:00,20.78006419024892,53.964464640165566,1011.2838195227334,,21.842705651496285,54.84,23.84,target,opensensemap_2,1,1,1,0,1,1.1177160825823902,-0.6468375513367145,-1.1280167372504435,0.8456127310073618,0.0
2025-01-14 10:00:00+00:00,18.497656029945205,52.96009633605498,1011.154531602032,,23.27800673296157,54.84,23.84,target,opensensemap_2,1,1,1,0,1,0.6594807659172938,-0.7626302307995124,-1.1895629302021051,1.1267983367484031,0.0
2025-01-14 11:00:00+00:00,17.6534112941974,54.15377403836396,1012.565736115186,,20.82503266681557,54.84,23.84,target,opensensemap_2,1,1,1,0,1,0.48998314469569915,-0.6250122484322248,-0.5177734483263441,0.6276441634136174,0.0
2025-01-14 12:00:00+00:00,15.60829109437845,61.28949841693957,1011.3254604663372,,14.095295686811596,54.84,23.84,target,opensensemap_2,1,1,1,0,1,0.07938773994674357,0.19765872029669646,-1.1081939917393406,-1.0893637110330834,0.0
2025-01-14 13:00:00+00:00,12.36442847435694,63.35492981049914,1012.0091806229702,,17.624817299963603,54.84,23.84,target,opensensemap_2,1,1,1,0,1,-0.5718772006350619,0.4357803678317923,-0.7827160007811385,-0.10820819435550873,0.0
2025-01-14 14:00:00+00:00,11.721136009271316,64.94310659154529,1011.8343239018244,,14.444806513476603,54.84,23.84,target,opensensemap_2,1,1,1,0,1,-0.7010299663733143,0.6188797788598878,-0.865954755338768,-0.9803724462816197,0.0
2025-01-14 15:00:00+00:00,10.448526890394309,68.06856473125634,1012.191515417795,,17.67148300243977,54.84,23.84,target,opensensemap_2,1,1,1,0,1,-0.9565295972990537,0.979210915420832,-0.6959173856962882,-0.09338836327890221,0.0
2025-01-14 16:00:00+00:00,8.956111102445934,70.8066782079712,1011.38463649998,,15.076668586897672,54.84,23.84,target,opensensemap_2,1,1,1,0,1,-1.2561594501363793,1.2948854491993314,-1.0800238458746878,-0.7915149148239997,0.0
2025-01-14 17:00:00+00:00,8.574565172496522,72.35412683698566,1012.675899183592,,13.981660625394014,54.84,23.84,target,opensensemap_2,1,1,1,0,1,-1.3327617963220775,1.4732893497916464,-0.4653314457983747,-1.1189470167686146,0.0
2025-01-14 18:00:00+00:00,8.279127206504148,70.12304872314273,1012.6957881518446,,16.95100847186358,54.84,23.84,target,opensensemap_2,1,1,1,0,1,-1.3920763888020626,1.216070447288095,-0.45586350578481255,-0.2711425278095166,0.0
2025-01-14 19:00:00+00:00,8.632551937327552,73.35306497895183,1013.469056369196,,16.427826573360818,54.84,23.84,target,opensensemap_2,1,1,1,0,1,-1.3211198893192584,1.5884559909555007,-0.08775707596305339,-0.408955398818798,0.0
2025-01-14 20:00:00+00:00,8.444210570806264,72.12336501931904,1013.1627483251268,,16.88591440407652,54.84,23.84,target,opensensemap_2,1,1,1,0,1,-1.3589328744066997,1.4466850363381412,-0.2335718889838069,-0.2868111908037443,0.0
2025-01-14 21:00:00+00:00,10.504221088055631,67.66854575931319,1012.8308627890428,,14.221546610584996,54.84,23.84,target,opensensemap_2,1,1,1,0,1,-0.9453479652204386,0.9330931034511787,-0.39156260560190864,-1.0422839243543662,0.0
2025-01-14 22:00:00+00:00,10.939562007449108,65.38653001192246,1013.4290063407852,,14.309289159354584,54.84,23.84,target,opensensemap_2,1,1,1,0,1,-0.8579452878531273,0.6700016489665913,-0.10682248256030924,-1.0121002978650024,0.0
2025-01-14 23:00:00+00:00,12.38312986364374,60.79094821396573,1013.2064095376188,,13.34942951557522,54.84,23.84,target,opensensemap_2,1,1,1,0,1,-0.568122553595606,0.14018133514545494,-0.21278741512146734,-1.3124483930052646,0.0
2025-01-15 00:00:00+00:00,15.348210525510035,59.358109658336765,1013.2329608851398,,16.921200050947046,54.84,23.84,target,opensensemap_2,1,1,1,0,1,0.02717179369022588,-0.02500927761567334,-0.20014791756601114,-0.2667331700882924,0.0
2025-01-15 01:00:00+00:00,16.477883770806258,57.406550527213085,1014.0747695829808,,13.36193324473785,54.84,23.84,target,opensensemap_2,1,1,1,0,1,0.2539744253534069,-0.2500026988517341,0.20058650730990635,-1.3040779983993258,0.0
2025-01-15 02:00:00+00:00,18.096844621081352,53.40358893624661,1012.9385743264256,,13.447454042318617,54.84,23.84,target,opensensemap_2,1,1,1,0,1,0.5790105213492623,-0.7115003850169065,-0.3402876293557678,-1.2710842921284347,0.0
2025-01-15 03:00:00+00:00,20.19429854743043,49.99350290186601,1013.3045453151474,,10.294631083196876,54.84,23.84,target,opensensemap_2,1,1,1,0,1,1.0001128819380563,-1.104646004510809,-0.16607088146183166,-2.417925586665522,0.0
2025-01-15 04:00:00+00:00,21.00094087324492,49.94994988276892,1013.2709742334176,,11.414854349528948,54.84,23.84,target,opensensemap_2,1,1,1,0,1,1.1620611294223653,-1.1096671912202127,-0.18205205172526115,-1.9545818342315808,0.0
2025-01-15 05:00:00+00:00,21.630935876117366,48.662921426256766,1013.894546370704,,12.36462329891524,54.84,23.84,target,opensensemap_2,1,1,1,0,1,1.2885441856344797,-1.2580474944560691,0.11479308951050626,-1.5998314052704523,0.0
2025-01-15 06:00:00+00:00,21.847350426552325,48.78729799752736,1013.3754693399444,,12.544495456296731,54.84,23.84,target,opensensemap_2,1,1,1,0,1,1.331993377489937,-1.2437082362468295,-0.1323082245068552,-1.5298367959012662,0.0
2025-01-15 07:00:00+00:00,21.49502726706841,47.208337997815576,1014.2912828886627,,11.699582222199483,54.84,23.84,target,opensensemap_2,1,1,1,0,1,1.2612580386655805,-1.4257450532022515,0.30365545308459346,-1.819156079443352,0.0
2025-01-15 08:00:00+00:00,21.039108954036443,49.92496619583502,1013.5702082685572,,14.298576471711632,54.84,23.84,target,opensensemap_2,1,1,1,0,1,1.169724071963578,-1.1125475370466353,-0.039604748338531316,-0.9529245204686684,0.0
2025-01-15 09:00:00+00:00,20.183830490161213,52.70668741438256,1014.225993542978,,14.958621924826442,54.84,23.84,target,opensensemap_2,1,1,1,0,1,0.9980112273694052,-0.7918455076258881,0.2725751275182274,-0.7563199800185895,0.0
2025-01-15 10:00:00+00:00,19.259957755253225,51.31381232141343,1014.6400693002472,,16.33522953088039,54.84,23.84,target,opensensemap_2,1,1,1,0,1,0.8125268242718994,-0.9524287702714714,0.4696916587086365,-0.37439947396247764,0.0
2025-01-15 11:00:00+00:00,16.88667633020042,58.48606998355709,1014.0075175238125,,15.69084031779203,54.84,23.84,target,opensensemap_2,1,1,1,0,1,0.33604703233155236,-0.12554591355623568,0.16857185205429126,-0.5480648643877826,0.0
2025-01-15 12:00:00+00:00,14.58417466122877,59.32138660387295,1014.4950542282604,,14.053594776263015,54.84,23.84,target,opensensemap_2,1,1,1,0,1,-0.12622242488189322,-0.029243044110513875,0.4006587161647899,-1.022518668018929,0.0
2025-01-15 13:00:00+00:00,13.19272416480726,60.50130376230019,1013.7759055744488,,12.61180696722596,54.84,23.84,target,opensensemap_2,1,1,1,0,1,-0.40558164289602416,0.10678849806306057,0.05831535130691544,-1.4831678754094886,0.0
2025-01-15 14:00:00+00:00,11.04653873305985,67.18793007965066,1013.8512990576666,,14.67486637548033,54.84,23.84,target,opensensemap_2,1,1,1,0,1,-0.8364677473375388,0.8776833726659754,0.09420564825224656,-0.8276395506834614,0.0
2025-01-15 15:00:00+00:00,9.516646243068005,67.58576482433216,1013.9604158572948,,12.526859897105,54.84,23.84,target,opensensemap_2,1,1,1,0,1,-1.143621735746728,0.9235493671239181,0.14614958522449287,-1.503516396163894,0.0
2025-01-15 16:00:00+00:00,8.631659048916223,72.61019157447933,1014.8326028351256,,11.59033319152917,54.84,23.84,target,opensensemap_2,1,1,1,0,1,-1.3212991530508853,1.5028108131323152,0.5613452797352527,-1.8259912446820628,0.0
2025-01-15 17:00:00+00:00,7.708293189699334,71.29116640300997,1014.6609465398184,,15.905406181798874,54.84,23.84,target,opensensemap_2,1,1,1,0,1,-1.5066817915530568,1.3507416386489899,0.47963005518043567,-0.46623831248714614,0.0
2025-01-15 18:00:00+00:00,8.437017635855312,71.48351853982716,1014.2970176292852,,13.313544419839689,54.84,23.84,target,opensensemap_2,1,1,1,0,1,-1.3603769880767818,1.3729177360340834,0.3063854177321793,-1.2278781754749817,0.0
2025-01-15 19:00:00+00:00,8.344893551165798,73.09788368165304,1014.5060665679132,,14.71521689749934,54.84,23.84,target,opensensemap_2,1,1,1,0,1,-1.3788725884055872,1.5590363786060388,0.4059010278783814,-0.7958617558103276,0.0
2025-01-15 20:00:00+00:00,9.083712732454796,70.7879669779293,1014.585949898278,,18.611837366906528,54.84,23.84,target,opensensemap_2,1,1,1,0,1,-1.230541081629358,1.2927282490430447,0.44392867065878266,0.2205298321828025,0.0
2025-01-15 21:00:00+00:00,10.580375226336862,71.36035557213211,1014.8899814928768,,16.66861953446329,54.84,23.84,target,opensensemap_2,1,1,1,0,1,-0.9300586246556846,1.3587183930424411,0.5886598031810812,-0.25836150838989635,0.0
2025-01-15 22:00:00+00:00,10.719253916586691,66.18187288597248,1014.9004237896964,,17.042042702999524,54.84,23.84,target,opensensemap_2,1,1,1,0,1,-0.9021761793895425,0.7616959827094796,0.5936307518314476,-0.16192687989734406,0.0
2025-01-15 23:00:00+00:00,13.43634391143298,62.999620681358486,1015.806445145643,,18.72154376678028,54.84,23.84,target,opensensemap_2,1,1,1,0,1,-0.35667050873409034,0.39481711169118505,1.024932956158556,0.2476212966050303,0.0
2025-01-04 00:00:00+00:00,14.568698718257588,61.18834380777914,1012.6606118191974,,16.66391782028112,54.86,23.86,target,opensensemap_3,1,1,1,0,1,-0.12932950439178556,0.1859967003118356,-0.4726088393371715,-0.24032326262827278,0.0
2025-01-04 01:00:00+00:00,16.415561510117662,56.99683244864949,1013.8225498372182,,19.991646169762223,54.86,23.86,target,opensensemap_3,1,1,1,0,1,0.24146208800787125,-0.2972387117237651,0.08051987575837197,0.4855684428267663,0.0
2025-01-04 02:00:00+00:00,18.6834621884643,53.54257350341889,1014.5249790943049,,19.914219633170383,54.86,23.86,target,opensensemap_3,1,1,1,0,1,0.6967847614813446,-0.6954769846656701,0.4149041427261493,0.46592543687773363,0.0
2025-01-04 03:00:00+00:00,19.757614867883103,51.760601129821154,1013.8673592841088,,23.36907260605404,54.86,23.86,target,opensensemap_3,1,1,1,0,1,0.9124406208323902,-0.9009189077361989,0.10185095486790591,1.1103284038313788,0.0
2025-01-04 04:00:00+00:00,20.52804544987133,51.56739309921572,1013.924337887742,,18.336942637105523,54.86,23.86,target,opensensemap_3,1,1,1,0,1,1.0671186963168695,-0.9231936803131221,0.1289750366405678,0.11492474791474928,0.0
2025-01-04 05:00:00+00:00,21.815174812383905,46.72431300915094,1014.1485110306772,,18.234775525016904,54.86,23.86,target,opensensemap_3,1,1,1,0,1,1.3255335325753457,-1.4815478400236264,0.23569036963389128,0.09159316285613882,0.0
2025-01-04 06:00:00+00:00,21.82296578778611,48.65615534043021,1013.8411631205726,,19.61056013012877,54.86,23.86,target,opensensemap_3,1,1,1,0,1,1.327097713839088,-1.258827550142938,0.08938053901738502,0.38725860973316967,0.0
2025-01-04 07:00:00+00:00,21.889380167539816,50.28496520104398,1013.6616471684954,,21.42572823054448,54.86,23.86,target,opensensemap_3,1,1,1,0,1,1.3404316191706855,-1.0710435894942465,0.0039238052057722446,0.7483674161742129,0.0
2025-01-04 08:00:00+00:00,20.376784061861176,51.06066150498192,1012.9898755450592,,20.56005704303008,54.86,23.86,target,opensensemap_3,1,1,1,0,1,1.0367501972729427,-0.9816142903867813,-0.3158662086727717,0.5708723317445182,0.0
2025-01-04 09:00:00+00:00,20.17503672200804,53.14288622710234,1013.949845942603,,20.89354926951367,54.86,23.86,target,opensensemap_3,1,1,1,0,1,0.9962457170612875,-0.7415565557577363,0.14111788539070022,0.6328482707975958,0.0
2025-01-04 10:00:00+00:00,18.74835512904246,52.9797664529622,1014.1349528961656,,22.49638882087737,54.86,23.86,target,opensensemap_3,1,1,1,0,1,0.7098132099825122,-0.7603624814761697,0.22923615830316083,0.9353690884396023,0.0
2025-01-04 11:00:00+00:00,16.57794415218298,54.30328251650536,1013.6633523510624,,23.7664921920304,54.86,23.86,target,opensensemap_3,1,1,1,0,1,0.27406338286032844,-0.6077755562590997,0.004735539934861605,1.1544760422638367,0.0
2025-01-04 12:00:00+00:00,14.277276974684115,60.57571133495196,1012.8629342339628,,23.89425187423392,54.86,23.86,target,opensensemap_3,1,1,1,0,1,-0.1878377665300155,0.11536687730343417,-0.37629532211110955,1.1609862675639,0.0
2025-01-04 13:00:00+00:00,12.91882452992694,59.26276980679971,1013.3623643138192,,20.37837580009124,54.86,23.86,target,opensensemap_3,1,1,1,0,1,-0.46057202021185706,-0.03600091964965519,-0.13854673822231992,0.4835359672463092,0.0
2025-01-04 14:00:00+00:00,11.277668756788104,65.62669884284803,1011.8387533952714,,20.954370537227664,54.86,23.86,target,opensensemap_3,1,1,1,0,1,-0.7900641542134085,0.6976904881528759,-0.8638461402656232,0.5961018462519968,0.0
2025-01-04 15:00:00+00:00,9.651206185836378,68.98158715315047,1012.1461334066214,,26.208140291000937,54.86,23.86,target,opensensemap_3,1,1,1,0,1,-1.1166063582794927,1.0844724138253992,-0.7175210281794484,1.5313865864795029,0.0
2025-01-04 16:00:00+00:00,8.771443889007704,70.23407665354972,1012.659934018542,,19.11007015439548,54.86,23.86,target,opensensemap_3,1,1,1,0,1,-1.293234781577653,1.2288707532161274,-0.4729314994100599,0.18824577532813716,0.0
2025-01-04 17:00:00+00:00,8.58729913393659,71.77901554776834,1012.809917670193,,25.885512990623763,54.86,23.86,target,opensensemap_3,1,1,1,0,1,-1.3302052199154657,1.406985308838513,-0.4015333153103702,1.4567005716939694,0.0
2025-01-04 18:00:00+00:00,7.407662844284489,72.60335168746738,1012.5307642103428,,23.92511505127819,54.86,23.86,target,opensensemap_3,1,1,1,0,1,-1.5670388494738354,1.5020222489760242,-0.5344214661124718,1.1027767945169367,0.0
2025-01-04 19:00:00+00:00,8.197640336052203,71.34474075720846,1011.6748973726905,,22.487336549989948,54.86,23.86,target,opensensemap_3,1,1,1,0,1,-1.408436373197065,1.3569181756800202,-0.9418481247305477,0.8315290462857697,0.0
2025-01-04 20:00:00+00:00,9.225791991730809,71.00358208364754,1012.7817898051776,,22.23215922496393,54.86,23.86,target,opensensemap_3,1,1,1,0,1,-1.2020160634059642,1.3175863122869649,-0.41492329790245164,0.776405226852999,0.0
2025-01-04 21:00:00+00:00,10.53437121828601,70.04350247791722,1011.9951440906708,,22.807447490826103,54.86,23.86,target,opensensemap_3,1,1,1,0,1,-0.9392947733707508,1.2068996353078982,-0.7893979484881296,0.8763277713208548,0.0
2025-01-04 22:00:00+00:00,11.073554359796432,65.5251558407973,1011.089433470575,,24.05608769970316,54.86,23.86,target,opensensemap_3,1,1,1,0,1,-0.8310438645772804,0.6859836907160901,-1.2205522301900866,1.0911694593696495,0.0
2025-01-04 23:00:00+00:00,13.267562091915345,60.96996174830009,1013.3026399902192,,21.97764190109033,54.86,23.86,target,opensensemap_3,1,1,1,0,1,-0.39055655587461713,0.16081963756484272,-0.16697789191594456,0.7011695069814882,0.0
2025-01-05 00:00:00+00:00,14.61506576749977,60.57805477040847,1012.0649000128772,,23.231092671390503,54.86,23.86,target,opensensemap_3,1,1,1,0,1,-0.1200204684963434,0.11563704977855792,-0.7561913548300376,0.927900132937465,0.0
2025-01-05 01:00:00+00:00,15.753511635551924,58.09064685210622,1010.4459485464796,,26.299776069851347,54.86,23.86,target,opensensemap_3,1,1,1,0,1,0.10854342814847547,-0.17113387538744151,-1.5268766500197632,1.440651869023218,0.0
2025-01-05 02:00:00+00:00,18.714448325242486,55.808101575446194,1011.7200175066316,,26.848302405222185,54.86,23.86,target,opensensemap_3,1,1,1,0,1,0.7030057969848675,-0.4342863788046709,-0.9203691462267475,1.5049010636516174,0.0
2025-01-05 03:00:00+00:00,19.976066867355343,51.07191150708053,1012.0122160847498,,20.61115677930193,54.86,23.86,target,opensensemap_3,1,1,1,0,1,0.9562988679659639,-0.9803172881998063,-0.7812710002322396,0.3840235059988768,0.0
2025-01-05 04:00:00+00:00,21.87903237780649,50.99260648369295,1011.5957226619925,,20.96591403353749,54.86,23.86,target,opensensemap_3,1,1,1,0,1,1.3383541105165786,-0.9894602899406261,-0.9795384363626963,0.45252496512648055,0.0
2025-01-05 05:00:00+00:00,21.592362867348545,46.70788917104387,1011.1664060552564,,21.749623909576005,54.86,23.86,target,opensensemap_3,1,1,1,0,1,1.2807999463720532,-1.4834413289098225,-1.1839102181360326,0.6026668671481085,0.0
2025-01-05 06:00:00+00:00,21.970955989332968,49.790322302913,1010.605769404848,,22.38387340761391,54.86,23.86,target,opensensemap_3,1,1,1,0,1,1.3568094621795477,-1.1280705051360649,-1.4507955642270927,0.7189068313648856,0.0
2025-01-05 07:00:00+00:00,21.658306408198754,49.46950751584668,1010.723780121797,,24.03088046859824,54.86,23.86,target,opensensemap_3,1,1,1,0,1,1.2940393221546445,-1.165056940942193,-1.3946177688360468,1.0120143715337837,0.0
2025-01-05 08:00:00+00:00,20.566902810491744,51.75527484436724,1011.0942419623484,,22.3437047907091,54.86,23.86,target,opensensemap_3,1,1,1,0,1,1.074920024430898,-0.9015329701889544,-1.2182631968381383,0.696304132803079,0.0
2025-01-05 09:00:00+00:00,19.63707855791092,47.21776769569189,1011.24248988529,,18.58843307068106,54.86,23.86,target,opensensemap_3,1,1,1,0,1,0.8882407449598843,-1.4246579121812195,-1.1476912886464101,-0.0793800568015975,0.0
2025-01-05 10:00:00+00:00,18.46223752172248,57.332864006905815,1010.7657973643396,,20.72291853271651,54.86,23.86,target,opensensemap_3,1,1,1,0,1,0.6523698505194596,-0.25849794864381553,-1.3746158900619343,0.3776740089216076,0.0
2025-01-05 11:00:00+00:00,16.845927680593032,59.83515936870639,1009.8351432705448,,19.26961909206036,54.86,23.86,target,opensensemap_3,1,1,1,0,1,0.3278659932513068,0.029989335915413185,-1.817644257423543,0.06867902984423381,0.0
2025-01-05 12:00:00+00:00,14.958538760228796,60.10737339343715,1009.9605010095088,,16.36102995811911,54.86,23.86,target,opensensemap_3,1,1,1,0,1,-0.05106196303422216,0.0613726354300664,-1.7579689873101267,-0.6215088602528622,0.0
2025-01-05 13:00:00+00:00,12.890755141385702,64.08656113040043,1011.0382448646454,,18.118408355074923,54.86,23.86,target,opensensemap_3,1,1,1,0,1,-0.4662074649892183,0.5201294562723073,-1.2449200427465654,-0.18688798120845695,0.0
2025-01-05 14:00:00+00:00,11.867839221133956,64.57331995093857,1011.1096346768632,,14.547761247066482,54.86,23.86,target,opensensemap_3,1,1,1,0,1,-0.6715766048261325,0.5762474240054437,-1.2109356524516686,-1.113454702127192,0.0
2025-01-05 15:00:00+00:00,10.649546707864005,70.368264324066,1010.73689324671,,16.043311668304796,54.86,23.86,target,opensensemap_3,1,1,1,0,1,-0.9161711805547285,1.244341123852436,-1.3883753997754353,-0.690697777625582,0.0
2025-01-05 16:00:00+00:00,8.43692575195352,71.06733969829129,1010.5789365921996,,15.733924489138344,54.86,23.86,target,opensensemap_3,1,1,1,0,1,-1.3603954354559868,1.3249368678605937,-1.4635690503790497,-0.7684426385157889,0.0
2025-01-05 17:00:00+00:00,8.293877458400114,67.86564565411535,1011.254123383828,,15.11677900603238,54.86,23.86,target,opensensemap_3,1,1,1,0,1,-1.389115005090773,0.9558165653999194,-1.1421532805955568,-0.932156221856318,0.0
2025-01-05 18:00:00+00:00,7.512913013524941,72.18229396221348,1010.67754998403,,14.965972548346375,54.86,23.86,target,opensensemap_3,1,1,1,0,1,-1.5459079468290886,1.4534788988761471,-1.4166251533136682,-0.96687684019209,0.0
2025-01-05 19:00:00+00:00,7.610551399364542,74.26977824202666,1009.6738064964668,,17.694587712739743,54.86,23.86,target,opensensemap_3,1,1,1,0,1,-1.5263052493659297,1.6941430029769706,-1.8944469793926793,-0.2480675854482886,0.0
2025-01-05 20:00:00+00:00,9.39863486108709,69.97000949932448,1009.4718459657038,,13.470698622193938,54.86,23.86,target,opensensemap_3,1,1,1,0,1,-1.167314685996658,1.1984266987585004,-1.9905882254388703,-1.405288614648865,0.0
2025-01-05 21:00:00+00:00,9.890336368065691,69.88133707536912,1010.1684656888036,,10.835013159815178,54.86,23.86,target,opensensemap_3,1,1,1,0,1,-1.0685965865463551,1.1882037381949007,-1.658969527735212,-2.293303117124601,0.0
2025-01-05 22:00:00+00:00,11.566510181643098,67.84345996227401,1009.9756412372632,,11.49460466419846,54.86,23.86,target,opensensemap_3,1,1,1,0,1,-0.7320739384025724,0.9532587978025837,-1.7507616366647776,-1.994264944939642,0.0
2025-01-05 23:00:00+00:00,12.788195726717628,62.25336048382693,1009.9638340710712,,14.657977623833826,54.86,23.86,target,opensensemap_3,1,1,1,0,1,-0.4867981492825823,0.3087814736737777,-1.7563823174269009,-0.9667091453704001,0.0
2025-01-06 00:00:00+00:00,16.00178042518183,60.28386275750391,1010.545308522121,,10.266905343294916,54.86,23.86,target,opensensemap_3,1,1,1,0,1,0.15838794299589104,0.08171992862752815,-1.4795773493633806,-2.3983960064187864,0.0
2025-01-06 01:00:00+00:00,17.533004245172542,54.12760975710577,1010.2474087438836,,13.5391519799629,54.86,23.86,target,opensensemap_3,1,1,1,0,1,0.46580922033009664,-0.6280287038706378,-1.621389493391816,-1.239506878083244,0.0
2025-01-06 02:00:00+00:00,17.62912176699633,52.712783478223386,1010.312946576292,,12.442200073752604,54.86,23.86,target,opensensemap_3,1,1,1,0,1,0.48510657643669564,-0.791142698145126,-1.5901908782609133,-1.5626183585665285,0.0
2025-01-06 03:00:00+00:00,19.933035910454823,52.48727654302396,1009.7795096849268,,13.546771595567645,54.86,23.86,target,opensensemap_3,1,1,1,0,1,0.9476596138199885,-0.8171411811292228,-1.8441280571200749,-1.20482468680784,0.0
2025-01-06 04:00:00+00:00,20.98829098594368,48.57689826861803,1009.9903355319206,,16.4314997808592,54.86,23.86,target,opensensemap_3,1,1,1,0,1,1.1595214324417473,-1.2679650235916193,-1.743766567911529,-0.4241502138503608,0.0
2025-01-06 05:00:00+00:00,21.427953866223184,48.66641456517655,1009.9665070066412,,11.672520797343555,54.86,23.86,target,opensensemap_3,1,1,1,0,1,1.2477918227578937,-1.2576447737473386,-1.7551098937739764,-1.7816638966415381,0.0
2025-01-06 06:00:00+00:00,22.047199902177308,45.504474899265,1010.8120681250232,,13.671437853517322,54.86,23.86,target,opensensemap_3,1,1,1,0,1,1.3721168266350636,-1.6221818312362524,-1.352589167460163,-1.1333782542894122,0.0
2025-01-06 07:00:00+00:00,21.89351601872181,47.5015331607825,1009.9412316740076,,12.492339422119803,54.86,23.86,target,opensensemap_3,1,1,1,0,1,1.3412619671816255,-1.3919428579452675,-1.767141957486882,-1.4770833458749548,0.0
2025-01-06 08:00:00+00:00,20.509956724907383,48.5845729043918,1009.5231969795165,,11.78623600849288,54.86,23.86,target,opensensemap_3,1,1,1,0,1,1.0634870528816223,-1.267080222033756,-1.9661431002699379,-1.684916935035275,0.0
2025-01-06 09:00:00+00:00,19.22615156170606,50.72423517052513,1010.6291578003304,,11.956472491888638,54.86,23.86,target,opensensemap_3,1,1,1,0,1,0.8057396106285408,-1.0204005668444966,-1.4396617576550876,-1.6049845236649394,0.0
2025-01-06 10:00:00+00:00,18.29868508028571,54.32747111286106,1009.1443946596382,,13.530942765082091,54.86,23.86,target,opensensemap_3,1,1,1,0,1,0.6195336969792646,-0.6049868756794683,-2.1464680721874143,-1.107215203109176,0.0
2025-01-06 11:00:00+00:00,17.086527974709863,55.798242517630335,1010.284273360272,,11.982941229810711,54.86,23.86,target,opensensemap_3,1,1,1,0,1,0.3761709169200298,-0.4354230203302992,-1.6038404696236508,-1.5649758571997527,0.0
2025-01-06 12:00:00+00:00,15.129274706964637,58.96404533989543,1009.5534092429848,,16.51175366703765,54.86,23.86,target,opensensemap_3,1,1,1,0,1,-0.01678358899957882,-0.0704405831698754,-1.951760861102966,-0.31055031596224214,0.0
2025-01-06 13:00:00+00:00,12.67331920587846,61.87258603904005,1009.7772718362664,,14.741931572995544,54.86,23.86,target,opensensemap_3,1,1,1,0,1,-0.5098617186386943,0.264882345184377,-1.8451933620975145,-0.7502201945128446,0.0
2025-01-06 14:00:00+00:00,10.554816510966385,65.77473194458612,1009.5620698268706,,14.322380703747704,54.86,23.86,target,opensensemap_3,1,1,1,0,1,-0.9351900057272391,0.714757085564691,-1.947638078680474,-0.8578349806600075,0.0
2025-01-06 15:00:00+00:00,10.235675047803063,68.54652266192188,1010.59877933977,,14.344053776715876,54.86,23.86,target,opensensemap_3,1,1,1,0,1,-0.999263510184981,1.0343142368177243,-1.4541231132487293,-0.8464666381427604,0.0
2025-01-06 16:00:00+00:00,9.079005832419844,69.81836759455855,1010.4058007765008,,15.454446531667712,54.86,23.86,target,opensensemap_3,1,1,1,0,1,-1.2314860781753483,1.1809440458314568,-1.5459885854913025,-0.5509014505219033,0.0
2025-01-06 17:00:00+00:00,8.926927813045248,73.57955809334365,1010.3347463273178,,12.96687730894664,54.86,23.86,target,opensensemap_3,1,1,1,0,1,-1.2620185309495469,1.614568169613435,-1.5798133296418844,-1.2309029927125084,0.0
2025-01-06 18:00:00+00:00,7.196287676146429,71.34123956740422,1010.08951042682,,18.467278388936,54.86,23.86,target,opensensemap_3,1,1,1,0,1,-1.609476292868707,1.3565145267923746,-1.6965553730502991,0.16059467439903574,0.0
2025-01-06 19:00:00+00:00,7.221559623385028,68.51185953095298,1010.261094840647,,18.66085802173772,54.86,23.86,target,opensensemap_3,1,1,1,0,1,-1.6044024857613568,1.0303179569699503,-1.614874366939271,0.20127949562586595,0.0
2025-01-06 20:00:00+00:00,8.705074471016758,71.55223975934261,1009.915708308208,,13.111929874507942,54.86,23.86,target,opensensemap_3,1,1,1,0,1,-1.3065596600104012,1.380840540956419,-1.7792920948528028,-1.187628175310868,0.0
2025-01-06 21:00:00+00:00,10.064356838579048,66.6664066238097,1012.2401337261512,,16.59685479048963,54.86,23.86,target,opensensemap_3,1,1,1,0,1,-1.0336587840976967,0.8175574227456436,-0.6727731370237492,-0.25496658335381217,0.0
2025-01-06 22:00:00+00:00,10.614872075021433,67.5920786903039,1011.098343972184,,15.75479797521636,54.86,23.86,target,opensensemap_3,1,1,1,0,1,-0.9231327493210912,0.924277286808006,-1.2163104769903597,-0.4596656644482685,0.0
2025-01-06 23:00:00+00:00,13.266901070871404,63.55397452131364,1010.6253771682132,,15.760179223476523,54.86,23.86,target,opensensemap_3,1,1,1,0,1,-0.39068926797785125,0.45872804579393117,-1.4414614889254531,-0.456367046726588,0.0
2025-01-07 00:00:00+00:00,14.998411020803944,61.21506025539868,1010.7447300209784,,21.56440289488268,54.86,23.86,target,opensensemap_3,1,1,1,0,1,-0.04305687513251446,0.18907681449199557,-1.3846447834995652,0.7996378754250757,0.0
2025-01-07 01:00:00+00:00,16.362797788937083,54.19605277674346,1011.1562108127432,,16.26511943600477,54.86,23.86,target,opensensemap_3,1,1,1,0,1,0.23086880285225117,-0.6201379723511974,-1.1887635591094303,-0.3352082250211421,0.0
2025-01-07 02:00:00+00:00,18.84719891064377,52.58786101198405,1010.611118999154,,15.430227367275906,54.86,23.86,target,opensensemap_3,1,1,1,0,1,0.7296579127618893,-0.8055448920731422,-1.4482489445461568,-0.5438655582316828,0.0
2025-01-07 03:00:00+00:00,20.894473599238683,48.17149887351924,1010.8589652148926,,16.314515487793905,54.86,23.86,target,opensensemap_3,1,1,1,0,1,1.1406858706639904,-1.314703139498867,-1.3302642872523867,-0.31889632231545306,0.0
2025-01-07 04:00:00+00:00,21.15241725718053,50.27928239850911,1010.5708715439388,,20.57523203036773,54.86,23.86,target,opensensemap_3,1,1,1,0,1,1.1924727928431538,-1.0716987544667747,-1.4674083341553943,0.6192068688946275,0.0
2025-01-07 05:00:00+00:00,22.43921559734667,47.31376576039543,1011.3254527594696,,21.400685320110817,54.86,23.86,target,opensensemap_3,1,1,1,0,1,1.4508211702918603,-1.4135903853688225,-1.1081976605148576,0.7765611168612311,0.0
2025-01-07 06:00:00+00:00,22.84650167418855,47.70922464396824,1011.3806638022132,,22.602515546809943,54.86,23.86,target,opensensemap_3,1,1,1,0,1,1.532591323256126,-1.367998301709021,-1.0819150080340625,0.9957461921987455,0.0
2025-01-07 07:00:00+00:00,22.31996257916889,47.31377519051498,1011.5096313256896,,21.97927100731314,54.86,23.86,target,opensensemap_3,1,1,1,0,1,1.4268789387934013,-1.4135892981791867,-1.020521336906017,0.8748392926111307,0.0
2025-01-07 08:00:00+00:00,21.065083151667945,51.5913193655902,1011.5880086510958,,19.98556227211416,54.86,23.86,target,opensensemap_3,1,1,1,0,1,1.174938868722458,-0.9204352435109022,-0.9832106123904234,0.4816105777895572,0.0
2025-01-07 09:00:00+00:00,20.479526342163044,50.88900931032403,1011.1359407579178,,24.10405566305884,54.86,23.86,target,opensensemap_3,1,1,1,0,1,1.0573775951975786,-1.0014039108614223,-1.198412911490223,1.247997272859703,0.0
2025-01-07 10:00:00+00:00,19.17007407268223,54.12550753421072,1011.4834989183996,,23.01250136893513,54.86,23.86,target,opensensemap_3,1,1,1,0,1,0.794481025776128,-0.6282710671758617,-1.0329614022472717,1.0474262083982144,0.0
2025-01-07 11:00:00+00:00,16.635631147926215,57.14275344247621,1012.3286424657524,,21.733622993675795,54.86,23.86,target,opensensemap_3,1,1,1,0,1,0.2856451057184969,-0.280415617251431,-0.6306394563531077,0.8061885229833966,0.0
2025-01-07 12:00:00+00:00,15.45311841534271,60.008154416907146,1011.3388996139346,,24.634692501116056,54.86,23.86,target,opensensemap_3,1,1,1,0,1,0.04823397746358988,0.0499337727151189,-1.1017964229127377,1.3164092799341522,0.0
2025-01-07 13:00:00+00:00,13.635936356889186,63.922785421040224,1011.370964648279,,22.66250703529664,54.86,23.86,target,opensensemap_3,1,1,1,0,1,-0.3165986631114322,0.5012479083977637,-1.0865321911109018,0.9628836449467552,0.0
2025-01-07 14:00:00+00:00,11.733385936576411,62.19066622339029,1012.3659961336912,,20.96157473050286,54.86,23.86,target,opensensemap_3,1,1,1,0,1,-0.6985705687005388,0.3015535112090262,-0.6128576245939011,0.6381282602705928,0.0
2025-01-07 15:00:00+00:00,10.019415694108082,67.15215729421956,1011.9818606993716,,22.390500133057657,54.86,23.86,target,opensensemap_3,1,1,1,0,1,-1.0426815434472798,0.8735591617963562,-0.7957213711212435,0.9052847589518036,0.0
2025-01-07 16:00:00+00:00,7.974117311743171,71.4798634700242,1012.8227328226708,,23.41132107998333,54.86,23.86,target,opensensemap_3,1,1,1,0,1,-1.4533127216116972,1.3724963464657585,-0.3954327929814415,1.0832106500523484,0.0
2025-01-07 17:00:00+00:00,8.263084155291597,70.979752876318,1012.3333949340796,,21.83913374300428,54.86,23.86,target,opensensemap_3,1,1,1,0,1,-1.3952973256969252,1.3148390653309736,-0.6283770923899896,0.7907859027184353,0.0
2025-01-07 18:00:00+00:00,8.047828198560875,73.63077095302363,1012.1535852156686,,22.26615089371301,54.86,23.86,target,opensensemap_3,1,1,1,0,1,-1.4385139086079437,1.6204724521570268,-0.7139736706616678,0.8662602986872692,0.0
2025-01-07 19:00:00+00:00,8.246099270230165,71.52558490006048,1013.174741409802,,24.70433799533124,54.86,23.86,target,opensensemap_3,1,1,1,0,1,-1.3987073530180727,1.3777675272378958,-0.22786270362837147,1.2893199058222606,0.0
2025-01-07 20:00:00+00:00,9.670880299989689,71.02595737990848,1011.8077104296976,,23.952758014650847,54.86,23.86,target,opensensemap_3,1,1,1,0,1,-1.1126564188751629,1.3201659391999445,-0.8786238266776897,1.1518150908337053,0.0
2025-01-07 21:00:00+00:00,9.663601307949472,68.61661497561256,1011.5846940009346,,22.939186600705195,54.86,23.86,target,opensensemap_3,1,1,1,0,1,-1.1141178100849225,1.0423951139011343,-0.9847885177143056,0.9662920583020158,0.0
2025-01-07 22:00:00+00:00,12.142863033639715,65.11752591338657,1012.7863435217324,,24.19095322101223,54.86,23.86,target,opensensemap_3,1,1,1,0,1,-0.6163605282251581,0.6389884188313287,-0.4127555476887445,1.1788174858986475,0.0
2025-01-07 23:00:00+00:00,12.93572332328968,59.96628067455624,1012.8799893728002,,21.109281197043423,54.86,23.86,target,opensensemap_3,1,1,1,0,1,-0.4571792773788649,0.045106188246251906,-0.3681763976206722,0.6125877173489793,0.0
2025-01-08 00:00:00+00:00,14.843186711126982,60.68660786552379,1013.406628198358,,21.60705497356436,54.86,23.86,target,opensensemap_3,1,1,1,0,1,-0.07422100341423189,0.1281520342677526,-0.1174753684931359,0.7054401435382265,0.0
2025-01-08 01:00:00+00:00,17.40865653483757,56.6418548344818,1013.1702456924224,,18.901254980768304,54.86,23.86,target,opensensemap_3,1,1,1,0,1,0.4408441359017515,-0.33816374781417413,-0.2300028439276053,0.15550337994645302,0.0
2025-01-08 02:00:00+00:00,18.606035161955504,49.80127252740607,1013.2361900042772,,19.58139504613584,54.86,23.86,target,opensensemap_3,1,1,1,0,1,0.6812398652494742,-1.1268080640279747,-0.19861072841165323,0.2995949815131005,0.0
2025-01-08 03:00:00+00:00,20.95239745885585,51.41208670588166,1013.7215506913674,,19.673719160681983,54.86,23.86,target,opensensemap_3,1,1,1,0,1,1.152315148290918,-0.9410988086890906,0.032440264880893875,0.3179446665946873,0.0
2025-01-08 04:00:00+00:00,21.651300908411617,48.94682371050524,1012.5444354519116,,20.83525265249091,54.86,23.86,target,opensensemap_3,1,1,1,0,1,1.2926328395328293,-1.2253166664677733,-0.5279134113234766,0.5533204211457943,0.0
2025-01-08 05:00:00+00:00,22.15839738601836,45.82906401120001,1013.4163233739432,,20.336115673837007,54.86,23.86,target,opensensemap_3,1,1,1,0,1,1.3944417618094482,-1.5847602570571584,-0.11286007926867435,0.4510247832244126,0.0
2025-01-08 06:00:00+00:00,21.531721761899515,49.63333416151198,1012.8629439662368,,20.934194577095443,54.86,23.86,target,opensensemap_3,1,1,1,0,1,1.2686251317873298,-1.1461695206688236,-0.37629068916158676,0.5695376451134287,0.0
2025-01-08 07:00:00+00:00,23.03002542441628,50.12951693860141,1013.5413808085808,,18.28126542956838,54.86,23.86,target,opensensemap_3,1,1,1,0,1,1.5694370834771987,-1.0889650738266308,-0.05332776595985864,0.00638688502681579,0.0
2025-01-08 08:00:00+00:00,21.619429374814736,46.70692654789529,1014.3235947708864,,19.218299214192704,54.86,23.86,target,opensensemap_3,1,1,1,0,1,1.2862340443723592,-1.4835523088294698,0.31903719429583177,0.21346617153199388,0.0
2025-01-08 09:00:00+00:00,18.866467966466555,51.94606664008025,1013.7143986947392,,19.768711657293345,54.86,23.86,target,opensensemap_3,1,1,1,0,1,0.7335265292742035,-0.8795367630658202,0.029035630000238212,0.3303714356883339,0.0
2025-01-08 10:00:00+00:00,19.16293612829689,52.32326796747929,1014.6149464481738,,19.07644967951976,54.86,23.86,target,opensensemap_3,1,1,1,0,1,0.7930479524710807,-0.8360495759276942,0.45773218180764136,0.1806221637550863,0.0
2025-01-08 11:00:00+00:00,16.317250493856864,54.37772336003077,1014.1989880497928,,20.007770231790914,54.86,23.86,target,opensensemap_3,1,1,1,0,1,0.22172434764598106,-0.5991933412509199,0.2597194385620138,0.37956725414332126,0.0
2025-01-08 12:00:00+00:00,15.578084531975875,58.98485504701073,1014.2871455045914,,18.646004034457707,54.86,23.86,target,opensensemap_3,1,1,1,0,1,0.07332321830304876,-0.06804145156062871,0.30168589369352683,0.08285007754497267,0.0
2025-01-08 13:00:00+00:00,12.635892023712234,63.22857291874197,1014.8314241766492,,17.087309627595634,54.86,23.86,target,opensensemap_3,1,1,1,0,1,-0.5173759121865918,0.42121280033163117,0.5607841914168682,-0.282879494742719,0.0
2025-01-08 14:00:00+00:00,12.15162062752384,67.6424331631506,1014.3875320553126,,16.47400497107436,54.86,23.86,target,opensensemap_3,1,1,1,0,1,-0.6146022805652906,0.9300826067389453,0.3494738849220566,-0.43495257144480604,0.0
2025-01-08 15:00:00+00:00,9.393925498969589,67.44219084345623,1014.9322516264638,,15.285296253385743,54.86,23.86,target,opensensemap_3,1,1,1,0,1,-1.1682601768508953,0.9069968575726671,0.6087820681515435,-0.7465287270504379,0.0
2025-01-08 16:00:00+00:00,9.03644272590931,70.46376485279862,1015.2156477535628,,14.858609013883452,54.86,23.86,target,opensensemap_3,1,1,1,0,1,-1.2400314027712387,1.2553512902095434,0.7436898973250625,-0.861467660676294,0.0
2025-01-08 17:00:00+00:00,8.52774963688122,70.96003379535694,1014.2557183108406,,12.706143638741166,54.86,23.86,target,opensensemap_3,1,1,1,0,1,-1.3421608740859203,1.312565670987802,0.2867252993857089,-1.5067018401881271,0.0
2025-01-08 18:00:00+00:00,8.219215582335044,69.17634023143856,1014.2636520975964,,12.68105398651641,54.86,23.86,target,opensensemap_3,1,1,1,0,1,-1.4041047466350438,1.1069253135000614,0.2905020974644299,-1.5016872842582736,0.0
2025-01-08 19:00:00+00:00,8.6005807400773,69.69604262455407,1015.0885883308688,,14.152436359825312,54.86,23.86,target,opensensemap_3,1,1,1,0,1,-1.327538693786809,1.1668413148073342,0.6832045580681034,-1.0370621559221047,0.0
2025-01-08 20:00:00+00:00,8.984156462838568,69.73928510112458,1015.2029846174912,,15.602148402240278,54.86,23.86,target,opensensemap_3,1,1,1,0,1,-1.250528829450728,1.171826699360206,0.7376617408522107,-0.627432124613888,0.0
2025-01-08 21:00:00+00:00,9.346609069410844,70.18679289578931,1015.4945302381768,,17.39830121148625,54.86,23.86,target,opensensemap_3,1,1,1,0,1,-1.1777598182644748,1.2234194531464817,0.8764490531360893,-0.17026528995469148,0.0
2025-01-08 22:00:00+00:00,12.055880516501484,65.1840481227175,1016.1021136681784,,14.557815352122464,54.86,23.86,target,opensensemap_3,1,1,1,0,1,-0.6338238645286266,0.6466577019326452,1.1656829337199786,-0.9142342785439382,0.0
2025-01-08 23:00:00+00:00,12.74818436114892,66.04696471865492,1014.98900449582,,8.97962783372844,54.86,23.86,target,opensensemap_3,1,1,1,0,1,-0.49483116506409786,0.7461425466729358,0.6357986914293428,-2.881795740615147,0.0
2025-01-09 00:00:00+00:00,15.97798755370937,59.417411594141655,1014.8363927771256,,13.256188997994505,54.86,23.86,target,opensensemap_3,1,1,1,0,1,0.1536110874872321,-0.018172413074971045,0.5631494428801438,-1.2592796204912626,0.0
2025-01-09 01:00:00+00:00,17.00525886722547,58.02029413720783,1016.0935277864112,,14.703339673517023,54.86,23.86,target,opensensemap_3,1,1,1,0,1,0.35985465243636067,-0.17924477388177515,1.1615957124773646,-0.8300298767142497,0.0
2025-01-09 02:00:00+00:00,18.56716253171128,52.97056248604014,1015.0444400839295,,13.921630741464956,54.86,23.86,target,opensensemap_3,1,1,1,0,1,0.6734354714782931,-0.7614235981872717,0.6621882364360596,-1.048871239389225,0.0
2025-01-09 03:00:00+00:00,19.741686130957,51.19872457539919,1015.7950295600748,,11.65484194758988,54.86,23.86,target,opensensemap_3,1,1,1,0,1,0.9092426346280137,-0.9656971285318646,1.0194986833492665,-1.7608949693025602,0.0
2025-01-09 04:00:00+00:00,21.51337116804693,48.64087552689268,1015.2973275276744,,11.429030840833365,54.86,23.86,target,opensensemap_3,1,1,1,0,1,1.2649409133678193,-1.2605891455098581,0.7825727187861973,-1.8206724740708669,0.0
2025-01-09 05:00:00+00:00,21.56998115343869,46.35493210159272,1016.5127533437658,,9.215843841906954,54.86,23.86,target,opensensemap_3,1,1,1,0,1,1.2763064066365375,-1.5241334182955752,1.3611637533525083,-2.645619244262792,0.0
2025-01-09 06:00:00+00:00,21.81462327426612,49.95278748545644,1016.3085149194764,,13.786272301104969,54.86,23.86,target,opensensemap_3,1,1,1,0,1,1.325422801178371,-1.1093400466686634,1.2639381393797608,-1.0242403272875653,0.0
2025-01-09 07:00:00+00:00,21.60253529022801,47.53812942055559,1015.2046845344962,,8.808843829199862,54.86,23.86,target,opensensemap_3,1,1,1,0,1,1.28284224691255,-1.387723709491359,0.7384709689643483,-2.7605778346222802,0.0
2025-01-09 08:00:00+00:00,20.719379648068045,49.120994728730864,1016.243449997693,,10.427613369671192,54.86,23.86,target,opensensemap_3,1,1,1,0,1,1.1055325472767557,-1.205236653187219,1.232964648517385,-2.0648812015692246,0.0
2025-01-09 09:00:00+00:00,20.60270632112937,51.04243047256304,1015.8043886550918,,13.399181781002005,54.86,23.86,target,opensensemap_3,1,1,1,0,1,1.0821082361276932,-0.9837161290096407,1.023953984854948,-1.0808405551449434,0.0
2025-01-09 10:00:00+00:00,18.997706415970985,54.76561001213546,1015.2758733446816,,15.50288779734065,54.86,23.86,target,opensensemap_3,1,1,1,0,1,0.7598750560246933,-0.5544742530526618,0.7723596742965808,-0.5104552986621055,0.0
2025-01-09 11:00:00+00:00,16.668681898671636,57.85963508007785,1015.3873327655256,,14.65285655066417,54.86,23.86,target,opensensemap_3,1,1,1,0,1,0.29228065035825657,-0.19776700584480056,0.8254187921501592,-0.7282233496572661,0.0
2025-01-09 12:00:00+00:00,14.57186759241777,58.41618597417009,1015.2052231389264,,12.456335519648873,54.86,23.86,target,opensensemap_3,1,1,1,0,1,-0.12869329476043317,-0.13360277543190935,0.738727366097231,-1.353410035267539,0.0
2025-01-09 13:00:00+00:00,13.310805204495956,62.57372193578797,1016.4043550721038,,17.6007889800964,54.86,23.86,target,opensensemap_3,1,1,1,0,1,-0.38187470758315106,0.34571564490094636,1.309561864273195,-0.0023207825290616634,0.0
2025-01-09 14:00:00+00:00,11.556788062876644,66.77998341291034,1016.0852235339236,,14.528705986580036,54.86,23.86,target,opensensemap_3,1,1,1,0,1,-0.7340258321300331,0.8306515842010767,1.157642557974227,-0.7522734424339531,0.0
2025-01-09 15:00:00+00:00,10.02962389384511,71.26288424601424,1016.5402324406097,,14.91060207047002,54.86,23.86,target,opensensemap_3,1,1,1,0,1,-1.0406320600461798,1.3474810153038288,1.3742448964888085,-0.6483867176514916,0.0
2025-01-09 16:00:00+00:00,9.446567256831704,70.3480351649696,1015.4924605680628,,12.08177155327378,54.86,23.86,target,opensensemap_3,1,1,1,0,1,-1.1576913780692857,1.242008923079607,0.8754638078363643,-1.4614986043270246,0.0
2025-01-09 17:00:00+00:00,7.527127139564637,69.9195639038365,1016.3106583482568,,18.68844099472932,54.86,23.86,target,opensensemap_3,1,1,1,0,1,-1.5430542002204841,1.1926108733837428,1.2649584967386056,0.24744700764488398,0.0
2025-01-09 18:00:00+00:00,9.099403961662883,70.35057282055838,1016.461098999701,,16.96750299492761,54.86,23.86,target,opensensemap_3,1,1,1,0,1,-1.227390779457254,1.2423014870115592,1.336574230917976,-0.13395061064364422,0.0
2025-01-09 19:00:00+00:00,8.574725776394159,72.67772659640659,1015.8407976965588,,16.515032690540774,54.86,23.86,target,opensensemap_3,1,1,1,0,1,-1.3327295521428062,1.5105968624476218,1.0412861368390922,-0.24005185447229752,0.0
2025-01-09 20:00:00+00:00,9.39340992003656,72.82759978612836,1015.2153530392284,,17.492695687053732,54.86,23.86,target,opensensemap_3,1,1,1,0,1,-1.168363688781737,1.5278756018766686,0.7435496015789738,-0.012303164527859848,0.0
2025-01-09 21:00:00+00:00,10.309857505800974,70.39067412716427,1016.052008420483,,15.755871691317704,54.86,23.86,target,opensensemap_3,1,1,1,0,1,-0.9843700206142356,1.2469247290263172,1.141830842775854,-0.4257015263667385,0.0
2025-01-09 22:00:00+00:00,11.395977170881215,66.4332262350171,1016.466064106407,,15.016598700845892,54.86,23.86,target,opensensemap_3,1,1,1,0,1,-0.7663115693168981,0.7906742744961746,1.3389378192075387,-0.6140375166039392,0.0
2025-01-09 23:00:00+00:00,13.43121139867594,63.69155722032717,1016.4474783249108,,19.53892614045976,54.86,23.86,target,opensensemap_3,1,1,1,0,1,-0.3577009548433423,0.4745898260804046,1.3300902479269723,0.433942491048765,0.0
2025-01-10 00:00:00+00:00,15.342312231716605,59.0487403450894,1015.2587641714,,19.86088238042796,54.86,23.86,target,opensensemap_3,1,1,1,0,1,0.025987602987079774,-0.060676175483583325,0.7642150272613487,0.4982908560142753,0.0
2025-01-10 01:00:00+00:00,16.363605211476486,59.52990186472212,1016.0372052879948,,17.63997332776672,54.86,23.86,target,opensensemap_3,1,1,1,0,1,0.23103090774192894,-0.005203515320335092,1.1347839628858405,0.021682081292172625,0.0
2025-01-10 02:00:00+00:00,18.703410555153816,53.96818444047781,1016.6530607109588,,19.68267202357124,54.86,23.86,target,opensensemap_3,1,1,1,0,1,0.7007897621144064,-0.6464086990487053,1.4279556411557097,0.46160097869627437,0.0
2025-01-10 03:00:00+00:00,19.639607108005336,52.73503700923767,1015.9220500270184,,20.32112015244359,54.86,23.86,target,opensensemap_3,1,1,1,0,1,0.8887483977861269,-0.7885771094331898,1.079965478119449,0.5891832486599425,0.0
2025-01-10 04:00:00+00:00,21.11690323186888,51.95416552433496,1015.8265223921056,,19.51167934033733,54.86,23.86,target,opensensemap_3,1,1,1,0,1,1.1853427006371342,-0.8786030502986268,1.0344905240892808,0.4230856954488615,0.0
2025-01-10 05:00:00+00:00,21.719084237815352,49.29058461261074,1016.4397933900632,,19.18725146448173,54.86,23.86,target,opensensemap_3,1,1,1,0,1,1.3062415866246737,-1.1856847945872746,1.326431913255145,0.3541530699653754,0.0
2025-01-10 06:00:00+00:00,22.48850599318789,48.754008809009726,1014.9637867845277,,21.071790092819416,54.86,23.86,target,opensensemap_3,1,1,1,0,1,1.4607171216557229,-1.2475461155584557,0.6237940577668979,0.7335657529463067,0.0
2025-01-10 07:00:00+00:00,21.94219097899763,49.00091321606218,1015.7298729423308,,18.784302979271,54.86,23.86,target,opensensemap_3,1,1,1,0,1,1.3510343585634905,-1.2190807381199527,0.9884815415622029,0.26432363881785104,0.0
2025-01-10 08:00:00+00:00,20.507392769338505,49.02842965818438,1016.007740847994,,20.166030537468423,54.86,23.86,target,opensensemap_3,1,1,1,0,1,1.0629722917567481,-1.215908393324152,1.1207577174356798,0.5522621658731466,0.0
2025-01-10 09:00:00+00:00,20.87092377636071,51.76847384774726,1015.6039155782352,,20.47951235148924,54.86,23.86,target,opensensemap_3,1,1,1,0,1,1.1359578116202218,-0.900011269472837,0.9285208260348004,0.6136025851230941,0.0
2025-01-10 10:00:00+00:00,18.058981720435938,54.08840156189107,1014.6888673959022,,21.17549506939133,54.86,23.86,target,opensensemap_3,1,1,1,0,1,0.5714088493219409,-0.6325489799110408,0.49292149328685,0.7484433474145724,0.0
2025-01-10 11:00:00+00:00,16.711685896527307,57.59899159918289,1016.1521563279256,,22.77627766721125,54.86,23.86,target,opensensemap_3,1,1,1,0,1,0.3009144919813237,-0.22781634821633692,1.1895052303112172,1.0449796817363242,0.0
2025-01-10 12:00:00+00:00,15.26724154726863,59.99176094944352,1015.6103302529602,,21.218978920331367,54.86,23.86,target,opensensemap_3,1,1,1,0,1,0.010915785658970764,0.0480437852319109,0.9315744663610567,0.7495532670222796,0.0
2025-01-10 13:00:00+00:00,13.7388977202581,61.07477549041111,1015.622958144397,,16.18461566049975,54.86,23.86,target,opensensemap_3,1,1,1,0,1,-0.29592728024126835,0.17290351555450634,0.9375858449857732,-0.3564283187782371,0.0
2025-01-10 14:00:00+00:00,12.175660553803969,65.47747429624411,1015.1680552368588,,23.06828080061856,54.86,23.86,target,opensensemap_3,1,1,1,0,1,-0.6097758242709378,0.6804865301803169,0.7210339662819191,1.0939747023713766,0.0
2025-01-10 15:00:00+00:00,9.85727621529126,66.05718028444595,1013.7692097972812,,21.883338496801898,54.86,23.86,target,opensensemap_3,1,1,1,0,1,-1.0752340188159508,0.7473202896685386,0.05512789503659083,0.8716472584068222,0.0
2025-01-10 16:00:00+00:00,8.426451874667205,71.06693091605885,1014.9567910209732,,21.153454882298373,54.86,23.86,target,opensensemap_3,1,1,1,0,1,-1.362498258499858,1.3248897397405432,0.6204637960438529,0.7288526213738049,0.0
2025-01-10 17:00:00+00:00,8.27553191063525,74.45244956693855,1015.456899127697,,22.92449334267391,54.86,23.86,target,opensensemap_3,1,1,1,0,1,-1.392798210415586,1.7152030086402306,0.8585351476915063,1.0577563348425265,0.0
2025-01-10 18:00:00+00:00,8.869052975356933,73.46644772788231,1015.0867514827132,,24.84982743888144,54.86,23.86,target,opensensemap_3,1,1,1,0,1,-1.2736379665247848,1.6015277817017686,0.6823301452815741,1.3863140650486436,0.0
2025-01-10 19:00:00+00:00,7.540585935981371,73.94402028477555,1014.6870190921848,,24.05643573818285,54.86,23.86,target,opensensemap_3,1,1,1,0,1,-1.5403520998927618,1.656586673718017,0.49204162719719235,1.2437492402569545,0.0
2025-01-10 20:00:00+00:00,8.453138792142424,68.04447287875973,1013.9992824449024,,21.352363057422675,54.86,23.86,target,opensensemap_3,1,1,1,0,1,-1.3571403701550997,0.9764333883499481,0.16465162692560167,0.7467717637525103,0.0
2025-01-10 21:00:00+00:00,9.981237010919854,69.26478381968526,1015.060932541573,,21.99271605404842,54.86,23.86,target,opensensemap_3,1,1,1,0,1,-1.050346614614168,1.1171218918095087,0.6700393022963991,0.8657001581038251,0.0
2025-01-10 22:00:00+00:00,11.587796286818884,67.38864260994397,1014.7740724539389,,21.834282204560367,54.86,23.86,target,opensensemap_3,1,1,1,0,1,-0.7278003622230625,0.9008233319710454,0.5334824901218888,0.8327928545747468,0.0
2025-01-10 23:00:00+00:00,12.681586292442688,62.69580322008062,1013.7096249287588,,21.42977443044918,54.86,23.86,target,opensensemap_3,1,1,1,0,1,-0.5082019493233092,0.35979028162798193,0.026763127507022092,0.7529450741491452,0.0
2025-01-11 00:00:00+00:00,15.051830273425146,59.32895450875564,1013.8737629784335,,22.09130829928157,54.86,23.86,target,opensensemap_3,1,1,1,0,1,-0.03233198001225165,-0.028370547456945706,0.10489936808682182,0.8756613904562671,0.0
2025-01-11 01:00:00+00:00,17.8303843971214,53.88213022762085,1013.971649892632,,18.42421575035021,54.86,23.86,target,opensensemap_3,1,1,1,0,1,0.5255137422768049,-0.6563298085112286,0.15149743290223608,0.12736952069100935,0.0
2025-01-11 02:00:00+00:00,18.93126069420687,53.09175517983093,1013.7030393742716,,24.91732063243819,54.86,23.86,target,opensensemap_3,1,1,1,0,1,0.7465348582094312,-0.7474514062255015,0.023628141616908196,1.3721556065579041,0.0
2025-01-11 03:00:00+00:00,20.2663275227076,51.45912632252725,1014.2585743640252,,24.627183593045498,54.86,23.86,target,opensensemap_3,1,1,1,0,1,1.0145740203397007,-0.9356756554195154,0.28808489430706796,1.31553946039198,0.0
2025-01-11 04:00:00+00:00,20.961947292025982,48.57407659564871,1014.503475478409,,22.86900324589052,54.86,23.86,target,opensensemap_3,1,1,1,0,1,1.1542324525237562,-1.2682903316209029,0.4046675662083614,1.0023745568863862,0.0
2025-01-11 05:00:00+00:00,22.22509754223768,53.06901407739037,1014.050336436216,,21.37508225340577,54.86,23.86,target,opensensemap_3,1,1,1,0,1,1.4078330420100518,-0.7500732065897241,0.18895535757025836,0.7201601739626999,0.0
2025-01-11 06:00:00+00:00,22.29745196887691,49.23228009572057,1013.8492282458362,,20.88892011802288,54.86,23.86,target,opensensemap_3,1,1,1,0,1,1.4223595207441346,-1.1924066676370975,0.09321985945013674,0.6233175633380265,0.0
2025-01-11 07:00:00+00:00,21.30375759611011,46.83071810375571,1014.7160336977817,,21.448427019399585,54.86,23.86,target,opensensemap_3,1,1,1,0,1,1.2228571427327768,-1.4692804964979969,0.5058537335780073,0.7304182304271057,0.0
2025-01-11 08:00:00+00:00,20.73109279002833,50.584999627586456,1014.0129457733348,,18.57372654657299,54.86,23.86,target,opensensemap_3,1,1,1,0,1,1.1078841754424211,-1.036452901956369,0.171155914746902,0.13662280828665463,0.0
2025-01-11 09:00:00+00:00,18.830274782772708,53.210715853475385,1013.3692372346344,,20.3145645805224,54.86,23.86,target,opensensemap_3,1,1,1,0,1,0.7262600835615046,-0.7337365417722781,-0.13527495452945562,0.504870201531373,0.0
2025-01-11 10:00:00+00:00,18.48378689068597,54.16571916563628,1013.908429421513,,20.47105147428844,54.86,23.86,target,opensensemap_3,1,1,1,0,1,0.6566962817348143,-0.6236351059161526,0.1214019739230056,0.5352895996725251,0.0
2025-01-11 11:00:00+00:00,17.68039687362488,56.510326819457305,1013.873056014756,,19.31196841824364,54.86,23.86,target,opensensemap_3,1,1,1,0,1,0.49540099490733536,-0.35332748926417545,0.10456282525535027,0.29318115815976353,0.0
2025-01-11 12:00:00+00:00,14.493688128507491,61.12438156217499,1013.3538048052152,,19.76292867131355,54.86,23.86,target,opensensemap_3,1,1,1,0,1,-0.14438925660665552,0.17862255302677063,-0.14262140479019192,0.38797881756016595,0.0
2025-01-11 13:00:00+00:00,12.597574339729327,59.72378006031869,1012.9124498913316,,15.483543043404696,54.86,23.86,target,opensensemap_3,1,1,1,0,1,-0.5250688903134506,0.017148519949654124,-0.3527238996146487,-0.6176446789059026,0.0
2025-01-11 14:00:00+00:00,12.195451881443963,65.25753598370316,1012.58935262766,,16.848410051964365,54.86,23.86,target,opensensemap_3,1,1,1,0,1,-0.6058023521084789,0.6551300484779249,-0.5065310489925098,-0.2692385777969628,0.0
2025-01-11 15:00:00+00:00,9.351425382002937,71.28025715405978,1012.2574733818052,,17.687480517380838,54.86,23.86,target,opensensemap_3,1,1,1,0,1,-1.1767928551400957,1.3494839215727952,-0.6645187712113146,-0.06808019069020758,0.0
2025-01-11 16:00:00+00:00,9.208239935808646,68.99555761062813,1013.2517317059502,,14.337206557819156,54.86,23.86,target,opensensemap_3,1,1,1,0,1,-1.2055399606840678,1.0860830547606397,-0.1912122602115847,-0.9323163903471882,0.0
2025-01-11 17:00:00+00:00,8.386915047432462,75.55463092180939,1012.2363427634745,,17.51494900471331,54.86,23.86,target,opensensemap_3,1,1,1,0,1,-1.3704360020038222,1.8422724629550484,-0.6745777860513382,-0.10492544484141815,0.0
2025-01-11 18:00:00+00:00,8.285740935337591,70.71987212718956,1013.3121561541911,,15.932487386489926,54.86,23.86,target,opensensemap_3,1,1,1,0,1,-1.3907485613875625,1.2848776575891894,-0.1624478193399408,-0.49645115835964754,0.0
2025-01-11 19:00:00+00:00,9.070287135344843,70.04623737072158,1012.6050644723928,,17.294190802660765,54.86,23.86,target,opensensemap_3,1,1,1,0,1,-1.2332365165870907,1.2072149385333837,-0.4990515859281845,-0.1556214701351716,0.0
2025-01-11 20:00:00+00:00,9.614109721410182,67.67597273867976,1011.701293505304,,17.151555151435392,54.86,23.86,target,opensensemap_3,1,1,1,0,1,-1.1240541541729456,0.9339493529342123,-0.9292825156450701,-0.1897484715736125,0.0
2025-01-11 21:00:00+00:00,10.764597056847084,68.67498016157681,1012.063208610034,,16.26236215536238,54.86,23.86,target,opensensemap_3,1,1,1,0,1,-0.8930727120092621,1.0491239814315862,-0.7569965298624465,-0.41074137759140433,0.0
2025-01-11 22:00:00+00:00,11.064043696288053,69.90093449756255,1011.4230030069295,,15.415117270241993,54.86,23.86,target,opensensemap_3,1,1,1,0,1,-0.832953304781822,1.1904631066128937,-1.061759862458576,-0.631980148795668,0.0
2025-01-11 23:00:00+00:00,13.443723624635938,61.469588373148525,1012.6204661014334,,14.653841853325138,54.86,23.86,target,opensensemap_3,1,1,1,0,1,-0.3551888959028406,0.21842112238408506,-0.4917197978727959,-0.840160195654983,0.0
2025-01-12 00:00:00+00:00,14.930860753847831,61.64672742228214,1011.7063359833662,,14.848989326208912,54.86,23.86,target,opensensemap_3,1,1,1,0,1,-0.0566188306616812,0.2388433171633571,-0.9268820955123155,-0.7826643037914427,0.0
2025-01-12 01:00:00+00:00,16.772930428699553,57.67647815335173,1011.045735516638,,16.50031306306106,54.86,23.86,target,opensensemap_3,1,1,1,0,1,0.3132104555526336,-0.2188829960856213,-1.2413541944417146,-0.34169556154286296,0.0
2025-01-12 02:00:00+00:00,18.47649309225955,54.973170861410914,1010.4992538755037,,10.19812084609122,54.86,23.86,target,opensensemap_3,1,1,1,0,1,0.655231917871351,-0.530544757477369,-1.5015011930732352,-2.3199734855816923,0.0
2025-01-12 03:00:00+00:00,20.044301148342885,52.51229467383976,1011.6678183406256,,13.777938121449605,54.86,23.86,target,opensensemap_3,1,1,1,0,1,0.9699981518624871,-0.8142568642999718,-0.9452180255767604,-1.073022979627904,0.0
2025-01-12 04:00:00+00:00,21.8094655822107,49.91910562874435,1011.0139961858245,,12.282218108553517,54.86,23.86,target,opensensemap_3,1,1,1,0,1,1.3243872998629702,-1.1132231963280195,-1.256463378407327,-1.5377701357748657,0.0
2025-01-12 05:00:00+00:00,20.55948058668874,47.59053342899005,1010.4481266716084,,13.977070108442897,54.86,23.86,target,opensensemap_3,1,1,1,0,1,1.0734298768166886,-1.3816821005254227,-1.525839775818963,-1.0016538728685453,0.0
2025-01-12 06:00:00+00:00,22.497702150940267,46.48940706925413,1011.155625332224,,13.142748998856913,54.86,23.86,target,opensensemap_3,1,1,1,0,1,1.462563419059077,-1.5086299254409534,-1.1890422711253061,-1.2492570440574526,0.0
2025-01-12 07:00:00+00:00,22.07935465534823,47.534037970684345,1010.9084359222356,,13.793091950424875,54.86,23.86,target,opensensemap_3,1,1,1,0,1,1.3785724833216417,-1.3881954089083364,-1.3067142627561183,-1.0464569068216545,0.0
2025-01-12 08:00:00+00:00,21.722620815696345,48.0342904057075,1010.0344802712876,,12.771271966855068,54.86,23.86,target,opensensemap_3,1,1,1,0,1,1.3069516195247455,-1.3305217750211973,-1.7227519160233544,-1.355885403279706,0.0
2025-01-12 09:00:00+00:00,20.44673521000703,52.35670139654108,1010.3500399192246,,14.646517840432947,54.86,23.86,target,opensensemap_3,1,1,1,0,1,1.0507941737532218,-0.8321950672590619,-1.572532971559601,-0.7906393719558698,0.0
2025-01-12 10:00:00+00:00,18.748876395437133,54.78360238558809,1010.5773119619456,,15.708790264150068,54.86,23.86,target,opensensemap_3,1,1,1,0,1,0.709917863775635,-0.5523999291981072,-1.4643424390030304,-0.5008756006428285,0.0
2025-01-12 11:00:00+00:00,17.51318383884558,54.317885273729296,1010.7038553414944,,11.873663936275502,54.86,23.86,target,opensensemap_3,1,1,1,0,1,0.4618299100876827,-0.6060920180793468,-1.404102756809902,-1.6422500389624235,0.0
2025-01-12 12:00:00+00:00,14.390763757374057,57.625803986439166,1011.045815297217,,12.519103200314149,54.86,23.86,target,opensensemap_3,1,1,1,0,1,-0.16505321260679948,-0.22472517324547006,-1.2413162157126845,-1.4176241193468635,0.0
2025-01-12 13:00:00+00:00,13.13638811270636,64.62928515850739,1009.8839277849762,,11.941025174518158,54.86,23.86,target,opensensemap_3,1,1,1,0,1,-0.4168921390303711,0.5826996002783934,-1.794420888047977,-1.6005127060632054,0.0
2025-01-12 14:00:00+00:00,12.6215952125062,64.55237608395532,1010.3756301070438,,12.143669784765606,54.86,23.86,target,opensensemap_3,1,1,1,0,1,-0.5202462593594771,0.5738328252308936,-1.5603510242543828,-1.5227587079875562,0.0
2025-01-12 15:00:00+00:00,10.47077412313816,68.29455449822908,1011.6242786878422,,14.259704260859802,54.86,23.86,target,opensensemap_3,1,1,1,0,1,-0.9520630571251244,1.0052650636270708,-0.9659446321824926,-0.866176988340606,0.0
2025-01-12 16:00:00+00:00,9.68553865424225,70.23201892515085,1009.7868202526328,,14.022603680407132,54.86,23.86,target,opensensemap_3,1,1,1,0,1,-1.1097134853019592,1.2286335196396232,-1.8406479360988877,-0.9314367717301157,0.0
2025-01-12 17:00:00+00:00,8.978853627610992,72.3909526312086,1010.2327585214812,,12.995657459736837,54.86,23.86,target,opensensemap_3,1,1,1,0,1,-1.251593470921081,1.4775349610569253,-1.628363581998655,-1.2357352253280716,0.0
2025-01-12 18:00:00+00:00,8.69925994535653,71.2200441834026,1010.4908697310484,,11.852213438033251,54.86,23.86,target,opensensemap_3,1,1,1,0,1,-1.3077270327237975,1.3425420246787236,-1.5054923793308348,-1.599871768211965,0.0
2025-01-12 19:00:00+00:00,8.112275313731836,70.46027398660023,1011.0595867722468,,15.333866626964944,54.86,23.86,target,opensensemap_3,1,1,1,0,1,-1.4255749677374434,1.2549488315207302,-1.2347604458092518,-0.5529953398489557,0.0
2025-01-12 20:00:00+00:00,8.679678715701352,70.95765082885718,1010.1112907737472,,15.267387562870834,54.86,23.86,target,opensensemap_3,1,1,1,0,1,-1.3116583238608477,1.3122909410157917,-1.6861870615540262,-0.5693854002453304,0.0
2025-01-12 21:00:00+00:00,10.293896406671058,66.91823657006897,1009.2973771150648,,19.48136046086901,54.86,23.86,target,opensensemap_3,1,1,1,0,1,-0.9875745041248215,0.8465906609780618,-2.0736423382068683,0.4306845320855797,0.0
2025-01-12 22:00:00+00:00,11.017588692704752,65.11503333263435,1009.987579225636,,14.733652182192614,54.86,23.86,target,opensensemap_3,1,1,1,0,1,-0.842279999125063,0.6387010515349939,-1.7450786793408506,-0.7152303700741655,0.0
2025-01-12 23:00:00+00:00,12.913357642219395,64.04871723999953,1010.5292404517398,,16.71936226252839,54.86,23.86,target,opensensemap_3,1,1,1,0,1,-0.46166959822766035,0.5157664696538712,-1.4872263900059532,-0.19684301013758002,0.0
2025-01-13 00:00:00+00:00,14.526097049367523,58.73211504317741,1010.8841556913094,,14.659357662556678,54.86,23.86,target,opensensemap_3,1,1,1,0,1,-0.13788257109292398,-0.0971796094769265,-1.3182726184740392,-0.7344599212855684,0.0
2025-01-13 01:00:00+00:00,17.087513483776494,56.89512439510658,1009.9314887421864,,17.207734050137358,54.86,23.86,target,opensensemap_3,1,1,1,0,1,0.3763687759476472,-0.30896453779223004,-1.7717799805792707,-0.07565803513947804,0.0
2025-01-13 02:00:00+00:00,18.64000779784107,53.50040922149318,1009.65583279483,,16.720442025176077,54.86,23.86,target,opensensemap_3,1,1,1,0,1,0.6880604952462134,-0.7003380651695265,-1.9030031763134296,-0.19390808210841817,0.0
2025-01-13 03:00:00+00:00,20.04144338925448,49.9024968314239,1009.9509879716244,,16.78546588120875,54.86,23.86,target,opensensemap_3,1,1,1,0,1,0.9694244042902499,-1.115138008988393,-1.7624975717441038,-0.17755199675794547,0.0
2025-01-13 04:00:00+00:00,21.90349095680317,47.51268364897726,1010.180096082824,,19.26467222451872,54.86,23.86,target,opensensemap_3,1,1,1,0,1,1.3432646190253774,-1.3906573286229014,-1.6534329975582465,0.3941294432994066,0.0
2025-01-13 05:00:00+00:00,21.237030963802265,50.52832782740326,1009.30096330971,,19.81554077951176,54.86,23.86,target,opensensemap_3,1,1,1,0,1,1.2094605469716087,-1.0429865406288914,-2.071935166907348,0.5109533219757147,0.0
2025-01-13 06:00:00+00:00,22.195408098241792,48.7773191819224,1009.573772600186,,19.24574482709057,54.86,23.86,target,opensensemap_3,1,1,1,0,1,1.4018723413747822,-1.2448586845356042,-1.9420670930800346,0.3880053171152825,0.0
2025-01-13 07:00:00+00:00,22.316181425401275,48.267192133576216,1009.7027551164722,,20.74763324729824,54.86,23.86,target,opensensemap_3,1,1,1,0,1,1.4261198027965198,-1.3036707533281984,-1.8806662847781357,0.7018684778981927,0.0
2025-01-13 08:00:00+00:00,20.881373832138067,48.515635259755456,1009.1843103817046,,22.00950696059209,54.86,23.86,target,opensensemap_3,1,1,1,0,1,1.1380558520590838,-1.275027978405225,-2.127466600752419,0.9482910226428894,0.0
2025-01-13 09:00:00+00:00,19.382164124919512,51.33916893662855,1010.030635251417,,18.566014357012453,54.86,23.86,target,opensensemap_3,1,1,1,0,1,0.8370619952708811,-0.9495054298933953,-1.7245822984254744,0.23178145852105797,0.0
2025-01-13 10:00:00+00:00,17.705110105184083,55.79783355600397,1009.988195297852,,20.494197247324752,54.86,23.86,target,opensensemap_3,1,1,1,0,1,0.5003626295905214,-0.43547016913250675,-1.744785404460436,0.6456870951466439,0.0
2025-01-13 11:00:00+00:00,16.454122681647377,57.29717928967293,1009.3380788759212,,23.102548259256405,54.86,23.86,target,opensensemap_3,1,1,1,0,1,0.24920395072735282,-0.2626120062134905,-2.0542666810414887,1.1495354721963629,0.0
2025-01-13 12:00:00+00:00,15.056138994006616,58.91279269015933,1010.5463105281912,,22.477362939707223,54.86,23.86,target,opensensemap_3,1,1,1,0,1,-0.03146692529749432,-0.07634945307170556,-1.479100354617092,1.0291969164980717,0.0
2025-01-13 13:00:00+00:00,13.716508929437072,62.18406441662177,1010.7762661110012,,21.07634749483553,54.86,23.86,target,opensensemap_3,1,1,1,0,1,-0.3004222407965518,0.3007923951006291,-1.3696323502347134,0.7543536522325046,0.0
2025-01-13 14:00:00+00:00,11.941991333121909,67.63264221404864,1010.9791266283202,,21.31071724391254,54.86,23.86,target,opensensemap_3,1,1,1,0,1,-0.656689207773686,0.9289538174030421,-1.2730626747890337,0.7989967564516055,0.0
2025-01-13 15:00:00+00:00,9.76498229425817,71.52792873364443,1009.885162471852,,24.016273258760176,54.86,23.86,target,opensensemap_3,1,1,1,0,1,-1.0937637169069503,1.3780377456127586,-1.7938331279828315,1.3022365656110635,0.0
2025-01-13 16:00:00+00:00,9.447335832883244,71.76417699021256,1010.3410876697856,,24.47893580594901,54.86,23.86,target,opensensemap_3,1,1,1,0,1,-1.1575370723248164,1.4052745854597342,-1.576794598387061,1.3773069773736941,0.0
2025-01-13 17:00:00+00:00,8.265888097522668,74.72815406787109,1010.0909579096112,,23.554598190742315,54.86,23.86,target,opensensemap_3,1,1,1,0,1,-1.3947343828462502,1.746988721881353,-1.6958663136649987,1.208046763894674,0.0
2025-01-13 18:00:00+00:00,7.762206204875478,69.12499483079165,1009.4937804899168,,21.25171328599827,54.86,23.86,target,opensensemap_3,1,1,1,0,1,-1.4958577645401483,1.1010057504327448,-1.980146519421822,0.7698114285716515,0.0
2025-01-13 19:00:00+00:00,8.335448358098137,70.80848450820008,1010.0646886192864,,22.121165299909126,54.86,23.86,target,opensensemap_3,1,1,1,0,1,-1.380768884217878,1.2950936958580124,-1.7083715407756674,0.9366097280499363,0.0
2025-01-13 20:00:00+00:00,8.519849772133432,68.50568934663794,1010.341815626752,,20.789232862342168,54.86,23.86,target,opensensemap_3,1,1,1,0,1,-1.343746916883731,1.029606602209258,-1.5764480619150214,0.6724195794585016,0.0
2025-01-13 21:00:00+00:00,9.58274515136348,67.08012357886071,1009.9647472073613,,21.65545136081697,54.86,23.86,target,opensensemap_3,1,1,1,0,1,-1.1303511670987594,0.8652544623360833,-1.7559476282309416,0.8427066593076266,0.0
2025-01-13 22:00:00+00:00,11.746152673156324,67.0954750278648,1010.7531754928772,,22.35018220526124,54.86,23.86,target,opensensemap_3,1,1,1,0,1,-0.6960074120832326,0.8670243164887327,-1.3806244029394232,0.9736051997745261,0.0
2025-01-13 23:00:00+00:00,13.877519373107404,61.98652770062928,1010.5464964693164,,20.250312113731937,54.86,23.86,target,opensensemap_3,1,1,1,0,1,-0.26809643994950066,0.27801857244668976,-1.4790118392452944,0.5548930796738888,0.0
2025-01-14 00:00:00+00:00,15.039060734869256,62.77406431053172,1011.7322621033652,,25.045346589849533,54.86,23.86,target,opensensemap_3,1,1,1,0,1,-0.034895699177647045,0.3688129293199939,-0.914540231127089,1.45223443809795,0.0
2025-01-14 01:00:00+00:00,17.30249375796396,58.92595513239895,1010.2450910601508,,21.48867302669982,54.86,23.86,target,opensensemap_3,1,1,1,0,1,0.41953001052977973,-0.0748319674551623,-1.6224928030393648,0.7978074554616946,0.0
2025-01-14 02:00:00+00:00,18.698912631219827,52.51663399786502,1010.6677388618704,,23.06846547623503,54.86,23.86,target,opensensemap_3,1,1,1,0,1,0.6998867213550564,-0.8137565877043388,-1.4212956377195605,1.0951805826505812,0.0
2025-01-14 03:00:00+00:00,20.05808603602277,51.62734009462229,1011.4708395967089,,22.82912905246589,54.86,23.86,target,opensensemap_3,1,1,1,0,1,0.9727657209945326,-0.9162824474561496,-1.0389877429231023,1.0472985018054202,0.0
2025-01-14 04:00:00+00:00,21.37928800656518,49.36544944146988,1010.127259373814,,18.60652929301668,54.86,23.86,target,opensensemap_3,1,1,1,0,1,1.238021258492036,-1.1770536987077609,-1.6785853727377258,0.18392001224697485,0.0
2025-01-14 05:00:00+00:00,21.67521088100679,48.85001208981636,1011.1015310066508,,18.89113779726689,54.86,23.86,target,opensensemap_3,1,1,1,0,1,1.2974332052404884,-1.2364779873864264,-1.2147933218131912,0.24725438820461657,0.0
2025-01-14 06:00:00+00:00,22.975095524011447,46.42395822255664,1011.689860789231,,18.509660426726143,54.86,23.86,target,opensensemap_3,1,1,1,0,1,1.558408898096438,-1.5161754615713103,-0.9347249432560063,0.16121114931658628,0.0
2025-01-14 07:00:00+00:00,22.47159935641825,45.00570126410182,1010.9039868139852,,20.11839168337584,54.86,23.86,target,opensensemap_3,1,1,1,0,1,1.4573228041148818,-1.6796849756749732,-1.3088322152559382,0.5118648063661322,0.0
2025-01-14 08:00:00+00:00,21.74745572457029,50.90172040724089,1011.0169170609778,,23.10699075834492,54.86,23.86,target,opensensemap_3,1,1,1,0,1,1.3119376831614469,-0.999938460423679,-1.2550729256504138,1.097716841890065,0.0
2025-01-14 09:00:00+00:00,19.90425136041172,52.79701418232568,1011.2032786240428,,19.578754095720733,54.86,23.86,target,opensensemap_3,1,1,1,0,1,0.9418805872490758,-0.7814318192960767,-1.166357408710072,0.3925403279709527,0.0
2025-01-14 10:00:00+00:00,18.07502485319529,54.02145547062865,1010.9761086578318,,21.382119296317068,54.86,23.86,target,opensensemap_3,1,1,1,0,1,0.5746298025888203,-0.6402671319625441,-1.2744993487875942,0.7646728725993422,0.0
2025-01-14 11:00:00+00:00,16.526051894922407,58.98379040497951,1011.1292472304996,,20.66909324527297,54.86,23.86,target,opensensemap_3,1,1,1,0,1,0.2636450600765977,-0.06816419314154044,-1.2015992967903448,0.6190115354687008,0.0
2025-01-14 12:00:00+00:00,14.64265015637567,61.03551571807669,1011.599835238524,,18.33953072320339,54.86,23.86,target,opensensemap_3,1,1,1,0,1,-0.11448239630075548,0.16837729323636158,-0.9775806863473607,0.11208176151482759,0.0
2025-01-14 13:00:00+00:00,13.525030177521652,62.01582226210108,1010.7476104205352,,19.89318022395619,54.86,23.86,target,opensensemap_3,1,1,1,0,1,-0.33886511356779375,0.2813959149540395,-1.3832735987365907,0.45593840227581167,0.0
2025-01-14 14:00:00+00:00,10.72730250395494,66.6253911125347,1011.695024482598,,17.00695612949846,54.86,23.86,target,opensensemap_3,1,1,1,0,1,-0.9005602777968558,0.8128287829323081,-0.9322668198166141,-0.2076030873349999,0.0
2025-01-14 15:00:00+00:00,10.06580982905748,72.17891610708483,1011.4791057216012,,17.381379047273754,54.86,23.86,target,opensensemap_3,1,1,1,0,1,-1.0333670695991353,1.4530894691275356,-1.0350527386719337,-0.11539851808490044,0.0
2025-01-14 16:00:00+00:00,8.768478710009736,71.323634235928,1011.9566457857666,,17.787810122598536,54.86,23.86,target,opensensemap_3,1,1,1,0,1,-1.2938300956677156,1.3544848246441499,-0.8077246729732356,-0.017440413381869437,0.0
2025-01-14 17:00:00+00:00,7.754810275513165,72.38058502991015,1012.4580545285244,,14.013127675199318,54.86,23.86,target,opensensemap_3,1,1,1,0,1,-1.4973426330629287,1.4763396900303138,-0.569034166837882,-1.0216951358298358,0.0
2025-01-14 18:00:00+00:00,8.351077158351204,70.96378997380376,1012.0673725134228,,14.840702738701232,54.86,23.86,target,opensensemap_3,1,1,1,0,1,-1.3776311158039645,1.3129987172768154,-0.7550143462214218,-0.778285843900267,0.0
2025-01-14 19:00:00+00:00,8.330506881888029,71.13242596931333,1012.086088523242,,15.304548962871404,54.86,23.86,target,opensensemap_3,1,1,1,0,1,-1.381760976235123,1.3324406029815041,-0.7461047810790158,-0.6470960816183797,0.0
2025-01-14 20:00:00+00:00,9.115000839116938,70.73262228041969,1012.9314611951144,,14.622846109683984,54.86,23.86,target,opensensemap_3,1,1,1,0,1,-1.2242594201309736,1.2863476107926464,-0.3436737627996183,-0.8372278043357845,0.0
2025-01-14 21:00:00+00:00,10.42389399949212,68.4384062564266,1013.4994861282124,,14.733285147385065,54.86,23.86,target,opensensemap_3,1,1,1,0,1,-0.9614751021212231,1.021849597865113,-0.07327130026384528,-0.8034902607103164,0.0
2025-01-14 22:00:00+00:00,11.28827626171815,65.78101259818939,1013.1640771963168,,14.176086045886686,54.86,23.86,target,opensensemap_3,1,1,1,0,1,-0.7879345029682084,0.7154811762259791,-0.2329392934387205,-0.9633570191046253,0.0
2025-01-14 23:00:00+00:00,13.226091874359083,65.72179588676062,1012.8647425377396,,12.415615501937882,54.86,23.86,target,opensensemap_3,1,1,1,0,1,-0.3988824629601996,0.7086541371236398,-0.37543449758429137,-1.5140892506043535,0.0
2025-01-15 00:00:00+00:00,15.51673736895834,60.3166953563268,1012.174878649302,,11.413248805956,54.86,23.86,target,opensensemap_3,1,1,1,0,1,0.06100664970643774,0.08550516814162817,-0.7038371492612929,-1.8546316772306446,0.0
2025-01-15 01:00:00+00:00,16.338514435385733,59.24484951441029,1013.1023065636034,,14.346247404056465,54.86,23.86,target,opensensemap_3,1,1,1,0,1,0.22599347406670528,-0.03806693334606033,-0.26234457166657177,-0.8955754288545079,0.0
2025-01-15 02:00:00+00:00,18.874601500465705,54.22653860202015,1013.354023211685,,13.04263018248576,54.86,23.86,target,opensensemap_3,1,1,1,0,1,0.7351594854616764,-0.6166232901574489,-0.14251743462299316,-1.289625117807885,0.0
2025-01-15 03:00:00+00:00,19.867781298672675,52.0449052352591,1013.39041621392,,14.914080846066357,54.86,23.86,target,opensensemap_3,1,1,1,0,1,0.9345585531885406,-0.8681417541599654,-0.12519291795123827,-0.7264277162932606,0.0
2025-01-15 04:00:00+00:00,22.350997312842058,49.79140950495816,1013.6666133689392,,15.926994889608997,54.86,23.86,target,opensensemap_3,1,1,1,0,1,1.4331097310152658,-1.1279451626323123,0.006287914158064281,-0.4493139205897244,0.0
2025-01-15 05:00:00+00:00,20.90087871682321,46.68248312949997,1013.5710753205008,,15.11495176513374,54.86,23.86,target,opensensemap_3,1,1,1,0,1,1.141971815542593,-1.48637036760297,-0.03919199712457071,-0.668262896260136,0.0
2025-01-15 06:00:00+00:00,22.199895967878373,49.69538292991836,1013.8199795961808,,14.32165356894222,54.86,23.86,target,opensensemap_3,1,1,1,0,1,1.4027733635494475,-1.1390159763746281,0.07929633878787576,-0.8926664994324635,0.0
2025-01-15 07:00:00+00:00,21.78159670083028,46.749231290969696,1014.061691948558,,10.440443738522385,54.86,23.86,target,opensensemap_3,1,1,1,0,1,1.3187921105771248,-1.4786750346915642,0.19436103313432757,-2.1974424499874514,0.0
2025-01-15 08:00:00+00:00,22.63486230833982,48.87233011791712,1014.6461156490328,,10.00503251159989,54.86,23.86,target,opensensemap_3,1,1,1,0,1,1.4901008373232385,-1.233904962865903,0.4725699612367735,-2.351678607715833,0.0
2025-01-15 09:00:00+00:00,19.98782744405075,52.586860693416334,1013.6292734410836,,12.756734943429336,54.86,23.86,target,opensensemap_3,1,1,1,0,1,0.9586600195250555,-0.8056602178622959,-0.011487376775050406,-1.3429533462689272,0.0
2025-01-15 10:00:00+00:00,18.525672047683624,53.28280508993123,1015.0377480787351,,15.753851505088782,54.86,23.86,target,opensensemap_3,1,1,1,0,1,0.6651054955267215,-0.7254254413368243,0.6590025757750085,-0.46710646299267455,0.0
2025-01-15 11:00:00+00:00,17.583063851923665,56.08248193649582,1014.1736362856168,,14.740496776550293,54.86,23.86,target,opensensemap_3,1,1,1,0,1,0.4758596048978939,-0.4026533244083151,0.24765099039474334,-0.7421277054843354,0.0
2025-01-15 12:00:00+00:00,15.230503433369908,59.86626061351825,1013.7666554262664,,14.343125964906475,54.86,23.86,target,opensensemap_3,1,1,1,0,1,0.0035399352090584256,0.033574969249972206,0.05391191282811267,-0.8535936374208002,0.0
2025-01-15 13:00:00+00:00,13.42136607463756,61.62919516148864,1015.0521701428636,,14.513405625719276,54.86,23.86,target,opensensemap_3,1,1,1,0,1,-0.3596775842897589,0.23682203926558645,0.6658680519679445,-0.8026346114281485,0.0
2025-01-15 14:00:00+00:00,11.393472070518367,64.83199726615534,1014.6696038214864,,16.078551555517468,54.86,23.86,target,opensensemap_3,1,1,1,0,1,-0.7668145141792644,0.6060700889806369,0.4837512656158995,-0.3751353387137937,0.0
2025-01-15 15:00:00+00:00,9.323951927959758,68.5339739122847,1015.03615349472,,17.383229848041093,54.86,23.86,target,opensensemap_3,1,1,1,0,1,-1.1823086551325408,1.0328675032455363,0.6582434903558783,-0.04815566117907795,0.0
2025-01-15 16:00:00+00:00,8.533616475065083,71.94443662633563,1015.16813264477,,17.258241159304553,54.86,23.86,target,opensensemap_3,1,1,1,0,1,-1.3409829986735544,1.4260565497852242,0.7210708155267352,-0.07837618875636704,0.0
2025-01-15 17:00:00+00:00,8.171926849424919,71.79763525994485,1014.4959756625256,,13.57148611815014,54.86,23.86,target,opensensemap_3,1,1,1,0,1,-1.4135988274382245,1.409131957985963,0.4010973555269727,-1.0810598870638006,0.0
2025-01-15 18:00:00+00:00,7.712030462936332,72.17368571787928,1014.4162527912786,,18.196592516591966,54.86,23.86,target,opensensemap_3,1,1,1,0,1,-1.5059314653778333,1.4524864624632816,0.36314609766927236,0.1475718712649664,0.0
2025-01-15 19:00:00+00:00,8.615638788973813,73.43969942249261,1014.5621717236438,,15.888675095213715,54.86,23.86,target,opensensemap_3,1,1,1,0,1,-1.3245155141800842,1.5984439946691764,0.43260931370620387,-0.4227799779912729,0.0
2025-01-15 20:00:00+00:00,8.887372983668193,70.83592118573672,1015.2235412687952,,15.395970152721407,54.86,23.86,target,opensensemap_3,1,1,1,0,1,-1.2699598887138903,1.2982568446695808,0.7474475245567596,-0.5540190632843754,0.0
2025-01-15 21:00:00+00:00,9.927707624102505,66.3377036176161,1014.1520575643184,,17.650273186897376,54.86,23.86,target,opensensemap_3,1,1,1,0,1,-1.061093621195091,0.7796615615572128,0.23737866071788327,0.021630838935684654,0.0
2025-01-15 22:00:00+00:00,12.201148672203969,65.3913357483439,1014.1054884113892,,14.98473961092582,54.86,23.86,target,opensensemap_3,1,1,1,0,1,-0.6046586168365464,0.6705556978097833,0.21520989153799783,-0.6673012339149265,0.0
2025-01-15 23:00:00+00:00,12.485417139580036,63.50939773217483,1015.6370460831472,,15.459427045697796,54.86,23.86,target,opensensemap_3,1,1,1,0,1,-0.5475865061459501,0.45358882959693886,0.9442922642081347,-0.5351403021335015,0.0
