timestamp,entity_id,temperature,relative_humidity,pressure,latitude,longitude,pm25
2025-01-01 00:00:00+00:00,opensensemap_0,15.027669251691066,57.96802441812847,1013.0682680229579,54.8,23.8,17.601296591583985
2025-01-01 01:00:00+00:00,opensensemap_0,17.094070972055114,56.8499878338805,1013.2761937917586,54.8,23.8,17.139988035152562
2025-01-01 02:00:00+00:00,opensensemap_0,18.81515531515622,55.265052968645605,1014.3409334671918,54.8,23.8,15.134078377647356
2025-01-01 03:00:00+00:00,opensensemap_0,19.655028681353222,51.74571444776428,1012.8952554881322,54.8,23.8,19.970715521404465
2025-01-01 04:00:00+00:00,opensensemap_0,21.045062563529836,47.69048659419472,1013.4657169125537,54.8,23.8,16.000998290657623
2025-01-01 05:00:00+00:00,opensensemap_0,21.670708206735355,47.066556727809775,1013.8391701639182,54.8,23.8,16.932533701118874
2025-01-01 06:00:00+00:00,opensensemap_0,22.918029885097464,48.60292704147464,1013.5692949655721,54.8,23.8,21.5990643644438
2025-01-01 07:00:00+00:00,opensensemap_0,22.505379293893682,48.53127684880989,1013.7920271819256,54.8,23.8,20.7619779270203
2025-01-01 08:00:00+00:00,opensensemap_0,20.929399519228745,48.23337044932513,1013.7104970716434,54.8,23.8,21.525039657653334
2025-01-01 09:00:00+00:00,opensensemap_0,19.961500563138642,51.527045391185744,1013.5729455672,54.8,23.8,19.796530861635805
2025-01-01 10:00:00+00:00,opensensemap_0,18.955646525865813,53.23707376877183,1012.8909220065193,54.8,23.8,22.35373082149322
2025-01-01 11:00:00+00:00,opensensemap_0,16.40373716902805,58.743045401975756,1014.2768116301926,54.8,23.8,23.605161748386017
2025-01-01 12:00:00+00:00,opensensemap_0,14.932093627944639,57.40507800165987,1013.4131708994094,54.8,23.8,21.14942768743122
2025-01-01 13:00:00+00:00,opensensemap_0,13.752992998365645,64.01475558891902,1013.9848819298423,54.8,23.8,18.59259350312943
2025-01-01 14:00:00+00:00,opensensemap_0,11.868568535935559,66.69043379210359,1014.0874262584277,54.8,23.8,24.106470907968195
2025-01-01 15:00:00+00:00,opensensemap_0,11.057683106318276,66.6875620891484,1014.875143176203,54.8,23.8,23.055780064211245
2025-01-01 16:00:00+00:00,opensensemap_0,9.181486952839437,67.1367036373794,1015.5039584305246,54.8,23.8,20.040011866753183
2025-01-01 17:00:00+00:00,opensensemap_0,8.538082311172614,71.52175019692842,1014.7762948870005,54.8,23.8,26.721966534475076
2025-01-01 18:00:00+00:00,opensensemap_0,7.171622784471392,71.92992741455316,1014.6069530127868,54.8,23.8,20.416904157598175
2025-01-01 19:00:00+00:00,opensensemap_0,7.777705059371355,70.01066242763063,1014.7843643754464,54.8,23.8,20.14246511152276
2025-01-01 20:00:00+00:00,opensensemap_0,8.73437916703198,68.13297318600702,1014.6468940451404,54.8,23.8,24.135227061299496
2025-01-01 21:00:00+00:00,opensensemap_0,10.18334020519096,67.4808163908421,1015.0633790181099,54.8,23.8,20.72828869477646
2025-01-01 22:00:00+00:00,opensensemap_0,11.925498418118728,66.17003930032104,1015.1566446700866,54.8,23.8,25.161579215732704
2025-01-01 23:00:00+00:00,opensensemap_0,13.263161119836306,63.37857478207197,1015.5667805926066,54.8,23.8,20.457191926282803
2025-01-02 00:00:00+00:00,opensensemap_0,15.452324374895603,61.94979569950539,1015.085769467202,54.8,23.8,22.115370522295752
2025-01-02 01:00:00+00:00,opensensemap_0,16.627783552312486,56.75112952245844,1015.7305137752043,54.8,23.8,21.150371536316023
2025-01-02 02:00:00+00:00,opensensemap_0,17.800528414225013,53.825726754027144,1014.9780962590869,54.8,23.8,23.528484704341963
2025-01-02 03:00:00+00:00,opensensemap_0,19.845857921786006,49.98958462396261,1015.8069525098188,54.8,23.8,17.870772851005434
2025-01-02 04:00:00+00:00,opensensemap_0,20.530419187297,48.6453086847733,1015.2303202867037,54.8,23.8,22.583662720866936
2025-01-02 05:00:00+00:00,opensensemap_0,21.478675210192748,48.15202432845486,1015.8550026807245,54.8,23.8,21.545528574977336
2025-01-02 06:00:00+00:00,opensensemap_0,21.055310198057374,47.82036566403362,1016.2490745476696,54.8,23.8,22.38858584294535
2025-01-02 07:00:00+00:00,opensensemap_0,21.609362484811,48.98128779619865,1016.4110944756195,54.8,23.8,19.18756776713279
2025-01-02 08:00:00+00:00,opensensemap_0,21.013031942529803,47.313163320259726,1016.0422502143897,54.8,23.8,22.390677223108835
2025-01-02 09:00:00+00:00,opensensemap_0,19.931625331071974,49.378637618400475,1015.5872103710708,54.8,23.8,16.31852239589227
2025-01-02 10:00:00+00:00,opensensemap_0,18.707105830432624,54.50931843360195,1015.6559547983967,54.8,23.8,21.7980899605586
2025-01-02 11:00:00+00:00,opensensemap_0,17.10634574322878,54.59111546591765,1014.9494961987715,54.8,23.8,19.642991836556345
2025-01-02 12:00:00+00:00,opensensemap_0,15.337507733100319,57.999606820019096,1015.528311469244,54.8,23.8,13.888007660478957
2025-01-02 13:00:00+00:00,opensensemap_0,14.127655786159458,61.05732323612584,1015.9172690869145,54.8,23.8,16.068009532715916
2025-01-02 14:00:00+00:00,opensensemap_0,11.396567378816723,66.39284284381247,1015.1273247127621,54.8,23.8,10.750526418017188
2025-01-02 15:00:00+00:00,opensensemap_0,10.30902967510172,66.35362264618358,1015.7347978395441,54.8,23.8,17.997063282677946
2025-01-02 16:00:00+00:00,opensensemap_0,7.307514625620659,71.27836371581475,1015.9581629638644,54.8,23.8,19.09664619321935
2025-01-02 17:00:00+00:00,opensensemap_0,8.196635573953428,71.30867673698839,1016.1593813116274,54.8,23.8,19.39888294381398
2025-01-02 18:00:00+00:00,opensensemap_0,8.300381157435021,72.49165508454948,1016.1165348737362,54.8,23.8,12.658044751691717
2025-01-02 19:00:00+00:00,opensensemap_0,7.694901006058753,73.53050330319535,1016.0681819870315,54.8,23.8,12.39498651270145
2025-01-02 20:00:00+00:00,opensensemap_0,8.85941529823735,69.20273525396894,1015.8399427733666,54.8,23.8,16.90747256603455
2025-01-02 21:00:00+00:00,opensensemap_0,9.657701293108875,67.79162455257733,1015.9839970830753,54.8,23.8,14.158676964093253
2025-01-02 22:00:00+00:00,opensensemap_0,10.999236259937542,66.1987963455448,1016.1570931685333,54.8,23.8,13.53842639621889
2025-01-02 23:00:00+00:00,opensensemap_0,14.458276773342098,60.801615410569994,1015.6966499712623,54.8,23.8,13.038101547708205
2025-01-03 00:00:00+00:00,opensensemap_0,16.05926621722268,58.803304081175334,1015.7570611546149,54.8,23.8,17.124672461941365
2025-01-03 01:00:00+00:00,opensensemap_0,16.508155764832743,56.63685438692766,1014.7610018777276,54.8,23.8,17.02871977762004
2025-01-03 02:00:00+00:00,opensensemap_0,18.142913909045284,53.75455335374037,1016.0859630583419,54.8,23.8,10.825166217394024
2025-01-03 03:00:00+00:00,opensensemap_0,20.06207312303171,52.57824112908783,1014.9143815001337,54.8,23.8,14.978505065077512
2025-01-03 04:00:00+00:00,opensensemap_0,21.0751027713284,47.92241776184948,1015.9292178599121,54.8,23.8,13.246900563253732
2025-01-03 05:00:00+00:00,opensensemap_0,21.42067700161199,49.253754767690644,1015.3901959221773,54.8,23.8,14.227161322576851
2025-01-03 06:00:00+00:00,opensensemap_0,22.426679526378102,48.77518876135853,1015.6000373860007,54.8,23.8,12.94652354025129
2025-01-03 07:00:00+00:00,opensensemap_0,21.499398435168768,48.71608753826439,1015.4863142429739,54.8,23.8,12.58690294708633
2025-01-03 08:00:00+00:00,opensensemap_0,21.09464232971285,49.71571040424092,1015.9829273373073,54.8,23.8,11.47328168196211
2025-01-03 09:00:00+00:00,opensensemap_0,18.60028797673027,51.94415146331643,1015.1999878348324,54.8,23.8,11.795272404581347
2025-01-03 10:00:00+00:00,opensensemap_0,18.394683186912584,53.48529021657907,1015.9575015475145,54.8,23.8,13.750746074108486
2025-01-03 11:00:00+00:00,opensensemap_0,16.573161206412447,55.857353732562096,1015.0194277243575,54.8,23.8,13.99683033450193
2025-01-03 12:00:00+00:00,opensensemap_0,13.574465228699045,61.23468513370616,1015.2081226357484,54.8,23.8,12.293670168880318
2025-01-03 13:00:00+00:00,opensensemap_0,13.748307102332262,63.48396780309259,1015.665151256589,54.8,23.8,12.698077822507933
2025-01-03 14:00:00+00:00,opensensemap_0,12.124376136910469,65.63788522084978,1015.1411554264067,54.8,23.8,15.75257083145986
2025-01-03 15:00:00+00:00,opensensemap_0,9.913615294326497,65.9557500701576,1015.257264014365,54.8,23.8,13.076796881502478
2025-01-03 16:00:00+00:00,opensensemap_0,8.90995640091167,73.84961951404354,1014.50017026852,54.8,23.8,14.61242368584369
2025-01-03 17:00:00+00:00,opensensemap_0,7.627993135501663,70.2802819206075,1013.7526571906958,54.8,23.8,17.283063817418444
2025-01-03 18:00:00+00:00,opensensemap_0,8.253863270335042,73.27191300195317,1016.1395858104679,54.8,23.8,15.290782569495256
2025-01-03 19:00:00+00:00,opensensemap_0,7.569069499763106,70.85698179434652,1014.9215262031986,54.8,23.8,16.208027554781125
2025-01-03 20:00:00+00:00,opensensemap_0,9.314985752409111,68.35058956914322,1015.1967245267692,54.8,23.8,18.0818121574067
2025-01-03 21:00:00+00:00,opensensemap_0,9.79786513639086,68.04776542433602,1014.3718195031801,54.8,23.8,20.157470845259493
2025-01-03 22:00:00+00:00,opensensemap_0,11.30342640909658,66.24400270777228,1013.8501934534906,54.8,23.8,19.026717315275544
2025-01-03 23:00:00+00:00,opensensemap_0,13.425407141804593,63.02329034792254,1014.3079992850243,54.8,23.8,16.00403107345405
2025-01-04 00:00:00+00:00,opensensemap_0,14.775895034340106,59.65436840958657,1014.560955445845,54.8,23.8,21.484588756830124
2025-01-04 01:00:00+00:00,opensensemap_0,16.775176612845474,55.45341347431744,1013.7677827276774,54.8,23.8,19.74658758011116
2025-01-04 02:00:00+00:00,opensensemap_0,19.180037138577074,56.66873273800403,1015.0104479362404,54.8,23.8,18.161257240685135
2025-01-04 03:00:00+00:00,opensensemap_0,20.036124648394747,50.822543891973496,1013.8388340635822,54.8,23.8,18.776379807509322
2025-01-04 04:00:00+00:00,opensensemap_0,21.219531591065213,50.596166989974705,1013.6006774632211,54.8,23.8,20.059507514560046
2025-01-04 05:00:00+00:00,opensensemap_0,21.670954885701008,47.083020250108184,1013.0708953700889,54.8,23.8,19.781127249114164
2025-01-04 06:00:00+00:00,opensensemap_0,22.11077958644571,49.33085607525428,1014.156399831906,54.8,23.8,21.692339238756258
2025-01-04 07:00:00+00:00,opensensemap_0,22.320946057768175,48.83350978942106,1012.908664177635,54.8,23.8,20.63232887918269
2025-01-04 08:00:00+00:00,opensensemap_0,21.136195933001975,49.67366593439403,1014.0085703955476,54.8,23.8,20.102891246997853
2025-01-04 09:00:00+00:00,opensensemap_0,20.0661526573871,54.53973123138949,1013.4280437317209,54.8,23.8,21.148730733254144
2025-01-04 10:00:00+00:00,opensensemap_0,19.208677268426037,53.445290607247706,1012.4779396587907,54.8,23.8,22.926667156929213
2025-01-04 11:00:00+00:00,opensensemap_0,17.083760130185546,55.775045329033304,1012.9925973097796,54.8,23.8,21.438738207516245
2025-01-04 12:00:00+00:00,opensensemap_0,14.631142916799083,59.41662984499252,1013.0081574676813,54.8,23.8,18.932223297152383
2025-01-04 13:00:00+00:00,opensensemap_0,13.364439988321433,63.17336814982435,1013.7968452571779,54.8,23.8,21.103422149291294
2025-01-04 14:00:00+00:00,opensensemap_0,11.362392704743957,65.17369357700457,1012.1257546959033,54.8,23.8,20.542637497626934
2025-01-04 15:00:00+00:00,opensensemap_0,10.189285878276836,68.55491759915473,1013.0829707894343,54.8,23.8,21.856158973139365
2025-01-04 16:00:00+00:00,opensensemap_0,8.327487771047043,70.8706306744174,1012.585372213998,54.8,23.8,21.634167549670167
2025-01-04 17:00:00+00:00,opensensemap_0,8.447131309219246,70.78237210810394,1011.7114362469712,54.8,23.8,24.215048410307944
2025-01-04 18:00:00+00:00,opensensemap_0,7.389782330777585,72.67899056580673,1011.9837448765179,54.8,23.8,24.447383873939856
2025-01-04 19:00:00+00:00,opensensemap_0,8.702197629795027,69.89550170172649,1012.1874980854756,54.8,23.8,23.496908804738727
2025-01-04 20:00:00+00:00,opensensemap_0,10.106893714450072,68.6801803066541,1013.1636441808298,54.8,23.8,24.57040854584116
2025-01-04 21:00:00+00:00,opensensemap_0,9.642106205207865,70.62182945569863,1011.2862373752828,54.8,23.8,25.07903551410834
2025-01-04 22:00:00+00:00,opensensemap_0,10.680262241757355,66.36776825207961,1012.4334640065772,54.8,23.8,20.409546749275854
2025-01-04 23:00:00+00:00,opensensemap_0,13.114678184882672,60.17818771853102,1011.9066885040803,54.8,23.8,22.74798784689313
2025-01-05 00:00:00+00:00,opensensemap_0,15.06565348545425,57.954279266993595,1011.8179561670493,54.8,23.8,25.68347541718583
2025-01-05 01:00:00+00:00,opensensemap_0,17.15949095806284,58.10801448635867,1011.9671179281845,54.8,23.8,23.55551392201296
2025-01-05 02:00:00+00:00,opensensemap_0,18.44024124868285,55.50902703561506,1010.9197897628528,54.8,23.8,21.565659628360198
2025-01-05 03:00:00+00:00,opensensemap_0,19.558406269366312,50.16712114725994,1011.0539955661345,54.8,23.8,22.504591074903555
2025-01-05 04:00:00+00:00,opensensemap_0,21.3977806832921,51.949472304766175,1011.3890486317391,54.8,23.8,21.817593112309684
2025-01-05 05:00:00+00:00,opensensemap_0,21.529992903813234,48.734599191786515,1012.0197235757148,54.8,23.8,20.94725454627512
2025-01-05 06:00:00+00:00,opensensemap_0,21.993596943043986,45.192019236853774,1010.8990789703115,54.8,23.8,16.830770913762155
2025-01-05 07:00:00+00:00,opensensemap_0,21.95965422570725,46.09011207570965,1011.7948585380338,54.8,23.8,19.425511705565057
2025-01-05 08:00:00+00:00,opensensemap_0,20.252979230522946,48.137403134432844,1010.1935289593107,54.8,23.8,20.643231515375625
2025-01-05 09:00:00+00:00,opensensemap_0,20.035824328570804,51.725078590754364,1010.6516678020877,54.8,23.8,21.335345800640706
2025-01-05 10:00:00+00:00,opensensemap_0,18.65639023080145,52.415513879836936,1010.4642007091517,54.8,23.8,21.738034985119445
2025-01-05 11:00:00+00:00,opensensemap_0,16.00071292453593,55.78248176963263,1011.227292017818,54.8,23.8,15.806245382564793
2025-01-05 12:00:00+00:00,opensensemap_0,15.055104279063066,59.25162116020662,1009.5548905302516,54.8,23.8,16.29367944508256
2025-01-05 13:00:00+00:00,opensensemap_0,12.951417486214428,63.489690731891756,1010.25551653991,54.8,23.8,16.585778705332206
2025-01-05 14:00:00+00:00,opensensemap_0,10.977018261302307,66.89596730953976,1010.8342112971776,54.8,23.8,17.06036131732284
2025-01-05 15:00:00+00:00,opensensemap_0,10.366125692086364,70.12538751186605,1010.2389807285506,54.8,23.8,18.198422982419526
2025-01-05 16:00:00+00:00,opensensemap_0,8.757583302246069,71.192900393022,1010.8587147416715,54.8,23.8,16.699287066707548
2025-01-05 17:00:00+00:00,opensensemap_0,8.220246039339274,70.23829685481094,1009.4495435708575,54.8,23.8,18.550446246075932
2025-01-05 18:00:00+00:00,opensensemap_0,8.192689891139075,71.19512753511144,1010.652826694933,54.8,23.8,13.481679581464762
2025-01-05 19:00:00+00:00,opensensemap_0,7.934330263869725,72.83277745509568,1008.896143575213,54.8,23.8,15.724617684739833
2025-01-05 20:00:00+00:00,opensensemap_0,9.022273837636414,72.44348031239252,1010.3431127908294,54.8,23.8,12.21503019842464
2025-01-05 21:00:00+00:00,opensensemap_0,10.691984248470481,69.31268524796292,1010.7818288566549,54.8,23.8,18.596805604637307
2025-01-05 22:00:00+00:00,opensensemap_0,10.990010562447686,66.82488715264684,1009.9201797471155,54.8,23.8,13.04474936782811
2025-01-05 23:00:00+00:00,opensensemap_0,13.329784908894549,64.39985670680879,1009.4546786454246,54.8,23.8,16.007045379614482
2025-01-06 00:00:00+00:00,opensensemap_0,15.302419474658425,57.748328352353525,1010.0493674395727,54.8,23.8,11.05013926793413
2025-01-06 01:00:00+00:00,opensensemap_0,16.349347925401524,55.36907508448258,1010.0010897617759,54.8,23.8,14.066832321151116
2025-01-06 02:00:00+00:00,opensensemap_0,18.26969612482362,55.49333130699277,1009.6166579262799,54.8,23.8,14.46999275192049
2025-01-06 03:00:00+00:00,opensensemap_0,20.304505791119677,54.17998025788977,1009.7879128874574,54.8,23.8,16.50627373194712
2025-01-06 04:00:00+00:00,opensensemap_0,21.74296606039771,48.637098768257495,1009.9309596120625,54.8,23.8,13.994709725890248
2025-01-06 05:00:00+00:00,opensensemap_0,21.740263334023822,49.22224203813224,1010.1818559862379,54.8,23.8,11.405686264289088
2025-01-06 06:00:00+00:00,opensensemap_0,22.589634762403453,48.17644660127127,1009.889115143267,54.8,23.8,12.70695228553269
2025-01-06 07:00:00+00:00,opensensemap_0,22.230951137612056,49.27093292038388,1010.6398398892666,54.8,23.8,14.248977904921
2025-01-06 08:00:00+00:00,opensensemap_0,21.479105707478343,50.027463249260805,1009.4968939489142,54.8,23.8,13.341875635818004
2025-01-06 09:00:00+00:00,opensensemap_0,19.578173975499737,52.609981538066215,1010.6459637367374,54.8,23.8,12.771456667983577
2025-01-06 10:00:00+00:00,opensensemap_0,18.59837548952368,53.152062846031356,1009.326317422257,54.8,23.8,13.815465367524522
2025-01-06 11:00:00+00:00,opensensemap_0,16.348422756196513,53.078804754620954,1010.0649361407274,54.8,23.8,12.919105556622181
2025-01-06 12:00:00+00:00,opensensemap_0,15.884717192156389,59.21380561342979,1010.4554249949249,54.8,23.8,14.071538610367039
2025-01-06 13:00:00+00:00,opensensemap_0,12.669134347899728,64.05231976123738,1010.0217812910294,54.8,23.8,12.312651269720389
2025-01-06 14:00:00+00:00,opensensemap_0,11.643300213727859,66.63645311249068,1010.3283985959011,54.8,23.8,18.17851043005547
2025-01-06 15:00:00+00:00,opensensemap_0,10.417925254513289,68.06325261996653,1009.4661304880842,54.8,23.8,13.405333380576277
2025-01-06 16:00:00+00:00,opensensemap_0,9.411039034222698,72.06811795238045,1011.1651648164631,54.8,23.8,19.26338955855941
2025-01-06 17:00:00+00:00,opensensemap_0,8.506698952719619,72.42278837010703,1010.0728894724928,54.8,23.8,15.9292235208581
2025-01-06 18:00:00+00:00,opensensemap_0,8.307946210637011,70.988178490313,1009.4733629419043,54.8,23.8,16.43436768928241
2025-01-06 19:00:00+00:00,opensensemap_0,9.253624981517373,71.23115107452695,1010.8227534403931,54.8,23.8,16.976271656404123
2025-01-06 20:00:00+00:00,opensensemap_0,9.652168266108477,68.71339489725628,1009.3237762866053,54.8,23.8,18.735778301210555
2025-01-06 21:00:00+00:00,opensensemap_0,10.859365716465053,66.29101609879979,1010.1497765376308,54.8,23.8,15.71707051648163
2025-01-06 22:00:00+00:00,opensensemap_0,10.98873835466281,62.280479584791706,1010.0532638582703,54.8,23.8,14.907740374192894
2025-01-06 23:00:00+00:00,opensensemap_0,13.335793351878003,66.30721654403138,1011.4843133173997,54.8,23.8,17.217314147944002
2025-01-07 00:00:00+00:00,opensensemap_0,14.788581296925885,60.27436324830978,1010.6671997552594,54.8,23.8,17.071470020033548
2025-01-07 01:00:00+00:00,opensensemap_0,16.832365925765554,59.501188350588684,1010.2791077823396,54.8,23.8,17.260251866857626
2025-01-07 02:00:00+00:00,opensensemap_0,18.728871196059288,54.25273602332392,1010.5536504583627,54.8,23.8,17.36293790755285
2025-01-07 03:00:00+00:00,opensensemap_0,19.94339763447222,50.81024196446896,1009.912750212873,54.8,23.8,22.681378564914766
2025-01-07 04:00:00+00:00,opensensemap_0,20.72301188398633,50.917183161461885,1010.6376618767803,54.8,23.8,16.599826767316955
2025-01-07 05:00:00+00:00,opensensemap_0,22.49591097969971,47.48534842047231,1011.2542811974157,54.8,23.8,21.83463353502668
2025-01-07 06:00:00+00:00,opensensemap_0,22.31348703068626,48.84266300243324,1010.4828600592439,54.8,23.8,24.609748959781072
2025-01-07 07:00:00+00:00,opensensemap_0,22.003810281405283,47.5530936596822,1011.0958964573314,54.8,23.8,20.91048056242036
2025-01-07 08:00:00+00:00,opensensemap_0,20.316273008188332,48.90599123850813,1011.3471225414803,54.8,23.8,20.90725959176626
2025-01-07 09:00:00+00:00,opensensemap_0,20.426555504147544,50.697153424152525,1010.9576182556252,54.8,23.8,22.780459257911097
2025-01-07 10:00:00+00:00,opensensemap_0,18.136537814940855,55.2082952514196,1011.9703949035809,54.8,23.8,21.357714233562845
2025-01-07 11:00:00+00:00,opensensemap_0,16.49822911953047,57.24695522667838,1011.5466986343749,54.8,23.8,20.184727300921068
2025-01-07 12:00:00+00:00,opensensemap_0,14.949180946683992,59.67790269421352,1011.537042217893,54.8,23.8,22.584537558542834
2025-01-07 13:00:00+00:00,opensensemap_0,14.344680462973441,61.1018606838888,1011.5301324180064,54.8,23.8,21.495880003498613
2025-01-07 14:00:00+00:00,opensensemap_0,12.176773718611555,66.34076760528431,1012.1578182064027,54.8,23.8,25.054110065970278
2025-01-07 15:00:00+00:00,opensensemap_0,9.124075974782997,72.01466325830319,1012.5432820078495,54.8,23.8,19.04206502514885
2025-01-07 16:00:00+00:00,opensensemap_0,9.9606301855916,70.6138547821985,1011.7996385523095,54.8,23.8,24.017664329921274
2025-01-07 17:00:00+00:00,opensensemap_0,8.96649517405097,73.04196713913818,1012.3783288430883,54.8,23.8,22.651654758647624
2025-01-07 18:00:00+00:00,opensensemap_0,8.624544476207092,69.9001811226532,1012.2245018071443,54.8,23.8,23.709234865533244
2025-01-07 19:00:00+00:00,opensensemap_0,8.104224755468133,70.42338214684699,1012.0037615072871,54.8,23.8,21.09016772354317
2025-01-07 20:00:00+00:00,opensensemap_0,8.69390157373629,70.03965605181943,1012.7470021577834,54.8,23.8,20.673514410862253
2025-01-07 21:00:00+00:00,opensensemap_0,8.738885880179106,68.14573123966464,1013.168095342349,54.8,23.8,22.91135831813138
2025-01-07 22:00:00+00:00,opensensemap_0,11.130194355510602,65.1816950063417,1012.2941657215415,54.8,23.8,24.816248190174896
2025-01-07 23:00:00+00:00,opensensemap_0,13.829974309408275,64.04248298756417,1013.9259982410096,54.8,23.8,20.532571010230193
2025-01-08 00:00:00+00:00,opensensemap_0,15.439702431343324,60.241549631113,1012.5846743129786,54.8,23.8,24.114026447589104
2025-01-08 01:00:00+00:00,opensensemap_0,17.183007726399243,55.33717136203413,1013.4153620486657,54.8,23.8,19.440135205675062
2025-01-08 02:00:00+00:00,opensensemap_0,18.64223521897294,53.75127235712388,1013.6338623742524,54.8,23.8,20.901932979608112
2025-01-08 03:00:00+00:00,opensensemap_0,20.146153165145158,49.305760355172005,1013.17024036934,54.8,23.8,18.95856076744252
2025-01-08 04:00:00+00:00,opensensemap_0,20.8539399762193,49.43997081752593,1013.6293490345518,54.8,23.8,20.14528205368543
2025-01-08 05:00:00+00:00,opensensemap_0,22.411641336914197,47.848360032664075,1013.0236675645936,54.8,23.8,23.965277083701697
2025-01-08 06:00:00+00:00,opensensemap_0,22.322563897918577,47.988899927463976,1013.6564822212492,54.8,23.8,21.822120829986286
2025-01-08 07:00:00+00:00,opensensemap_0,22.25624478004373,49.671004183401806,1012.3138046172826,54.8,23.8,21.283300421748887
2025-01-08 08:00:00+00:00,opensensemap_0,20.835669138078096,51.77435264582299,1013.4457199016607,54.8,23.8,19.710477547679858
2025-01-08 09:00:00+00:00,opensensemap_0,19.89922810005895,52.86831669526159,1013.644682432719,54.8,23.8,19.613470149981907
2025-01-08 10:00:00+00:00,opensensemap_0,17.74331198947922,54.23980726329875,1014.6342777874968,54.8,23.8,14.748271241749185
2025-01-08 11:00:00+00:00,opensensemap_0,16.51866814049564,58.06206681587048,1014.1687405015535,54.8,23.8,21.978672161665408
2025-01-08 12:00:00+00:00,opensensemap_0,14.455132780746649,58.473312494320666,1014.2678016778591,54.8,23.8,17.917874237578186
2025-01-08 13:00:00+00:00,opensensemap_0,14.111209000800853,64.90353781540914,1014.5856830299799,54.8,23.8,14.535475981541566
2025-01-08 14:00:00+00:00,opensensemap_0,11.61770686717989,66.42765612213249,1014.4471487086834,54.8,23.8,11.943859955515437
2025-01-08 15:00:00+00:00,opensensemap_0,10.36975134684052,71.02403057790373,1014.8479859769847,54.8,23.8,15.580897297619767
2025-01-08 16:00:00+00:00,opensensemap_0,9.305258517858167,67.54018913627309,1015.0235262416829,54.8,23.8,14.666943669970323
2025-01-08 17:00:00+00:00,opensensemap_0,8.160620392570294,75.15929330021135,1015.162693174973,54.8,23.8,15.970221500048845
2025-01-08 18:00:00+00:00,opensensemap_0,8.150827478519245,70.29197351551818,1015.2365378579491,54.8,23.8,15.995382538471285
2025-01-08 19:00:00+00:00,opensensemap_0,8.701175906433921,70.07239733185153,1014.3175916777211,54.8,23.8,12.309920890759702
2025-01-08 20:00:00+00:00,opensensemap_0,8.817843935586504,69.51478250758986,1015.9397941819935,54.8,23.8,15.648475450440234
2025-01-08 21:00:00+00:00,opensensemap_0,11.752403669568656,68.20490602541885,1015.2792562827658,54.8,23.8,13.116526102375786
2025-01-08 22:00:00+00:00,opensensemap_0,10.724753156705068,65.75209798862946,1015.3017559207706,54.8,23.8,16.40911791896331
2025-01-08 23:00:00+00:00,opensensemap_0,12.224983759006978,63.32696526834214,1015.2063633014886,54.8,23.8,14.193129400963853
2025-01-09 00:00:00+00:00,opensensemap_0,14.403685741578121,60.69393205372626,1015.9613705310614,54.8,23.8,12.457478014742815
2025-01-09 01:00:00+00:00,opensensemap_0,16.336598083679462,56.17137563555434,1015.0039438107398,54.8,23.8,15.416367510196643
2025-01-09 02:00:00+00:00,opensensemap_0,18.80071878117855,54.696549084096404,1016.0445174678985,54.8,23.8,13.017477891261459
2025-01-09 03:00:00+00:00,opensensemap_0,20.161455613295733,50.026795567836814,1015.1473433271898,54.8,23.8,13.940748106000868
2025-01-09 04:00:00+00:00,opensensemap_0,20.486053663160416,48.728103759027306,1015.7674797610913,54.8,23.8,15.186842817393302
2025-01-09 05:00:00+00:00,opensensemap_0,20.99348470715543,49.09780331388751,1016.3992488170567,54.8,23.8,14.414663160293884
2025-01-09 06:00:00+00:00,opensensemap_0,21.55669840585398,47.75093232661237,1015.7344903827723,54.8,23.8,11.2422200883488
2025-01-09 07:00:00+00:00,opensensemap_0,22.37932377672399,46.52512792718955,1015.8838660059627,54.8,23.8,11.140818366799323
2025-01-09 08:00:00+00:00,opensensemap_0,21.586852599110788,48.141155454789434,1016.1016344421873,54.8,23.8,13.034631881201552
2025-01-09 09:00:00+00:00,opensensemap_0,20.623215330202303,50.247290789188206,1016.6497331110944,54.8,23.8,14.678423750392366
2025-01-09 10:00:00+00:00,opensensemap_0,18.70778893274492,51.35236768942904,1014.8765339331635,54.8,23.8,11.60098212625948
2025-01-09 11:00:00+00:00,opensensemap_0,16.69192986546212,56.349402123089675,1015.7983146871122,54.8,23.8,9.70253831447657
2025-01-09 12:00:00+00:00,opensensemap_0,14.687566904348529,59.820522762124185,1015.5809350993206,54.8,23.8,13.952377274548395
2025-01-09 13:00:00+00:00,opensensemap_0,13.34490032364294,62.86489194427582,1016.471908981513,54.8,23.8,16.20608238495614
2025-01-09 14:00:00+00:00,opensensemap_0,12.07206827527732,63.42808837619321,1016.2309181050371,54.8,23.8,15.385551854845437
2025-01-09 15:00:00+00:00,opensensemap_0,10.153220611909894,70.9428138225397,1015.5741412350872,54.8,23.8,15.878541504366398
2025-01-09 16:00:00+00:00,opensensemap_0,9.62056341231356,70.51384508129946,1016.0064123040319,54.8,23.8,11.193147570587588
2025-01-09 17:00:00+00:00,opensensemap_0,7.919669130825674,71.9392009890067,1016.1399599744444,54.8,23.8,12.977406455151403
2025-01-09 18:00:00+00:00,opensensemap_0,7.4868209618137245,71.64074209340531,1016.3047976937203,54.8,23.8,17.245758427656106
2025-01-09 19:00:00+00:00,opensensemap_0,8.21881797067646,73.71199652510758,1015.8097861115315,54.8,23.8,15.245135099762027
2025-01-09 20:00:00+00:00,opensensemap_0,9.11997990349385,69.30537830955625,1015.9581362128873,54.8,23.8,12.545553057548666
2025-01-09 21:00:00+00:00,opensensemap_0,10.08264904547962,70.04110782594209,1015.586360245285,54.8,23.8,17.638189737684606
2025-01-09 22:00:00+00:00,opensensemap_0,11.976647809504646,65.76747223485327,1016.217798922517,54.8,23.8,14.29725252375959
2025-01-09 23:00:00+00:00,opensensemap_0,12.915809216356426,65.68382458571527,1015.512542725788,54.8,23.8,17.479609972643576
2025-01-10 00:00:00+00:00,opensensemap_0,14.246345394886568,61.132515324538446,1015.8664799313348,54.8,23.8,18.37320239014715
2025-01-10 01:00:00+00:00,opensensemap_0,17.229061889887724,58.42389645982514,1015.7639303835574,54.8,23.8,17.742413914517766
2025-01-10 02:00:00+00:00,opensensemap_0,18.794719266308114,53.058317987946104,1016.0989938455983,54.8,23.8,24.81981946579868
2025-01-10 03:00:00+00:00,opensensemap_0,20.226515372336873,52.048277034012756,1015.7394738462282,54.8,23.8,18.012326638054063
2025-01-10 04:00:00+00:00,opensensemap_0,21.54069243397264,48.94794234026244,1015.8865903120268,54.8,23.8,22.81973709620693
2025-01-10 05:00:00+00:00,opensensemap_0,21.558897319254758,48.482857284249484,1015.0888501187571,54.8,23.8,21.819282548851906
2025-01-10 06:00:00+00:00,opensensemap_0,22.473579767991218,47.83364300592811,1015.5725022720043,54.8,23.8,20.10043584077666
2025-01-10 07:00:00+00:00,opensensemap_0,22.530736394251374,49.96288384227874,1015.7446533658726,54.8,23.8,22.529841937272362
2025-01-10 08:00:00+00:00,opensensemap_0,20.26626500914301,53.48667910428432,1016.3852153048962,54.8,23.8,26.33614022140839
2025-01-10 09:00:00+00:00,opensensemap_0,20.559447512978814,53.55946458564776,1015.555177912771,54.8,23.8,18.931067821233544
2025-01-10 10:00:00+00:00,opensensemap_0,18.43002874297024,52.032580766508254,1015.272894003894,54.8,23.8,22.786412640621528
2025-01-10 11:00:00+00:00,opensensemap_0,16.981720788479343,54.70672464081148,1014.7642076000085,54.8,23.8,20.111678459322373
2025-01-10 12:00:00+00:00,opensensemap_0,14.971299485063648,60.14419018008138,1014.728294488656,54.8,23.8,21.589840227223004
2025-01-10 13:00:00+00:00,opensensemap_0,13.64252179445779,62.0153864143588,1015.5087276955801,54.8,23.8,20.61725746618213
2025-01-10 14:00:00+00:00,opensensemap_0,11.973910743403007,64.57584011568521,1015.2824317927932,54.8,23.8,21.788715055806986
2025-01-10 15:00:00+00:00,opensensemap_0,10.131964383652262,67.79447628255642,1015.7641786253805,54.8,23.8,21.190806845912633
2025-01-10 16:00:00+00:00,opensensemap_0,9.649895231271117,67.22895024311121,1014.7380127425546,54.8,23.8,21.234982429744537
2025-01-10 17:00:00+00:00,opensensemap_0,7.926880909657747,71.5624344892401,1014.8551691460182,54.8,23.8,25.29318812587803
2025-01-10 18:00:00+00:00,opensensemap_0,7.8062178062331276,71.48618301815951,1014.8448741505937,54.8,23.8,20.848902893751827
2025-01-10 19:00:00+00:00,opensensemap_0,8.256780620093934,73.1605176465085,1014.8007386828007,54.8,23.8,20.35813916499233
2025-01-10 20:00:00+00:00,opensensemap_0,9.207920547149334,70.27024500516978,1015.1770380828921,54.8,23.8,19.20025011321492
2025-01-10 21:00:00+00:00,opensensemap_0,10.187903539471181,64.41950605794207,1014.4707946316214,54.8,23.8,23.940260580913822
2025-01-10 22:00:00+00:00,opensensemap_0,11.03379521762577,67.42503084076047,1014.9350532680326,54.8,23.8,24.10518880990197
2025-01-10 23:00:00+00:00,opensensemap_0,12.709311328979563,63.35404813152708,1014.4970413555274,54.8,23.8,23.64341118291282
2025-01-11 00:00:00+00:00,opensensemap_0,15.293935708449483,58.75051499414378,1014.6652487524168,54.8,23.8,20.742189031911806
2025-01-11 01:00:00+00:00,opensensemap_0,17.958963883926163,57.6593425600616,1014.5677762657119,54.8,23.8,21.381558120199927
2025-01-11 02:00:00+00:00,opensensemap_0,17.426230143114072,55.33889112244624,1013.4450232372741,54.8,23.8,22.295946284895066
2025-01-11 03:00:00+00:00,opensensemap_0,19.793477010298606,51.87320993551104,1014.4631913887246,54.8,23.8,21.30329738032803
2025-01-11 04:00:00+00:00,opensensemap_0,22.061352896510996,51.95356915735093,1013.7657864774668,54.8,23.8,21.54692209352642
2025-01-11 05:00:00+00:00,opensensemap_0,22.394364597136978,47.965575687790256,1014.0487320599217,54.8,23.8,21.779999502145948
2025-01-11 06:00:00+00:00,opensensemap_0,22.672100642093664,47.62600878575435,1013.5387962378874,54.8,23.8,19.921514580902862
2025-01-11 07:00:00+00:00,opensensemap_0,21.52626854408628,47.51982976457594,1013.3080574198431,54.8,23.8,19.71576333313628
2025-01-11 08:00:00+00:00,opensensemap_0,20.31642197569057,48.45117033223481,1013.2155930752194,54.8,23.8,17.989943055021858
2025-01-11 09:00:00+00:00,opensensemap_0,20.98581520777473,51.50123745920512,1013.2769712928737,54.8,23.8,15.56406340673132
2025-01-11 10:00:00+00:00,opensensemap_0,18.670236337433703,54.22406599029615,1013.0857200728054,54.8,23.8,17.126213044981256
2025-01-11 11:00:00+00:00,opensensemap_0,16.99474460889713,57.64554814828613,1012.4964007047755,54.8,23.8,17.076877561086963
2025-01-11 12:00:00+00:00,opensensemap_0,14.993578020116836,60.52849197336144,1012.7039736075557,54.8,23.8,14.716829934963162
2025-01-11 13:00:00+00:00,opensensemap_0,13.371202740897349,62.401321375532476,1013.1937984837429,54.8,23.8,17.159843722566993
2025-01-11 14:00:00+00:00,opensensemap_0,10.876627472683698,66.33231443980358,1013.6026978240563,54.8,23.8,14.542793587521103
2025-01-11 15:00:00+00:00,opensensemap_0,10.027354502903446,69.07268843654671,1012.7729432941347,54.8,23.8,17.519124878422485
2025-01-11 16:00:00+00:00,opensensemap_0,9.054525176638807,68.64949819081349,1012.9079074489417,54.8,23.8,16.385389492409324
2025-01-11 17:00:00+00:00,opensensemap_0,8.432228264323607,74.43056247650614,1011.9402307307128,54.8,23.8,13.023239775054616
2025-01-11 18:00:00+00:00,opensensemap_0,8.012865590082505,71.58268718128434,1011.9839367282717,54.8,23.8,10.923769311317152
2025-01-11 19:00:00+00:00,opensensemap_0,8.051443102122898,72.71538131943448,1012.0571497507607,54.8,23.8,13.7399118437968
2025-01-11 20:00:00+00:00,opensensemap_0,9.227006524811461,70.97422510861419,1012.9526694205703,54.8,23.8,14.080400174597965
2025-01-11 21:00:00+00:00,opensensemap_0,9.778845601987841,67.67506856841942,1011.291758612723,54.8,23.8,11.941315746653725
2025-01-11 22:00:00+00:00,opensensemap_0,11.730812761166696,63.24584381494115,1011.3912942864343,54.8,23.8,15.46695297505353
2025-01-11 23:00:00+00:00,opensensemap_0,12.904026818979164,61.78394137655278,1011.7570844180425,54.8,23.8,13.25769109744527
2025-01-12 00:00:00+00:00,opensensemap_0,15.69815936632352,58.63054137926274,1011.058244290967,54.8,23.8,11.790695934568944
2025-01-12 01:00:00+00:00,opensensemap_0,15.767012580542477,58.635102212796056,1011.362415102689,54.8,23.8,14.789357757507249
2025-01-12 02:00:00+00:00,opensensemap_0,17.78270335389554,53.88385859569625,1011.436407635404,54.8,23.8,11.493948425068831
2025-01-12 03:00:00+00:00,opensensemap_0,19.00756080377335,51.431337896280844,1011.834876343653,54.8,23.8,12.21278965180654
2025-01-12 04:00:00+00:00,opensensemap_0,20.730508465357882,49.71385128505863,1010.3695135729938,54.8,23.8,13.261845319233755
2025-01-12 05:00:00+00:00,opensensemap_0,22.010871271932626,47.01643513342914,1011.0020041645475,54.8,23.8,10.49663722793826
2025-01-12 06:00:00+00:00,opensensemap_0,22.41272791260474,48.90991565642893,1010.6314106943789,54.8,23.8,13.54770100305183
2025-01-12 07:00:00+00:00,opensensemap_0,21.357571568469485,48.362870369866805,1011.6094286006582,54.8,23.8,13.89077245364415
2025-01-12 08:00:00+00:00,opensensemap_0,21.08979984598545,51.8821458416689,1010.1959401900406,54.8,23.8,14.577602470097057
2025-01-12 09:00:00+00:00,opensensemap_0,20.032550821589926,52.44144637069664,1010.5935890339975,54.8,23.8,12.934220431229251
2025-01-12 10:00:00+00:00,opensensemap_0,18.433318090476032,52.589936790609094,1010.4680862272131,54.8,23.8,11.938887095419492
2025-01-12 11:00:00+00:00,opensensemap_0,17.03211411053106,56.295091376859084,1011.8939910743668,54.8,23.8,9.791302559073108
2025-01-12 12:00:00+00:00,opensensemap_0,14.572910245441937,60.255263909009564,1010.2928648658111,54.8,23.8,12.796645848427032
2025-01-12 13:00:00+00:00,opensensemap_0,12.991430632050642,62.51929360695365,1010.0143380407435,54.8,23.8,12.987034321168517
2025-01-12 14:00:00+00:00,opensensemap_0,12.520291448979368,63.704980767939766,1010.6744820596098,54.8,23.8,16.50283018610411
2025-01-12 15:00:00+00:00,opensensemap_0,10.032404788397589,69.6983627372685,1009.966085913008,54.8,23.8,18.592486183560318
2025-01-12 16:00:00+00:00,opensensemap_0,9.06367938839483,71.13254467739826,1010.9546064408075,54.8,23.8,15.447865266401392
2025-01-12 17:00:00+00:00,opensensemap_0,8.320421569492975,72.8718449126422,1010.0359092048217,54.8,23.8,12.947575142726258
2025-01-12 18:00:00+00:00,opensensemap_0,7.991217486947088,73.25149959962161,1010.2822454157701,54.8,23.8,17.933458057901664
2025-01-12 19:00:00+00:00,opensensemap_0,8.293751915054552,70.74455841437154,1010.9846371031842,54.8,23.8,18.468423226291662
2025-01-12 20:00:00+00:00,opensensemap_0,8.778338233123954,69.45509438363297,1010.4588966980957,54.8,23.8,16.0453073218594
2025-01-12 21:00:00+00:00,opensensemap_0,9.638951061371095,68.7147963991912,1010.0122462704398,54.8,23.8,19.365122826786003
2025-01-12 22:00:00+00:00,opensensemap_0,10.958607373248968,66.9725269033887,1010.3550209500698,54.8,23.8,17.169369139774275
2025-01-12 23:00:00+00:00,opensensemap_0,12.946450852599272,63.949801016632726,1011.1732072158104,54.8,23.8,14.524238202363765
2025-01-13 00:00:00+00:00,opensensemap_0,15.36423948097152,60.17970129469939,1010.4716562054979,54.8,23.8,15.515926347734812
2025-01-13 01:00:00+00:00,opensensemap_0,16.632805453006362,57.28729059839991,1008.8046166241468,54.8,23.8,19.938253149886457
2025-01-13 02:00:00+00:00,opensensemap_0,18.125875958713863,54.00591911913899,1009.5769379461619,54.8,23.8,17.184662387626037
2025-01-13 03:00:00+00:00,opensensemap_0,19.763015109267336,51.724737122880455,1009.981299832162,54.8,23.8,19.865963770406943
2025-01-13 04:00:00+00:00,opensensemap_0,21.256109699655923,50.7212351000687,1010.0781143850062,54.8,23.8,17.95122868824489
2025-01-13 05:00:00+00:00,opensensemap_0,20.859047434078665,49.352945370649344,1010.1417122904089,54.8,23.8,19.308882853302272
2025-01-13 06:00:00+00:00,opensensemap_0,22.124607853040335,46.40942275786885,1011.4454040891815,54.8,23.8,25.456062809352403
2025-01-13 07:00:00+00:00,opensensemap_0,21.509422005195937,48.16960843728405,1010.1979298640032,54.8,23.8,20.582647138352613
2025-01-13 08:00:00+00:00,opensensemap_0,21.013726910478272,50.52967497929356,1010.2018387064916,54.8,23.8,24.464760007820715
2025-01-13 09:00:00+00:00,opensensemap_0,20.057958101778095,52.083216399082836,1009.7103266321279,54.8,23.8,21.23766047443571
2025-01-13 10:00:00+00:00,opensensemap_0,18.209374499988325,55.47520010117986,1011.5927473167159,54.8,23.8,20.95993185556799
2025-01-13 11:00:00+00:00,opensensemap_0,16.225401795404224,56.98131780666074,1009.3756741428887,54.8,23.8,19.350923153083812
2025-01-13 12:00:00+00:00,opensensemap_0,14.892904698779239,60.93547684195002,1010.2509749690047,54.8,23.8,21.74273609833692
2025-01-13 13:00:00+00:00,opensensemap_0,13.856462866121138,63.09363187105072,1009.8802282888893,54.8,23.8,23.1416014377952
2025-01-13 14:00:00+00:00,opensensemap_0,10.45638075831378,66.30369334201023,1010.6503042879849,54.8,23.8,24.037336748795184
2025-01-13 15:00:00+00:00,opensensemap_0,9.743047980083997,66.00490697836452,1010.3222231262704,54.8,23.8,23.721038836047125
2025-01-13 16:00:00+00:00,opensensemap_0,9.4356132402354,68.9575281675292,1010.2361200529199,54.8,23.8,22.065166862394754
2025-01-13 17:00:00+00:00,opensensemap_0,8.510840447728897,73.03332637713653,1009.2225751499444,54.8,23.8,20.569812172450767
2025-01-13 18:00:00+00:00,opensensemap_0,7.8302432777509114,72.73260897094059,1009.7757371922079,54.8,23.8,22.379872589847817
2025-01-13 19:00:00+00:00,opensensemap_0,7.748277347471092,72.37285935009479,1009.9419091072242,54.8,23.8,20.806304040464305
2025-01-13 20:00:00+00:00,opensensemap_0,9.259069743120895,71.52783652090022,1010.6832363539277,54.8,23.8,21.421834645801663
2025-01-13 21:00:00+00:00,opensensemap_0,9.300564106970441,66.98514783082935,1010.5906721481679,54.8,23.8,20.068705341706405
2025-01-13 22:00:00+00:00,opensensemap_0,11.96003929965137,66.02714881569315,1011.2592182368801,54.8,23.8,23.444860222269067
2025-01-13 23:00:00+00:00,opensensemap_0,13.83585827341185,63.59745556254255,1010.5455082213407,54.8,23.8,22.80031541554512
2025-01-14 00:00:00+00:00,opensensemap_0,15.869292325551179,60.45653250287798,1010.7364880466635,54.8,23.8,20.530722181678954
2025-01-14 01:00:00+00:00,opensensemap_0,16.516452400363708,55.09986452439825,1011.5251846283513,54.8,23.8,21.375623309154086
2025-01-14 02:00:00+00:00,opensensemap_0,17.802068706579927,53.00145544668732,1011.2526034918461,54.8,23.8,20.26621123571677
2025-01-14 03:00:00+00:00,opensensemap_0,19.806026502874158,51.95529803067933,1010.9167934600337,54.8,23.8,22.447131725463738
2025-01-14 04:00:00+00:00,opensensemap_0,19.959971710205476,49.29157177074868,1010.3926492146661,54.8,23.8,24.3392417197228
2025-01-14 05:00:00+00:00,opensensemap_0,22.76587798502342,46.67744702109155,1010.384791209528,54.8,23.8,17.1174633004159
2025-01-14 06:00:00+00:00,opensensemap_0,20.915412519383835,49.44932153794757,1010.993197094323,54.8,23.8,23.142913881758588
2025-01-14 07:00:00+00:00,opensensemap_0,21.970889681792144,48.51576515027953,1010.6175938235167,54.8,23.8,14.831696794544644
2025-01-14 08:00:00+00:00,opensensemap_0,20.533809881045915,48.12607544053836,1011.4406694528725,54.8,23.8,19.324200603803384
2025-01-14 09:00:00+00:00,opensensemap_0,20.759266586113732,49.782239280840926,1011.5236197570101,54.8,23.8,19.059441315695
2025-01-14 10:00:00+00:00,opensensemap_0,18.19540537150593,54.85307976253491,1011.6822184897617,54.8,23.8,19.04710102274245
2025-01-14 11:00:00+00:00,opensensemap_0,16.36942541975638,54.82986551132583,1011.8742456405133,54.8,23.8,16.07735930102906
2025-01-14 12:00:00+00:00,opensensemap_0,14.84770378884231,61.13373979386587,1011.5261493701572,54.8,23.8,16.301549076162146
2025-01-14 13:00:00+00:00,opensensemap_0,13.885634011143445,64.23475889721182,1011.4443482744164,54.8,23.8,17.922151995590756
2025-01-14 14:00:00+00:00,opensensemap_0,11.928713792060577,66.23420987754577,1012.3266035109817,54.8,23.8,13.592436429620829
2025-01-14 15:00:00+00:00,opensensemap_0,10.070544272157907,66.76519903196463,1011.9171310545153,54.8,23.8,16.681592760890005
2025-01-14 16:00:00+00:00,opensensemap_0,8.569375978024208,69.72953316643013,1011.4575537029453,54.8,23.8,14.60097607535082
2025-01-14 17:00:00+00:00,opensensemap_0,9.01186968133504,71.34442139633394,1011.9366663706166,54.8,23.8,16.145430316357633
2025-01-14 18:00:00+00:00,opensensemap_0,8.071495497669066,73.6199764346044,1012.3699908699949,54.8,23.8,12.053450035769043
2025-01-14 19:00:00+00:00,opensensemap_0,8.659534586409686,69.95545121685815,1013.1007457483908,54.8,23.8,16.084452009391654
2025-01-14 20:00:00+00:00,opensensemap_0,8.656026786610477,70.36966749613985,1012.2386686538132,54.8,23.8,16.0402700871146
2025-01-14 21:00:00+00:00,opensensemap_0,10.166145826593034,66.20269104763479,1012.859506812033,54.8,23.8,13.953074264677614
2025-01-14 22:00:00+00:00,opensensemap_0,11.607880481126834,66.54425371428226,1013.1833513207077,54.8,23.8,9.886451428376605
2025-01-14 23:00:00+00:00,opensensemap_0,13.299819126071368,61.494784902640184,1013.792654891182,54.8,23.8,17.182773434904895
2025-01-15 00:00:00+00:00,opensensemap_0,15.032444485259443,61.235692657347364,1013.137836701808,54.8,23.8,10.511744722827427
2025-01-15 01:00:00+00:00,opensensemap_0,17.077674083263155,58.07616597870122,1013.1693923714702,54.8,23.8,11.814610494389838
2025-01-15 02:00:00+00:00,opensensemap_0,18.980332778731086,58.94781078492119,1012.6895887134641,54.8,23.8,13.492731475088036
2025-01-15 03:00:00+00:00,opensensemap_0,19.508948177087873,50.04247151830886,1012.7350272952408,54.8,23.8,12.797627018162695
2025-01-15 04:00:00+00:00,opensensemap_0,20.273604318197663,52.82253784306255,1013.3306341809874,54.8,23.8,13.709017698373758
2025-01-15 05:00:00+00:00,opensensemap_0,21.753069904041695,46.48990927175833,1012.289885296742,54.8,23.8,13.917865494209593
2025-01-15 06:00:00+00:00,opensensemap_0,22.108819398763547,45.63706478051783,1013.4813382555125,54.8,23.8,14.241760163968447
2025-01-15 07:00:00+00:00,opensensemap_0,21.696827358516064,49.50323338612842,1014.3743127863336,54.8,23.8,10.804031119023328
2025-01-15 08:00:00+00:00,opensensemap_0,21.187008308869242,47.47827455882297,1015.201774846922,54.8,23.8,12.746264673224768
2025-01-15 09:00:00+00:00,opensensemap_0,20.19893739577417,52.875811115840385,1013.8145069516679,54.8,23.8,14.392722616244422
2025-01-15 10:00:00+00:00,opensensemap_0,18.130914908245504,53.11230045271983,1013.5556086615511,54.8,23.8,12.471620056233434
2025-01-15 11:00:00+00:00,opensensemap_0,16.432207414577427,56.03056199290519,1013.9330141935126,54.8,23.8,12.207097551181336
2025-01-15 12:00:00+00:00,opensensemap_0,15.049577934945498,58.638991399636076,1014.0734284420759,54.8,23.8,15.671115112175462
2025-01-15 13:00:00+00:00,opensensemap_0,13.31798460178941,63.978846192722195,1014.8697795726491,54.8,23.8,15.41977373936
2025-01-15 14:00:00+00:00,opensensemap_0,10.944688268592365,64.12946988561389,1014.0459247108738,54.8,23.8,14.014081609801824
2025-01-15 15:00:00+00:00,opensensemap_0,9.759677403237982,68.1671523257723,1015.1754308879423,54.8,23.8,11.930673302701202
2025-01-15 16:00:00+00:00,opensensemap_0,9.035286435955948,69.79970940890965,1014.0302768337795,54.8,23.8,15.90992306027957
2025-01-15 17:00:00+00:00,opensensemap_0,8.219920936688819,69.2493398314823,1014.8738844216354,54.8,23.8,16.37740723207575
2025-01-15 18:00:00+00:00,opensensemap_0,8.033643513987572,69.99139053170796,1015.3789174755913,54.8,23.8,14.999210547184324
2025-01-15 19:00:00+00:00,opensensemap_0,8.140703499779981,71.18001077399322,1015.1070884479254,54.8,23.8,18.521733486839754
2025-01-15 20:00:00+00:00,opensensemap_0,8.70475583020817,72.17603206961587,1014.8688862867879,54.8,23.8,13.192140218327376
2025-01-15 21:00:00+00:00,opensensemap_0,10.523367445037481,66.45049744670388,1015.2448884092416,54.8,23.8,17.90592014808582
2025-01-15 22:00:00+00:00,opensensemap_0,11.339737537253004,68.55417817358644,1015.7925925768187,54.8,23.8,18.94868191143482
2025-01-15 23:00:00+00:00,opensensemap_0,13.308834777029842,62.69018577938184,1015.3217667626313,54.8,23.8,17.875030535334645
2025-01-01 00:00:00+00:00,opensensemap_1,14.473377592026266,60.409576480847335,1013.1602172195571,54.82,23.82,19.70015829021331
2025-01-01 01:00:00+00:00,opensensemap_1,17.05652884462714,60.32503815736715,1012.7230075342014,54.82,23.82,15.32275304685513
2025-01-01 02:00:00+00:00,opensensemap_1,18.667693386218016,54.80021554213426,1013.0657383301182,54.82,23.82,18.477487144675287
2025-01-01 03:00:00+00:00,opensensemap_1,20.657665834725908,52.42384728380001,1013.3179173019865,54.82,23.82,21.119688448280435
2025-01-01 04:00:00+00:00,opensensemap_1,20.79041756894242,49.22170710706624,1012.8057632640861,54.82,23.82,18.859656209438015
2025-01-01 05:00:00+00:00,opensensemap_1,20.94858316208042,48.39507123314715,1013.7631914025142,54.82,23.82,17.620400485582365
2025-01-01 06:00:00+00:00,opensensemap_1,20.821238398131854,47.421102800568086,1013.972424848325,54.82,23.82,20.27903878217445
2025-01-01 07:00:00+00:00,opensensemap_1,21.131801543510505,49.11363702486948,1013.3220617019273,54.82,23.82,18.751566712726458
2025-01-01 08:00:00+00:00,opensensemap_1,21.103862798863315,52.386238229143785,1014.0781535195453,54.82,23.82,18.44734506608351
2025-01-01 09:00:00+00:00,opensensemap_1,19.95934408134674,51.708108769755874,1013.378008371613,54.82,23.82,23.171873996491275
2025-01-01 10:00:00+00:00,opensensemap_1,18.059355658532667,52.365744305032806,1014.6656230848367,54.82,23.82,21.367412719717898
2025-01-01 11:00:00+00:00,opensensemap_1,17.56449995095163,55.242134575886325,1014.4571793105831,54.82,23.82,22.69911213339974
2025-01-01 12:00:00+00:00,opensensemap_1,16.026737612513738,57.12479488367915,1014.0527312690837,54.82,23.82,27.676269421152433
2025-01-01 13:00:00+00:00,opensensemap_1,12.882870307204383,61.87923491989251,1014.1697737206578,54.82,23.82,21.16253271588963
2025-01-01 14:00:00+00:00,opensensemap_1,11.632542758960993,65.89323889320883,1014.6869511816495,54.82,23.82,20.437934192431307
2025-01-01 15:00:00+00:00,opensensemap_1,11.13382048707612,66.53865236570125,1014.5283998053492,54.82,23.82,22.195730400123246
2025-01-01 16:00:00+00:00,opensensemap_1,8.89835245681357,69.06705666590241,1014.5570994673648,54.82,23.82,24.893880440916313
2025-01-01 17:00:00+00:00,opensensemap_1,7.389643260113383,71.68905323255541,1014.2451914608682,54.82,23.82,27.255561161762124
2025-01-01 18:00:00+00:00,opensensemap_1,9.574492012609815,71.58562059354391,1014.3402402240506,54.82,23.82,27.82905515737766
2025-01-01 19:00:00+00:00,opensensemap_1,8.038713351590022,73.56231465855656,1013.5557962124162,54.82,23.82,19.0213914909722
2025-01-01 20:00:00+00:00,opensensemap_1,8.825108117800447,68.47506806787712,1015.2455127408741,54.82,23.82,21.337328391993786
2025-01-01 21:00:00+00:00,opensensemap_1,10.76370773217318,66.29293802413176,1015.6170905480467,54.82,23.82,25.35507888130533
2025-01-01 22:00:00+00:00,opensensemap_1,11.852324447888416,64.98139522525284,1015.0379144302559,54.82,23.82,20.405858508061577
2025-01-01 23:00:00+00:00,opensensemap_1,13.757586685313345,64.32023182475552,1015.1930520210309,54.82,23.82,24.194700728238743
2025-01-02 00:00:00+00:00,opensensemap_1,14.911645889064923,63.6751483612471,1015.3221936171843,54.82,23.82,21.4749646732594
2025-01-02 01:00:00+00:00,opensensemap_1,17.364911514254,58.67171064247071,1015.753693755751,54.82,23.82,21.351749787032237
2025-01-02 02:00:00+00:00,opensensemap_1,18.76897048030562,54.61871698680454,1015.3957401327599,54.82,23.82,17.98526079861011
2025-01-02 03:00:00+00:00,opensensemap_1,19.363139156112187,50.72342410810621,1015.7677694662996,54.82,23.82,21.960830929554515
2025-01-02 04:00:00+00:00,opensensemap_1,20.95706321117931,49.140114864853096,1016.0768453467709,54.82,23.82,18.76095306740515
2025-01-02 05:00:00+00:00,opensensemap_1,22.44287930605986,47.53622765476825,1015.6077044717005,54.82,23.82,19.054598661773067
2025-01-02 06:00:00+00:00,opensensemap_1,22.060486860492933,45.19490316720591,1015.6217978830869,54.82,23.82,18.31164644373347
2025-01-02 07:00:00+00:00,opensensemap_1,20.690092876365075,48.746988175399295,1016.6248708005987,54.82,23.82,21.005902956570772
2025-01-02 08:00:00+00:00,opensensemap_1,20.4606304780046,51.6568040128511,1015.7906987750331,54.82,23.82,19.521856325951326
2025-01-02 09:00:00+00:00,opensensemap_1,20.73176666670179,53.28511304296157,1016.6452160817164,54.82,23.82,21.180358672961898
2025-01-02 10:00:00+00:00,opensensemap_1,18.856778763615328,54.72697407488178,1015.6326977167276,54.82,23.82,19.018923112051162
2025-01-02 11:00:00+00:00,opensensemap_1,16.744837275694515,57.943145183949746,1017.0378651131633,54.82,23.82,17.17980654791096
2025-01-02 12:00:00+00:00,opensensemap_1,15.231230259525802,59.62124819189676,1015.4887143626123,54.82,23.82,18.75148732250996
2025-01-02 13:00:00+00:00,opensensemap_1,12.562962410147213,62.27837421925146,1015.2439643023727,54.82,23.82,17.02107985601098
2025-01-02 14:00:00+00:00,opensensemap_1,11.354676295748948,65.02363055772926,1017.2169590626916,54.82,23.82,17.05496816331989
2025-01-02 15:00:00+00:00,opensensemap_1,9.77415540553556,66.80332142911789,1015.1664033253678,54.82,23.82,16.09363117902718
2025-01-02 16:00:00+00:00,opensensemap_1,8.32448608366457,69.14612582261586,1015.4484504466385,54.82,23.82,19.48537861451328
2025-01-02 17:00:00+00:00,opensensemap_1,7.398567464196226,71.23342147544618,1015.1138289925043,54.82,23.82,19.194631714598362
2025-01-02 18:00:00+00:00,opensensemap_1,7.2780943973055345,71.68072628439805,1014.6600776259634,54.82,23.82,16.29345821776466
2025-01-02 19:00:00+00:00,opensensemap_1,8.833958782407473,75.9813599702546,1015.5256203410501,54.82,23.82,17.727025111562945
2025-01-02 20:00:00+00:00,opensensemap_1,8.97856268118436,70.31331486037836,1016.5971278293373,54.82,23.82,13.972035430481686
2025-01-02 21:00:00+00:00,opensensemap_1,10.215730977801845,69.7288504582497,1016.1524086231512,54.82,23.82,14.925419495612253
2025-01-02 22:00:00+00:00,opensensemap_1,10.138411303197831,65.92095588210573,1016.2433365311708,54.82,23.82,17.39606578689165
2025-01-02 23:00:00+00:00,opensensemap_1,12.884732662597704,62.15380351309044,1016.0546729139811,54.82,23.82,14.420485499265624
2025-01-03 00:00:00+00:00,opensensemap_1,14.050953358009192,59.538414967321046,1015.0684801645127,54.82,23.82,14.702654762599705
2025-01-03 01:00:00+00:00,opensensemap_1,16.38058655708481,56.29256778252368,1015.518931027131,54.82,23.82,11.131957473350033
2025-01-03 02:00:00+00:00,opensensemap_1,18.52464738381664,52.101801940847366,1015.895680810853,54.82,23.82,13.878779964028285
2025-01-03 03:00:00+00:00,opensensemap_1,20.572137269418587,53.308672761542475,1015.5334796943818,54.82,23.82,11.748620396504775
2025-01-03 04:00:00+00:00,opensensemap_1,19.414748623141815,49.743954822132984,1016.3842583830569,54.82,23.82,11.184026192504987
2025-01-03 05:00:00+00:00,opensensemap_1,22.029888658219473,47.95286560793998,1016.2562252879002,54.82,23.82,12.766492532693288
2025-01-03 06:00:00+00:00,opensensemap_1,22.52915775784284,46.05913028937007,1015.0362129368781,54.82,23.82,14.266836427921755
2025-01-03 07:00:00+00:00,opensensemap_1,22.028133889139845,47.61770833216414,1016.2777915562508,54.82,23.82,14.012755524608814
2025-01-03 08:00:00+00:00,opensensemap_1,21.273706108051787,50.45624030835787,1015.2502411489902,54.82,23.82,10.514498873262033
2025-01-03 09:00:00+00:00,opensensemap_1,19.846231515681815,49.0835208265861,1016.1511763422078,54.82,23.82,8.989469568798432
2025-01-03 10:00:00+00:00,opensensemap_1,19.547544903491186,54.581977108080736,1016.4745648866178,54.82,23.82,13.231260378095804
2025-01-03 11:00:00+00:00,opensensemap_1,16.295202442558,55.8788671028916,1015.4757200319366,54.82,23.82,15.21942578938161
2025-01-03 12:00:00+00:00,opensensemap_1,15.49820324168237,60.87823314478835,1015.2150914262745,54.82,23.82,16.191840331821272
2025-01-03 13:00:00+00:00,opensensemap_1,13.839314245404681,63.61658829526921,1015.4951432322674,54.82,23.82,13.690455163532206
2025-01-03 14:00:00+00:00,opensensemap_1,12.41182283392294,66.27129094981939,1014.8744846619311,54.82,23.82,16.4060338802479
2025-01-03 15:00:00+00:00,opensensemap_1,9.872494798437847,69.31758979740583,1015.1941746023114,54.82,23.82,13.996589721954127
2025-01-03 16:00:00+00:00,opensensemap_1,8.193302826745331,68.61817687331697,1014.9405623777405,54.82,23.82,11.441644898449967
2025-01-03 17:00:00+00:00,opensensemap_1,8.237886664166695,72.37285500192768,1014.5883160599628,54.82,23.82,13.815197325254468
2025-01-03 18:00:00+00:00,opensensemap_1,8.106535610697138,72.72567823300702,1015.2280416980851,54.82,23.82,18.794800134693542
2025-01-03 19:00:00+00:00,opensensemap_1,7.994858927722079,71.78226890752907,1014.4559256149067,54.82,23.82,15.441216870732035
2025-01-03 20:00:00+00:00,opensensemap_1,9.536614344648152,68.9059474465646,1014.3392544368604,54.82,23.82,15.791693256903692
2025-01-03 21:00:00+00:00,opensensemap_1,10.19066422635015,68.67996263047881,1014.3067471939506,54.82,23.82,19.50340444333312
2025-01-03 22:00:00+00:00,opensensemap_1,11.804555775346966,66.72840432560207,1014.4152805815127,54.82,23.82,16.347366544729624
2025-01-03 23:00:00+00:00,opensensemap_1,12.752823305865967,64.42691243995813,1014.3081801020567,54.82,23.82,18.16070711114507
2025-01-04 00:00:00+00:00,opensensemap_1,14.766288509089053,61.99291791260805,1014.1334173920959,54.82,23.82,19.232218802615616
2025-01-04 01:00:00+00:00,opensensemap_1,16.6757255508077,56.958490031664184,1014.6456324781668,54.82,23.82,22.38500192286298
2025-01-04 02:00:00+00:00,opensensemap_1,18.081954879517745,52.65688976772783,1013.4573836007488,54.82,23.82,20.715266726919936
2025-01-04 03:00:00+00:00,opensensemap_1,19.746496975151274,50.910913641567824,1013.9745376091635,54.82,23.82,18.35884526918579
2025-01-04 04:00:00+00:00,opensensemap_1,19.710181127645274,48.99961462317555,1013.466314743343,54.82,23.82,19.961769746379733
2025-01-04 05:00:00+00:00,opensensemap_1,21.3841994928755,48.28355480730714,1013.599528550153,54.82,23.82,20.094326628207455
2025-01-04 06:00:00+00:00,opensensemap_1,22.166784847185717,46.49184545636242,1014.1474362619946,54.82,23.82,23.759801047571276
2025-01-04 07:00:00+00:00,opensensemap_1,22.315734578724335,49.50737076583845,1013.7309239311895,54.82,23.82,19.766913568950624
2025-01-04 08:00:00+00:00,opensensemap_1,20.88124194249102,49.98789583474098,1013.3416130356842,54.82,23.82,21.20238445088214
2025-01-04 09:00:00+00:00,opensensemap_1,20.443079611019247,52.03382016367233,1013.1650454980448,54.82,23.82,24.38969871923302
2025-01-04 10:00:00+00:00,opensensemap_1,18.319674253798706,53.84526374359327,1012.1214432437288,54.82,23.82,22.061717467671865
2025-01-04 11:00:00+00:00,opensensemap_1,16.978664696917413,55.65929437510657,1013.3408225704213,54.82,23.82,21.07369482427858
2025-01-04 12:00:00+00:00,opensensemap_1,15.434100250888445,58.40905021785124,1013.7144652938881,54.82,23.82,24.02385426853845
2025-01-04 13:00:00+00:00,opensensemap_1,13.201742524219377,60.60274374180778,1012.3664421116933,54.82,23.82,21.501715359809424
2025-01-04 14:00:00+00:00,opensensemap_1,11.936862263588791,65.92210969658639,1013.7565297031769,54.82,23.82,24.734740476525126
2025-01-04 15:00:00+00:00,opensensemap_1,9.754404301297159,68.58135643821905,1012.4934326875159,54.82,23.82,26.175123959195563
2025-01-04 16:00:00+00:00,opensensemap_1,9.30384850591828,71.03168419974736,1012.9545676354433,54.82,23.82,23.81650682316556
2025-01-04 17:00:00+00:00,opensensemap_1,7.788918575850137,71.54838597606162,1011.8459352956643,54.82,23.82,22.04248456180601
2025-01-04 18:00:00+00:00,opensensemap_1,8.386648879522765,73.5645341123398,1013.0618107145757,54.82,23.82,23.86306693846817
2025-01-04 19:00:00+00:00,opensensemap_1,7.532711630587272,69.47671734954437,1012.0052008246566,54.82,23.82,26.64696599881597
2025-01-04 20:00:00+00:00,opensensemap_1,8.739042178851305,70.93085105771603,1011.2338809994707,54.82,23.82,25.431012425283946
2025-01-04 21:00:00+00:00,opensensemap_1,9.638469144828795,67.21346829655516,1011.5955585203255,54.82,23.82,25.18600560449181
2025-01-04 22:00:00+00:00,opensensemap_1,11.628289737234883,65.7416673798366,1012.4008953464553,54.82,23.82,17.861338438194167
2025-01-04 23:00:00+00:00,opensensemap_1,12.53422461891421,62.16260231797447,1011.7409761057459,54.82,23.82,22.802206819771328
2025-01-05 00:00:00+00:00,opensensemap_1,15.199799827392342,60.04877048591646,1011.8660812084673,54.82,23.82,19.999403725047955
2025-01-05 01:00:00+00:00,opensensemap_1,16.687145757378378,57.117804468246526,1012.3137763778614,54.82,23.82,21.63209491800082
2025-01-05 02:00:00+00:00,opensensemap_1,18.970589350029346,55.75342849454384,1011.7247061605003,54.82,23.82,24.74982689023048
2025-01-05 03:00:00+00:00,opensensemap_1,19.50509740586857,48.36045298635245,1010.9431738907977,54.82,23.82,19.01814081283136
2025-01-05 04:00:00+00:00,opensensemap_1,21.111585398721385,51.15788528122313,1011.4185891285692,54.82,23.82,20.139571001178357
2025-01-05 05:00:00+00:00,opensensemap_1,21.419430337176703,50.667382008788195,1010.8320975918425,54.82,23.82,20.267381557432692
2025-01-05 06:00:00+00:00,opensensemap_1,21.16346632478066,48.49339176684475,1011.5519191722341,54.82,23.82,21.190534332967705
2025-01-05 07:00:00+00:00,opensensemap_1,21.802158490671818,49.039185986365915,1011.0623173276001,54.82,23.82,20.860821072789776
2025-01-05 08:00:00+00:00,opensensemap_1,21.02229832057515,46.789802673096744,1011.7822299650795,54.82,23.82,16.579479102684132
2025-01-05 09:00:00+00:00,opensensemap_1,19.032710696536064,51.26575459426607,1011.4749821380069,54.82,23.82,20.271827038691047
2025-01-05 10:00:00+00:00,opensensemap_1,18.42971761948718,52.83708074471786,1010.9887168339093,54.82,23.82,20.323374459183487
2025-01-05 11:00:00+00:00,opensensemap_1,16.888858135928643,59.374925937058954,1010.6113051724444,54.82,23.82,17.249540251154073
2025-01-05 12:00:00+00:00,opensensemap_1,14.991065463458249,60.18033095530424,1010.3765139713348,54.82,23.82,19.696928294416978
2025-01-05 13:00:00+00:00,opensensemap_1,11.660450064075222,64.74124604419842,1010.752760449775,54.82,23.82,13.45459832644196
2025-01-05 14:00:00+00:00,opensensemap_1,11.576320293783668,65.91989546299095,1010.7880748910081,54.82,23.82,16.994705035207712
2025-01-05 15:00:00+00:00,opensensemap_1,9.762718149195862,68.6253461650557,1010.2048473691805,54.82,23.82,19.824637924353073
2025-01-05 16:00:00+00:00,opensensemap_1,9.668966757719515,70.64963073662602,1009.6138022928827,54.82,23.82,17.784153773280888
2025-01-05 17:00:00+00:00,opensensemap_1,7.730332752370122,73.23530585393647,1010.7564652227048,54.82,23.82,16.10542920376123
2025-01-05 18:00:00+00:00,opensensemap_1,7.767006692326613,71.54597525679216,1010.7314794665932,54.82,23.82,15.556869221515074
2025-01-05 19:00:00+00:00,opensensemap_1,7.957414997612923,70.48304562064926,1010.8246064325256,54.82,23.82,15.405034509066821
2025-01-05 20:00:00+00:00,opensensemap_1,8.167777569675458,69.92499464945149,1010.2905923858568,54.82,23.82,16.004950472289945
2025-01-05 21:00:00+00:00,opensensemap_1,10.610188736050791,68.20921599035793,1010.838453848982,54.82,23.82,15.76745590141702
2025-01-05 22:00:00+00:00,opensensemap_1,11.950679817369979,66.68744444535643,1009.5880014308643,54.82,23.82,15.050224908493732
2025-01-05 23:00:00+00:00,opensensemap_1,12.882127720672901,66.201219600004,1010.1305159529132,54.82,23.82,12.51208696337634
2025-01-06 00:00:00+00:00,opensensemap_1,15.51808635540919,59.748201030151414,1009.4590884329983,54.82,23.82,15.325745571027072
2025-01-06 01:00:00+00:00,opensensemap_1,16.70991218645959,56.67931483999614,1008.9873551914974,54.82,23.82,12.593368101081897
2025-01-06 02:00:00+00:00,opensensemap_1,18.17943193337462,54.16789423466662,1010.0743428320897,54.82,23.82,9.979027899032658
2025-01-06 03:00:00+00:00,opensensemap_1,20.677586038092873,49.380415517831814,1009.6749320359078,54.82,23.82,8.77560330288254
2025-01-06 04:00:00+00:00,opensensemap_1,20.678159564966073,48.079842247350804,1010.1486171567046,54.82,23.82,12.283886061573067
2025-01-06 05:00:00+00:00,opensensemap_1,21.966997342479228,47.71868412627488,1009.8849230550861,54.82,23.82,14.48979588074747
2025-01-06 06:00:00+00:00,opensensemap_1,21.492982170624025,48.86016517996549,1010.0770327798168,54.82,23.82,13.352282115338216
2025-01-06 07:00:00+00:00,opensensemap_1,22.037527009935786,46.17921633811257,1010.2773205262682,54.82,23.82,13.695211144178488
2025-01-06 08:00:00+00:00,opensensemap_1,20.507751225656197,49.460786376177296,1010.0458136348658,54.82,23.82,11.105649847852273
2025-01-06 09:00:00+00:00,opensensemap_1,20.017821417587417,50.753360207016385,1009.9174065468376,54.82,23.82,11.864090756405375
2025-01-06 10:00:00+00:00,opensensemap_1,19.170584638559845,53.108944457776154,1010.27217358683,54.82,23.82,14.755154114844958
2025-01-06 11:00:00+00:00,opensensemap_1,16.906240530257957,58.349331734687844,1009.5095666734867,54.82,23.82,7.94706156085582
2025-01-06 12:00:00+00:00,opensensemap_1,14.850246150588138,61.577194287002,1010.0090226173469,54.82,23.82,14.236090095882378
2025-01-06 13:00:00+00:00,opensensemap_1,12.940403171854829,62.647601386944,1010.2230839495218,54.82,23.82,10.665061444873245
2025-01-06 14:00:00+00:00,opensensemap_1,12.016622058701294,66.1925911959455,1010.7170165205002,54.82,23.82,14.794203605957344
2025-01-06 15:00:00+00:00,opensensemap_1,10.329816683113412,70.16470104438416,1010.3374205859327,54.82,23.82,16.36751860292716
2025-01-06 16:00:00+00:00,opensensemap_1,9.13721698203907,70.11250957912462,1010.571881252734,54.82,23.82,15.530488218316428
2025-01-06 17:00:00+00:00,opensensemap_1,8.092581246794635,71.97058187694654,1010.7789933896507,54.82,23.82,17.46188364419491
2025-01-06 18:00:00+00:00,opensensemap_1,8.37128069671732,72.9508283706129,1010.2169259353232,54.82,23.82,23.553698089094755
2025-01-06 19:00:00+00:00,opensensemap_1,8.102845358696193,72.4086708116785,1010.8579611427368,54.82,23.82,14.839771310715532
2025-01-06 20:00:00+00:00,opensensemap_1,8.23320633592755,68.7171293111844,1009.5457738787939,54.82,23.82,15.440258914087352
2025-01-06 21:00:00+00:00,opensensemap_1,9.896355655425928,70.91455595644747,1009.8263110131602,54.82,23.82,14.635062959780399
2025-01-06 22:00:00+00:00,opensensemap_1,11.304050942225462,63.8255511893765,1010.9419369435424,54.82,23.82,20.337729243852444
2025-01-06 23:00:00+00:00,opensensemap_1,12.901398752419649,61.9414640652711,1011.1123269857475,54.82,23.82,18.141703226693604
2025-01-07 00:00:00+00:00,opensensemap_1,14.310399582459896,59.365975422459066,1011.2480937362401,54.82,23.82,15.81242009407028
2025-01-07 01:00:00+00:00,opensensemap_1,16.312976302172913,57.98101213016886,1011.520015866225,54.82,23.82,16.78674721612483
2025-01-07 02:00:00+00:00,opensensemap_1,18.167354594883502,54.595748587264566,1011.2521220252635,54.82,23.82,19.379634998483535
2025-01-07 03:00:00+00:00,opensensemap_1,19.092404770435067,52.613502620125196,1011.2701885277435,54.82,23.82,18.106932161443524
2025-01-07 04:00:00+00:00,opensensemap_1,21.547872136814224,49.69454534364951,1011.4522502215526,54.82,23.82,19.82976026285012
2025-01-07 05:00:00+00:00,opensensemap_1,22.811557807374133,45.83345044357731,1010.8503602831731,54.82,23.82,22.60162081584801
2025-01-07 06:00:00+00:00,opensensemap_1,22.454136030460397,48.23478845835248,1012.4127388821286,54.82,23.82,19.628709481098273
2025-01-07 07:00:00+00:00,opensensemap_1,22.16528962192004,49.88693055370393,1011.638477834824,54.82,23.82,16.503772790570782
2025-01-07 08:00:00+00:00,opensensemap_1,21.404382233003986,52.023246603583786,1010.5145396797047,54.82,23.82,23.92977926483124
2025-01-07 09:00:00+00:00,opensensemap_1,20.06812022296702,52.20505305437003,1010.8430153778471,54.82,23.82,22.89115971197667
2025-01-07 10:00:00+00:00,opensensemap_1,18.49092926645876,56.0537048121597,1011.0694087109499,54.82,23.82,21.864941530965403
2025-01-07 11:00:00+00:00,opensensemap_1,17.35590185038312,56.612206312488816,1011.1005541495527,54.82,23.82,23.250943514285638
2025-01-07 12:00:00+00:00,opensensemap_1,15.312497185095387,60.17751544208995,1011.9577191133387,54.82,23.82,22.34668636493683
2025-01-07 13:00:00+00:00,opensensemap_1,12.483371786896477,61.75432753851339,1012.1249551429778,54.82,23.82,20.76626078556838
2025-01-07 14:00:00+00:00,opensensemap_1,11.946705148229183,66.31287655782417,1012.1218587679464,54.82,23.82,21.53691935887959
2025-01-07 15:00:00+00:00,opensensemap_1,10.550616954945262,69.4518078790935,1011.2484456484451,54.82,23.82,22.306226313297635
2025-01-07 16:00:00+00:00,opensensemap_1,8.439597333566837,68.75825826693612,1012.18256033848,54.82,23.82,25.371843341588036
2025-01-07 17:00:00+00:00,opensensemap_1,7.381356641672207,72.34866810298824,1012.4814465896922,54.82,23.82,24.66311579333325
2025-01-07 18:00:00+00:00,opensensemap_1,7.832208788376793,72.72941609694061,1012.1946245135209,54.82,23.82,24.76151830513468
2025-01-07 19:00:00+00:00,opensensemap_1,8.308367961207859,73.40508506292605,1012.5950892074073,54.82,23.82,23.06202406542863
2025-01-07 20:00:00+00:00,opensensemap_1,8.277428851383208,69.31335766714741,1012.0270235619887,54.82,23.82,22.63297538901359
2025-01-07 21:00:00+00:00,opensensemap_1,10.609094070052585,68.53833220152178,1012.1704097493617,54.82,23.82,21.982925583161915
2025-01-07 22:00:00+00:00,opensensemap_1,12.041480318104025,64.71088645196527,1012.8962258040029,54.82,23.82,21.862797210442157
2025-01-07 23:00:00+00:00,opensensemap_1,13.906300956106188,64.12722576592154,1013.4223939323614,54.82,23.82,19.646425271160595
2025-01-08 00:00:00+00:00,opensensemap_1,15.040853373100196,59.03105219696624,1012.9178348324266,54.82,23.82,23.136821905798655
2025-01-08 01:00:00+00:00,opensensemap_1,15.56064481412934,57.818843965531755,1012.7506938860832,54.82,23.82,22.32906409996948
2025-01-08 02:00:00+00:00,opensensemap_1,18.66706128209686,50.64923348631964,1013.1909661915357,54.82,23.82,20.124815444292437
2025-01-08 03:00:00+00:00,opensensemap_1,19.792806824874088,53.76347952735842,1012.5896290143148,54.82,23.82,20.101991124211537
2025-01-08 04:00:00+00:00,opensensemap_1,20.439228409149443,49.52921647331679,1014.1362112984323,54.82,23.82,25.360878510672535
2025-01-08 05:00:00+00:00,opensensemap_1,21.97404560083228,46.42379555408306,1013.6256248200214,54.82,23.82,21.390834367672603
2025-01-08 06:00:00+00:00,opensensemap_1,22.52088003052784,48.3704463059976,1013.9454670108051,54.82,23.82,18.667992418691163
2025-01-08 07:00:00+00:00,opensensemap_1,21.604790240286018,48.19142528006765,1013.9103865849751,54.82,23.82,19.314069385527702
2025-01-08 08:00:00+00:00,opensensemap_1,20.681289267423534,51.18919256134244,1014.2802503160326,54.82,23.82,20.90429083731862
2025-01-08 09:00:00+00:00,opensensemap_1,20.226692390664358,51.743125542129604,1013.5716067205725,54.82,23.82,15.44527371111939
2025-01-08 10:00:00+00:00,opensensemap_1,18.97562951222057,52.34504883978984,1014.3871779340848,54.82,23.82,17.280685791070717
2025-01-08 11:00:00+00:00,opensensemap_1,16.66645845704338,59.32214343627817,1013.8831679575753,54.82,23.82,19.368004752269385
2025-01-08 12:00:00+00:00,opensensemap_1,14.364324717543836,61.48534915978084,1014.922494102202,54.82,23.82,17.58670445204005
2025-01-08 13:00:00+00:00,opensensemap_1,13.040288207840483,64.08425233363243,1014.3176821812834,54.82,23.82,14.94689789223927
2025-01-08 14:00:00+00:00,opensensemap_1,11.085259846908485,68.60218235138377,1015.2568553204261,54.82,23.82,16.88517521404335
2025-01-08 15:00:00+00:00,opensensemap_1,9.295733731210822,67.50933293880021,1015.0178956268728,54.82,23.82,14.081909318294297
2025-01-08 16:00:00+00:00,opensensemap_1,8.881535258420264,69.72065985618441,1015.2667940080139,54.82,23.82,18.469632364524884
2025-01-08 17:00:00+00:00,opensensemap_1,8.401606144523253,72.23423234957703,1014.5109521844746,54.82,23.82,14.537687421587561
2025-01-08 18:00:00+00:00,opensensemap_1,8.082255240539324,72.66140632925848,1014.4973894336437,54.82,23.82,14.435019236915327
2025-01-08 19:00:00+00:00,opensensemap_1,7.872172027670116,73.02322455473477,1015.2552673465946,54.82,23.82,15.94611150325643
2025-01-08 20:00:00+00:00,opensensemap_1,9.238724659567806,70.62579028042525,1014.6139292893528,54.82,23.82,15.239169872317419
2025-01-08 21:00:00+00:00,opensensemap_1,10.189161412124287,69.20576882044725,1015.7496332353517,54.82,23.82,14.120583388100243
2025-01-08 22:00:00+00:00,opensensemap_1,12.04746328143786,67.63384699750726,1014.7988541907472,54.82,23.82,14.472420114969786
2025-01-08 23:00:00+00:00,opensensemap_1,13.634190883165141,61.92552615012333,1015.2727959910293,54.82,23.82,16.059565324280847
2025-01-09 00:00:00+00:00,opensensemap_1,15.934487408081635,61.73482237816937,1015.5481317490189,54.82,23.82,8.911182992949808
2025-01-09 01:00:00+00:00,opensensemap_1,16.092226553573823,55.94945404733159,1015.7848975024013,54.82,23.82,13.71210978329835
2025-01-09 02:00:00+00:00,opensensemap_1,18.752921967144808,53.03266954834194,1016.3889128874747,54.82,23.82,10.190900819867117
2025-01-09 03:00:00+00:00,opensensemap_1,19.840135794466605,51.58145436606697,1015.503258974344,54.82,23.82,11.655656353665151
2025-01-09 04:00:00+00:00,opensensemap_1,21.327061407201942,50.182575087542006,1015.6984383579406,54.82,23.82,13.262275925200885
2025-01-09 05:00:00+00:00,opensensemap_1,21.805625145185687,50.39830947664561,1015.8422113198337,54.82,23.82,17.3632925298942
2025-01-09 06:00:00+00:00,opensensemap_1,21.83948039602001,50.2603803404529,1015.8312840673146,54.82,23.82,12.23738631234501
2025-01-09 07:00:00+00:00,opensensemap_1,22.279924021130064,49.41649347148091,1016.0049671794445,54.82,23.82,15.031289129145968
2025-01-09 08:00:00+00:00,opensensemap_1,19.952549733735005,47.75671437350551,1016.7068440908181,54.82,23.82,10.4071091714565
2025-01-09 09:00:00+00:00,opensensemap_1,20.25353671967864,51.036840975906294,1015.5100424097876,54.82,23.82,16.658032625356814
2025-01-09 10:00:00+00:00,opensensemap_1,18.251795535112613,49.17130184156422,1015.8397082610768,54.82,23.82,13.079356590071736
2025-01-09 11:00:00+00:00,opensensemap_1,16.737258574919718,55.65243328468579,1014.8162049725676,54.82,23.82,14.609553452839787
2025-01-09 12:00:00+00:00,opensensemap_1,14.249730539568821,59.95217368305696,1015.3873930555999,54.82,23.82,14.144483312167967
2025-01-09 13:00:00+00:00,opensensemap_1,13.498540254088482,64.68772978530606,1016.2733006606356,54.82,23.82,16.16552439241532
2025-01-09 14:00:00+00:00,opensensemap_1,11.41196604532036,65.02210135543618,1015.455697669734,54.82,23.82,11.989962280799066
2025-01-09 15:00:00+00:00,opensensemap_1,10.526822308315634,69.00216186147495,1015.4636609274738,54.82,23.82,16.329405909711735
2025-01-09 16:00:00+00:00,opensensemap_1,9.663579930241344,70.39753154759751,1015.1913109839448,54.82,23.82,17.70850227065825
2025-01-09 17:00:00+00:00,opensensemap_1,7.9377485360285975,72.20114811013018,1015.6743497673779,54.82,23.82,16.534081799027533
2025-01-09 18:00:00+00:00,opensensemap_1,7.489582337035384,71.47622041980375,1015.8708223134397,54.82,23.82,15.362293270234389
2025-01-09 19:00:00+00:00,opensensemap_1,7.918533561441499,73.30099544173777,1016.6464686236653,54.82,23.82,13.353281397375255
2025-01-09 20:00:00+00:00,opensensemap_1,8.93681054441958,70.99234654487715,1015.5265462642898,54.82,23.82,15.806267381019126
2025-01-09 21:00:00+00:00,opensensemap_1,9.713605408998875,66.91442496605377,1016.3080549759338,54.82,23.82,17.967670552491047
2025-01-09 22:00:00+00:00,opensensemap_1,11.850668876534387,67.65707451946163,1015.6758942738576,54.82,23.82,16.9108519907734
2025-01-09 23:00:00+00:00,opensensemap_1,12.912919452285875,64.66779578078737,1015.542841716616,54.82,23.82,17.461275868004666
2025-01-10 00:00:00+00:00,opensensemap_1,15.870519361343183,61.06884291369209,1016.1176298301955,54.82,23.82,15.570669290538273
2025-01-10 01:00:00+00:00,opensensemap_1,16.432480337341158,58.016045335113944,1017.3266444492838,54.82,23.82,17.782594882921998
2025-01-10 02:00:00+00:00,opensensemap_1,17.755577727875366,52.851734975226194,1015.9918148760189,54.82,23.82,16.14684568991264
2025-01-10 03:00:00+00:00,opensensemap_1,20.107914890340364,51.89208531124596,1015.7980115570921,54.82,23.82,18.212409078919887
2025-01-10 04:00:00+00:00,opensensemap_1,21.290022590532107,49.60897345401409,1016.1863643239652,54.82,23.82,18.766459289624244
2025-01-10 05:00:00+00:00,opensensemap_1,21.60041146704039,50.01453261444989,1015.1526861919375,54.82,23.82,23.733815426807812
2025-01-10 06:00:00+00:00,opensensemap_1,22.622326272494806,48.455758545941116,1015.8421546970444,54.82,23.82,25.273827993176525
2025-01-10 07:00:00+00:00,opensensemap_1,21.245161892217233,50.26690429530423,1015.3182758539018,54.82,23.82,21.85165591791693
2025-01-10 08:00:00+00:00,opensensemap_1,20.69301876434417,50.39561985092338,1016.1595165763437,54.82,23.82,18.18363374315401
2025-01-10 09:00:00+00:00,opensensemap_1,20.118014705412776,53.11122750680575,1014.9696572935252,54.82,23.82,22.55865530468716
2025-01-10 10:00:00+00:00,opensensemap_1,18.598434839175297,54.80733657689749,1015.5708725108592,54.82,23.82,20.047575926329277
2025-01-10 11:00:00+00:00,opensensemap_1,17.025058303617428,55.51840119315511,1015.951781213359,54.82,23.82,25.405575641509184
2025-01-10 12:00:00+00:00,opensensemap_1,15.35323402247554,60.40978957399928,1015.5083618814128,54.82,23.82,21.948388752389487
2025-01-10 13:00:00+00:00,opensensemap_1,13.283758817248522,60.5421576144386,1016.2417172507354,54.82,23.82,23.816506507439918
2025-01-10 14:00:00+00:00,opensensemap_1,11.833533520275246,64.53917521361318,1015.3622558618523,54.82,23.82,24.074410601449113
2025-01-10 15:00:00+00:00,opensensemap_1,10.431682821536633,71.2223487186997,1015.224109917885,54.82,23.82,24.441303329679236
2025-01-10 16:00:00+00:00,opensensemap_1,7.864820890087836,68.68171120240245,1015.1845111256887,54.82,23.82,21.692667346560143
2025-01-10 17:00:00+00:00,opensensemap_1,7.646574901044646,70.3195023199262,1014.7078603065612,54.82,23.82,24.831164916735254
2025-01-10 18:00:00+00:00,opensensemap_1,8.651401233411054,72.68067850882315,1014.7517117716903,54.82,23.82,23.849146329598796
2025-01-10 19:00:00+00:00,opensensemap_1,8.646335126638109,72.78942032152983,1014.195032171773,54.82,23.82,22.988850675595195
2025-01-10 20:00:00+00:00,opensensemap_1,8.427365860228056,69.950431042015,1013.9891356686543,54.82,23.82,23.804555214880622
2025-01-10 21:00:00+00:00,opensensemap_1,9.89264169820034,71.46889521552441,1015.1564896050515,54.82,23.82,23.042412096200028
2025-01-10 22:00:00+00:00,opensensemap_1,11.106846343600838,64.09920414182238,1015.4328210786056,54.82,23.82,20.298348521537882
2025-01-10 23:00:00+00:00,opensensemap_1,12.452764986765303,62.84791357481243,1014.0577902803283,54.82,23.82,23.209303578649518
2025-01-11 00:00:00+00:00,opensensemap_1,14.803059036566871,59.007560826046905,1014.1778726496498,54.82,23.82,19.01057009502753
2025-01-11 01:00:00+00:00,opensensemap_1,17.69667425760207,54.41492999397499,1013.6424608880632,54.82,23.82,23.231806619604832
2025-01-11 02:00:00+00:00,opensensemap_1,19.902275473633885,54.64799514981161,1014.6297243683036,54.82,23.82,21.156526418030673
2025-01-11 03:00:00+00:00,opensensemap_1,20.18076492142157,55.153090783094754,1013.7669924435498,54.82,23.82,24.79163078497588
2025-01-11 04:00:00+00:00,opensensemap_1,20.303775974367905,51.51269526176281,1014.058813854315,54.82,23.82,19.05585273479413
2025-01-11 05:00:00+00:00,opensensemap_1,21.35420354944405,48.56922192312541,1013.7773443444394,54.82,23.82,22.04425499184523
2025-01-11 06:00:00+00:00,opensensemap_1,23.555945915508364,47.98859542310601,1014.2251465817674,54.82,23.82,22.865934840957955
2025-01-11 07:00:00+00:00,opensensemap_1,21.179562556190724,47.48821696758729,1014.2348886228037,54.82,23.82,21.177159106311617
2025-01-11 08:00:00+00:00,opensensemap_1,20.737096503318565,53.03490663042206,1013.1766662948149,54.82,23.82,19.09343093134326
2025-01-11 09:00:00+00:00,opensensemap_1,20.7346856694612,50.174826241211065,1013.379016055337,54.82,23.82,18.097015499612244
2025-01-11 10:00:00+00:00,opensensemap_1,18.82401408787458,54.0123327535655,1013.9476840692629,54.82,23.82,17.256853359548668
2025-01-11 11:00:00+00:00,opensensemap_1,15.623372003272058,58.9797006656425,1013.3572209868993,54.82,23.82,17.158328869745365
2025-01-11 12:00:00+00:00,opensensemap_1,14.669812305302338,63.21707813153271,1012.9387851574448,54.82,23.82,17.430159087416808
2025-01-11 13:00:00+00:00,opensensemap_1,12.043364753511204,66.31954793127225,1012.1532719486585,54.82,23.82,19.520260679870983
2025-01-11 14:00:00+00:00,opensensemap_1,12.340507181581602,65.02974022219233,1013.6578762890151,54.82,23.82,20.719757216745514
2025-01-11 15:00:00+00:00,opensensemap_1,10.465566991065824,66.9940721340616,1012.9912216906292,54.82,23.82,16.132536204135967
2025-01-11 16:00:00+00:00,opensensemap_1,8.184850651888429,71.33974420241644,1011.548268560179,54.82,23.82,15.367977191887235
2025-01-11 17:00:00+00:00,opensensemap_1,8.150237788568253,71.94889953343338,1011.6480906272691,54.82,23.82,15.99447160015282
2025-01-11 18:00:00+00:00,opensensemap_1,7.571669606225494,69.25452110988027,1012.4382048080444,54.82,23.82,15.368169251077314
2025-01-11 19:00:00+00:00,opensensemap_1,7.698253213168842,70.80058945487227,1011.8530792425637,54.82,23.82,12.489476387954472
2025-01-11 20:00:00+00:00,opensensemap_1,9.157071493019181,69.357546389498,1011.3352317591898,54.82,23.82,12.183006882300875
2025-01-11 21:00:00+00:00,opensensemap_1,9.683473244986724,67.21944221821552,1010.9572085689275,54.82,23.82,15.859486678053505
2025-01-11 22:00:00+00:00,opensensemap_1,11.931356853333126,67.78445057903093,1011.3394554815644,54.82,23.82,14.970505712807908
2025-01-11 23:00:00+00:00,opensensemap_1,12.875845539413373,63.60157920723549,1011.9551397204586,54.82,23.82,14.650064007721083
2025-01-12 00:00:00+00:00,opensensemap_1,14.553441079053421,56.776692107314666,1011.6541159874513,54.82,23.82,15.490344855726757
2025-01-12 01:00:00+00:00,opensensemap_1,17.555386036486816,56.00945364115676,1011.8197932323951,54.82,23.82,15.163294219735908
2025-01-12 02:00:00+00:00,opensensemap_1,18.715486295981318,53.24118110980491,1011.7026511831805,54.82,23.82,11.981531621722917
2025-01-12 03:00:00+00:00,opensensemap_1,20.13183983397157,48.594996518006475,1011.5806835326786,54.82,23.82,12.941567970631224
2025-01-12 04:00:00+00:00,opensensemap_1,19.98404777252859,51.14042539277827,1010.9020454512294,54.82,23.82,15.815354568362537
2025-01-12 05:00:00+00:00,opensensemap_1,22.18342208625623,47.74413212406023,1011.4015552790062,54.82,23.82,12.6282480722009
2025-01-12 06:00:00+00:00,opensensemap_1,21.38768041411543,46.79395574347342,1011.5115243955349,54.82,23.82,13.785148156776136
2025-01-12 07:00:00+00:00,opensensemap_1,21.702721022876442,48.467751141513254,1010.7050028812007,54.82,23.82,11.17225461112024
2025-01-12 08:00:00+00:00,opensensemap_1,21.24503579357884,49.31427321775969,1011.2117799060333,54.82,23.82,14.843292780340297
2025-01-12 09:00:00+00:00,opensensemap_1,19.636737833456095,51.226621694149685,1011.070666182353,54.82,23.82,11.927486993421258
2025-01-12 10:00:00+00:00,opensensemap_1,18.244221879244453,54.52779811641152,1010.5863495998755,54.82,23.82,12.077363103197744
2025-01-12 11:00:00+00:00,opensensemap_1,16.504369477209327,57.85989024635692,1010.7158178369434,54.82,23.82,14.031447297067539
2025-01-12 12:00:00+00:00,opensensemap_1,14.371386128430798,61.39909165788405,1009.713248336974,54.82,23.82,8.92120191741498
2025-01-12 13:00:00+00:00,opensensemap_1,13.694450995458977,62.24894720274692,1010.5935728125559,54.82,23.82,15.366447997280963
2025-01-12 14:00:00+00:00,opensensemap_1,12.306516974039505,61.669958901000726,1010.6473225295567,54.82,23.82,17.358505049198566
2025-01-12 15:00:00+00:00,opensensemap_1,9.43255893166723,68.31934860888244,1010.8054109870254,54.82,23.82,13.677914730105615
2025-01-12 16:00:00+00:00,opensensemap_1,8.934077035277145,69.81806230156094,1010.1426800798348,54.82,23.82,14.854694860437371
2025-01-12 17:00:00+00:00,opensensemap_1,8.713071139980602,73.22067377434549,1010.7311648352896,54.82,23.82,15.707740542134264
2025-01-12 18:00:00+00:00,opensensemap_1,8.529197456074707,72.27607548395235,1010.5484652669031,54.82,23.82,14.736235868799616
2025-01-12 19:00:00+00:00,opensensemap_1,8.908614551931374,70.47021134678292,1010.6031190502588,54.82,23.82,15.786197444757828
2025-01-12 20:00:00+00:00,opensensemap_1,9.516787774703667,70.26743809494837,1010.6514116758475,54.82,23.82,14.052995347711615
2025-01-12 21:00:00+00:00,opensensemap_1,10.132119428020221,68.71522571162748,1009.838110665978,54.82,23.82,13.019965058971755
2025-01-12 22:00:00+00:00,opensensemap_1,12.711916050989002,66.29014598352212,1009.6479528436687,54.82,23.82,14.998144987877716
2025-01-12 23:00:00+00:00,opensensemap_1,12.1929324830737,63.482451630138314,1009.4480340665665,54.82,23.82,17.911551774643943
2025-01-13 00:00:00+00:00,opensensemap_1,14.98128550953667,59.41792923111865,1010.0276345257378,54.82,23.82,16.699583332374086
2025-01-13 01:00:00+00:00,opensensemap_1,16.362234454978008,55.94630395953647,1009.3706237452034,54.82,23.82,17.693808927331403
2025-01-13 02:00:00+00:00,opensensemap_1,17.954647355490327,54.33146422481695,1009.3173508879106,54.82,23.82,17.65304680227791
2025-01-13 03:00:00+00:00,opensensemap_1,20.255646039263485,52.85489160318102,1009.2578507921821,54.82,23.82,21.667985328692662
2025-01-13 04:00:00+00:00,opensensemap_1,21.170263499594267,52.851652954369015,1009.8318733868284,54.82,23.82,21.489586149181715
2025-01-13 05:00:00+00:00,opensensemap_1,21.970139087237452,46.481126426721715,1010.1181208142409,54.82,23.82,21.647056583772322
2025-01-13 06:00:00+00:00,opensensemap_1,22.264415155079003,48.75089696785213,1009.7647730089878,54.82,23.82,19.611938888108813
2025-01-13 07:00:00+00:00,opensensemap_1,21.751496781825647,50.32039603615094,1010.3412085044026,54.82,23.82,22.765460386375473
2025-01-13 08:00:00+00:00,opensensemap_1,20.793643862126117,50.617004633399176,1010.868638955196,54.82,23.82,24.717373959033637
2025-01-13 09:00:00+00:00,opensensemap_1,20.355950465106215,53.889502306509435,1010.1300963675415,54.82,23.82,21.29764460727586
2025-01-13 10:00:00+00:00,opensensemap_1,18.178902283715917,51.88884865543399,1010.7224547250795,54.82,23.82,22.136099767909595
2025-01-13 11:00:00+00:00,opensensemap_1,17.49199396800386,57.569128629166194,1010.027013240141,54.82,23.82,21.725683165723062
2025-01-13 12:00:00+00:00,opensensemap_1,14.147674468889049,59.878715138570215,1008.8820502013111,54.82,23.82,22.93442483420969
2025-01-13 13:00:00+00:00,opensensemap_1,13.211944295963733,64.21641804800159,1011.1810471283668,54.82,23.82,19.955927587271884
2025-01-13 14:00:00+00:00,opensensemap_1,12.112029211421833,66.68463336708558,1011.3833585402127,54.82,23.82,25.505266453940344
2025-01-13 15:00:00+00:00,opensensemap_1,10.45121106462845,68.41249053051214,1010.6031083686408,54.82,23.82,23.501733222778412
2025-01-13 16:00:00+00:00,opensensemap_1,8.653982372330109,73.1078831066612,1009.6974344120663,54.82,23.82,23.725974204597975
2025-01-13 17:00:00+00:00,opensensemap_1,8.540871876043,70.11835266857042,1009.6808625637107,54.82,23.82,24.86647512287426
2025-01-13 18:00:00+00:00,opensensemap_1,7.879880759976447,71.50826332410875,1010.7550723594098,54.82,23.82,23.9048971924125
2025-01-13 19:00:00+00:00,opensensemap_1,8.820091550614931,68.62657219878642,1009.7621806712355,54.82,23.82,24.04315104569235
2025-01-13 20:00:00+00:00,opensensemap_1,9.128009404745672,72.7242444727639,1009.50098377753,54.82,23.82,21.80563110739147
2025-01-13 21:00:00+00:00,opensensemap_1,8.929616191233395,69.12114389934982,1009.9518559244511,54.82,23.82,27.270868147453875
2025-01-13 22:00:00+00:00,opensensemap_1,11.026715167347838,67.26226040798993,1010.6487620441185,54.82,23.82,24.305173272222696
2025-01-13 23:00:00+00:00,opensensemap_1,13.574241481988073,63.223895153173125,1010.7578929387186,54.82,23.82,23.634405952839508
2025-01-14 00:00:00+00:00,opensensemap_1,15.321293339493039,57.776774721449186,1010.8984346638391,54.82,23.82,22.325160811384027
2025-01-14 01:00:00+00:00,opensensemap_1,16.873911097874505,56.56400302882932,1010.8318050649397,54.82,23.82,23.28431481270281
2025-01-14 02:00:00+00:00,opensensemap_1,18.460791868706558,55.13430429607368,1010.2016023824183,54.82,23.82,21.512088947078123
2025-01-14 03:00:00+00:00,opensensemap_1,20.394181137112035,49.77725481823587,1010.6664746684418,54.82,23.82,23.61549861654161
2025-01-14 04:00:00+00:00,opensensemap_1,20.749187857864747,46.62169217171337,1010.5651396034262,54.82,23.82,20.221195492776502
2025-01-14 05:00:00+00:00,opensensemap_1,21.868050561970396,50.00913590562083,1011.4546171002495,54.82,23.82,17.43961346522693
2025-01-14 06:00:00+00:00,opensensemap_1,21.18231444511719,48.46074990293068,1011.1111859360191,54.82,23.82,21.223995225793285
2025-01-14 07:00:00+00:00,opensensemap_1,22.268060010714123,46.74725344921132,1011.2750945349103,54.82,23.82,23.281840609596863
2025-01-14 08:00:00+00:00,opensensemap_1,21.321724314053483,48.97410885564991,1011.4985342911303,54.82,23.82,21.39586344316595
2025-01-14 09:00:00+00:00,opensensemap_1,19.77977032172839,51.16180972130319,1011.6735649627581,54.82,23.82,17.620862450246232
2025-01-14 10:00:00+00:00,opensensemap_1,18.889483518917164,56.04490061928175,1011.5800372993748,54.82,23.82,17.380414127341414
2025-01-14 11:00:00+00:00,opensensemap_1,16.480656324337374,58.03531019816971,1011.2541637816684,54.82,23.82,17.63759175114968
2025-01-14 12:00:00+00:00,opensensemap_1,14.39615605185109,57.79643643851199,1012.0784686245172,54.82,23.82,17.57611484837819
2025-01-14 13:00:00+00:00,opensensemap_1,12.263814710118794,63.48311534859436,1011.3511321990361,54.82,23.82,19.540208451634722
2025-01-14 14:00:00+00:00,opensensemap_1,11.115938535713472,66.31964199882754,1011.8314311937088,54.82,23.82,18.353788425900245
2025-01-14 15:00:00+00:00,opensensemap_1,10.051967355952856,67.81454002320761,1011.8721395562931,54.82,23.82,17.72151974336364
2025-01-14 16:00:00+00:00,opensensemap_1,9.366207361054483,73.78067990046479,1011.6030935220393,54.82,23.82,16.26125002548736
2025-01-14 17:00:00+00:00,opensensemap_1,8.58950183869708,72.81070134698781,1013.1535458423125,54.82,23.82,14.259879261441105
2025-01-14 18:00:00+00:00,opensensemap_1,7.67339121293274,73.4112661223144,1012.6474217012033,54.82,23.82,16.38481947914575
2025-01-14 19:00:00+00:00,opensensemap_1,7.115866136146273,69.15838520303402,1012.4768235623104,54.82,23.82,11.79646217857234
2025-01-14 20:00:00+00:00,opensensemap_1,8.935296392689478,69.46839396728453,1012.6348487011368,54.82,23.82,18.270683321973145
2025-01-14 21:00:00+00:00,opensensemap_1,10.109034442897189,71.27322585561852,1012.1842178232695,54.82,23.82,11.595350503945632
2025-01-14 22:00:00+00:00,opensensemap_1,11.177452055047926,64.53460981607516,1012.7144580709258,54.82,23.82,14.722717533826234
2025-01-14 23:00:00+00:00,opensensemap_1,12.58201063245582,62.45812766039193,1013.4638059390678,54.82,23.82,11.485902862649041
2025-01-15 00:00:00+00:00,opensensemap_1,14.14944379087735,58.225831381625675,1011.8329004896427,54.82,23.82,13.668112073448626
2025-01-15 01:00:00+00:00,opensensemap_1,16.784478982363936,53.51903554733311,1012.3378054158442,54.82,23.82,15.76073168488192
2025-01-15 02:00:00+00:00,opensensemap_1,18.752396652460927,54.592490317417166,1013.0436082683938,54.82,23.82,15.202569119791743
2025-01-15 03:00:00+00:00,opensensemap_1,19.379712456578,54.2207786941968,1014.1443978211264,54.82,23.82,15.320903284324462
2025-01-15 04:00:00+00:00,opensensemap_1,20.72272129318691,50.64108984167977,1013.0849932977451,54.82,23.82,14.212255645454606
2025-01-15 05:00:00+00:00,opensensemap_1,22.41432472619957,50.46428229046752,1013.5070511035691,54.82,23.82,11.475732149983559
2025-01-15 06:00:00+00:00,opensensemap_1,22.150671882337225,48.514891815782846,1014.0685239303896,54.82,23.82,10.73951609975912
2025-01-15 07:00:00+00:00,opensensemap_1,22.60907692552492,45.42873355493685,1013.9780067050881,54.82,23.82,9.322340741427787
2025-01-15 08:00:00+00:00,opensensemap_1,21.813700619510044,49.32410065133768,1014.2621090796013,54.82,23.82,13.94831506183139
2025-01-15 09:00:00+00:00,opensensemap_1,20.842031292228974,50.73275975529395,1013.7517136069548,54.82,23.82,16.821221128029755
2025-01-15 10:00:00+00:00,opensensemap_1,18.49035979007439,54.392614056953654,1014.1107953571218,54.82,23.82,12.832275910484631
2025-01-15 11:00:00+00:00,opensensemap_1,16.0643395269306,59.82245801859949,1013.7903446991454,54.82,23.82,10.074681191517325
2025-01-15 12:00:00+00:00,opensensemap_1,14.90755797246335,58.23653012344538,1014.8857112436718,54.82,23.82,11.887461529998681
2025-01-15 13:00:00+00:00,opensensemap_1,13.661911739029373,62.67120437626053,1014.6065381254324,54.82,23.82,15.153419423834354
2025-01-15 14:00:00+00:00,opensensemap_1,11.522427535092623,66.54487635215942,1014.6709477394833,54.82,23.82,19.590203499636804
2025-01-15 15:00:00+00:00,opensensemap_1,9.230837146123696,68.74635949875515,1015.5668428624424,54.82,23.82,18.277182833303343
2025-01-15 16:00:00+00:00,opensensemap_1,9.03840453539229,69.23487853619297,1014.0742564116663,54.82,23.82,14.672477233904408
2025-01-15 17:00:00+00:00,opensensemap_1,8.075516923500588,71.33047408205466,1015.1848703746037,54.82,23.82,20.164241427911453
2025-01-15 18:00:00+00:00,opensensemap_1,8.276822174503325,74.65877317878062,1015.5636121952691,54.82,23.82,15.582357970063878
2025-01-15 19:00:00+00:00,opensensemap_1,9.559139362625857,73.03693353723622,1014.9929438236697,54.82,23.82,16.753855378201123
2025-01-15 20:00:00+00:00,opensensemap_1,8.488167236060278,73.06993430748952,1014.5517329289952,54.82,23.82,12.524139061422488
2025-01-15 21:00:00+00:00,opensensemap_1,10.014427875100168,69.61511233764149,1015.3917007169953,54.82,23.82,18.147228060115552
2025-01-15 22:00:00+00:00,opensensemap_1,11.49143719127165,64.37943889627799,1015.8309202322408,54.82,23.82,19.084524519766973
2025-01-15 23:00:00+00:00,opensensemap_1,14.454938822068321,63.2081286876604,1015.2843254742336,54.82,23.82,19.494432604055344
2025-01-01 00:00:00+00:00,opensensemap_2,15.307805729090177,61.15315560782748,1013.666966199854,54.839999999999996,23.84,16.907722602653237
2025-01-01 01:00:00+00:00,opensensemap_2,16.556751887102568,54.90102678385968,1012.758555539161,54.839999999999996,23.84,20.526052290608206
2025-01-01 02:00:00+00:00,opensensemap_2,19.147797747453282,53.77760841910659,1013.9380274223751,54.839999999999996,23.84,19.155255003115602
2025-01-01 03:00:00+00:00,opensensemap_2,19.9293990081026,49.97312581452699,1012.7380830161234,54.839999999999996,23.84,18.200650952458094
2025-01-01 04:00:00+00:00,opensensemap_2,20.897352525471064,49.25122791217848,1013.8779764175728,54.839999999999996,23.84,25.027174350360205
2025-01-01 05:00:00+00:00,opensensemap_2,22.090019886161066,48.3164660528383,1014.6261140506831,54.839999999999996,23.84,20.830937971131718
2025-01-01 06:00:00+00:00,opensensemap_2,22.467671819419422,46.21447772951878,1013.9513800315104,54.839999999999996,23.84,20.521714018705683
2025-01-01 07:00:00+00:00,opensensemap_2,21.18415024432793,46.52253632224433,1014.2408686946119,54.839999999999996,23.84,18.292542608464743
2025-01-01 08:00:00+00:00,opensensemap_2,20.310518299641334,48.90416633989168,1014.1965489901179,54.839999999999996,23.84,23.032179389221163
2025-01-01 09:00:00+00:00,opensensemap_2,20.282069505826385,51.27297670404226,1014.3705909999696,54.839999999999996,23.84,18.924324523559456
2025-01-01 10:00:00+00:00,opensensemap_2,17.236645019343545,51.58425606888445,1013.3236392436798,54.839999999999996,23.84,25.670172419275314
2025-01-01 11:00:00+00:00,opensensemap_2,16.42254756600248,59.08535238193202,1014.6526370026753,54.839999999999996,23.84,23.798432117740663
2025-01-01 12:00:00+00:00,opensensemap_2,14.943125010881472,60.694034084354236,1014.683963986057,54.839999999999996,23.84,22.26128942979863
2025-01-01 13:00:00+00:00,opensensemap_2,12.211778533602102,63.91681989498492,1014.067846650828,54.839999999999996,23.84,20.992442850231768
2025-01-01 14:00:00+00:00,opensensemap_2,12.188391600579855,67.271688986537,1014.4544491302405,54.839999999999996,23.84,20.36880629151511
2025-01-01 15:00:00+00:00,opensensemap_2,9.92828288014467,68.56325218100643,1014.805951630405,54.839999999999996,23.84,22.326369228014826
2025-01-01 16:00:00+00:00,opensensemap_2,9.552455824862646,69.44126496854554,1014.1119550653311,54.839999999999996,23.84,23.989633593178787
2025-01-01 17:00:00+00:00,opensensemap_2,9.182584170616288,72.21719473971355,1015.1448673155902,54.839999999999996,23.84,23.857039492451367
2025-01-01 18:00:00+00:00,opensensemap_2,7.836176555383941,73.24382316857756,1014.5657377270136,54.839999999999996,23.84,20.628782812538464
2025-01-01 19:00:00+00:00,opensensemap_2,7.514767751429804,69.67516390433356,1014.6386323956649,54.839999999999996,23.84,27.224556532479536
2025-01-01 20:00:00+00:00,opensensemap_2,9.697268412777971,70.20917001852371,1015.2304718624291,54.839999999999996,23.84,25.299311297525946
2025-01-01 21:00:00+00:00,opensensemap_2,10.318332369879418,66.6472361277098,1016.9279588471012,54.839999999999996,23.84,24.627526497761025
2025-01-01 22:00:00+00:00,opensensemap_2,11.944855792970337,64.39411039986426,1015.280448469592,54.839999999999996,23.84,22.41729431174311
2025-01-01 23:00:00+00:00,opensensemap_2,12.500453217859274,63.08156534039739,1015.3100344920738,54.839999999999996,23.84,19.468469673208602
2025-01-02 00:00:00+00:00,opensensemap_2,14.862532910485323,60.29248229391506,1015.1607994272846,54.839999999999996,23.84,25.36932510020671
2025-01-02 01:00:00+00:00,opensensemap_2,16.053283023102463,56.93245825063561,1015.7866283016169,54.839999999999996,23.84,22.256494491794708
2025-01-02 02:00:00+00:00,opensensemap_2,18.069398694241745,53.93089637223216,1016.2442275944718,54.839999999999996,23.84,24.570054626925046
2025-01-02 03:00:00+00:00,opensensemap_2,19.5861028389987,53.40748745081482,1015.206929818308,54.839999999999996,23.84,21.43333470520255
2025-01-02 04:00:00+00:00,opensensemap_2,20.735203343185695,46.38335791332545,1015.2898040426993,54.839999999999996,23.84,21.720216714348236
2025-01-02 05:00:00+00:00,opensensemap_2,22.289953624830417,47.003950800770156,1016.1503277694807,54.839999999999996,23.84,17.84538096328366
2025-01-02 06:00:00+00:00,opensensemap_2,21.370985771639678,46.82548502148861,1015.8292910102682,54.839999999999996,23.84,23.25580930143917
2025-01-02 07:00:00+00:00,opensensemap_2,22.330719788346308,51.16369310235727,1016.3330170104257,54.839999999999996,23.84,23.103916635052173
2025-01-02 08:00:00+00:00,opensensemap_2,20.714269187696818,48.087216636516374,1016.2847364460468,54.839999999999996,23.84,22.13084269985737
2025-01-02 09:00:00+00:00,opensensemap_2,19.90743976162229,53.45567501504319,1016.2021178383199,54.839999999999996,23.84,20.991334684442503
2025-01-02 10:00:00+00:00,opensensemap_2,19.070822630587596,54.05229321408381,1015.5567926973308,54.839999999999996,23.84,17.988735711015856
2025-01-02 11:00:00+00:00,opensensemap_2,16.498265996007675,58.32470367731509,1015.8028902615908,54.839999999999996,23.84,16.089534275553852
2025-01-02 12:00:00+00:00,opensensemap_2,15.219130164036336,62.100809065484775,1017.0255479579201,54.839999999999996,23.84,14.283802082945591
2025-01-02 13:00:00+00:00,opensensemap_2,12.932349294985642,62.645870498491,1015.7588192509447,54.839999999999996,23.84,15.70248999883349
2025-01-02 14:00:00+00:00,opensensemap_2,11.179109452504848,65.67398646043605,1016.0178894130546,54.839999999999996,23.84,14.257953321561281
2025-01-02 15:00:00+00:00,opensensemap_2,9.865217779909537,67.54991842043111,1015.9451569347227,54.839999999999996,23.84,16.893541377226107
2025-01-02 16:00:00+00:00,opensensemap_2,8.347008056836057,70.2781471715185,1015.5738514332496,54.839999999999996,23.84,16.419056934786518
2025-01-02 17:00:00+00:00,opensensemap_2,8.82373199886484,71.08208314870207,1015.639377665491,54.839999999999996,23.84,17.365481162221997
2025-01-02 18:00:00+00:00,opensensemap_2,7.499326093485486,72.44906796025346,1015.7785125484751,54.839999999999996,23.84,17.927137848070046
2025-01-02 19:00:00+00:00,opensensemap_2,7.7074211922011,67.99069970763736,1015.9495310285088,54.839999999999996,23.84,14.561844888183845
2025-01-02 20:00:00+00:00,opensensemap_2,8.818569083001254,71.6569379451017,1016.4562056395753,54.839999999999996,23.84,11.689319093092612
2025-01-02 21:00:00+00:00,opensensemap_2,9.861782862431754,68.8819840835814,1015.5970708750472,54.839999999999996,23.84,16.05820522570499
2025-01-02 22:00:00+00:00,opensensemap_2,11.381565694086078,65.8010205799177,1015.8129412946922,54.839999999999996,23.84,12.709932309596915
2025-01-02 23:00:00+00:00,opensensemap_2,13.490341844096054,62.983310915186955,1016.4124264150691,54.839999999999996,23.84,10.192629477315508
2025-01-03 00:00:00+00:00,opensensemap_2,14.902796851973783,59.11240314247665,1016.7738372250408,54.839999999999996,23.84,13.31671247848366
2025-01-03 01:00:00+00:00,opensensemap_2,17.00222096795826,55.82848525696509,1015.4893677335602,54.839999999999996,23.84,13.62657858391486
2025-01-03 02:00:00+00:00,opensensemap_2,18.79684290934782,53.856422673275944,1015.8187833778103,54.839999999999996,23.84,16.502362345358506
2025-01-03 03:00:00+00:00,opensensemap_2,19.221577632778423,50.24388895856656,1015.435483244646,54.839999999999996,23.84,12.838271958127136
2025-01-03 04:00:00+00:00,opensensemap_2,21.329658143050185,49.71072067101948,1015.4789088022262,54.839999999999996,23.84,15.329949592693142
2025-01-03 05:00:00+00:00,opensensemap_2,21.977306792797425,44.19804143099456,1015.5367723900715,54.839999999999996,23.84,13.531568228644913
2025-01-03 06:00:00+00:00,opensensemap_2,21.464542787611865,47.79640277835964,1014.9439537922837,54.839999999999996,23.84,16.24339041017492
2025-01-03 07:00:00+00:00,opensensemap_2,21.271303706761667,47.950434514073066,1014.5846876856765,54.839999999999996,23.84,13.310691949961118
2025-01-03 08:00:00+00:00,opensensemap_2,20.47326360317154,48.1309233600116,1016.2062256832778,54.839999999999996,23.84,13.676277254025065
2025-01-03 09:00:00+00:00,opensensemap_2,19.70636432838626,51.812570352263506,1014.956258857824,54.839999999999996,23.84,13.773737375612573
2025-01-03 10:00:00+00:00,opensensemap_2,18.063796224147612,53.60546989699886,1015.8818463629017,54.839999999999996,23.84,13.308908657033712
2025-01-03 11:00:00+00:00,opensensemap_2,16.109295450483557,56.333575683196074,1015.0804467053932,54.839999999999996,23.84,9.47563965842705
2025-01-03 12:00:00+00:00,opensensemap_2,15.840215717636305,58.714478224367646,1016.2161466967403,54.839999999999996,23.84,13.548570364969205
2025-01-03 13:00:00+00:00,opensensemap_2,12.98546159923292,65.34435660653558,1014.5554585481871,54.839999999999996,23.84,15.212619083541083
2025-01-03 14:00:00+00:00,opensensemap_2,11.5287549983087,67.4560441661557,1014.873399779691,54.839999999999996,23.84,10.083841363377127
2025-01-03 15:00:00+00:00,opensensemap_2,10.65255876945327,70.69795667596819,1015.0998565413873,54.839999999999996,23.84,13.96666838399034
2025-01-03 16:00:00+00:00,opensensemap_2,9.158098278707772,70.67587259221656,1015.4086426670074,54.839999999999996,23.84,13.417735255359622
2025-01-03 17:00:00+00:00,opensensemap_2,8.08927279350283,73.37102570433618,1015.5425442815834,54.839999999999996,23.84,12.969860617192207
2025-01-03 18:00:00+00:00,opensensemap_2,8.152283235475876,71.86288676076272,1015.2421157384855,54.839999999999996,23.84,11.037332071090326
2025-01-03 19:00:00+00:00,opensensemap_2,8.296866905096126,71.25338775071765,1014.837079761221,54.839999999999996,23.84,18.696616561649265
2025-01-03 20:00:00+00:00,opensensemap_2,8.037242218596457,68.55328701616537,1014.6115984426216,54.839999999999996,23.84,14.427854812708128
2025-01-03 21:00:00+00:00,opensensemap_2,10.055082281326762,69.41924962017472,1014.4730464506006,54.839999999999996,23.84,17.194360692850946
2025-01-03 22:00:00+00:00,opensensemap_2,12.210327518932916,68.00066134035212,1013.7331409860482,54.839999999999996,23.84,15.924745659728373
2025-01-03 23:00:00+00:00,opensensemap_2,14.220061080019848,62.51368543179282,1014.2521218286627,54.839999999999996,23.84,18.28110252297029
2025-01-04 00:00:00+00:00,opensensemap_2,14.685160175940588,59.719638729553864,1015.21476080462,54.839999999999996,23.84,20.338625271927597
2025-01-04 01:00:00+00:00,opensensemap_2,17.49294625442862,56.95741299705759,1013.6267995923685,54.839999999999996,23.84,18.147049143634394
2025-01-04 02:00:00+00:00,opensensemap_2,17.779180913436573,54.251150544699136,1014.0923711467973,54.839999999999996,23.84,14.466572901214118
2025-01-04 03:00:00+00:00,opensensemap_2,20.407119415049905,52.628891054729294,1013.6977789441993,54.839999999999996,23.84,19.96173106343528
2025-01-04 04:00:00+00:00,opensensemap_2,21.13909925822394,49.86714297178956,1013.5228977001939,54.839999999999996,23.84,20.677879680423473
2025-01-04 05:00:00+00:00,opensensemap_2,21.169304258212232,47.114502555389386,1013.4247231287865,54.839999999999996,23.84,20.095569217376973
2025-01-04 06:00:00+00:00,opensensemap_2,21.827219533577384,46.335430392991725,1013.0924203546012,54.839999999999996,23.84,21.95500978109132
2025-01-04 07:00:00+00:00,opensensemap_2,22.029816433854787,53.50606356928482,1014.0683640378497,54.839999999999996,23.84,19.338873793372823
2025-01-04 08:00:00+00:00,opensensemap_2,20.810155536108297,49.74416773330666,1013.4630522109388,54.839999999999996,23.84,22.93665216390024
2025-01-04 09:00:00+00:00,opensensemap_2,20.15656333575013,52.011464165401456,1012.6868781523885,54.839999999999996,23.84,23.608206852538434
2025-01-04 10:00:00+00:00,opensensemap_2,19.52331032833446,52.79269590249201,1012.8295225688755,54.839999999999996,23.84,25.075923264789118
2025-01-04 11:00:00+00:00,opensensemap_2,16.572370359205053,55.93150622015032,1013.6173271991513,54.839999999999996,23.84,23.118077615601003
2025-01-04 12:00:00+00:00,opensensemap_2,14.879650134911165,63.91792712582364,1012.8972049061656,54.839999999999996,23.84,22.11779333086422
2025-01-04 13:00:00+00:00,opensensemap_2,12.69221615510026,61.75153721634331,1013.2263896123662,54.839999999999996,23.84,20.026284497570977
2025-01-04 14:00:00+00:00,opensensemap_2,11.26314638041365,65.71176768437566,1013.243755748101,54.839999999999996,23.84,26.472817147803998
2025-01-04 15:00:00+00:00,opensensemap_2,10.387774616415212,68.94829226803748,1012.9633552836267,54.839999999999996,23.84,25.861938727863567
2025-01-04 16:00:00+00:00,opensensemap_2,8.793192254718114,70.7430837956433,1013.0117059834926,54.839999999999996,23.84,25.53279725668633
2025-01-04 17:00:00+00:00,opensensemap_2,7.98232370183392,73.0778464146205,1012.2559260785303,54.839999999999996,23.84,23.701787251066275
2025-01-04 18:00:00+00:00,opensensemap_2,8.317012710128065,73.06950199408983,1012.0907776003066,54.839999999999996,23.84,19.155698763139686
2025-01-04 19:00:00+00:00,opensensemap_2,7.857850594231425,72.3677312522545,1012.9067248000738,54.839999999999996,23.84,24.329222488152556
2025-01-04 20:00:00+00:00,opensensemap_2,8.636301026620277,71.84276785562979,1013.0191703416862,54.839999999999996,23.84,19.350289658299264
2025-01-04 21:00:00+00:00,opensensemap_2,9.69775139364727,67.85793828845952,1012.1671661797434,54.839999999999996,23.84,26.298273763478804
2025-01-04 22:00:00+00:00,opensensemap_2,11.285697736012546,64.3081643966505,1011.5904771767046,54.839999999999996,23.84,23.17638624039172
2025-01-04 23:00:00+00:00,opensensemap_2,13.957042857375024,63.56717306328251,1011.863313200846,54.839999999999996,23.84,24.71887323000301
2025-01-05 00:00:00+00:00,opensensemap_2,15.112922165810675,59.80665365493661,1012.1552216438326,54.839999999999996,23.84,25.970262971482082
2025-01-05 01:00:00+00:00,opensensemap_2,16.91003798196033,56.46214509218413,1011.0107240200006,54.839999999999996,23.84,24.906472514888844
2025-01-05 02:00:00+00:00,opensensemap_2,18.21351876183231,57.17809006957422,1011.5601610306961,54.839999999999996,23.84,24.379757956224417
2025-01-05 03:00:00+00:00,opensensemap_2,19.919370675755843,52.95964308941678,1011.9447670394084,54.839999999999996,23.84,21.871435037277482
2025-01-05 04:00:00+00:00,opensensemap_2,20.521319050783926,48.36836945827012,1011.9006044048267,54.839999999999996,23.84,25.190277897399167
2025-01-05 05:00:00+00:00,opensensemap_2,21.69130593637656,51.07746004463199,1010.1972391756408,54.839999999999996,23.84,20.033275067942586
2025-01-05 06:00:00+00:00,opensensemap_2,21.747777882960648,47.850398449507175,1011.0483451889866,54.839999999999996,23.84,20.379150581572063
2025-01-05 07:00:00+00:00,opensensemap_2,21.751588305107035,49.656384477635896,1011.4228937240165,54.839999999999996,23.84,18.50585344586691
2025-01-05 08:00:00+00:00,opensensemap_2,19.836129571465307,48.57693725480805,1010.975183995597,54.839999999999996,23.84,20.280922549718337
2025-01-05 09:00:00+00:00,opensensemap_2,20.000996227304707,51.26751639291617,1010.2104683958959,54.839999999999996,23.84,22.347037124809507
2025-01-05 10:00:00+00:00,opensensemap_2,18.2786982527324,52.623218591691995,1010.8591824541802,54.839999999999996,23.84,18.96283851953733
2025-01-05 11:00:00+00:00,opensensemap_2,17.1172671099853,56.31058817192118,1011.0100749346327,54.839999999999996,23.84,17.93494538299192
2025-01-05 12:00:00+00:00,opensensemap_2,14.606957237474628,62.984529844439216,1009.9842697664797,54.839999999999996,23.84,17.91318211041156
2025-01-05 13:00:00+00:00,opensensemap_2,12.988321515959964,63.966661881029815,1010.6203637556049,54.839999999999996,23.84,16.664854465020912
2025-01-05 14:00:00+00:00,opensensemap_2,11.203731890114147,65.90325357328332,1010.170684096945,54.839999999999996,23.84,15.602465005629888
2025-01-05 15:00:00+00:00,opensensemap_2,9.697204986717635,68.20318732014351,1010.714661012721,54.839999999999996,23.84,15.677676282437753
2025-01-05 16:00:00+00:00,opensensemap_2,8.76916415413044,70.9658270507227,1010.9802732379619,54.839999999999996,23.84,16.215703555359767
2025-01-05 17:00:00+00:00,opensensemap_2,8.315975581843892,70.12511750091113,1009.5794159181035,54.839999999999996,23.84,20.05030167137694
2025-01-05 18:00:00+00:00,opensensemap_2,7.968900004818405,74.37161934516968,1010.215246913152,54.839999999999996,23.84,13.87467349756919
2025-01-05 19:00:00+00:00,opensensemap_2,8.727520907741937,71.36444622362632,1010.2962484542809,54.839999999999996,23.84,15.210610385009113
2025-01-05 20:00:00+00:00,opensensemap_2,9.709200059198135,68.72988287291426,1010.1810322680279,54.839999999999996,23.84,11.83261284025412
2025-01-05 21:00:00+00:00,opensensemap_2,10.478919829146731,69.21646726393347,1010.3303501230213,54.839999999999996,23.84,15.33749620873372
2025-01-05 22:00:00+00:00,opensensemap_2,11.915024671981207,67.67394317000826,1009.5848818152898,54.839999999999996,23.84,13.943979819564523
2025-01-05 23:00:00+00:00,opensensemap_2,13.58562235902164,62.87577285237467,1010.2249878014446,54.839999999999996,23.84,14.354490729977627
2025-01-06 00:00:00+00:00,opensensemap_2,15.176714060382169,61.839713361458514,1010.4627394602443,54.839999999999996,23.84,12.459857698740558
2025-01-06 01:00:00+00:00,opensensemap_2,17.514476678678843,56.990668275629304,1009.6832797343301,54.839999999999996,23.84,17.946641634472794
2025-01-06 02:00:00+00:00,opensensemap_2,17.976696518871684,53.829077232284455,1010.6970257136459,54.839999999999996,23.84,14.884301857081681
2025-01-06 03:00:00+00:00,opensensemap_2,20.979560651337145,54.11683553961951,1010.1965208549312,54.839999999999996,23.84,12.697785688425917
2025-01-06 04:00:00+00:00,opensensemap_2,21.049215921999995,49.99576874316863,1009.538438203855,54.839999999999996,23.84,13.778632709284842
2025-01-06 05:00:00+00:00,opensensemap_2,21.903908624715136,51.74910528601107,1009.4992603531031,54.839999999999996,23.84,13.46168447118839
2025-01-06 06:00:00+00:00,opensensemap_2,21.458631877579588,47.669107304233954,1009.7291272292009,54.839999999999996,23.84,11.330935629895597
2025-01-06 07:00:00+00:00,opensensemap_2,21.361635376410796,50.091608633059685,1010.01334784362,54.839999999999996,23.84,11.373261398866047
2025-01-06 08:00:00+00:00,opensensemap_2,20.99502598443454,49.60777466695145,1010.8072165663783,54.839999999999996,23.84,11.21389695692562
2025-01-06 09:00:00+00:00,opensensemap_2,19.3258948935304,50.65179190897618,1010.5148705086696,54.839999999999996,23.84,11.835293883300082
2025-01-06 10:00:00+00:00,opensensemap_2,18.91303501421468,53.955771896435486,1010.1485175277335,54.839999999999996,23.84,14.205361036142993
2025-01-06 11:00:00+00:00,opensensemap_2,17.135355735421122,54.92046280907954,1009.8851007789323,54.839999999999996,23.84,13.707841242428037
2025-01-06 12:00:00+00:00,opensensemap_2,13.891880194606832,56.64165997951814,1009.9545525215175,54.839999999999996,23.84,14.297113674710898
2025-01-06 13:00:00+00:00,opensensemap_2,13.031445524800501,62.42825984982872,1010.9353354722207,54.839999999999996,23.84,15.710463864104929
2025-01-06 14:00:00+00:00,opensensemap_2,11.180896739697813,66.72786107549646,1010.004070793021,54.839999999999996,23.84,18.26715688680481
2025-01-06 15:00:00+00:00,opensensemap_2,11.201805754220356,68.10653214769549,1009.2489623065771,54.839999999999996,23.84,16.273358825669664
2025-01-06 16:00:00+00:00,opensensemap_2,9.231304664498872,69.69943900206924,1010.2017376386456,54.839999999999996,23.84,14.435952974308657
2025-01-06 17:00:00+00:00,opensensemap_2,8.61134314892871,72.56322054658229,1009.9682880230757,54.839999999999996,23.84,15.916244719630063
2025-01-06 18:00:00+00:00,opensensemap_2,8.112854874884489,74.55976653530027,1010.0738311106105,54.839999999999996,23.84,14.63680535803004
2025-01-06 19:00:00+00:00,opensensemap_2,8.07306495969688,70.59562830486165,1009.6320274953448,54.839999999999996,23.84,18.728287184684618
2025-01-06 20:00:00+00:00,opensensemap_2,9.00340864011417,69.27809856145178,1010.7205212174769,54.839999999999996,23.84,17.89547043770534
2025-01-06 21:00:00+00:00,opensensemap_2,10.23934508222874,67.20999830128011,1010.5073953267827,54.839999999999996,23.84,15.350835166867329
2025-01-06 22:00:00+00:00,opensensemap_2,11.200693975936074,63.79745291431742,1010.7644875667003,54.839999999999996,23.84,15.863212061310348
2025-01-06 23:00:00+00:00,opensensemap_2,13.200896745460337,62.088285813758866,1010.0186010758345,54.839999999999996,23.84,17.664856442883107
2025-01-07 00:00:00+00:00,opensensemap_2,14.635015862577717,59.44109277890708,1011.1275618025967,54.839999999999996,23.84,19.852824445003584
2025-01-07 01:00:00+00:00,opensensemap_2,16.073129831169584,55.29173487016237,1010.4418675279361,54.839999999999996,23.84,18.925730240473197
2025-01-07 02:00:00+00:00,opensensemap_2,18.859880471798895,52.52704134719901,1010.5956169228674,54.839999999999996,23.84,18.807784525440457
2025-01-07 03:00:00+00:00,opensensemap_2,19.930196140023472,52.67744615431544,1011.4016186550647,54.839999999999996,23.84,20.29802653640449
2025-01-07 04:00:00+00:00,opensensemap_2,20.911392417411264,48.465743266025534,1011.2465964252891,54.839999999999996,23.84,17.444447659092738
2025-01-07 05:00:00+00:00,opensensemap_2,23.54191744437625,48.06434567405088,1010.2570015956518,54.839999999999996,23.84,20.457019874366303
2025-01-07 06:00:00+00:00,opensensemap_2,22.425661542972723,46.27933214424869,1010.9469609070161,54.839999999999996,23.84,20.000041036497418
2025-01-07 07:00:00+00:00,opensensemap_2,20.68749735585043,51.31306562150074,1011.57089237898,54.839999999999996,23.84,20.11188520574982
2025-01-07 08:00:00+00:00,opensensemap_2,20.478390147529428,50.94877007814211,1011.0842812060221,54.839999999999996,23.84,21.301415280452307
2025-01-07 09:00:00+00:00,opensensemap_2,20.136596852766463,53.250329222444186,1011.2044392045055,54.839999999999996,23.84,17.82775296428338
2025-01-07 10:00:00+00:00,opensensemap_2,18.760281664614926,53.028326318455996,1011.7444029941267,54.839999999999996,23.84,18.46520788055637
2025-01-07 11:00:00+00:00,opensensemap_2,16.04109889138412,54.50161645363501,1011.5856017716716,54.839999999999996,23.84,20.550269738396786
2025-01-07 12:00:00+00:00,opensensemap_2,14.870973569976602,60.34724877189013,1011.9732356742554,54.839999999999996,23.84,22.902521677000998
2025-01-07 13:00:00+00:00,opensensemap_2,12.665822899257861,62.392347176208474,1011.5378174784902,54.839999999999996,23.84,21.91580280407807
2025-01-07 14:00:00+00:00,opensensemap_2,12.26684749596748,67.81729193839868,1012.1861212210353,54.839999999999996,23.84,19.66787798081534
2025-01-07 15:00:00+00:00,opensensemap_2,9.903636249626121,67.56386830933982,1012.6000507313358,54.839999999999996,23.84,22.317871735682775
2025-01-07 16:00:00+00:00,opensensemap_2,9.358894806987177,70.37166453394865,1011.380862714278,54.839999999999996,23.84,21.692324076972827
2025-01-07 17:00:00+00:00,opensensemap_2,8.83711466742891,71.6388127368536,1012.6318478348074,54.839999999999996,23.84,24.831623868742728
2025-01-07 18:00:00+00:00,opensensemap_2,8.536958528840527,72.52522320743688,1012.9536484686507,54.839999999999996,23.84,23.035382204036367
2025-01-07 19:00:00+00:00,opensensemap_2,9.011023246207742,71.8440392340085,1013.0437393727549,54.839999999999996,23.84,23.044113507964436
2025-01-07 20:00:00+00:00,opensensemap_2,8.53864641718283,69.91188679968897,1013.2477861800361,54.839999999999996,23.84,22.937539320498768
2025-01-07 21:00:00+00:00,opensensemap_2,9.756542081926273,70.1461016160807,1013.2621971779328,54.839999999999996,23.84,26.230166762842167
2025-01-07 22:00:00+00:00,opensensemap_2,11.602573225932227,65.3097006290517,1012.5077567222178,54.839999999999996,23.84,23.00067547125207
2025-01-07 23:00:00+00:00,opensensemap_2,12.610794670475103,60.10711379000176,1012.9451717457379,54.839999999999996,23.84,25.701201021481005
2025-01-08 00:00:00+00:00,opensensemap_2,15.315605473823098,60.792395104154636,1012.4619663065891,54.839999999999996,23.84,25.640588420588543
2025-01-08 01:00:00+00:00,opensensemap_2,17.65657967285234,54.60555893644983,1013.6707114731072,54.839999999999996,23.84,22.19512552593433
2025-01-08 02:00:00+00:00,opensensemap_2,17.81454459283826,54.29135947122279,1013.6923629748328,54.839999999999996,23.84,18.133898106351886
2025-01-08 03:00:00+00:00,opensensemap_2,19.512371076155667,55.537476166460635,1013.7128236618352,54.839999999999996,23.84,21.48437220621254
2025-01-08 04:00:00+00:00,opensensemap_2,20.838498791815695,49.832812088049316,1012.870090119663,54.839999999999996,23.84,23.211618772752644
2025-01-08 05:00:00+00:00,opensensemap_2,21.403177314789794,47.284986394053355,1013.5643999493719,54.839999999999996,23.84,21.140397624378437
2025-01-08 06:00:00+00:00,opensensemap_2,21.310477405619896,49.02593575135938,1014.0267247797889,54.839999999999996,23.84,23.494302962773567
2025-01-08 07:00:00+00:00,opensensemap_2,21.54795413614783,48.29458215490417,1014.6653020319152,54.839999999999996,23.84,19.54338517744658
2025-01-08 08:00:00+00:00,opensensemap_2,21.141806559650632,50.66819697232893,1013.6263991505755,54.839999999999996,23.84,22.92041375181972
2025-01-08 09:00:00+00:00,opensensemap_2,20.312333802613626,50.196509784395516,1014.3807984211539,54.839999999999996,23.84,21.13482130153455
2025-01-08 10:00:00+00:00,opensensemap_2,19.337312282967527,53.779862496901664,1013.9382566992564,54.839999999999996,23.84,18.97464695566562
2025-01-08 11:00:00+00:00,opensensemap_2,16.348133056464402,54.094906641974525,1014.3259526088242,54.839999999999996,23.84,21.0879869427087
2025-01-08 12:00:00+00:00,opensensemap_2,14.684490620717158,61.04404326440387,1014.7874083787954,54.839999999999996,23.84,18.44437968027926
2025-01-08 13:00:00+00:00,opensensemap_2,13.15023492413876,62.661381170620345,1014.8762532862839,54.839999999999996,23.84,15.060584344559508
2025-01-08 14:00:00+00:00,opensensemap_2,11.568770993441147,64.31953426544769,1014.4946743453911,54.839999999999996,23.84,16.541553678244778
2025-01-08 15:00:00+00:00,opensensemap_2,9.83746230305164,68.65172361810373,1015.2883304371964,54.839999999999996,23.84,15.240325613369412
2025-01-08 16:00:00+00:00,opensensemap_2,9.063086923126772,69.96871629538782,1014.31817199815,54.839999999999996,23.84,16.820812588612995
2025-01-08 17:00:00+00:00,opensensemap_2,9.481279401946468,73.84953978618034,1015.0347731874077,54.839999999999996,23.84,15.97803804480266
2025-01-08 18:00:00+00:00,opensensemap_2,8.216382967487732,70.98829472433803,1014.7458513294915,54.839999999999996,23.84,15.343151309692871
2025-01-08 19:00:00+00:00,opensensemap_2,8.474487933350547,70.4798740809877,1014.9777867846436,54.839999999999996,23.84,16.73205497723265
2025-01-08 20:00:00+00:00,opensensemap_2,9.753328956712648,69.80010695578925,1014.5165401102398,54.839999999999996,23.84,14.927683555081746
2025-01-08 21:00:00+00:00,opensensemap_2,9.80628935024603,70.6297776363908,1015.3676418644422,54.839999999999996,23.84,15.234143327547212
2025-01-08 22:00:00+00:00,opensensemap_2,11.510606544793038,66.25840245989725,1015.5320395101679,54.839999999999996,23.84,13.738536005645454
2025-01-08 23:00:00+00:00,opensensemap_2,13.719464794601794,62.2560633971843,1015.8586415763478,54.839999999999996,23.84,16.553425916713472
2025-01-09 00:00:00+00:00,opensensemap_2,14.742822395839411,58.800372729651755,1014.9364283868222,54.839999999999996,23.84,14.87095665698783
2025-01-09 01:00:00+00:00,opensensemap_2,17.358251544791507,57.42997418911308,1014.9223348078104,54.839999999999996,23.84,15.023680402435827
2025-01-09 02:00:00+00:00,opensensemap_2,18.831725522074738,53.21187509469831,1015.4293709420982,54.839999999999996,23.84,16.025791696758276
2025-01-09 03:00:00+00:00,opensensemap_2,20.932993763682827,52.49332795388267,1015.5560740510565,54.839999999999996,23.84,12.7860626401696
2025-01-09 04:00:00+00:00,opensensemap_2,20.67367907544825,48.97684948379233,1016.2388210502069,54.839999999999996,23.84,12.609146994912448
2025-01-09 05:00:00+00:00,opensensemap_2,21.661357897255765,48.98538667446847,1015.6292754508294,54.839999999999996,23.84,11.966923603574935
2025-01-09 06:00:00+00:00,opensensemap_2,22.082998845809108,49.9971349031837,1015.9489586818386,54.839999999999996,23.84,12.06990442261936
2025-01-09 07:00:00+00:00,opensensemap_2,21.530883702519905,48.47826183140322,1016.239372137808,54.839999999999996,23.84,13.670297393478995
2025-01-09 08:00:00+00:00,opensensemap_2,21.11101839734866,49.6760111456762,1015.8435427905553,54.839999999999996,23.84,13.75654900197162
2025-01-09 09:00:00+00:00,opensensemap_2,19.34669229341697,52.65832634742945,1016.0249816646378,54.839999999999996,23.84,11.931151357117106
2025-01-09 10:00:00+00:00,opensensemap_2,18.131592149848007,53.89993370460897,1016.3480974487427,54.839999999999996,23.84,13.88581766648208
2025-01-09 11:00:00+00:00,opensensemap_2,17.151655382972653,57.43759299977792,1015.911654712877,54.839999999999996,23.84,16.73638166614529
2025-01-09 12:00:00+00:00,opensensemap_2,15.272689539634746,60.75702420764764,1014.9783254879601,54.839999999999996,23.84,13.59652223325722
2025-01-09 13:00:00+00:00,opensensemap_2,12.881051531593968,60.48473284565185,1016.9235565086749,54.839999999999996,23.84,13.599486470018
2025-01-09 14:00:00+00:00,opensensemap_2,12.101501206082686,64.32012096392721,1016.0138336263099,54.839999999999996,23.84,13.093452886030239
2025-01-09 15:00:00+00:00,opensensemap_2,9.855759375811068,67.57266096415553,1015.7833090175355,54.839999999999996,23.84,14.85656190344132
2025-01-09 16:00:00+00:00,opensensemap_2,8.413596574887515,69.68039019672196,1015.6020174129227,54.839999999999996,23.84,16.446359147507923
2025-01-09 17:00:00+00:00,opensensemap_2,7.35179261048852,73.7372215692607,1015.5382549534113,54.839999999999996,23.84,16.585757572645793
2025-01-09 18:00:00+00:00,opensensemap_2,7.7601387093837815,74.11348885402231,1015.8871527031748,54.839999999999996,23.84,15.441833832645152
2025-01-09 19:00:00+00:00,opensensemap_2,8.145857541123712,72.26186392799353,1016.2792693316615,54.839999999999996,23.84,13.744738294497672
2025-01-09 20:00:00+00:00,opensensemap_2,8.664047779924996,69.84495685260757,1015.7478015077955,54.839999999999996,23.84,17.10993770389261
2025-01-09 21:00:00+00:00,opensensemap_2,10.795916117428776,68.5360205192597,1016.3596280027239,54.839999999999996,23.84,15.126357625278338
2025-01-09 22:00:00+00:00,opensensemap_2,11.426297231244739,67.67646540620606,1016.6653567477488,54.839999999999996,23.84,18.382187192666382
2025-01-09 23:00:00+00:00,opensensemap_2,13.872381025468334,62.20612307102408,1015.1029655086204,54.839999999999996,23.84,19.179558153256522
2025-01-10 00:00:00+00:00,opensensemap_2,14.442154086628419,61.479336993763475,1016.5674360946801,54.839999999999996,23.84,17.4882857762503
2025-01-10 01:00:00+00:00,opensensemap_2,16.77439892843608,56.57312377461143,1015.0479433653521,54.839999999999996,23.84,17.4431907578063
2025-01-10 02:00:00+00:00,opensensemap_2,18.430116596440303,54.819650619786565,1014.9711679094603,54.839999999999996,23.84,17.359897908150536
2025-01-10 03:00:00+00:00,opensensemap_2,19.988700173186345,51.675373346720534,1016.6125461255165,54.839999999999996,23.84,17.872338914382876
2025-01-10 04:00:00+00:00,opensensemap_2,21.380310042827247,50.96888533485904,1015.4990301549315,54.839999999999996,23.84,23.71640961540878
2025-01-10 05:00:00+00:00,opensensemap_2,22.658188085557914,50.08097972428443,1016.2775589750216,54.839999999999996,23.84,19.06064399037269
2025-01-10 06:00:00+00:00,opensensemap_2,22.213723220164045,50.318300093251295,1016.5058830247191,54.839999999999996,23.84,19.21591207737326
2025-01-10 07:00:00+00:00,opensensemap_2,21.577746752576058,47.81926803182881,1015.7544260806383,54.839999999999996,23.84,21.93749158886993
2025-01-10 08:00:00+00:00,opensensemap_2,20.932883377122984,48.56559687277924,1015.6181938284038,54.839999999999996,23.84,23.966944969915872
2025-01-10 09:00:00+00:00,opensensemap_2,19.983703535197986,50.093912479037954,1015.9163260911912,54.839999999999996,23.84,20.064905696902542
2025-01-10 10:00:00+00:00,opensensemap_2,17.243773147670478,52.81729445205078,1015.8129777358437,54.839999999999996,23.84,20.84747061065396
2025-01-10 11:00:00+00:00,opensensemap_2,16.305040860889672,56.96990473799496,1013.5855732896727,54.839999999999996,23.84,19.609742350217292
2025-01-10 12:00:00+00:00,opensensemap_2,15.494137188336191,60.125141054974286,1014.8352153077416,54.839999999999996,23.84,22.47032481822452
2025-01-10 13:00:00+00:00,opensensemap_2,12.483001221057757,61.48046460104071,1014.9267902454854,54.839999999999996,23.84,22.19054684423994
2025-01-10 14:00:00+00:00,opensensemap_2,11.242691862008856,66.4695918709485,1015.072000358299,54.839999999999996,23.84,24.678211100943866
2025-01-10 15:00:00+00:00,opensensemap_2,10.037768807275969,69.71321371603808,1014.9316753265247,54.839999999999996,23.84,19.65737207695463
2025-01-10 16:00:00+00:00,opensensemap_2,9.182632901634358,70.12580032555043,1014.9585191368321,54.839999999999996,23.84,22.780797378190915
2025-01-10 17:00:00+00:00,opensensemap_2,8.370214109812393,71.5843732832005,1016.0674547056743,54.839999999999996,23.84,22.18303327670545
2025-01-10 18:00:00+00:00,opensensemap_2,8.55000810892853,73.03640153460007,1015.2303779365686,54.839999999999996,23.84,22.365084002731372
2025-01-10 19:00:00+00:00,opensensemap_2,8.054122521407155,71.70578668073482,1015.5678553131565,54.839999999999996,23.84,24.2075877801084
2025-01-10 20:00:00+00:00,opensensemap_2,9.006701472971733,70.56164239416297,1014.879884716562,54.839999999999996,23.84,21.615368359029016
2025-01-10 21:00:00+00:00,opensensemap_2,10.02141716794164,70.58657402562274,1014.2103244075159,54.839999999999996,23.84,20.26930335116037
2025-01-10 22:00:00+00:00,opensensemap_2,11.14311610161027,65.69472661320665,1015.0402110294536,54.839999999999996,23.84,22.995516062868205
2025-01-10 23:00:00+00:00,opensensemap_2,12.537111399575709,63.762223330941694,1014.4861246784643,54.839999999999996,23.84,21.524405315172288
2025-01-11 00:00:00+00:00,opensensemap_2,14.593554678541933,60.297659222861036,1014.3563170558052,54.839999999999996,23.84,24.316852166447298
2025-01-11 01:00:00+00:00,opensensemap_2,16.516053447205703,55.076593118862625,1013.6823742101624,54.839999999999996,23.84,22.793768134332606
2025-01-11 02:00:00+00:00,opensensemap_2,18.268478113291277,53.11493381735809,1014.3065149109572,54.839999999999996,23.84,20.695486898929914
2025-01-11 03:00:00+00:00,opensensemap_2,20.057888507253402,53.68760790080301,1013.7251520937925,54.839999999999996,23.84,20.182494964801396
2025-01-11 04:00:00+00:00,opensensemap_2,21.670711331793814,48.515634288705776,1014.0349475465864,54.839999999999996,23.84,20.57741244013058
2025-01-11 05:00:00+00:00,opensensemap_2,22.46703619264767,47.43672526297997,1013.1506940079867,54.839999999999996,23.84,22.00830303434426
2025-01-11 06:00:00+00:00,opensensemap_2,22.122913482658287,49.1502110905646,1013.8707264968299,54.839999999999996,23.84,23.633143201564117
2025-01-11 07:00:00+00:00,opensensemap_2,21.426051870505162,48.70711470945166,1012.9317315597144,54.839999999999996,23.84,20.767375722071183
2025-01-11 08:00:00+00:00,opensensemap_2,21.323482468019357,49.846321190649995,1012.8313774569688,54.839999999999996,23.84,18.895374684762228
2025-01-11 09:00:00+00:00,opensensemap_2,21.001650432356534,51.165711896399664,1012.6819056396578,54.839999999999996,23.84,21.328305002199446
2025-01-11 10:00:00+00:00,opensensemap_2,18.83064021511602,54.0384214640402,1012.4082054618362,54.839999999999996,23.84,22.17938990187337
2025-01-11 11:00:00+00:00,opensensemap_2,16.47141544978826,55.89260713025319,1013.3049314870032,54.839999999999996,23.84,16.511958997169867
2025-01-11 12:00:00+00:00,opensensemap_2,15.662479766750147,56.94390556973906,1012.6457475673119,54.839999999999996,23.84,23.215117826191598
2025-01-11 13:00:00+00:00,opensensemap_2,12.332186452605866,64.23900803469586,1012.9440974812452,54.839999999999996,23.84,16.89365739014734
2025-01-11 14:00:00+00:00,opensensemap_2,11.473139914396793,66.15189983585289,1013.463580526782,54.839999999999996,23.84,17.89793238856337
2025-01-11 15:00:00+00:00,opensensemap_2,9.727564197306199,68.27226286183854,1013.2873050092785,54.839999999999996,23.84,14.797175035428197
2025-01-11 16:00:00+00:00,opensensemap_2,9.609753268534696,71.54632953321618,1012.9022337433106,54.839999999999996,23.84,15.522233539694994
2025-01-11 17:00:00+00:00,opensensemap_2,9.074474157089583,70.73788440874942,1012.6123463365485,54.839999999999996,23.84,14.400092220571118
2025-01-11 18:00:00+00:00,opensensemap_2,7.348537987993208,68.11176323775764,1012.6137776616778,54.839999999999996,23.84,13.411134460982804
2025-01-11 19:00:00+00:00,opensensemap_2,8.146713740691482,71.95009499538288,1012.1255108221103,54.839999999999996,23.84,17.427401050915122
2025-01-11 20:00:00+00:00,opensensemap_2,8.371736809943702,70.05225090998172,1012.3032364280343,54.839999999999996,23.84,15.299379682092809
2025-01-11 21:00:00+00:00,opensensemap_2,9.943963742437358,65.8566852021728,1011.5705456172883,54.839999999999996,23.84,16.941954762750214
2025-01-11 22:00:00+00:00,opensensemap_2,11.547542659253168,64.50736478747343,1011.411957186499,54.839999999999996,23.84,16.69163040970662
2025-01-11 23:00:00+00:00,opensensemap_2,12.741623224294157,63.99944493015384,1011.8629445485575,54.839999999999996,23.84,13.122228306848431
2025-01-12 00:00:00+00:00,opensensemap_2,15.310623848233927,62.09703618266579,1011.7954735499577,54.839999999999996,23.84,14.177338473117553
2025-01-12 01:00:00+00:00,opensensemap_2,17.501585482309345,57.102154370523856,1012.2109568743026,54.839999999999996,23.84,15.271003400463927
2025-01-12 02:00:00+00:00,opensensemap_2,18.543434103777077,54.296993888935745,1011.8454268639542,54.839999999999996,23.84,16.94969991975832
2025-01-12 03:00:00+00:00,opensensemap_2,19.940448604406583,54.299476890777655,1011.6251913561565,54.839999999999996,23.84,9.59814990406743
2025-01-12 04:00:00+00:00,opensensemap_2,21.61269013371519,48.74613388590111,1010.8640819359691,54.839999999999996,23.84,13.092374021380241
2025-01-12 05:00:00+00:00,opensensemap_2,21.97385372441144,48.63009769659599,1011.5747302294128,54.839999999999996,23.84,10.869047676921987
2025-01-12 06:00:00+00:00,opensensemap_2,21.76699887224172,47.30931550276206,1010.8276899540801,54.839999999999996,23.84,13.628575778366548
2025-01-12 07:00:00+00:00,opensensemap_2,21.323836571286293,48.398654252526235,1010.7042471053144,54.839999999999996,23.84,13.232728969524528
2025-01-12 08:00:00+00:00,opensensemap_2,20.78957202152254,49.56467243742563,1010.1230659368941,54.839999999999996,23.84,12.07453133681447
2025-01-12 09:00:00+00:00,opensensemap_2,19.703124574494957,53.472454283987766,1010.2814925095569,54.839999999999996,23.84,12.068229378680346
2025-01-12 10:00:00+00:00,opensensemap_2,18.730202108768115,51.85178804367704,1010.1630904757031,54.839999999999996,23.84,13.258317959437036
2025-01-12 11:00:00+00:00,opensensemap_2,16.58790854802948,57.634718826933735,1010.7721370471589,54.839999999999996,23.84,16.53129757540585
2025-01-12 12:00:00+00:00,opensensemap_2,16.11800765615965,58.71315799383798,1010.5616104915015,54.839999999999996,23.84,13.711399055205536
2025-01-12 13:00:00+00:00,opensensemap_2,12.84808650971322,62.302680372441955,1010.6137337130708,54.839999999999996,23.84,14.11753387071343
2025-01-12 14:00:00+00:00,opensensemap_2,10.525856991986279,63.7930008413096,1010.4971815939962,54.839999999999996,23.84,15.627879315436116
2025-01-12 15:00:00+00:00,opensensemap_2,11.237566769746856,66.80560494408685,1010.6722505263367,54.839999999999996,23.84,12.50499103247796
2025-01-12 16:00:00+00:00,opensensemap_2,9.342759561991762,70.12972559751807,1010.2723193184703,54.839999999999996,23.84,15.957155021539082
2025-01-12 17:00:00+00:00,opensensemap_2,7.767335251383642,71.50996947154842,1009.7090152867045,54.839999999999996,23.84,16.007662137845752
2025-01-12 18:00:00+00:00,opensensemap_2,7.871700713674537,69.66772983117136,1009.5273505406184,54.839999999999996,23.84,15.11715380261894
2025-01-12 19:00:00+00:00,opensensemap_2,8.352411279939728,70.10996367342983,1009.8519496415856,54.839999999999996,23.84,12.603151050370865
2025-01-12 20:00:00+00:00,opensensemap_2,9.919764402441453,70.721178357513,1010.6987275773826,54.839999999999996,23.84,13.35434732771499
2025-01-12 21:00:00+00:00,opensensemap_2,9.864175794299555,70.38844905545652,1010.1989052481041,54.839999999999996,23.84,17.09789608757396
2025-01-12 22:00:00+00:00,opensensemap_2,11.688987239551246,63.881814083449434,1010.1233970513516,54.839999999999996,23.84,18.16903755812911
2025-01-12 23:00:00+00:00,opensensemap_2,12.990135314755266,60.420325534208956,1009.6199739820274,54.839999999999996,23.84,18.914648787119862
2025-01-13 00:00:00+00:00,opensensemap_2,14.79272441315964,59.02532054485732,1009.9774335488696,54.839999999999996,23.84,16.180389322291838
2025-01-13 01:00:00+00:00,opensensemap_2,16.53543764779663,59.601828450662026,1010.238382297489,54.839999999999996,23.84,18.686325480190053
2025-01-13 02:00:00+00:00,opensensemap_2,18.867396023832008,52.932713315872476,1009.971098483697,54.839999999999996,23.84,22.633799111488816
2025-01-13 03:00:00+00:00,opensensemap_2,19.45629584071672,50.876969545449974,1010.7385736169026,54.839999999999996,23.84,21.2906012531104
2025-01-13 04:00:00+00:00,opensensemap_2,21.012758583891735,49.46457494560286,1010.5132603851741,54.839999999999996,23.84,21.29844855194357
2025-01-13 05:00:00+00:00,opensensemap_2,21.22200042670903,49.16030865700512,1010.0146145558629,54.839999999999996,23.84,18.05859351210819
2025-01-13 06:00:00+00:00,opensensemap_2,22.312913109950813,47.91113263394122,1009.7463399532638,54.839999999999996,23.84,15.153220237025458
2025-01-13 07:00:00+00:00,opensensemap_2,22.112226317243717,45.96487161028527,1009.7541883873716,54.839999999999996,23.84,22.882032993069835
2025-01-13 08:00:00+00:00,opensensemap_2,21.11344556729554,49.64711648322365,1010.3591278904203,54.839999999999996,23.84,21.650448642431012
2025-01-13 09:00:00+00:00,opensensemap_2,19.647980828443753,50.9191927469882,1011.0925278200208,54.839999999999996,23.84,18.22239529894918
2025-01-13 10:00:00+00:00,opensensemap_2,18.281431793617756,53.79176729390832,1010.7789914336201,54.839999999999996,23.84,20.447020410217412
2025-01-13 11:00:00+00:00,opensensemap_2,16.9953687114462,55.24718305307849,1010.4432682555604,54.839999999999996,23.84,24.088299938068783
2025-01-13 12:00:00+00:00,opensensemap_2,14.726363478719822,60.940552211048086,1010.4008407196983,54.839999999999996,23.84,18.08863275462908
2025-01-13 13:00:00+00:00,opensensemap_2,12.98464412002255,63.68357644118149,1009.0552907405815,54.839999999999996,23.84,20.61248550023008
2025-01-13 14:00:00+00:00,opensensemap_2,11.74422497738188,64.96636328717774,1009.4268626002088,54.839999999999996,23.84,23.4877233727881
2025-01-13 15:00:00+00:00,opensensemap_2,9.960225356868955,70.22942515308438,1010.2738265142633,54.839999999999996,23.84,22.097297220140856
2025-01-13 16:00:00+00:00,opensensemap_2,8.699868431278787,72.99166479471754,1009.8160200689357,54.839999999999996,23.84,24.884864768150933
2025-01-13 17:00:00+00:00,opensensemap_2,8.92042011921714,70.58198656409705,1009.8201127005714,54.839999999999996,23.84,23.856077219101408
2025-01-13 18:00:00+00:00,opensensemap_2,8.465622405368329,71.91446805644858,1010.1419558584694,54.839999999999996,23.84,23.03541113312452
2025-01-13 19:00:00+00:00,opensensemap_2,8.23744563643977,71.74580767190662,1009.9648436607197,54.839999999999996,23.84,21.56622344364953
2025-01-13 20:00:00+00:00,opensensemap_2,8.910110255549137,70.63727456378722,1010.1343054784888,54.839999999999996,23.84,21.966512038851953
2025-01-13 21:00:00+00:00,opensensemap_2,9.71440780753819,65.8492649842891,1010.3178724151937,54.839999999999996,23.84,21.078024597361733
2025-01-13 22:00:00+00:00,opensensemap_2,11.236541806585944,67.95800223410768,1011.0578324675971,54.839999999999996,23.84,20.71450950800886
2025-01-13 23:00:00+00:00,opensensemap_2,13.21521095767696,63.216109238669624,1010.0507331504795,54.839999999999996,23.84,23.35130835432274
2025-01-14 00:00:00+00:00,opensensemap_2,15.27677544044152,62.23745411472488,1010.5749961100189,54.839999999999996,23.84,18.691870735970202
2025-01-14 01:00:00+00:00,opensensemap_2,16.45964709067936,57.96441106421092,1010.8371152102587,54.839999999999996,23.84,21.00655809387246
2025-01-14 02:00:00+00:00,opensensemap_2,17.75936622166484,51.070029817221894,1010.4166425887777,54.839999999999996,23.84,20.7612118206989
2025-01-14 03:00:00+00:00,opensensemap_2,20.0588775428097,50.21654942627548,1011.3229904103035,54.839999999999996,23.84,18.537077233047295
2025-01-14 04:00:00+00:00,opensensemap_2,21.30186541425969,48.563193082536024,1010.9749264490783,54.839999999999996,23.84,19.51047288318255
2025-01-14 05:00:00+00:00,opensensemap_2,21.744125264231837,46.93584389445074,1010.4915219237605,54.839999999999996,23.84,19.152944371385587
2025-01-14 06:00:00+00:00,opensensemap_2,22.430540591569894,49.457251544423144,1011.1286380634145,54.839999999999996,23.84,23.506949709151424
2025-01-14 07:00:00+00:00,opensensemap_2,22.260424383697057,50.22302056289238,1010.3844595321233,54.839999999999996,23.84,19.19697306470539
2025-01-14 08:00:00+00:00,opensensemap_2,21.59358622349643,49.425550731175214,1010.6648825080279,54.839999999999996,23.84,22.24550256716104
2025-01-14 09:00:00+00:00,opensensemap_2,20.78006419024892,53.964464640165566,1011.2838195227334,54.839999999999996,23.84,21.842705651496285
2025-01-14 10:00:00+00:00,opensensemap_2,18.497656029945205,52.96009633605498,1011.1545316020319,54.839999999999996,23.84,23.278006732961572
2025-01-14 11:00:00+00:00,opensensemap_2,17.6534112941974,54.153774038363956,1012.565736115186,54.839999999999996,23.84,20.82503266681557
2025-01-14 12:00:00+00:00,opensensemap_2,15.60829109437845,61.28949841693957,1011.3254604663372,54.839999999999996,23.84,14.095295686811596
2025-01-14 13:00:00+00:00,opensensemap_2,12.364428474356941,63.354929810499144,1012.0091806229702,54.839999999999996,23.84,17.624817299963603
2025-01-14 14:00:00+00:00,opensensemap_2,11.721136009271317,64.94310659154529,1011.8343239018245,54.839999999999996,23.84,14.444806513476603
2025-01-14 15:00:00+00:00,opensensemap_2,10.448526890394307,68.06856473125634,1012.191515417795,54.839999999999996,23.84,17.67148300243977
2025-01-14 16:00:00+00:00,opensensemap_2,8.956111102445934,70.8066782079712,1011.3846364999799,54.839999999999996,23.84,15.076668586897673
2025-01-14 17:00:00+00:00,opensensemap_2,8.574565172496522,72.35412683698566,1012.675899183592,54.839999999999996,23.84,13.981660625394014
2025-01-14 18:00:00+00:00,opensensemap_2,8.279127206504148,70.12304872314273,1012.6957881518446,54.839999999999996,23.84,16.95100847186358
2025-01-14 19:00:00+00:00,opensensemap_2,8.632551937327552,73.35306497895183,1013.4690563691959,54.839999999999996,23.84,16.427826573360818
2025-01-14 20:00:00+00:00,opensensemap_2,8.444210570806264,72.12336501931904,1013.1627483251268,54.839999999999996,23.84,16.88591440407652
2025-01-14 21:00:00+00:00,opensensemap_2,10.504221088055631,67.66854575931319,1012.8308627890427,54.839999999999996,23.84,14.221546610584996
2025-01-14 22:00:00+00:00,opensensemap_2,10.939562007449107,65.38653001192246,1013.4290063407852,54.839999999999996,23.84,14.309289159354583
2025-01-14 23:00:00+00:00,opensensemap_2,12.38312986364374,60.790948213965734,1013.2064095376187,54.839999999999996,23.84,13.349429515575219
2025-01-15 00:00:00+00:00,opensensemap_2,15.348210525510037,59.358109658336765,1013.2329608851398,54.839999999999996,23.84,16.921200050947046
2025-01-15 01:00:00+00:00,opensensemap_2,16.477883770806258,57.406550527213085,1014.0747695829809,54.839999999999996,23.84,13.36193324473785
2025-01-15 02:00:00+00:00,opensensemap_2,18.096844621081352,53.403588936246614,1012.9385743264255,54.839999999999996,23.84,13.447454042318615
2025-01-15 03:00:00+00:00,opensensemap_2,20.19429854743043,49.99350290186601,1013.3045453151474,54.839999999999996,23.84,10.294631083196876
2025-01-15 04:00:00+00:00,opensensemap_2,21.00094087324492,49.94994988276892,1013.2709742334175,54.839999999999996,23.84,11.414854349528948
2025-01-15 05:00:00+00:00,opensensemap_2,21.630935876117366,48.662921426256766,1013.8945463707039,54.839999999999996,23.84,12.364623298915241
2025-01-15 06:00:00+00:00,opensensemap_2,21.847350426552325,48.78729799752736,1013.3754693399445,54.839999999999996,23.84,12.544495456296731
2025-01-15 07:00:00+00:00,opensensemap_2,21.495027267068412,47.208337997815576,1014.2912828886627,54.839999999999996,23.84,11.699582222199485
2025-01-15 08:00:00+00:00,opensensemap_2,21.039108954036443,49.92496619583502,1013.5702082685573,54.839999999999996,23.84,14.298576471711632
2025-01-15 09:00:00+00:00,opensensemap_2,20.183830490161213,52.706687414382564,1014.2259935429779,54.839999999999996,23.84,14.958621924826442
2025-01-15 10:00:00+00:00,opensensemap_2,19.259957755253225,51.31381232141343,1014.6400693002473,54.839999999999996,23.84,16.33522953088039
2025-01-15 11:00:00+00:00,opensensemap_2,16.88667633020042,58.48606998355709,1014.0075175238123,54.839999999999996,23.84,15.69084031779203
2025-01-15 12:00:00+00:00,opensensemap_2,14.58417466122877,59.321386603872945,1014.4950542282603,54.839999999999996,23.84,14.053594776263015
2025-01-15 13:00:00+00:00,opensensemap_2,13.19272416480726,60.50130376230019,1013.7759055744488,54.839999999999996,23.84,12.611806967225961
2025-01-15 14:00:00+00:00,opensensemap_2,11.04653873305985,67.18793007965066,1013.8512990576666,54.839999999999996,23.84,14.67486637548033
2025-01-15 15:00:00+00:00,opensensemap_2,9.516646243068005,67.58576482433216,1013.9604158572948,54.839999999999996,23.84,12.526859897105
2025-01-15 16:00:00+00:00,opensensemap_2,8.631659048916223,72.61019157447933,1014.8326028351255,54.839999999999996,23.84,11.59033319152917
2025-01-15 17:00:00+00:00,opensensemap_2,7.708293189699334,71.29116640300997,1014.6609465398184,54.839999999999996,23.84,15.905406181798874
2025-01-15 18:00:00+00:00,opensensemap_2,8.437017635855312,71.48351853982716,1014.2970176292853,54.839999999999996,23.84,13.313544419839689
2025-01-15 19:00:00+00:00,opensensemap_2,8.344893551165798,73.09788368165304,1014.5060665679132,54.839999999999996,23.84,14.71521689749934
2025-01-15 20:00:00+00:00,opensensemap_2,9.083712732454796,70.7879669779293,1014.5859498982779,54.839999999999996,23.84,18.611837366906528
2025-01-15 21:00:00+00:00,opensensemap_2,10.580375226336862,71.36035557213211,1014.8899814928769,54.839999999999996,23.84,16.66861953446329
2025-01-15 22:00:00+00:00,opensensemap_2,10.719253916586693,66.18187288597248,1014.9004237896963,54.839999999999996,23.84,17.042042702999524
2025-01-15 23:00:00+00:00,opensensemap_2,13.436343911432981,62.999620681358486,1015.806445145643,54.839999999999996,23.84,18.72154376678028
2025-01-01 00:00:00+00:00,opensensemap_3,14.587099986412907,59.22297393658171,1012.7590725882919,54.86,23.86,17.5797530172524
2025-01-01 01:00:00+00:00,opensensemap_3,18.003870704748287,57.811502250814414,1012.775466759914,54.86,23.86,17.785668988509915
2025-01-01 02:00:00+00:00,opensensemap_3,18.875928048953842,53.78674060051736,1012.5037170849894,54.86,23.86,22.518638150853263
2025-01-01 03:00:00+00:00,opensensemap_3,20.168297492711744,50.722719348411395,1013.0692574696208,54.86,23.86,18.497094287696996
2025-01-01 04:00:00+00:00,opensensemap_3,21.244493772378707,49.371939760253895,1013.7164522045101,54.86,23.86,21.661363035078892
2025-01-01 05:00:00+00:00,opensensemap_3,21.03095284516527,50.62105798714537,1014.1596020685257,54.86,23.86,21.57832408647846
2025-01-01 06:00:00+00:00,opensensemap_3,22.422103988920494,49.367921945521644,1014.4056100777759,54.86,23.86,17.5173958897554
2025-01-01 07:00:00+00:00,opensensemap_3,21.280337884138408,45.91930389742306,1014.5512221199692,54.86,23.86,20.38053096828726
2025-01-01 08:00:00+00:00,opensensemap_3,21.548796973877256,49.98008455563729,1013.479395263663,54.86,23.86,20.75277196068994
2025-01-01 09:00:00+00:00,opensensemap_3,19.985052998695434,51.42675419228611,1014.049379655803,54.86,23.86,23.115032210668122
2025-01-01 10:00:00+00:00,opensensemap_3,18.633610243429203,54.853317177366094,1014.451490861431,54.86,23.86,23.867420967892073
2025-01-01 11:00:00+00:00,opensensemap_3,17.612264073493854,54.93697423621989,1014.2170870190103,54.86,23.86,23.637652745481482
2025-01-01 12:00:00+00:00,opensensemap_3,14.72614519077645,58.6276568530197,1014.4029857957759,54.86,23.86,24.983369083792326
2025-01-01 13:00:00+00:00,opensensemap_3,14.11359792147743,59.7158529244234,1013.7875025439705,54.86,23.86,21.424756420249757
2025-01-01 14:00:00+00:00,opensensemap_3,11.822429074560864,65.9376022865064,1014.383975248564,54.86,23.86,22.84073554780483
2025-01-01 15:00:00+00:00,opensensemap_3,10.05788708668203,70.79728525985985,1014.6112325691555,54.86,23.86,25.71546897648841
2025-01-01 16:00:00+00:00,opensensemap_3,8.238829514331458,71.48909222447548,1014.549988112031,54.86,23.86,22.863580477478454
2025-01-01 17:00:00+00:00,opensensemap_3,8.993568748378346,69.51530433384906,1015.212217042424,54.86,23.86,20.640258420685406
2025-01-01 18:00:00+00:00,opensensemap_3,9.000525318329583,71.52078115515992,1015.1433718499599,54.86,23.86,25.42573471159397
2025-01-01 19:00:00+00:00,opensensemap_3,8.32457939630126,71.71444037426542,1014.243448158486,54.86,23.86,27.089817336560202
2025-01-01 20:00:00+00:00,opensensemap_3,9.03278545572003,70.18452478958197,1015.3505896626589,54.86,23.86,26.24030215832972
2025-01-01 21:00:00+00:00,opensensemap_3,9.957022502340696,69.86411152134366,1015.1225169723988,54.86,23.86,24.548366619143554
2025-01-01 22:00:00+00:00,opensensemap_3,10.950400637627775,68.1988901864554,1015.4343963250066,54.86,23.86,24.136300901768173
2025-01-01 23:00:00+00:00,opensensemap_3,13.847956763536466,63.177341528081385,1015.6510001420888,54.86,23.86,23.18181487305062
2025-01-02 00:00:00+00:00,opensensemap_3,14.248097126272347,61.72627556861732,1015.1412316338199,54.86,23.86,18.23988025267319
2025-01-02 01:00:00+00:00,opensensemap_3,16.77529545871681,58.90708173939672,1015.942323095952,54.86,23.86,19.320354647321594
2025-01-02 02:00:00+00:00,opensensemap_3,18.62629676635619,55.64888558242803,1015.8518056514172,54.86,23.86,22.575002361722625
2025-01-02 03:00:00+00:00,opensensemap_3,19.02099937542515,52.76565805348247,1015.5190413156881,54.86,23.86,24.508128669413917
2025-01-02 04:00:00+00:00,opensensemap_3,21.22518076964721,51.56325581022305,1015.9615069647214,54.86,23.86,19.001262566395372
2025-01-02 05:00:00+00:00,opensensemap_3,22.50675833620645,48.59440652370921,1014.7613921554553,54.86,23.86,21.740400302019943
2025-01-02 06:00:00+00:00,opensensemap_3,21.762567713943472,49.38635821148197,1016.0760147473495,54.86,23.86,19.914359343704923
2025-01-02 07:00:00+00:00,opensensemap_3,22.020325306856897,48.68648877261381,1016.444224026758,54.86,23.86,21.408977166388645
2025-01-02 08:00:00+00:00,opensensemap_3,20.653430791420732,48.48201939750988,1014.8711671118871,54.86,23.86,17.567444077655395
2025-01-02 09:00:00+00:00,opensensemap_3,20.631150911525207,50.381405192705294,1015.9892606603576,54.86,23.86,23.282779827139738
2025-01-02 10:00:00+00:00,opensensemap_3,17.963467878560277,53.30512757078523,1016.5347709529766,54.86,23.86,18.359136466777496
2025-01-02 11:00:00+00:00,opensensemap_3,17.20908908917193,56.45419252843641,1015.6307986157444,54.86,23.86,16.297709352236218
2025-01-02 12:00:00+00:00,opensensemap_3,15.28730020947607,58.42563504370254,1015.9122516829758,54.86,23.86,18.138815806341235
2025-01-02 13:00:00+00:00,opensensemap_3,13.20966996736009,62.254607200991494,1015.902660230514,54.86,23.86,19.374150885043647
2025-01-02 14:00:00+00:00,opensensemap_3,11.058512154395922,64.64067748191553,1015.2211519930003,54.86,23.86,16.865332707160068
2025-01-02 15:00:00+00:00,opensensemap_3,9.879921404808073,68.99211895038752,1016.3765869813748,54.86,23.86,16.152430199540984
2025-01-02 16:00:00+00:00,opensensemap_3,9.20458916347289,71.03983597401088,1015.8263950121609,54.86,23.86,19.854732625928115
2025-01-02 17:00:00+00:00,opensensemap_3,8.181118758069431,68.93402345703883,1016.43262694164,54.86,23.86,16.81995212572857
2025-01-02 18:00:00+00:00,opensensemap_3,8.477206201293848,72.75227805330894,1016.3990153232558,54.86,23.86,11.773274621312014
2025-01-02 19:00:00+00:00,opensensemap_3,8.551015314182171,72.07021240219076,1016.6176213905541,54.86,23.86,10.566053653953253
2025-01-02 20:00:00+00:00,opensensemap_3,8.804292513818062,71.28762344336154,1015.6909012131084,54.86,23.86,18.00422687183943
2025-01-02 21:00:00+00:00,opensensemap_3,9.916945835421423,67.05808073499676,1015.800099070832,54.86,23.86,13.402563928298427
2025-01-02 22:00:00+00:00,opensensemap_3,10.354579032851358,64.31864460589136,1015.3477560137741,54.86,23.86,14.49013240035172
2025-01-02 23:00:00+00:00,opensensemap_3,14.09277265826774,61.839830486942276,1015.7466232123501,54.86,23.86,13.704480395933478
2025-01-03 00:00:00+00:00,opensensemap_3,15.479558761089171,59.289496014037205,1016.7633649786618,54.86,23.86,11.000627899100078
2025-01-03 01:00:00+00:00,opensensemap_3,16.878026944082947,55.1241193725074,1015.4657613989505,54.86,23.86,13.837635130460905
2025-01-03 02:00:00+00:00,opensensemap_3,19.055082132110197,53.188362414535675,1015.9376929888457,54.86,23.86,14.237602466127822
2025-01-03 03:00:00+00:00,opensensemap_3,20.143486876676995,51.52818286752325,1015.8515496188786,54.86,23.86,13.546334976048808
2025-01-03 04:00:00+00:00,opensensemap_3,20.874011849432076,48.33904190004569,1015.9378959087983,54.86,23.86,14.187341314205892
2025-01-03 05:00:00+00:00,opensensemap_3,21.658507489617968,47.44045046295424,1016.516309362245,54.86,23.86,13.09460810158194
2025-01-03 06:00:00+00:00,opensensemap_3,22.06789693172701,48.96872494427265,1015.4050642511478,54.86,23.86,8.283502849830228
2025-01-03 07:00:00+00:00,opensensemap_3,21.83351851859395,50.6678471797354,1015.5902993899531,54.86,23.86,10.396438205178807
2025-01-03 08:00:00+00:00,opensensemap_3,20.6644058225818,47.705625283066304,1015.5479112756275,54.86,23.86,13.517357391932306
2025-01-03 09:00:00+00:00,opensensemap_3,20.108483525817334,53.657375426774514,1016.5860833363433,54.86,23.86,11.467711229820036
2025-01-03 10:00:00+00:00,opensensemap_3,18.903342630545875,52.38582447699646,1015.1588974839501,54.86,23.86,15.82199140205594
2025-01-03 11:00:00+00:00,opensensemap_3,17.93530824235819,56.15929123050628,1015.2778051484999,54.86,23.86,14.396650826466965
2025-01-03 12:00:00+00:00,opensensemap_3,15.104782850018612,60.6653000559356,1014.7784899852982,54.86,23.86,13.12010256099288
2025-01-03 13:00:00+00:00,opensensemap_3,13.697107837073867,62.32823456039701,1014.7324590301098,54.86,23.86,15.750199714883824
2025-01-03 14:00:00+00:00,opensensemap_3,12.242244100924575,62.727670610483315,1014.764781121075,54.86,23.86,16.042746222300167
2025-01-03 15:00:00+00:00,opensensemap_3,9.630568212413573,68.87142194618903,1015.2686542540749,54.86,23.86,15.085722303849677
2025-01-03 16:00:00+00:00,opensensemap_3,8.856036015848558,69.99575890476555,1015.9134228793162,54.86,23.86,12.865060877889794
2025-01-03 17:00:00+00:00,opensensemap_3,8.744187670631625,75.78933902555,1015.4149984244636,54.86,23.86,18.656239725572913
2025-01-03 18:00:00+00:00,opensensemap_3,8.238015782664919,69.5285051886144,1014.9615056660107,54.86,23.86,15.869153269619542
2025-01-03 19:00:00+00:00,opensensemap_3,9.079082594610794,72.36261056929456,1015.0948287439145,54.86,23.86,15.97125900572366
2025-01-03 20:00:00+00:00,opensensemap_3,8.954672425466097,71.40978660967892,1014.8535997805029,54.86,23.86,14.380857408635002
2025-01-03 21:00:00+00:00,opensensemap_3,10.478282086926468,67.98725457227232,1015.041238503653,54.86,23.86,15.851048703821565
2025-01-03 22:00:00+00:00,opensensemap_3,10.812334809791935,67.33574284979863,1013.6561159821102,54.86,23.86,18.690367711837844
2025-01-03 23:00:00+00:00,opensensemap_3,12.716079693655542,60.84472756235516,1014.688633348573,54.86,23.86,17.663216974355766
2025-01-04 00:00:00+00:00,opensensemap_3,14.568698718257588,61.18834380777914,1012.6606118191974,54.86,23.86,16.66391782028112
2025-01-04 01:00:00+00:00,opensensemap_3,16.415561510117662,56.99683244864949,1013.8225498372182,54.86,23.86,19.991646169762223
2025-01-04 02:00:00+00:00,opensensemap_3,18.6834621884643,53.54257350341889,1014.5249790943049,54.86,23.86,19.914219633170386
2025-01-04 03:00:00+00:00,opensensemap_3,19.757614867883106,51.760601129821154,1013.8673592841088,54.86,23.86,23.36907260605404
2025-01-04 04:00:00+00:00,opensensemap_3,20.528045449871335,51.56739309921572,1013.9243378877421,54.86,23.86,18.336942637105523
2025-01-04 05:00:00+00:00,opensensemap_3,21.815174812383905,46.72431300915094,1014.1485110306772,54.86,23.86,18.234775525016904
2025-01-04 06:00:00+00:00,opensensemap_3,21.82296578778611,48.65615534043021,1013.8411631205726,54.86,23.86,19.610560130128775
2025-01-04 07:00:00+00:00,opensensemap_3,21.889380167539816,50.28496520104398,1013.6616471684954,54.86,23.86,21.42572823054448
2025-01-04 08:00:00+00:00,opensensemap_3,20.376784061861176,51.06066150498192,1012.9898755450592,54.86,23.86,20.560057043030078
2025-01-04 09:00:00+00:00,opensensemap_3,20.175036722008038,53.14288622710234,1013.949845942603,54.86,23.86,20.89354926951367
2025-01-04 10:00:00+00:00,opensensemap_3,18.74835512904246,52.979766452962195,1014.1349528961655,54.86,23.86,22.49638882087737
2025-01-04 11:00:00+00:00,opensensemap_3,16.57794415218298,54.30328251650536,1013.6633523510623,54.86,23.86,23.766492192030398
2025-01-04 12:00:00+00:00,opensensemap_3,14.277276974684115,60.57571133495196,1012.8629342339627,54.86,23.86,23.894251874233913
2025-01-04 13:00:00+00:00,opensensemap_3,12.91882452992694,59.26276980679971,1013.3623643138193,54.86,23.86,20.378375800091238
2025-01-04 14:00:00+00:00,opensensemap_3,11.277668756788104,65.62669884284803,1011.8387533952714,54.86,23.86,20.954370537227664
2025-01-04 15:00:00+00:00,opensensemap_3,9.651206185836378,68.98158715315047,1012.1461334066214,54.86,23.86,26.208140291000937
2025-01-04 16:00:00+00:00,opensensemap_3,8.771443889007704,70.23407665354972,1012.6599340185419,54.86,23.86,19.11007015439548
2025-01-04 17:00:00+00:00,opensensemap_3,8.58729913393659,71.77901554776834,1012.809917670193,54.86,23.86,25.885512990623763
2025-01-04 18:00:00+00:00,opensensemap_3,7.407662844284489,72.60335168746738,1012.5307642103429,54.86,23.86,23.92511505127819
2025-01-04 19:00:00+00:00,opensensemap_3,8.197640336052203,71.34474075720846,1011.6748973726903,54.86,23.86,22.487336549989948
2025-01-04 20:00:00+00:00,opensensemap_3,9.225791991730809,71.00358208364754,1012.7817898051775,54.86,23.86,22.23215922496393
2025-01-04 21:00:00+00:00,opensensemap_3,10.53437121828601,70.04350247791722,1011.9951440906709,54.86,23.86,22.807447490826103
2025-01-04 22:00:00+00:00,opensensemap_3,11.073554359796432,65.5251558407973,1011.089433470575,54.86,23.86,24.056087699703156
2025-01-04 23:00:00+00:00,opensensemap_3,13.267562091915343,60.96996174830009,1013.3026399902192,54.86,23.86,21.97764190109033
2025-01-05 00:00:00+00:00,opensensemap_3,14.61506576749977,60.57805477040847,1012.0649000128772,54.86,23.86,23.231092671390506
2025-01-05 01:00:00+00:00,opensensemap_3,15.753511635551925,58.09064685210622,1010.4459485464797,54.86,23.86,26.299776069851347
2025-01-05 02:00:00+00:00,opensensemap_3,18.714448325242486,55.808101575446194,1011.7200175066317,54.86,23.86,26.848302405222185
2025-01-05 03:00:00+00:00,opensensemap_3,19.976066867355343,51.07191150708053,1012.0122160847498,54.86,23.86,20.61115677930193
2025-01-05 04:00:00+00:00,opensensemap_3,21.87903237780649,50.992606483692946,1011.5957226619923,54.86,23.86,20.96591403353749
2025-01-05 05:00:00+00:00,opensensemap_3,21.592362867348545,46.70788917104387,1011.1664060552563,54.86,23.86,21.749623909576005
2025-01-05 06:00:00+00:00,opensensemap_3,21.970955989332968,49.790322302913,1010.605769404848,54.86,23.86,22.38387340761391
2025-01-05 07:00:00+00:00,opensensemap_3,21.658306408198754,49.46950751584668,1010.723780121797,54.86,23.86,24.030880468598237
2025-01-05 08:00:00+00:00,opensensemap_3,20.566902810491744,51.75527484436724,1011.0942419623483,54.86,23.86,22.3437047907091
2025-01-05 09:00:00+00:00,opensensemap_3,19.637078557910918,47.21776769569189,1011.24248988529,54.86,23.86,18.58843307068106
2025-01-05 10:00:00+00:00,opensensemap_3,18.462237521722482,57.332864006905815,1010.7657973643395,54.86,23.86,20.72291853271651
2025-01-05 11:00:00+00:00,opensensemap_3,16.845927680593032,59.83515936870639,1009.8351432705448,54.86,23.86,19.269619092060356
2025-01-05 12:00:00+00:00,opensensemap_3,14.958538760228796,60.10737339343715,1009.9605010095089,54.86,23.86,16.36102995811911
2025-01-05 13:00:00+00:00,opensensemap_3,12.890755141385702,64.08656113040043,1011.0382448646454,54.86,23.86,18.118408355074923
2025-01-05 14:00:00+00:00,opensensemap_3,11.867839221133957,64.57331995093857,1011.1096346768632,54.86,23.86,14.547761247066482
2025-01-05 15:00:00+00:00,opensensemap_3,10.649546707864003,70.368264324066,1010.73689324671,54.86,23.86,16.043311668304796
2025-01-05 16:00:00+00:00,opensensemap_3,8.43692575195352,71.06733969829129,1010.5789365921995,54.86,23.86,15.733924489138344
2025-01-05 17:00:00+00:00,opensensemap_3,8.293877458400114,67.86564565411535,1011.2541233838281,54.86,23.86,15.116779006032381
2025-01-05 18:00:00+00:00,opensensemap_3,7.512913013524941,72.18229396221348,1010.6775499840301,54.86,23.86,14.965972548346375
2025-01-05 19:00:00+00:00,opensensemap_3,7.610551399364542,74.26977824202666,1009.6738064964669,54.86,23.86,17.694587712739743
2025-01-05 20:00:00+00:00,opensensemap_3,9.39863486108709,69.97000949932448,1009.4718459657038,54.86,23.86,13.470698622193938
2025-01-05 21:00:00+00:00,opensensemap_3,9.890336368065691,69.88133707536912,1010.1684656888035,54.86,23.86,10.835013159815178
2025-01-05 22:00:00+00:00,opensensemap_3,11.566510181643098,67.84345996227401,1009.9756412372633,54.86,23.86,11.49460466419846
2025-01-05 23:00:00+00:00,opensensemap_3,12.788195726717628,62.25336048382693,1009.9638340710711,54.86,23.86,14.657977623833826
2025-01-06 00:00:00+00:00,opensensemap_3,16.00178042518183,60.28386275750391,1010.545308522121,54.86,23.86,10.266905343294916
2025-01-06 01:00:00+00:00,opensensemap_3,17.533004245172542,54.12760975710577,1010.2474087438835,54.86,23.86,13.5391519799629
2025-01-06 02:00:00+00:00,opensensemap_3,17.62912176699633,52.712783478223386,1010.3129465762919,54.86,23.86,12.442200073752604
2025-01-06 03:00:00+00:00,opensensemap_3,19.933035910454823,52.48727654302396,1009.7795096849267,54.86,23.86,13.546771595567645
2025-01-06 04:00:00+00:00,opensensemap_3,20.98829098594368,48.57689826861803,1009.9903355319206,54.86,23.86,16.4314997808592
2025-01-06 05:00:00+00:00,opensensemap_3,21.427953866223184,48.66641456517655,1009.9665070066411,54.86,23.86,11.672520797343557
2025-01-06 06:00:00+00:00,opensensemap_3,22.047199902177308,45.504474899265,1010.8120681250231,54.86,23.86,13.671437853517322
2025-01-06 07:00:00+00:00,opensensemap_3,21.89351601872181,47.5015331607825,1009.9412316740076,54.86,23.86,12.492339422119803
2025-01-06 08:00:00+00:00,opensensemap_3,20.509956724907383,48.5845729043918,1009.5231969795163,54.86,23.86,11.78623600849288
2025-01-06 09:00:00+00:00,opensensemap_3,19.22615156170606,50.72423517052513,1010.6291578003303,54.86,23.86,11.956472491888638
2025-01-06 10:00:00+00:00,opensensemap_3,18.29868508028571,54.32747111286106,1009.1443946596382,54.86,23.86,13.530942765082091
2025-01-06 11:00:00+00:00,opensensemap_3,17.086527974709863,55.798242517630335,1010.2842733602719,54.86,23.86,11.982941229810713
2025-01-06 12:00:00+00:00,opensensemap_3,15.129274706964635,58.96404533989543,1009.5534092429849,54.86,23.86,16.51175366703765
2025-01-06 13:00:00+00:00,opensensemap_3,12.67331920587846,61.872586039040044,1009.7772718362663,54.86,23.86,14.741931572995545
2025-01-06 14:00:00+00:00,opensensemap_3,10.554816510966385,65.77473194458612,1009.5620698268706,54.86,23.86,14.322380703747703
2025-01-06 15:00:00+00:00,opensensemap_3,10.235675047803065,68.54652266192188,1010.5987793397701,54.86,23.86,14.344053776715876
2025-01-06 16:00:00+00:00,opensensemap_3,9.079005832419845,69.81836759455855,1010.4058007765008,54.86,23.86,15.454446531667713
2025-01-06 17:00:00+00:00,opensensemap_3,8.926927813045248,73.57955809334365,1010.3347463273178,54.86,23.86,12.966877308946641
2025-01-06 18:00:00+00:00,opensensemap_3,7.196287676146429,71.34123956740422,1010.0895104268199,54.86,23.86,18.467278388936002
2025-01-06 19:00:00+00:00,opensensemap_3,7.221559623385028,68.51185953095298,1010.261094840647,54.86,23.86,18.660858021737713
2025-01-06 20:00:00+00:00,opensensemap_3,8.705074471016758,71.55223975934261,1009.9157083082079,54.86,23.86,13.111929874507942
2025-01-06 21:00:00+00:00,opensensemap_3,10.064356838579048,66.6664066238097,1012.2401337261513,54.86,23.86,16.59685479048963
2025-01-06 22:00:00+00:00,opensensemap_3,10.614872075021431,67.5920786903039,1011.0983439721841,54.86,23.86,15.75479797521636
2025-01-06 23:00:00+00:00,opensensemap_3,13.266901070871404,63.55397452131364,1010.6253771682132,54.86,23.86,15.760179223476523
2025-01-07 00:00:00+00:00,opensensemap_3,14.998411020803944,61.21506025539868,1010.7447300209785,54.86,23.86,21.56440289488268
2025-01-07 01:00:00+00:00,opensensemap_3,16.362797788937083,54.196052776743464,1011.1562108127433,54.86,23.86,16.26511943600477
2025-01-07 02:00:00+00:00,opensensemap_3,18.84719891064377,52.58786101198405,1010.611118999154,54.86,23.86,15.430227367275906
2025-01-07 03:00:00+00:00,opensensemap_3,20.894473599238683,48.17149887351924,1010.8589652148926,54.86,23.86,16.314515487793905
2025-01-07 04:00:00+00:00,opensensemap_3,21.15241725718053,50.27928239850911,1010.5708715439389,54.86,23.86,20.575232030367726
2025-01-07 05:00:00+00:00,opensensemap_3,22.43921559734667,47.31376576039543,1011.3254527594695,54.86,23.86,21.400685320110817
2025-01-07 06:00:00+00:00,opensensemap_3,22.84650167418855,47.70922464396824,1011.3806638022132,54.86,23.86,22.602515546809943
2025-01-07 07:00:00+00:00,opensensemap_3,22.319962579168894,47.31377519051498,1011.5096313256896,54.86,23.86,21.97927100731314
2025-01-07 08:00:00+00:00,opensensemap_3,21.065083151667945,51.5913193655902,1011.5880086510958,54.86,23.86,19.985562272114162
2025-01-07 09:00:00+00:00,opensensemap_3,20.479526342163044,50.88900931032403,1011.1359407579178,54.86,23.86,24.104055663058833
2025-01-07 10:00:00+00:00,opensensemap_3,19.17007407268223,54.12550753421072,1011.4834989183997,54.86,23.86,23.01250136893513
2025-01-07 11:00:00+00:00,opensensemap_3,16.635631147926215,57.14275344247621,1012.3286424657525,54.86,23.86,21.733622993675795
2025-01-07 12:00:00+00:00,opensensemap_3,15.45311841534271,60.008154416907146,1011.3388996139346,54.86,23.86,24.634692501116056
2025-01-07 13:00:00+00:00,opensensemap_3,13.635936356889186,63.922785421040224,1011.370964648279,54.86,23.86,22.662507035296642
2025-01-07 14:00:00+00:00,opensensemap_3,11.733385936576413,62.19066622339029,1012.3659961336913,54.86,23.86,20.96157473050286
2025-01-07 15:00:00+00:00,opensensemap_3,10.019415694108082,67.15215729421956,1011.9818606993716,54.86,23.86,22.390500133057657
2025-01-07 16:00:00+00:00,opensensemap_3,7.974117311743171,71.4798634700242,1012.8227328226707,54.86,23.86,23.41132107998333
2025-01-07 17:00:00+00:00,opensensemap_3,8.263084155291597,70.979752876318,1012.3333949340797,54.86,23.86,21.839133743004282
2025-01-07 18:00:00+00:00,opensensemap_3,8.047828198560875,73.63077095302363,1012.1535852156686,54.86,23.86,22.266150893713018
2025-01-07 19:00:00+00:00,opensensemap_3,8.246099270230165,71.52558490006048,1013.1747414098019,54.86,23.86,24.704337995331237
2025-01-07 20:00:00+00:00,opensensemap_3,9.670880299989689,71.02595737990848,1011.8077104296977,54.86,23.86,23.952758014650847
2025-01-07 21:00:00+00:00,opensensemap_3,9.663601307949472,68.61661497561256,1011.5846940009346,54.86,23.86,22.939186600705195
2025-01-07 22:00:00+00:00,opensensemap_3,12.142863033639717,65.11752591338657,1012.7863435217323,54.86,23.86,24.19095322101223
2025-01-07 23:00:00+00:00,opensensemap_3,12.93572332328968,59.96628067455624,1012.8799893728002,54.86,23.86,21.109281197043423
2025-01-08 00:00:00+00:00,opensensemap_3,14.843186711126982,60.68660786552379,1013.406628198358,54.86,23.86,21.607054973564356
2025-01-08 01:00:00+00:00,opensensemap_3,17.40865653483757,56.6418548344818,1013.1702456924223,54.86,23.86,18.901254980768304
2025-01-08 02:00:00+00:00,opensensemap_3,18.606035161955504,49.80127252740607,1013.2361900042773,54.86,23.86,19.58139504613584
2025-01-08 03:00:00+00:00,opensensemap_3,20.95239745885585,51.41208670588166,1013.7215506913674,54.86,23.86,19.673719160681983
2025-01-08 04:00:00+00:00,opensensemap_3,21.651300908411617,48.94682371050524,1012.5444354519115,54.86,23.86,20.83525265249091
2025-01-08 05:00:00+00:00,opensensemap_3,22.158397386018358,45.82906401120001,1013.4163233739432,54.86,23.86,20.336115673837007
2025-01-08 06:00:00+00:00,opensensemap_3,21.531721761899515,49.63333416151198,1012.8629439662368,54.86,23.86,20.934194577095443
2025-01-08 07:00:00+00:00,opensensemap_3,23.030025424416277,50.12951693860141,1013.5413808085809,54.86,23.86,18.28126542956838
2025-01-08 08:00:00+00:00,opensensemap_3,21.619429374814736,46.70692654789529,1014.3235947708864,54.86,23.86,19.218299214192704
2025-01-08 09:00:00+00:00,opensensemap_3,18.866467966466555,51.94606664008025,1013.7143986947391,54.86,23.86,19.768711657293345
2025-01-08 10:00:00+00:00,opensensemap_3,19.162936128296895,52.32326796747929,1014.6149464481738,54.86,23.86,19.076449679519758
2025-01-08 11:00:00+00:00,opensensemap_3,16.317250493856864,54.377723360030764,1014.1989880497927,54.86,23.86,20.007770231790914
2025-01-08 12:00:00+00:00,opensensemap_3,15.578084531975877,58.98485504701073,1014.2871455045914,54.86,23.86,18.646004034457707
2025-01-08 13:00:00+00:00,opensensemap_3,12.635892023712234,63.22857291874197,1014.8314241766493,54.86,23.86,17.087309627595634
2025-01-08 14:00:00+00:00,opensensemap_3,12.151620627523839,67.6424331631506,1014.3875320553126,54.86,23.86,16.47400497107436
2025-01-08 15:00:00+00:00,opensensemap_3,9.393925498969587,67.44219084345623,1014.9322516264638,54.86,23.86,15.285296253385743
2025-01-08 16:00:00+00:00,opensensemap_3,9.03644272590931,70.46376485279862,1015.2156477535628,54.86,23.86,14.858609013883452
2025-01-08 17:00:00+00:00,opensensemap_3,8.52774963688122,70.96003379535694,1014.2557183108406,54.86,23.86,12.706143638741166
2025-01-08 18:00:00+00:00,opensensemap_3,8.219215582335044,69.17634023143856,1014.2636520975964,54.86,23.86,12.68105398651641
2025-01-08 19:00:00+00:00,opensensemap_3,8.6005807400773,69.69604262455407,1015.0885883308687,54.86,23.86,14.152436359825312
2025-01-08 20:00:00+00:00,opensensemap_3,8.984156462838568,69.73928510112458,1015.2029846174911,54.86,23.86,15.602148402240278
2025-01-08 21:00:00+00:00,opensensemap_3,9.346609069410844,70.18679289578931,1015.4945302381768,54.86,23.86,17.39830121148625
2025-01-08 22:00:00+00:00,opensensemap_3,12.055880516501485,65.1840481227175,1016.1021136681784,54.86,23.86,14.557815352122464
2025-01-08 23:00:00+00:00,opensensemap_3,12.748184361148919,66.04696471865492,1014.98900449582,54.86,23.86,8.97962783372844
2025-01-09 00:00:00+00:00,opensensemap_3,15.97798755370937,59.417411594141655,1014.8363927771255,54.86,23.86,13.256188997994503
2025-01-09 01:00:00+00:00,opensensemap_3,17.00525886722547,58.02029413720783,1016.0935277864112,54.86,23.86,14.703339673517025
2025-01-09 02:00:00+00:00,opensensemap_3,18.56716253171128,52.97056248604014,1015.0444400839297,54.86,23.86,13.921630741464956
2025-01-09 03:00:00+00:00,opensensemap_3,19.741686130957,51.19872457539919,1015.7950295600749,54.86,23.86,11.654841947589881
2025-01-09 04:00:00+00:00,opensensemap_3,21.513371168046934,48.64087552689268,1015.2973275276743,54.86,23.86,11.429030840833363
2025-01-09 05:00:00+00:00,opensensemap_3,21.56998115343869,46.35493210159272,1016.5127533437658,54.86,23.86,9.215843841906954
2025-01-09 06:00:00+00:00,opensensemap_3,21.81462327426612,49.95278748545644,1016.3085149194765,54.86,23.86,13.786272301104967
2025-01-09 07:00:00+00:00,opensensemap_3,21.602535290228015,47.538129420555585,1015.2046845344962,54.86,23.86,8.808843829199862
2025-01-09 08:00:00+00:00,opensensemap_3,20.719379648068045,49.120994728730864,1016.243449997693,54.86,23.86,10.427613369671192
2025-01-09 09:00:00+00:00,opensensemap_3,20.602706321129375,51.042430472563034,1015.8043886550918,54.86,23.86,13.399181781002003
2025-01-09 10:00:00+00:00,opensensemap_3,18.997706415970985,54.76561001213546,1015.2758733446817,54.86,23.86,15.50288779734065
2025-01-09 11:00:00+00:00,opensensemap_3,16.668681898671636,57.85963508007785,1015.3873327655257,54.86,23.86,14.65285655066417
2025-01-09 12:00:00+00:00,opensensemap_3,14.57186759241777,58.41618597417009,1015.2052231389263,54.86,23.86,12.456335519648873
2025-01-09 13:00:00+00:00,opensensemap_3,13.310805204495955,62.57372193578797,1016.4043550721038,54.86,23.86,17.6007889800964
2025-01-09 14:00:00+00:00,opensensemap_3,11.556788062876645,66.77998341291034,1016.0852235339236,54.86,23.86,14.528705986580036
2025-01-09 15:00:00+00:00,opensensemap_3,10.02962389384511,71.26288424601424,1016.5402324406097,54.86,23.86,14.91060207047002
2025-01-09 16:00:00+00:00,opensensemap_3,9.446567256831704,70.3480351649696,1015.4924605680629,54.86,23.86,12.08177155327378
2025-01-09 17:00:00+00:00,opensensemap_3,7.527127139564637,69.9195639038365,1016.3106583482569,54.86,23.86,18.688440994729316
2025-01-09 18:00:00+00:00,opensensemap_3,9.099403961662883,70.35057282055838,1016.461098999701,54.86,23.86,16.96750299492761
2025-01-09 19:00:00+00:00,opensensemap_3,8.574725776394159,72.67772659640659,1015.8407976965588,54.86,23.86,16.515032690540774
2025-01-09 20:00:00+00:00,opensensemap_3,9.39340992003656,72.82759978612836,1015.2153530392285,54.86,23.86,17.492695687053732
2025-01-09 21:00:00+00:00,opensensemap_3,10.309857505800974,70.39067412716427,1016.052008420483,54.86,23.86,15.755871691317703
2025-01-09 22:00:00+00:00,opensensemap_3,11.395977170881217,66.4332262350171,1016.466064106407,54.86,23.86,15.016598700845892
2025-01-09 23:00:00+00:00,opensensemap_3,13.431211398675941,63.69155722032717,1016.4474783249108,54.86,23.86,19.538926140459758
2025-01-10 00:00:00+00:00,opensensemap_3,15.342312231716603,59.0487403450894,1015.2587641714001,54.86,23.86,19.86088238042796
2025-01-10 01:00:00+00:00,opensensemap_3,16.363605211476486,59.52990186472212,1016.0372052879947,54.86,23.86,17.63997332776672
2025-01-10 02:00:00+00:00,opensensemap_3,18.703410555153816,53.96818444047781,1016.6530607109588,54.86,23.86,19.682672023571236
2025-01-10 03:00:00+00:00,opensensemap_3,19.639607108005336,52.735037009237665,1015.9220500270183,54.86,23.86,20.32112015244359
2025-01-10 04:00:00+00:00,opensensemap_3,21.11690323186888,51.95416552433496,1015.8265223921055,54.86,23.86,19.511679340337334
2025-01-10 05:00:00+00:00,opensensemap_3,21.719084237815352,49.29058461261074,1016.4397933900632,54.86,23.86,19.187251464481726
2025-01-10 06:00:00+00:00,opensensemap_3,22.48850599318789,48.754008809009726,1014.9637867845277,54.86,23.86,21.071790092819416
2025-01-10 07:00:00+00:00,opensensemap_3,21.94219097899763,49.00091321606218,1015.7298729423309,54.86,23.86,18.784302979270993
2025-01-10 08:00:00+00:00,opensensemap_3,20.507392769338505,49.02842965818438,1016.007740847994,54.86,23.86,20.166030537468423
2025-01-10 09:00:00+00:00,opensensemap_3,20.87092377636071,51.76847384774726,1015.6039155782353,54.86,23.86,20.479512351489234
2025-01-10 10:00:00+00:00,opensensemap_3,18.058981720435938,54.08840156189107,1014.6888673959022,54.86,23.86,21.175495069391335
2025-01-10 11:00:00+00:00,opensensemap_3,16.711685896527307,57.59899159918289,1016.1521563279255,54.86,23.86,22.77627766721125
2025-01-10 12:00:00+00:00,opensensemap_3,15.26724154726863,59.991760949443524,1015.6103302529602,54.86,23.86,21.218978920331367
2025-01-10 13:00:00+00:00,opensensemap_3,13.7388977202581,61.074775490411106,1015.622958144397,54.86,23.86,16.18461566049975
2025-01-10 14:00:00+00:00,opensensemap_3,12.175660553803967,65.47747429624411,1015.1680552368588,54.86,23.86,23.068280800618556
2025-01-10 15:00:00+00:00,opensensemap_3,9.85727621529126,66.05718028444595,1013.7692097972813,54.86,23.86,21.883338496801898
2025-01-10 16:00:00+00:00,opensensemap_3,8.426451874667205,71.06693091605885,1014.9567910209732,54.86,23.86,21.153454882298373
2025-01-10 17:00:00+00:00,opensensemap_3,8.27553191063525,74.45244956693855,1015.456899127697,54.86,23.86,22.92449334267391
2025-01-10 18:00:00+00:00,opensensemap_3,8.869052975356933,73.46644772788231,1015.0867514827132,54.86,23.86,24.84982743888144
2025-01-10 19:00:00+00:00,opensensemap_3,7.540585935981371,73.94402028477555,1014.6870190921848,54.86,23.86,24.056435738182852
2025-01-10 20:00:00+00:00,opensensemap_3,8.453138792142424,68.04447287875973,1013.9992824449024,54.86,23.86,21.352363057422675
2025-01-10 21:00:00+00:00,opensensemap_3,9.981237010919854,69.26478381968526,1015.060932541573,54.86,23.86,21.99271605404842
2025-01-10 22:00:00+00:00,opensensemap_3,11.587796286818884,67.38864260994397,1014.7740724539389,54.86,23.86,21.834282204560367
2025-01-10 23:00:00+00:00,opensensemap_3,12.681586292442688,62.69580322008062,1013.7096249287587,54.86,23.86,21.42977443044918
2025-01-11 00:00:00+00:00,opensensemap_3,15.051830273425146,59.328954508755636,1013.8737629784335,54.86,23.86,22.091308299281575
2025-01-11 01:00:00+00:00,opensensemap_3,17.8303843971214,53.88213022762085,1013.9716498926321,54.86,23.86,18.42421575035021
2025-01-11 02:00:00+00:00,opensensemap_3,18.93126069420687,53.09175517983093,1013.7030393742715,54.86,23.86,24.91732063243819
2025-01-11 03:00:00+00:00,opensensemap_3,20.266327522707602,51.45912632252725,1014.2585743640251,54.86,23.86,24.627183593045498
2025-01-11 04:00:00+00:00,opensensemap_3,20.961947292025986,48.57407659564871,1014.503475478409,54.86,23.86,22.86900324589052
2025-01-11 05:00:00+00:00,opensensemap_3,22.225097542237673,53.06901407739037,1014.0503364362161,54.86,23.86,21.37508225340577
2025-01-11 06:00:00+00:00,opensensemap_3,22.29745196887691,49.23228009572057,1013.8492282458362,54.86,23.86,20.888920118022877
2025-01-11 07:00:00+00:00,opensensemap_3,21.30375759611011,46.83071810375571,1014.7160336977817,54.86,23.86,21.448427019399585
2025-01-11 08:00:00+00:00,opensensemap_3,20.731092790028338,50.584999627586456,1014.0129457733349,54.86,23.86,18.57372654657299
2025-01-11 09:00:00+00:00,opensensemap_3,18.830274782772708,53.210715853475385,1013.3692372346344,54.86,23.86,20.314564580522394
2025-01-11 10:00:00+00:00,opensensemap_3,18.483786890685966,54.165719165636276,1013.908429421513,54.86,23.86,20.47105147428844
2025-01-11 11:00:00+00:00,opensensemap_3,17.68039687362488,56.510326819457305,1013.873056014756,54.86,23.86,19.311968418243634
2025-01-11 12:00:00+00:00,opensensemap_3,14.493688128507493,61.12438156217499,1013.3538048052152,54.86,23.86,19.76292867131355
2025-01-11 13:00:00+00:00,opensensemap_3,12.597574339729327,59.72378006031869,1012.9124498913317,54.86,23.86,15.483543043404696
2025-01-11 14:00:00+00:00,opensensemap_3,12.195451881443965,65.25753598370316,1012.58935262766,54.86,23.86,16.848410051964365
2025-01-11 15:00:00+00:00,opensensemap_3,9.351425382002935,71.28025715405978,1012.2574733818051,54.86,23.86,17.687480517380838
2025-01-11 16:00:00+00:00,opensensemap_3,9.208239935808646,68.99555761062813,1013.2517317059502,54.86,23.86,14.337206557819155
2025-01-11 17:00:00+00:00,opensensemap_3,8.386915047432462,75.55463092180939,1012.2363427634743,54.86,23.86,17.51494900471331
2025-01-11 18:00:00+00:00,opensensemap_3,8.285740935337591,70.71987212718956,1013.3121561541913,54.86,23.86,15.932487386489926
2025-01-11 19:00:00+00:00,opensensemap_3,9.070287135344845,70.04623737072158,1012.6050644723929,54.86,23.86,17.294190802660765
2025-01-11 20:00:00+00:00,opensensemap_3,9.614109721410182,67.67597273867976,1011.7012935053039,54.86,23.86,17.151555151435392
2025-01-11 21:00:00+00:00,opensensemap_3,10.764597056847084,68.67498016157681,1012.063208610034,54.86,23.86,16.26236215536238
2025-01-11 22:00:00+00:00,opensensemap_3,11.064043696288053,69.90093449756255,1011.4230030069295,54.86,23.86,15.415117270241991
2025-01-11 23:00:00+00:00,opensensemap_3,13.443723624635938,61.469588373148525,1012.6204661014334,54.86,23.86,14.653841853325138
2025-01-12 00:00:00+00:00,opensensemap_3,14.930860753847833,61.64672742228214,1011.7063359833662,54.86,23.86,14.848989326208912
2025-01-12 01:00:00+00:00,opensensemap_3,16.772930428699553,57.676478153351724,1011.045735516638,54.86,23.86,16.50031306306106
2025-01-12 02:00:00+00:00,opensensemap_3,18.47649309225955,54.973170861410914,1010.4992538755035,54.86,23.86,10.198120846091221
2025-01-12 03:00:00+00:00,opensensemap_3,20.044301148342885,52.51229467383976,1011.6678183406257,54.86,23.86,13.777938121449603
2025-01-12 04:00:00+00:00,opensensemap_3,21.8094655822107,49.91910562874435,1011.0139961858245,54.86,23.86,12.282218108553517
2025-01-12 05:00:00+00:00,opensensemap_3,20.55948058668874,47.59053342899005,1010.4481266716083,54.86,23.86,13.977070108442895
2025-01-12 06:00:00+00:00,opensensemap_3,22.497702150940267,46.48940706925413,1011.1556253322241,54.86,23.86,13.142748998856911
2025-01-12 07:00:00+00:00,opensensemap_3,22.07935465534823,47.534037970684345,1010.9084359222355,54.86,23.86,13.793091950424877
2025-01-12 08:00:00+00:00,opensensemap_3,21.722620815696345,48.0342904057075,1010.0344802712877,54.86,23.86,12.771271966855068
2025-01-12 09:00:00+00:00,opensensemap_3,20.44673521000703,52.35670139654108,1010.3500399192246,54.86,23.86,14.646517840432947
2025-01-12 10:00:00+00:00,opensensemap_3,18.748876395437133,54.78360238558809,1010.5773119619455,54.86,23.86,15.708790264150068
2025-01-12 11:00:00+00:00,opensensemap_3,17.51318383884558,54.317885273729296,1010.7038553414945,54.86,23.86,11.873663936275502
2025-01-12 12:00:00+00:00,opensensemap_3,14.390763757374057,57.625803986439166,1011.045815297217,54.86,23.86,12.519103200314147
2025-01-12 13:00:00+00:00,opensensemap_3,13.13638811270636,64.62928515850739,1009.8839277849762,54.86,23.86,11.941025174518158
2025-01-12 14:00:00+00:00,opensensemap_3,12.6215952125062,64.55237608395532,1010.3756301070438,54.86,23.86,12.143669784765606
2025-01-12 15:00:00+00:00,opensensemap_3,10.470774123138161,68.29455449822908,1011.6242786878422,54.86,23.86,14.259704260859802
2025-01-12 16:00:00+00:00,opensensemap_3,9.68553865424225,70.23201892515085,1009.7868202526327,54.86,23.86,14.022603680407133
2025-01-12 17:00:00+00:00,opensensemap_3,8.978853627610992,72.3909526312086,1010.2327585214813,54.86,23.86,12.995657459736837
2025-01-12 18:00:00+00:00,opensensemap_3,8.69925994535653,71.2200441834026,1010.4908697310485,54.86,23.86,11.852213438033253
2025-01-12 19:00:00+00:00,opensensemap_3,8.112275313731836,70.46027398660023,1011.0595867722467,54.86,23.86,15.333866626964943
2025-01-12 20:00:00+00:00,opensensemap_3,8.679678715701352,70.95765082885718,1010.1112907737471,54.86,23.86,15.267387562870834
2025-01-12 21:00:00+00:00,opensensemap_3,10.293896406671058,66.91823657006897,1009.2973771150648,54.86,23.86,19.481360460869006
2025-01-12 22:00:00+00:00,opensensemap_3,11.017588692704752,65.11503333263435,1009.9875792256361,54.86,23.86,14.733652182192614
2025-01-12 23:00:00+00:00,opensensemap_3,12.913357642219395,64.04871723999953,1010.5292404517398,54.86,23.86,16.71936226252839
2025-01-13 00:00:00+00:00,opensensemap_3,14.526097049367525,58.73211504317741,1010.8841556913094,54.86,23.86,14.659357662556678
2025-01-13 01:00:00+00:00,opensensemap_3,17.087513483776494,56.89512439510658,1009.9314887421865,54.86,23.86,17.207734050137358
2025-01-13 02:00:00+00:00,opensensemap_3,18.64000779784107,53.50040922149318,1009.6558327948301,54.86,23.86,16.720442025176077
2025-01-13 03:00:00+00:00,opensensemap_3,20.04144338925448,49.9024968314239,1009.9509879716245,54.86,23.86,16.78546588120875
2025-01-13 04:00:00+00:00,opensensemap_3,21.903490956803175,47.51268364897726,1010.1800960828239,54.86,23.86,19.26467222451872
2025-01-13 05:00:00+00:00,opensensemap_3,21.237030963802262,50.52832782740326,1009.30096330971,54.86,23.86,19.815540779511753
2025-01-13 06:00:00+00:00,opensensemap_3,22.195408098241792,48.7773191819224,1009.573772600186,54.86,23.86,19.245744827090572
2025-01-13 07:00:00+00:00,opensensemap_3,22.316181425401275,48.267192133576216,1009.7027551164722,54.86,23.86,20.747633247298236
2025-01-13 08:00:00+00:00,opensensemap_3,20.881373832138067,48.515635259755456,1009.1843103817046,54.86,23.86,22.009506960592095
2025-01-13 09:00:00+00:00,opensensemap_3,19.382164124919512,51.339168936628546,1010.030635251417,54.86,23.86,18.566014357012453
2025-01-13 10:00:00+00:00,opensensemap_3,17.705110105184083,55.79783355600397,1009.9881952978519,54.86,23.86,20.494197247324752
2025-01-13 11:00:00+00:00,opensensemap_3,16.454122681647377,57.29717928967293,1009.3380788759213,54.86,23.86,23.102548259256405
2025-01-13 12:00:00+00:00,opensensemap_3,15.056138994006615,58.91279269015933,1010.5463105281912,54.86,23.86,22.477362939707223
2025-01-13 13:00:00+00:00,opensensemap_3,13.716508929437072,62.18406441662177,1010.7762661110011,54.86,23.86,21.076347494835538
2025-01-13 14:00:00+00:00,opensensemap_3,11.941991333121907,67.63264221404864,1010.9791266283202,54.86,23.86,21.31071724391254
2025-01-13 15:00:00+00:00,opensensemap_3,9.76498229425817,71.52792873364443,1009.8851624718519,54.86,23.86,24.016273258760176
2025-01-13 16:00:00+00:00,opensensemap_3,9.447335832883244,71.76417699021256,1010.3410876697857,54.86,23.86,24.47893580594901
2025-01-13 17:00:00+00:00,opensensemap_3,8.265888097522668,74.72815406787109,1010.0909579096111,54.86,23.86,23.554598190742315
2025-01-13 18:00:00+00:00,opensensemap_3,7.762206204875478,69.12499483079165,1009.4937804899167,54.86,23.86,21.25171328599827
2025-01-13 19:00:00+00:00,opensensemap_3,8.335448358098137,70.80848450820008,1010.0646886192865,54.86,23.86,22.121165299909126
2025-01-13 20:00:00+00:00,opensensemap_3,8.519849772133432,68.50568934663794,1010.341815626752,54.86,23.86,20.789232862342168
2025-01-13 21:00:00+00:00,opensensemap_3,9.582745151363481,67.08012357886071,1009.9647472073611,54.86,23.86,21.65545136081697
2025-01-13 22:00:00+00:00,opensensemap_3,11.746152673156324,67.0954750278648,1010.7531754928772,54.86,23.86,22.350182205261238
2025-01-13 23:00:00+00:00,opensensemap_3,13.877519373107404,61.986527700629274,1010.5464964693163,54.86,23.86,20.250312113731937
2025-01-14 00:00:00+00:00,opensensemap_3,15.039060734869256,62.77406431053172,1011.7322621033651,54.86,23.86,25.045346589849533
2025-01-14 01:00:00+00:00,opensensemap_3,17.30249375796396,58.92595513239895,1010.2450910601507,54.86,23.86,21.48867302669982
2025-01-14 02:00:00+00:00,opensensemap_3,18.698912631219827,52.51663399786502,1010.6677388618705,54.86,23.86,23.06846547623503
2025-01-14 03:00:00+00:00,opensensemap_3,20.05808603602277,51.627340094622284,1011.4708395967087,54.86,23.86,22.82912905246589
2025-01-14 04:00:00+00:00,opensensemap_3,21.37928800656518,49.36544944146988,1010.1272593738139,54.86,23.86,18.606529293016678
2025-01-14 05:00:00+00:00,opensensemap_3,21.67521088100679,48.85001208981636,1011.1015310066509,54.86,23.86,18.891137797266886
2025-01-14 06:00:00+00:00,opensensemap_3,22.975095524011447,46.423958222556635,1011.689860789231,54.86,23.86,18.509660426726146
2025-01-14 07:00:00+00:00,opensensemap_3,22.47159935641825,45.00570126410182,1010.9039868139851,54.86,23.86,20.118391683375833
2025-01-14 08:00:00+00:00,opensensemap_3,21.74745572457029,50.90172040724089,1011.0169170609778,54.86,23.86,23.10699075834492
2025-01-14 09:00:00+00:00,opensensemap_3,19.904251360411713,52.797014182325675,1011.2032786240428,54.86,23.86,19.578754095720733
2025-01-14 10:00:00+00:00,opensensemap_3,18.075024853195295,54.02145547062865,1010.9761086578318,54.86,23.86,21.382119296317068
2025-01-14 11:00:00+00:00,opensensemap_3,16.526051894922407,58.98379040497951,1011.1292472304996,54.86,23.86,20.66909324527297
2025-01-14 12:00:00+00:00,opensensemap_3,14.64265015637567,61.03551571807669,1011.5998352385241,54.86,23.86,18.33953072320339
2025-01-14 13:00:00+00:00,opensensemap_3,13.525030177521653,62.015822262101075,1010.7476104205351,54.86,23.86,19.89318022395619
2025-01-14 14:00:00+00:00,opensensemap_3,10.72730250395494,66.6253911125347,1011.6950244825981,54.86,23.86,17.00695612949846
2025-01-14 15:00:00+00:00,opensensemap_3,10.06580982905748,72.17891610708483,1011.4791057216013,54.86,23.86,17.381379047273754
2025-01-14 16:00:00+00:00,opensensemap_3,8.768478710009736,71.323634235928,1011.9566457857666,54.86,23.86,17.787810122598536
2025-01-14 17:00:00+00:00,opensensemap_3,7.754810275513165,72.38058502991015,1012.4580545285245,54.86,23.86,14.013127675199318
2025-01-14 18:00:00+00:00,opensensemap_3,8.351077158351204,70.96378997380376,1012.0673725134227,54.86,23.86,14.840702738701232
2025-01-14 19:00:00+00:00,opensensemap_3,8.330506881888029,71.13242596931333,1012.086088523242,54.86,23.86,15.304548962871404
2025-01-14 20:00:00+00:00,opensensemap_3,9.115000839116938,70.73262228041969,1012.9314611951145,54.86,23.86,14.622846109683985
2025-01-14 21:00:00+00:00,opensensemap_3,10.423893999492119,68.4384062564266,1013.4994861282123,54.86,23.86,14.733285147385063
2025-01-14 22:00:00+00:00,opensensemap_3,11.28827626171815,65.78101259818939,1013.1640771963168,54.86,23.86,14.176086045886686
2025-01-14 23:00:00+00:00,opensensemap_3,13.226091874359085,65.72179588676062,1012.8647425377396,54.86,23.86,12.415615501937882
2025-01-15 00:00:00+00:00,opensensemap_3,15.51673736895834,60.316695356326804,1012.174878649302,54.86,23.86,11.413248805956
2025-01-15 01:00:00+00:00,opensensemap_3,16.338514435385733,59.24484951441029,1013.1023065636034,54.86,23.86,14.346247404056465
2025-01-15 02:00:00+00:00,opensensemap_3,18.874601500465705,54.22653860202015,1013.354023211685,54.86,23.86,13.042630182485759
2025-01-15 03:00:00+00:00,opensensemap_3,19.867781298672675,52.0449052352591,1013.39041621392,54.86,23.86,14.914080846066355
2025-01-15 04:00:00+00:00,opensensemap_3,22.350997312842058,49.79140950495816,1013.6666133689391,54.86,23.86,15.926994889608997
2025-01-15 05:00:00+00:00,opensensemap_3,20.900878716823218,46.682483129499964,1013.5710753205007,54.86,23.86,15.114951765133739
2025-01-15 06:00:00+00:00,opensensemap_3,22.199895967878373,49.69538292991836,1013.8199795961808,54.86,23.86,14.32165356894222
2025-01-15 07:00:00+00:00,opensensemap_3,21.78159670083028,46.749231290969696,1014.061691948558,54.86,23.86,10.440443738522385
2025-01-15 08:00:00+00:00,opensensemap_3,22.63486230833982,48.87233011791712,1014.6461156490327,54.86,23.86,10.00503251159989
2025-01-15 09:00:00+00:00,opensensemap_3,19.98782744405075,52.586860693416334,1013.6292734410837,54.86,23.86,12.756734943429336
2025-01-15 10:00:00+00:00,opensensemap_3,18.525672047683624,53.28280508993123,1015.0377480787353,54.86,23.86,15.753851505088782
2025-01-15 11:00:00+00:00,opensensemap_3,17.583063851923665,56.08248193649582,1014.1736362856167,54.86,23.86,14.740496776550291
2025-01-15 12:00:00+00:00,opensensemap_3,15.230503433369908,59.86626061351825,1013.7666554262665,54.86,23.86,14.343125964906477
2025-01-15 13:00:00+00:00,opensensemap_3,13.42136607463756,61.62919516148864,1015.0521701428636,54.86,23.86,14.513405625719276
2025-01-15 14:00:00+00:00,opensensemap_3,11.393472070518369,64.83199726615534,1014.6696038214864,54.86,23.86,16.078551555517468
2025-01-15 15:00:00+00:00,opensensemap_3,9.323951927959758,68.5339739122847,1015.0361534947201,54.86,23.86,17.383229848041093
2025-01-15 16:00:00+00:00,opensensemap_3,8.533616475065083,71.94443662633563,1015.16813264477,54.86,23.86,17.258241159304553
2025-01-15 17:00:00+00:00,opensensemap_3,8.171926849424919,71.79763525994485,1014.4959756625257,54.86,23.86,13.57148611815014
2025-01-15 18:00:00+00:00,opensensemap_3,7.712030462936332,72.17368571787928,1014.4162527912786,54.86,23.86,18.196592516591966
2025-01-15 19:00:00+00:00,opensensemap_3,8.615638788973813,73.43969942249261,1014.5621717236438,54.86,23.86,15.888675095213717
2025-01-15 20:00:00+00:00,opensensemap_3,8.887372983668193,70.83592118573672,1015.2235412687952,54.86,23.86,15.395970152721409
2025-01-15 21:00:00+00:00,opensensemap_3,9.927707624102505,66.3377036176161,1014.1520575643184,54.86,23.86,17.650273186897376
2025-01-15 22:00:00+00:00,opensensemap_3,12.201148672203969,65.3913357483439,1014.1054884113892,54.86,23.86,14.984739610925821
2025-01-15 23:00:00+00:00,opensensemap_3,12.485417139580035,63.50939773217483,1015.6370460831473,54.86,23.86,15.459427045697797
