timestamp,entity_id,temperature,relative_humidity,pressure,latitude,longitude,energy
2025-01-01 00:00:00+00:00,bdg2_0,15.81217268183162,59.08236537952489,1012.7359141238683,54.8,23.8,23.92703137784383
2025-01-01 01:00:00+00:00,bdg2_0,17.244437130379985,53.441863413449326,1013.9845794649373,54.8,23.8,22.944697873592293
2025-01-01 02:00:00+00:00,bdg2_0,18.65951954802855,53.62594443678388,1013.9552442492817,54.8,23.8,20.439859290502348
2025-01-01 03:00:00+00:00,bdg2_0,19.788538866299078,50.93863709375881,1013.9027781494776,54.8,23.8,20.36457482675323
2025-01-01 04:00:00+00:00,bdg2_0,20.97596372271585,48.290907527704675,1013.4682336718863,54.8,23.8,21.25268819479363
2025-01-01 05:00:00+00:00,bdg2_0,21.211171195417016,50.1259756492906,1014.0085301817852,54.8,23.8,20.67286520745653
2025-01-01 06:00:00+00:00,bdg2_0,22.450427974632206,46.9744082112385,1013.6061176891096,54.8,23.8,19.06423056574093
2025-01-01 07:00:00+00:00,bdg2_0,21.627536744210467,49.20442328463846,1013.4306267594449,54.8,23.8,19.77361734169868
2025-01-01 08:00:00+00:00,bdg2_0,20.718591476431275,48.33988669233866,1013.5486424578143,54.8,23.8,20.657208382158903
2025-01-01 09:00:00+00:00,bdg2_0,19.391092293988194,51.86634217248707,1014.8207382744205,54.8,23.8,22.2065102546446
2025-01-01 10:00:00+00:00,bdg2_0,18.40408222381919,52.66855655387275,1013.7224439262238,54.8,23.8,24.192454601027748
2025-01-01 11:00:00+00:00,bdg2_0,16.83713719310566,55.938677988915714,1014.295133815293,54.8,23.8,25.806159910966237
2025-01-01 12:00:00+00:00,bdg2_0,15.060079476240814,60.92580466456113,1014.4517363773306,54.8,23.8,24.647750153506482
2025-01-01 13:00:00+00:00,bdg2_0,12.617007585271283,62.58181445761094,1014.2973587681317,54.8,23.8,26.8807184166948
2025-01-01 14:00:00+00:00,bdg2_0,11.919491706937254,67.39665312195534,1014.6427936626271,54.8,23.8,28.385141164270728
2025-01-01 15:00:00+00:00,bdg2_0,9.673053561195843,70.3645836070885,1014.852561139755,54.8,23.8,28.23744107083002
2025-01-01 16:00:00+00:00,bdg2_0,9.18208124677768,70.27894727588168,1015.2557748679167,54.8,23.8,30.84994383534439
2025-01-01 17:00:00+00:00,bdg2_0,9.331306919243103,69.49636541223661,1014.0594036540057,54.8,23.8,29.32516326849889
2025-01-01 18:00:00+00:00,bdg2_0,8.080018534723916,73.31425338167433,1015.0282868791969,54.8,23.8,27.977798784175995
2025-01-01 19:00:00+00:00,bdg2_0,8.085417209662335,72.83307187937969,1015.0719096015166,54.8,23.8,30.59164031175737
2025-01-01 20:00:00+00:00,bdg2_0,8.826658102203751,70.09116774201827,1015.133798908807,54.8,23.8,29.740178666130447
2025-01-01 21:00:00+00:00,bdg2_0,10.149402391757551,68.66379434294976,1014.7859892004151,54.8,23.8,28.913097692253658
2025-01-01 22:00:00+00:00,bdg2_0,11.560910635495715,67.69422586186788,1015.7986145554403,54.8,23.8,27.68515641748395
2025-01-01 23:00:00+00:00,bdg2_0,13.00062420923729,62.147732930048925,1015.4856623464684,54.8,23.8,26.371435293861165
2025-01-02 00:00:00+00:00,bdg2_0,14.82807316221446,60.06539528525137,1015.03549402543,54.8,23.8,25.69803203407222
2025-01-02 01:00:00+00:00,bdg2_0,16.588169033324647,58.730933015977996,1015.6155391601955,54.8,23.8,24.29948329772446
2025-01-02 02:00:00+00:00,bdg2_0,17.952544077129478,54.254073649588,1015.8489945484962,54.8,23.8,21.546299398192065
2025-01-02 03:00:00+00:00,bdg2_0,19.816638215304017,51.56364044580147,1014.8536139375615,54.8,23.8,21.779625486109556
2025-01-02 04:00:00+00:00,bdg2_0,21.485258150283585,48.318421243338754,1015.7733492006854,54.8,23.8,19.35758956984038
2025-01-02 05:00:00+00:00,bdg2_0,21.742133029390452,45.985231552476236,1016.2130550346317,54.8,23.8,20.579271406491486
2025-01-02 06:00:00+00:00,bdg2_0,21.98769152206211,46.83725757124626,1016.3397845687866,54.8,23.8,21.967101749254734
2025-01-02 07:00:00+00:00,bdg2_0,20.832489851800105,50.26313613021041,1016.5635121441843,54.8,23.8,20.508382565129132
2025-01-02 08:00:00+00:00,bdg2_0,20.46254381032348,50.90271313090276,1015.7021610948935,54.8,23.8,20.065952353284548
2025-01-02 09:00:00+00:00,bdg2_0,19.334718400472347,52.340524869725755,1016.2280534238848,54.8,23.8,20.840935364387473
2025-01-02 10:00:00+00:00,bdg2_0,18.760288168536686,52.28348791556529,1016.2676489332941,54.8,23.8,22.546567298424147
2025-01-02 11:00:00+00:00,bdg2_0,16.71844842976397,56.74155264997603,1016.3322205573701,54.8,23.8,24.456316414352404
2025-01-02 12:00:00+00:00,bdg2_0,15.264732662176357,60.206551814996075,1015.9636943005019,54.8,23.8,25.61838026199852
2025-01-02 13:00:00+00:00,bdg2_0,13.304513963871727,64.12965565152696,1015.7926410329409,54.8,23.8,23.85925746140546
2025-01-02 14:00:00+00:00,bdg2_0,12.019412300929712,69.28046947046137,1016.1871747004597,54.8,23.8,27.399844766716498
2025-01-02 15:00:00+00:00,bdg2_0,9.982030159746158,68.30670009257634,1015.9898413338298,54.8,23.8,27.413515177185847
2025-01-02 16:00:00+00:00,bdg2_0,8.679274944548816,68.89676460393787,1016.1160109722374,54.8,23.8,29.03348586655133
2025-01-02 17:00:00+00:00,bdg2_0,8.486124877965507,71.32905517585507,1016.4910697082757,54.8,23.8,30.04316303278078
2025-01-02 18:00:00+00:00,bdg2_0,9.095349864484866,69.15545861566336,1015.6765416558726,54.8,23.8,30.901486891648712
2025-01-02 19:00:00+00:00,bdg2_0,9.50268206937972,71.21815774889563,1016.0197366109544,54.8,23.8,29.603314888931738
2025-01-02 20:00:00+00:00,bdg2_0,9.603550729802723,69.96134305019923,1016.3316463114826,54.8,23.8,29.010325420023523
2025-01-02 21:00:00+00:00,bdg2_0,9.413973154071172,68.95560295493371,1016.2327290363975,54.8,23.8,29.828759788465
2025-01-02 22:00:00+00:00,bdg2_0,11.444776486791332,65.07395690443147,1016.2478730269848,54.8,23.8,27.74073709223774
2025-01-02 23:00:00+00:00,bdg2_0,13.328599222843673,62.99615948560933,1016.5278687046969,54.8,23.8,26.66358794188833
2025-01-03 00:00:00+00:00,bdg2_0,15.952329354170487,61.66658504784076,1016.2543086345955,54.8,23.8,23.372561659383745
2025-01-03 01:00:00+00:00,bdg2_0,17.112892955865455,57.52459476424035,1016.303253315269,54.8,23.8,24.750346869194658
2025-01-03 02:00:00+00:00,bdg2_0,18.29956090410554,55.23600842767561,1015.585565701849,54.8,23.8,24.45487807500903
2025-01-03 03:00:00+00:00,bdg2_0,19.283771635047202,48.87368578516326,1015.0062893580131,54.8,23.8,20.573910509904216
2025-01-03 04:00:00+00:00,bdg2_0,20.50262012721121,52.5418135101422,1015.6293714968936,54.8,23.8,19.32719719170037
2025-01-03 05:00:00+00:00,bdg2_0,22.318672272413373,47.529104176298794,1015.1312600793392,54.8,23.8,21.04620979620396
2025-01-03 06:00:00+00:00,bdg2_0,22.311681088289017,47.34756497556716,1016.4066766038278,54.8,23.8,20.129101579710724
2025-01-03 07:00:00+00:00,bdg2_0,22.569955583452128,49.163001407531034,1016.4317489508238,54.8,23.8,20.279773564980086
2025-01-03 08:00:00+00:00,bdg2_0,20.452305628001557,53.281748128178826,1015.3251891273621,54.8,23.8,20.471035118188905
2025-01-03 09:00:00+00:00,bdg2_0,19.599548215845214,51.20962695231458,1015.6615073182257,54.8,23.8,21.66629627294126
2025-01-03 10:00:00+00:00,bdg2_0,18.830510143799348,56.68823731346335,1015.4184840370538,54.8,23.8,21.266879264553573
2025-01-03 11:00:00+00:00,bdg2_0,16.22057425246283,55.89553968147106,1014.5766954354906,54.8,23.8,24.53093459892638
2025-01-03 12:00:00+00:00,bdg2_0,14.750893218184476,59.533522532545696,1015.3445487059852,54.8,23.8,23.603379575404556
2025-01-03 13:00:00+00:00,bdg2_0,12.75760850389434,64.11789582976219,1015.5831847348295,54.8,23.8,25.850923294811963
2025-01-03 14:00:00+00:00,bdg2_0,12.405267457062735,64.04140961616338,1015.026662010412,54.8,23.8,27.269160256864524
2025-01-03 15:00:00+00:00,bdg2_0,8.653710031620896,71.39157459466269,1015.3044863508297,54.8,23.8,27.490944524024947
2025-01-03 16:00:00+00:00,bdg2_0,9.963408894937658,71.27079784567182,1015.2552812833238,54.8,23.8,28.723128620722143
2025-01-03 17:00:00+00:00,bdg2_0,8.29163057799413,69.30258944112478,1015.3543752810468,54.8,23.8,29.45519081260212
2025-01-03 18:00:00+00:00,bdg2_0,8.067024098277312,73.80308229329955,1015.0128434610007,54.8,23.8,30.26246744546327
2025-01-03 19:00:00+00:00,bdg2_0,8.376768868387613,70.49120250962585,1015.1994629164376,54.8,23.8,31.37298824224983
2025-01-03 20:00:00+00:00,bdg2_0,9.317225003557896,71.71966806711059,1014.2513194147318,54.8,23.8,28.462339796049264
2025-01-03 21:00:00+00:00,bdg2_0,9.32981451954824,70.33366098048124,1014.4690062957424,54.8,23.8,29.93537784841373
2025-01-03 22:00:00+00:00,bdg2_0,11.1090441586566,65.34373652575712,1014.5477125435956,54.8,23.8,28.42145006865951
2025-01-03 23:00:00+00:00,bdg2_0,13.218641782182118,63.422515673741806,1014.4100696684719,54.8,23.8,26.471282945788555
2025-01-04 00:00:00+00:00,bdg2_0,14.441764991057623,60.121390651459926,1014.2083617205969,54.8,23.8,24.943175519114156
2025-01-04 01:00:00+00:00,bdg2_0,17.057901593685948,55.87315424725645,1014.157422059257,54.8,23.8,23.408542891713907
2025-01-04 02:00:00+00:00,bdg2_0,18.708651002487425,55.1771559765234,1013.6183104419124,54.8,23.8,23.085910431102622
2025-01-04 03:00:00+00:00,bdg2_0,20.98263912841525,49.30798323701249,1013.575751238208,54.8,23.8,20.583888494223093
2025-01-04 04:00:00+00:00,bdg2_0,20.922628965719422,52.04196878351775,1013.8909418614063,54.8,23.8,19.975179385790586
2025-01-04 05:00:00+00:00,bdg2_0,22.072382536176264,47.509183287924905,1014.3381632163184,54.8,23.8,20.47563790879867
2025-01-04 06:00:00+00:00,bdg2_0,22.694389698185134,47.00798363527047,1015.182991358055,54.8,23.8,20.824584625033456
2025-01-04 07:00:00+00:00,bdg2_0,22.08877086031683,48.33210741311969,1013.1949362619216,54.8,23.8,19.302602190931065
2025-01-04 08:00:00+00:00,bdg2_0,20.994189163440776,48.41179047634704,1013.5884646546527,54.8,23.8,19.84377554923049
2025-01-04 09:00:00+00:00,bdg2_0,20.260288818725346,52.948901181948465,1012.9829731746088,54.8,23.8,22.657152161821948
2025-01-04 10:00:00+00:00,bdg2_0,18.38102903212393,55.7329318291323,1013.4432734544049,54.8,23.8,23.622328321657076
2025-01-04 11:00:00+00:00,bdg2_0,16.313223417952795,56.73398047860093,1013.8378882131244,54.8,23.8,23.08786792680582
2025-01-04 12:00:00+00:00,bdg2_0,13.981399387159607,57.08611622778531,1011.746779673662,54.8,23.8,22.88583607808317
2025-01-04 13:00:00+00:00,bdg2_0,12.98244710268811,65.02362066549284,1012.6667117774144,54.8,23.8,26.617622579114038
2025-01-04 14:00:00+00:00,bdg2_0,11.445004254918205,66.01282341815403,1012.6917102993684,54.8,23.8,27.325819655692
2025-01-04 15:00:00+00:00,bdg2_0,10.280834581682694,66.72130736707656,1013.1691701603575,54.8,23.8,29.455551839180487
2025-01-04 16:00:00+00:00,bdg2_0,8.840293503070987,71.60039498176153,1012.2022009883428,54.8,23.8,28.79290399504685
2025-01-04 17:00:00+00:00,bdg2_0,8.316651141111565,71.30577837784153,1012.2178961621754,54.8,23.8,29.157181092658746
2025-01-04 18:00:00+00:00,bdg2_0,7.721252639106979,73.40875311629473,1011.3607754952969,54.8,23.8,30.352494364369335
2025-01-04 19:00:00+00:00,bdg2_0,8.120300740070027,72.68283016546829,1012.4810796715121,54.8,23.8,27.04709466379242
2025-01-04 20:00:00+00:00,bdg2_0,9.23014547874763,70.8787162105859,1012.1266658950806,54.8,23.8,28.86145320264431
2025-01-04 21:00:00+00:00,bdg2_0,10.47689314267197,67.86573740967204,1012.9265216274594,54.8,23.8,29.099916761427057
2025-01-04 22:00:00+00:00,bdg2_0,12.56891403371974,64.82169900461965,1011.0260141067844,54.8,23.8,28.214789597485815
2025-01-04 23:00:00+00:00,bdg2_0,13.614618715145006,63.158868686812376,1011.0309273041684,54.8,23.8,25.846200040796482
2025-01-05 00:00:00+00:00,bdg2_0,15.308992766960161,59.72373551151939,1011.6403561899111,54.8,23.8,24.82454103133825
2025-01-05 01:00:00+00:00,bdg2_0,16.344775987904374,56.09464096964439,1010.8849164049205,54.8,23.8,25.47386472279844
2025-01-05 02:00:00+00:00,bdg2_0,18.262313562430997,54.71641527272635,1010.9890570276793,54.8,23.8,23.29452823960109
2025-01-05 03:00:00+00:00,bdg2_0,19.01316697948818,52.89564130284386,1011.3862198080146,54.8,23.8,23.575071147667973
2025-01-05 04:00:00+00:00,bdg2_0,20.40891079006907,49.722265874826114,1011.493655732751,54.8,23.8,21.90277217345404
2025-01-05 05:00:00+00:00,bdg2_0,21.550052303328087,48.53858669431761,1010.1473060787408,54.8,23.8,19.340202004531953
2025-01-05 06:00:00+00:00,bdg2_0,22.225807975277622,49.65626148945482,1010.9886624598911,54.8,23.8,22.05635552319829
2025-01-05 07:00:00+00:00,bdg2_0,22.641605397248025,48.31791134686897,1009.8363862655788,54.8,23.8,18.392804492748667
2025-01-05 08:00:00+00:00,bdg2_0,20.67324841317736,51.28145681647299,1011.1146179305791,54.8,23.8,18.575625164854998
2025-01-05 09:00:00+00:00,bdg2_0,19.835364553870743,53.93476068760612,1010.691277312789,54.8,23.8,20.714496476791602
2025-01-05 10:00:00+00:00,bdg2_0,19.527312051259063,54.08011430519751,1010.5612658351174,54.8,23.8,22.850167158828274
2025-01-05 11:00:00+00:00,bdg2_0,16.82031567890471,56.250458041417076,1011.3303129948397,54.8,23.8,24.82160657727187
2025-01-05 12:00:00+00:00,bdg2_0,15.420430779070559,59.84566917363968,1011.2279557407957,54.8,23.8,24.950297420841316
2025-01-05 13:00:00+00:00,bdg2_0,13.421588317896795,64.65635884313946,1010.9906288408329,54.8,23.8,28.08384990871886
2025-01-05 14:00:00+00:00,bdg2_0,11.725642008020074,63.47391002119766,1009.9411986245609,54.8,23.8,28.850106818681734
2025-01-05 15:00:00+00:00,bdg2_0,9.884610946727854,69.0650900919382,1010.0340995740497,54.8,23.8,29.53641532961304
2025-01-05 16:00:00+00:00,bdg2_0,8.745406049092542,72.57946720332752,1010.1358067781977,54.8,23.8,30.448260415639883
2025-01-05 17:00:00+00:00,bdg2_0,8.575717268386958,70.5075220573476,1010.8971519858598,54.8,23.8,28.92799464096934
2025-01-05 18:00:00+00:00,bdg2_0,7.588766405547874,73.08256693816904,1009.9844223955598,54.8,23.8,29.40615693274549
2025-01-05 19:00:00+00:00,bdg2_0,8.06656886137133,70.09085613066004,1010.772810437227,54.8,23.8,30.438143829930187
2025-01-05 20:00:00+00:00,bdg2_0,8.903157825163689,70.22971674465296,1010.432456510451,54.8,23.8,31.09546211944126
2025-01-05 21:00:00+00:00,bdg2_0,10.485737432960278,67.72259567282548,1010.5570596116993,54.8,23.8,28.416762733829657
2025-01-05 22:00:00+00:00,bdg2_0,11.400500908098135,68.79970706272819,1009.9238126338024,54.8,23.8,27.0208150848726
2025-01-05 23:00:00+00:00,bdg2_0,12.21221404065972,61.002334823050575,1010.3277839905002,54.8,23.8,25.59917432432738
2025-01-06 00:00:00+00:00,bdg2_0,15.257706900891586,58.32769342145115,1009.6915613502887,54.8,23.8,25.67457070695603
2025-01-06 01:00:00+00:00,bdg2_0,17.542179505949186,57.782880660905775,1010.6512160011607,54.8,23.8,25.4104989458598
2025-01-06 02:00:00+00:00,bdg2_0,19.020044576577035,52.622339942549985,1009.9808351650709,54.8,23.8,23.13019567068492
2025-01-06 03:00:00+00:00,bdg2_0,19.742324017661698,52.19263768174329,1009.229285227623,54.8,23.8,20.63583811521087
2025-01-06 04:00:00+00:00,bdg2_0,21.32661769928365,46.252065387918044,1009.4545323573142,54.8,23.8,20.65215466316767
2025-01-06 05:00:00+00:00,bdg2_0,20.901783546713716,48.494571578654316,1009.6023241402889,54.8,23.8,19.878776273053827
2025-01-06 06:00:00+00:00,bdg2_0,21.870508573299734,48.28393979633799,1009.7181056327089,54.8,23.8,20.08968640732259
2025-01-06 07:00:00+00:00,bdg2_0,21.460902383698784,49.24300034964727,1010.8490024422789,54.8,23.8,20.367240647804955
2025-01-06 08:00:00+00:00,bdg2_0,21.14711245416487,47.86168319784491,1010.3550717212867,54.8,23.8,19.911805652521565
2025-01-06 09:00:00+00:00,bdg2_0,19.54532387006978,52.35087780504846,1010.1093827424992,54.8,23.8,22.571641545016316
2025-01-06 10:00:00+00:00,bdg2_0,19.22143846424816,53.19047765669625,1010.0976960164026,54.8,23.8,24.26041518357532
2025-01-06 11:00:00+00:00,bdg2_0,17.295002940832166,57.963745034224665,1010.7054036128678,54.8,23.8,23.101301805323025
2025-01-06 12:00:00+00:00,bdg2_0,15.318291704707299,62.11388008404604,1010.8856724062654,54.8,23.8,24.193815182617787
2025-01-06 13:00:00+00:00,bdg2_0,13.062429580466665,63.679901301816756,1009.9577238496279,54.8,23.8,25.90227898570454
2025-01-06 14:00:00+00:00,bdg2_0,11.842000664090989,65.46988502569947,1009.2393251370416,54.8,23.8,27.86184731583956
2025-01-06 15:00:00+00:00,bdg2_0,9.838006136408707,67.38798490164307,1009.3854809337469,54.8,23.8,29.54935637290444
2025-01-06 16:00:00+00:00,bdg2_0,7.82426585758392,67.84330443832982,1010.0694557227868,54.8,23.8,30.559082604572893
2025-01-06 17:00:00+00:00,bdg2_0,8.893372168817844,69.85863596307478,1010.1614971343984,54.8,23.8,28.319172756357776
2025-01-06 18:00:00+00:00,bdg2_0,8.505603531887454,69.78515600921973,1010.2254955237892,54.8,23.8,31.032983778949752
2025-01-06 19:00:00+00:00,bdg2_0,8.127312201711565,73.79635043120743,1009.9126497078908,54.8,23.8,30.198819600992216
2025-01-06 20:00:00+00:00,bdg2_0,9.364463266420795,70.18273724975165,1011.0950809207698,54.8,23.8,29.87825660361039
2025-01-06 21:00:00+00:00,bdg2_0,9.231527735189967,74.42318543029558,1010.7841492243605,54.8,23.8,28.64287719975635
2025-01-06 22:00:00+00:00,bdg2_0,10.800593590666779,66.1226517282084,1010.2913122616317,54.8,23.8,28.144353666030312
2025-01-06 23:00:00+00:00,bdg2_0,13.374101829888268,65.88534276883435,1010.6573323469631,54.8,23.8,26.807600705501166
2025-01-07 00:00:00+00:00,bdg2_0,15.186228425755711,59.77726529541092,1010.5628054539359,54.8,23.8,26.101000202668487
2025-01-07 01:00:00+00:00,bdg2_0,17.20174688338696,55.950009052689076,1010.1693667790771,54.8,23.8,23.63849474954054
2025-01-07 02:00:00+00:00,bdg2_0,19.08071999083716,53.95870592059809,1011.6740619291245,54.8,23.8,21.72492971292659
2025-01-07 03:00:00+00:00,bdg2_0,20.02056773713875,47.74026283431278,1010.5808457159852,54.8,23.8,21.15534477542539
2025-01-07 04:00:00+00:00,bdg2_0,21.317646713737105,52.17368791259345,1010.9769535813691,54.8,23.8,22.12379056268663
2025-01-07 05:00:00+00:00,bdg2_0,22.092321322256467,49.88841835484928,1010.8100603377527,54.8,23.8,21.5553622122033
2025-01-07 06:00:00+00:00,bdg2_0,21.463517860644178,48.74273791680047,1010.6534995440707,54.8,23.8,19.481854447601243
2025-01-07 07:00:00+00:00,bdg2_0,21.030778981662433,47.634368221562134,1011.394097891535,54.8,23.8,20.101600405476013
2025-01-07 08:00:00+00:00,bdg2_0,20.38829535586425,51.813804939623765,1011.4786502949634,54.8,23.8,21.67793841415356
2025-01-07 09:00:00+00:00,bdg2_0,20.34236092812319,50.51741697531059,1010.431380291148,54.8,23.8,20.54904172583555
2025-01-07 10:00:00+00:00,bdg2_0,19.11257792463662,52.419680889449516,1011.908021842162,54.8,23.8,21.887593026871173
2025-01-07 11:00:00+00:00,bdg2_0,17.008287938144633,54.15829167983196,1012.1817316981808,54.8,23.8,23.666236074396917
2025-01-07 12:00:00+00:00,bdg2_0,15.44291289948299,60.28479247407458,1012.0973806802969,54.8,23.8,24.898067960736377
2025-01-07 13:00:00+00:00,bdg2_0,13.55994495603931,60.84146951489414,1011.2599685808179,54.8,23.8,27.019569229994122
2025-01-07 14:00:00+00:00,bdg2_0,11.480410871895266,65.65686874316965,1011.8141707795751,54.8,23.8,28.001725109345156
2025-01-07 15:00:00+00:00,bdg2_0,9.75358065457296,69.25074276935645,1011.5512668896001,54.8,23.8,28.128281862912768
2025-01-07 16:00:00+00:00,bdg2_0,9.430298009368533,71.9991834871821,1011.5671572966396,54.8,23.8,30.16876176615057
2025-01-07 17:00:00+00:00,bdg2_0,7.718928054959079,72.69064476304743,1011.2741368350329,54.8,23.8,28.712518439006224
2025-01-07 18:00:00+00:00,bdg2_0,7.745513861088569,71.75027106767106,1013.0442444128056,54.8,23.8,30.903999174003527
2025-01-07 19:00:00+00:00,bdg2_0,9.02625317026271,73.40102176252218,1012.3008334026938,54.8,23.8,29.563302247126625
2025-01-07 20:00:00+00:00,bdg2_0,9.472307984609534,70.45286199194757,1012.4743763652248,54.8,23.8,27.99492429590702
2025-01-07 21:00:00+00:00,bdg2_0,9.997022470916367,64.29878676419786,1012.4360477941158,54.8,23.8,27.55564365427096
2025-01-07 22:00:00+00:00,bdg2_0,11.846287173769692,65.28199146537648,1012.6112839445702,54.8,23.8,28.847105464670488
2025-01-07 23:00:00+00:00,bdg2_0,12.663732811698072,63.580816883965184,1011.9401929434327,54.8,23.8,26.383824342957237
2025-01-08 00:00:00+00:00,bdg2_0,15.20513287269841,61.28980645769539,1012.5506584033407,54.8,23.8,25.3196569419446
2025-01-08 01:00:00+00:00,bdg2_0,16.970810415556986,56.8653240076233,1013.1871817221929,54.8,23.8,24.16943909621906
2025-01-08 02:00:00+00:00,bdg2_0,18.69894021244093,52.505983666367385,1012.626259525597,54.8,23.8,25.005980285318664
2025-01-08 03:00:00+00:00,bdg2_0,20.909643611519854,49.427177811680416,1013.5610022993288,54.8,23.8,22.091903176820388
2025-01-08 04:00:00+00:00,bdg2_0,21.4378464440713,49.818288309257774,1012.9836908289242,54.8,23.8,20.48745257471472
2025-01-08 05:00:00+00:00,bdg2_0,21.515918215128067,48.61044975859082,1013.4235491694285,54.8,23.8,20.03869524226764
2025-01-08 06:00:00+00:00,bdg2_0,22.50927623738394,49.845837299932086,1013.077011215483,54.8,23.8,19.54006989556542
2025-01-08 07:00:00+00:00,bdg2_0,21.366080807135905,50.24447340247133,1013.7467731840333,54.8,23.8,21.61936027271289
2025-01-08 08:00:00+00:00,bdg2_0,20.823387399162723,49.646695145865195,1013.209917299834,54.8,23.8,21.972408517563974
2025-01-08 09:00:00+00:00,bdg2_0,19.768441424517178,49.28698394877328,1013.6946065432888,54.8,23.8,19.159558156297138
2025-01-08 10:00:00+00:00,bdg2_0,18.48409141365061,54.16873161362128,1014.2400621566018,54.8,23.8,23.998108183577028
2025-01-08 11:00:00+00:00,bdg2_0,16.661245238739973,58.10535533427766,1014.3557954174657,54.8,23.8,23.512583134013394
2025-01-08 12:00:00+00:00,bdg2_0,13.96159898903821,61.42125175101854,1014.0496642427814,54.8,23.8,25.017955891650832
2025-01-08 13:00:00+00:00,bdg2_0,12.55303629608964,63.53032184194671,1014.4558212934753,54.8,23.8,26.32351284448335
2025-01-08 14:00:00+00:00,bdg2_0,11.432603435352153,67.57382743612882,1014.9831104312892,54.8,23.8,28.22591685252081
2025-01-08 15:00:00+00:00,bdg2_0,11.710791909779356,67.58494337867258,1014.406337471779,54.8,23.8,27.520730215074064
2025-01-08 16:00:00+00:00,bdg2_0,9.155815271657156,69.36107375582296,1013.3407793033579,54.8,23.8,28.11678889309347
2025-01-08 17:00:00+00:00,bdg2_0,8.274645165554473,73.10579091789015,1014.002989777788,54.8,23.8,29.217187003160994
2025-01-08 18:00:00+00:00,bdg2_0,7.930324097274539,70.90719376586294,1015.1360513023043,54.8,23.8,30.004000841975376
2025-01-08 19:00:00+00:00,bdg2_0,8.399152173218447,70.50328752685076,1015.725130397845,54.8,23.8,29.82925412268698
2025-01-08 20:00:00+00:00,bdg2_0,9.584596983840582,69.73380834991384,1015.3355379453932,54.8,23.8,28.65074323592496
2025-01-08 21:00:00+00:00,bdg2_0,9.574797906168785,67.42875587695337,1015.0983870005248,54.8,23.8,28.316800446965026
2025-01-08 22:00:00+00:00,bdg2_0,12.269603504827545,64.27694365554456,1014.6539864492621,54.8,23.8,29.200188146645516
2025-01-08 23:00:00+00:00,bdg2_0,13.492658513736385,60.2837122404812,1015.5225497187594,54.8,23.8,26.531427924852217
2025-01-09 00:00:00+00:00,bdg2_0,13.92777797663576,59.44565636199387,1015.336766971486,54.8,23.8,25.731402517125076
2025-01-09 01:00:00+00:00,bdg2_0,17.288981148991486,57.037791615434955,1015.9305187409321,54.8,23.8,23.559631499876044
2025-01-09 02:00:00+00:00,bdg2_0,18.07125158763008,52.59872723527814,1015.7500389702311,54.8,23.8,20.541830914401018
2025-01-09 03:00:00+00:00,bdg2_0,20.288651253865716,49.85485902467364,1015.3605605498295,54.8,23.8,21.9698479968202
2025-01-09 04:00:00+00:00,bdg2_0,21.67114827689173,46.69667370803942,1015.1949871053765,54.8,23.8,20.718934673450917
2025-01-09 05:00:00+00:00,bdg2_0,21.46343761672963,49.701324736543015,1014.6091508977856,54.8,23.8,20.53217250912572
2025-01-09 06:00:00+00:00,bdg2_0,22.212960088251407,48.07362059571245,1016.2540249699999,54.8,23.8,18.770425746453572
2025-01-09 07:00:00+00:00,bdg2_0,22.315789163018312,47.35450948016593,1016.1124620266493,54.8,23.8,19.84616664906945
2025-01-09 08:00:00+00:00,bdg2_0,21.46934939106552,50.77840004922431,1015.0605944591424,54.8,23.8,20.515381787267284
2025-01-09 09:00:00+00:00,bdg2_0,19.903531309035056,51.15790572757616,1015.4538186083741,54.8,23.8,23.315903988640763
2025-01-09 10:00:00+00:00,bdg2_0,18.604548338287767,56.33252399149962,1015.5821440906025,54.8,23.8,21.438203238689145
2025-01-09 11:00:00+00:00,bdg2_0,16.877857205177538,56.04931655259356,1017.0928504600339,54.8,23.8,23.951327623676516
2025-01-09 12:00:00+00:00,bdg2_0,15.576299567505341,59.66364634181468,1015.7617530836654,54.8,23.8,24.969088582395834
2025-01-09 13:00:00+00:00,bdg2_0,13.366125315070391,64.38020880887244,1015.8866224121441,54.8,23.8,25.613243651495267
2025-01-09 14:00:00+00:00,bdg2_0,10.966061711756739,65.88498095594137,1016.2529738416538,54.8,23.8,27.957947076309733
2025-01-09 15:00:00+00:00,bdg2_0,10.04134375716724,67.58507317538508,1016.0545192613732,54.8,23.8,29.107338784797697
2025-01-09 16:00:00+00:00,bdg2_0,8.919413345250415,70.5608575786016,1015.9163592287183,54.8,23.8,30.245626286984766
2025-01-09 17:00:00+00:00,bdg2_0,8.019419082307184,71.86941334691865,1016.1951161293712,54.8,23.8,30.555151689698903
2025-01-09 18:00:00+00:00,bdg2_0,8.747942382942238,73.01318071380632,1016.2996066177296,54.8,23.8,28.529762910978686
2025-01-09 19:00:00+00:00,bdg2_0,8.541721188128435,75.03168633400459,1015.5828966215813,54.8,23.8,28.810109282039626
2025-01-09 20:00:00+00:00,bdg2_0,8.830495252395915,71.92417703456161,1016.2539866376919,54.8,23.8,28.853002812452864
2025-01-09 21:00:00+00:00,bdg2_0,10.032257440830575,70.04083984689943,1016.3174465037405,54.8,23.8,30.964410875455712
2025-01-09 22:00:00+00:00,bdg2_0,12.002843340155577,66.530350824004,1016.2738556165891,54.8,23.8,27.15101580908447
2025-01-09 23:00:00+00:00,bdg2_0,12.699380183515846,63.36376423948168,1016.1929799416048,54.8,23.8,24.898812200447292
2025-01-10 00:00:00+00:00,bdg2_0,14.738821767432137,59.446116147256575,1016.0576049378026,54.8,23.8,24.73953394113463
2025-01-10 01:00:00+00:00,bdg2_0,17.03428167088988,57.04133982810283,1016.4279412334456,54.8,23.8,21.99473711486294
2025-01-10 02:00:00+00:00,bdg2_0,19.328562319021422,56.126511019499105,1015.891876960432,54.8,23.8,23.150323214252374
2025-01-10 03:00:00+00:00,bdg2_0,20.253021668512492,50.408784184121515,1015.9139825238498,54.8,23.8,22.24264027316682
2025-01-10 04:00:00+00:00,bdg2_0,21.21708620579483,51.18467630635984,1015.8401193009672,54.8,23.8,20.75062396970082
2025-01-10 05:00:00+00:00,bdg2_0,21.377578911011195,47.86208300997123,1015.5198279270909,54.8,23.8,21.875854386310106
2025-01-10 06:00:00+00:00,bdg2_0,22.12025277607368,46.500860247962734,1015.9022057977879,54.8,23.8,19.807996303368956
2025-01-10 07:00:00+00:00,bdg2_0,20.234598593810325,49.1286686412619,1014.8759967889255,54.8,23.8,20.748835288810902
2025-01-10 08:00:00+00:00,bdg2_0,20.581546026975833,47.42020846399698,1015.8452470368445,54.8,23.8,19.17567921580311
2025-01-10 09:00:00+00:00,bdg2_0,19.72639786656729,51.82128471814315,1015.846288859249,54.8,23.8,22.209350630507902
2025-01-10 10:00:00+00:00,bdg2_0,18.48185935572316,52.75140697846695,1016.4406240359334,54.8,23.8,21.894018679461396
2025-01-10 11:00:00+00:00,bdg2_0,17.713527806460945,56.21538399884362,1015.9944361859709,54.8,23.8,24.775870313437494
2025-01-10 12:00:00+00:00,bdg2_0,14.477232876311593,60.53292676050928,1015.7231904619996,54.8,23.8,25.700982121523214
2025-01-10 13:00:00+00:00,bdg2_0,13.088797959140436,63.55876860933941,1015.0765703289386,54.8,23.8,25.122281846291457
2025-01-10 14:00:00+00:00,bdg2_0,11.992006118470096,65.16047786712221,1015.8890347112927,54.8,23.8,28.102450901239628
2025-01-10 15:00:00+00:00,bdg2_0,9.60392919493773,68.2434838949267,1014.978127885862,54.8,23.8,27.66464625628077
2025-01-10 16:00:00+00:00,bdg2_0,9.188536968455596,69.67438373462149,1015.8563639701282,54.8,23.8,30.19101825994062
2025-01-10 17:00:00+00:00,bdg2_0,7.798424683705731,71.56260913314784,1014.8434821377496,54.8,23.8,28.265121277634147
2025-01-10 18:00:00+00:00,bdg2_0,8.465627839384059,73.42471322281699,1015.3332200129273,54.8,23.8,29.54301214240646
2025-01-10 19:00:00+00:00,bdg2_0,8.773012201785976,71.27648051233498,1015.249034446516,54.8,23.8,31.642156946562885
2025-01-10 20:00:00+00:00,bdg2_0,9.007877114161301,68.26358167969653,1014.5315095759267,54.8,23.8,29.971112885305704
2025-01-10 21:00:00+00:00,bdg2_0,10.660189721209445,66.78459332114826,1014.5008220807152,54.8,23.8,28.768873032192886
2025-01-10 22:00:00+00:00,bdg2_0,11.71749916213139,67.36563540450469,1014.0257801717731,54.8,23.8,27.076521702774485
2025-01-10 23:00:00+00:00,bdg2_0,13.692249923082617,63.69433090791676,1014.62599621021,54.8,23.8,27.41941872417688
2025-01-11 00:00:00+00:00,bdg2_0,15.052026694854478,60.79200513310787,1014.144369286394,54.8,23.8,23.65498997973167
2025-01-11 01:00:00+00:00,bdg2_0,16.164104373077095,57.00565228929371,1014.0998957139611,54.8,23.8,23.051301605962422
2025-01-11 02:00:00+00:00,bdg2_0,18.65900714820959,52.66459267183762,1014.1516917062906,54.8,23.8,22.480477441679724
2025-01-11 03:00:00+00:00,bdg2_0,19.52975301099972,48.067409804954636,1014.7191008791019,54.8,23.8,21.781103329771213
2025-01-11 04:00:00+00:00,bdg2_0,19.730114856859988,48.96805222813647,1014.0811593888574,54.8,23.8,20.44173229037736
2025-01-11 05:00:00+00:00,bdg2_0,22.05164584032509,46.948988706657325,1013.8640409999166,54.8,23.8,20.116887175819507
2025-01-11 06:00:00+00:00,bdg2_0,21.908469006519013,47.6684566473175,1013.7674425794653,54.8,23.8,20.932721413688093
2025-01-11 07:00:00+00:00,bdg2_0,21.49642088392345,47.79803004851328,1013.6380173173601,54.8,23.8,20.05022089292591
2025-01-11 08:00:00+00:00,bdg2_0,21.25497897266325,50.68513125821822,1014.0927212499539,54.8,23.8,20.55342883280613
2025-01-11 09:00:00+00:00,bdg2_0,18.811098469975704,51.410281816578646,1013.5128286417513,54.8,23.8,21.277511077534477
2025-01-11 10:00:00+00:00,bdg2_0,18.423381919116466,50.35123723102931,1013.478182449067,54.8,23.8,22.175967670979986
2025-01-11 11:00:00+00:00,bdg2_0,16.056195011762497,55.58703836037739,1012.6797586120962,54.8,23.8,24.314653856829132
2025-01-11 12:00:00+00:00,bdg2_0,15.280819048261696,62.27212557372339,1013.3239624061565,54.8,23.8,23.64835061468233
2025-01-11 13:00:00+00:00,bdg2_0,12.483662046046291,64.80191657302389,1013.6711695177191,54.8,23.8,26.056347127367218
2025-01-11 14:00:00+00:00,bdg2_0,11.77940149409253,63.74266307433077,1011.8038488400749,54.8,23.8,26.325976323457173
2025-01-11 15:00:00+00:00,bdg2_0,9.871658768892667,67.7032167961265,1012.5490495399645,54.8,23.8,28.04451947323362
2025-01-11 16:00:00+00:00,bdg2_0,9.277472745983786,72.53362527240424,1012.5709719328516,54.8,23.8,31.360124506362638
2025-01-11 17:00:00+00:00,bdg2_0,7.9213168608260975,70.80345482456042,1012.6361325098827,54.8,23.8,29.47483036943467
2025-01-11 18:00:00+00:00,bdg2_0,8.58852612788832,71.03833827720317,1012.9937841906853,54.8,23.8,30.194175016293777
2025-01-11 19:00:00+00:00,bdg2_0,9.521245606334894,70.89493755699654,1012.1221959108387,54.8,23.8,29.975280948731843
2025-01-11 20:00:00+00:00,bdg2_0,7.847308189967949,71.29570253672108,1012.3561575333999,54.8,23.8,29.439445382827632
2025-01-11 21:00:00+00:00,bdg2_0,9.278054641000782,66.16543981428565,1012.3024720734348,54.8,23.8,29.71071259349012
2025-01-11 22:00:00+00:00,bdg2_0,12.297232315911119,64.65683771407511,1011.3885779130214,54.8,23.8,27.22806120031544
2025-01-11 23:00:00+00:00,bdg2_0,12.200401613345408,62.22243177716468,1012.2262187457984,54.8,23.8,27.92869772688204
2025-01-12 00:00:00+00:00,bdg2_0,15.139577726817363,62.46083047283285,1011.9037852516469,54.8,23.8,25.191363915138897
2025-01-12 01:00:00+00:00,bdg2_0,16.72601272197887,57.17457702742775,1011.4707676415588,54.8,23.8,23.564994022097242
2025-01-12 02:00:00+00:00,bdg2_0,18.16905408253012,54.38854785268808,1011.5072242075089,54.8,23.8,21.020419965383915
2025-01-12 03:00:00+00:00,bdg2_0,19.829397217429847,50.23121153716967,1010.3798035410837,54.8,23.8,21.948349743408578
2025-01-12 04:00:00+00:00,bdg2_0,21.84152195375225,53.162290438184115,1012.0912495905555,54.8,23.8,19.799071428469755
2025-01-12 05:00:00+00:00,bdg2_0,22.349103280377488,50.088738589865414,1010.2246246775821,54.8,23.8,21.03165938394612
2025-01-12 06:00:00+00:00,bdg2_0,22.313588517695763,48.24421237546019,1011.2738389522623,54.8,23.8,20.058307382744083
2025-01-12 07:00:00+00:00,bdg2_0,22.577448708351003,47.80620683378333,1010.943168069555,54.8,23.8,20.177759852260834
2025-01-12 08:00:00+00:00,bdg2_0,21.200009864066104,46.9628204530999,1011.6534686914617,54.8,23.8,20.89607273792097
2025-01-12 09:00:00+00:00,bdg2_0,20.234309766218242,51.81069261338308,1010.7854590207984,54.8,23.8,21.109224580570288
2025-01-12 10:00:00+00:00,bdg2_0,18.548057071169733,54.22807851140019,1011.3784752622196,54.8,23.8,22.846057746284696
2025-01-12 11:00:00+00:00,bdg2_0,16.74498898103462,59.87401912518334,1010.0863717524069,54.8,23.8,22.365695598583894
2025-01-12 12:00:00+00:00,bdg2_0,15.177301026056458,59.681440071763994,1009.7672075584835,54.8,23.8,24.687770338622155
2025-01-12 13:00:00+00:00,bdg2_0,12.832938798941948,64.80252144186771,1010.2755807754849,54.8,23.8,27.344709874379888
2025-01-12 14:00:00+00:00,bdg2_0,11.729890850105113,65.69050363193266,1010.5318695913461,54.8,23.8,27.92865873963387
2025-01-12 15:00:00+00:00,bdg2_0,8.896233274880062,68.97588398559255,1010.2702675969147,54.8,23.8,30.333453272320817
2025-01-12 16:00:00+00:00,bdg2_0,8.59218769512785,72.1061507254211,1009.1444614764439,54.8,23.8,30.144752033906478
2025-01-12 17:00:00+00:00,bdg2_0,8.376570592938172,71.22058517914019,1010.287209164243,54.8,23.8,29.569068540822983
2025-01-12 18:00:00+00:00,bdg2_0,8.211501604791637,71.79862715305453,1009.4032245420839,54.8,23.8,29.81418914321967
2025-01-12 19:00:00+00:00,bdg2_0,9.35588008478946,71.66137922275628,1010.3957072056245,54.8,23.8,29.39157462395772
2025-01-12 20:00:00+00:00,bdg2_0,9.024849406589812,70.65922318235565,1010.0767777943391,54.8,23.8,30.193390417859597
2025-01-12 21:00:00+00:00,bdg2_0,9.588713553152001,68.28998856193606,1010.4208768852209,54.8,23.8,28.268529726590824
2025-01-12 22:00:00+00:00,bdg2_0,10.888060174712342,66.83739632785151,1009.6422011036271,54.8,23.8,27.05269183824665
2025-01-12 23:00:00+00:00,bdg2_0,12.774192889688235,62.939735920168566,1009.8875295345264,54.8,23.8,25.819505358433183
2025-01-13 00:00:00+00:00,bdg2_0,15.340489463657004,62.643913352125004,1009.8964591564451,54.8,23.8,25.522655174098137
2025-01-13 01:00:00+00:00,bdg2_0,16.634026570471516,57.042584827818594,1010.6161762527752,54.8,23.8,23.756198013514485
2025-01-13 02:00:00+00:00,bdg2_0,18.092226324397625,52.90511008156854,1009.725134308794,54.8,23.8,22.486695778692503
2025-01-13 03:00:00+00:00,bdg2_0,20.378753194351347,49.47652336410858,1009.5002187856427,54.8,23.8,20.539924882491235
2025-01-13 04:00:00+00:00,bdg2_0,20.18747511562642,51.59657917981953,1009.9901992865745,54.8,23.8,22.570652300801658
2025-01-13 05:00:00+00:00,bdg2_0,21.04931394643297,50.35016355441996,1009.6512736195529,54.8,23.8,19.76300118338028
2025-01-13 06:00:00+00:00,bdg2_0,21.50551777145423,46.57520421076851,1009.3381272943857,54.8,23.8,20.216332957620473
2025-01-13 07:00:00+00:00,bdg2_0,21.104380267760064,48.04618728654687,1009.9974971135132,54.8,23.8,20.83698155396077
2025-01-13 08:00:00+00:00,bdg2_0,21.112373687690866,50.089683904780586,1010.2655943887396,54.8,23.8,20.652622115818076
2025-01-13 09:00:00+00:00,bdg2_0,20.131421427592947,50.04513833859399,1009.6311281529682,54.8,23.8,23.361976901206624
2025-01-13 10:00:00+00:00,bdg2_0,18.494132892811734,52.93424898799954,1010.7234474718601,54.8,23.8,22.34315738948522
2025-01-13 11:00:00+00:00,bdg2_0,16.488487802325704,54.72068413598659,1010.4420465133262,54.8,23.8,22.619603867276467
2025-01-13 12:00:00+00:00,bdg2_0,14.730483709989977,60.96614998191441,1010.1670330505835,54.8,23.8,24.913573126158195
2025-01-13 13:00:00+00:00,bdg2_0,13.081272793501626,64.82471957243168,1011.2173595950337,54.8,23.8,25.745334396360192
2025-01-13 14:00:00+00:00,bdg2_0,11.784452045251424,68.89320045803106,1010.6728101101169,54.8,23.8,26.813168374221565
2025-01-13 15:00:00+00:00,bdg2_0,9.834912218157202,67.5883285604882,1009.7116283042475,54.8,23.8,27.91162875326407
2025-01-13 16:00:00+00:00,bdg2_0,9.068759912979127,69.51176133768102,1010.6454786853925,54.8,23.8,29.453382482494966
2025-01-13 17:00:00+00:00,bdg2_0,8.03995637454845,72.92024479577931,1010.4097991452503,54.8,23.8,30.094496757231116
2025-01-13 18:00:00+00:00,bdg2_0,8.52001922726724,72.85989817278755,1010.2426441628737,54.8,23.8,30.937554842867748
2025-01-13 19:00:00+00:00,bdg2_0,8.39317811707886,75.96707305977847,1010.8969980700097,54.8,23.8,30.982841752820057
2025-01-13 20:00:00+00:00,bdg2_0,9.583318859323168,70.51206426229771,1011.0583714944115,54.8,23.8,29.353484046491857
2025-01-13 21:00:00+00:00,bdg2_0,9.63466583010143,67.6393016866234,1010.7238026794814,54.8,23.8,26.97441401527408
2025-01-13 22:00:00+00:00,bdg2_0,11.604176460727132,64.90747487182892,1010.8803918683329,54.8,23.8,26.753826289342648
2025-01-13 23:00:00+00:00,bdg2_0,14.124418315419987,64.25755573471659,1009.9517771811131,54.8,23.8,28.052854575596463
2025-01-14 00:00:00+00:00,bdg2_0,14.886373745319755,58.90878583542042,1010.1426058944328,54.8,23.8,25.567764739655704
2025-01-14 01:00:00+00:00,bdg2_0,17.563994249049973,56.0265309999723,1010.2272744096447,54.8,23.8,22.566204686454622
2025-01-14 02:00:00+00:00,bdg2_0,19.24820265568006,56.506093832566464,1010.6266088144508,54.8,23.8,23.03770508744092
2025-01-14 03:00:00+00:00,bdg2_0,19.948294743168066,51.42377317234256,1011.360690972549,54.8,23.8,21.905422094747703
2025-01-14 04:00:00+00:00,bdg2_0,21.226922809871795,49.1688267515469,1011.3672819665427,54.8,23.8,20.387867078666854
2025-01-14 05:00:00+00:00,bdg2_0,21.78644202805741,48.73810632519432,1010.4425599385389,54.8,23.8,19.87127590179351
2025-01-14 06:00:00+00:00,bdg2_0,21.843698493167466,48.15180462974748,1010.573621549036,54.8,23.8,18.81344829905499
2025-01-14 07:00:00+00:00,bdg2_0,22.573211835670033,50.14355549412163,1011.6630591216306,54.8,23.8,21.995189655144635
2025-01-14 08:00:00+00:00,bdg2_0,21.271975445265845,49.47107705219597,1011.5511277000259,54.8,23.8,18.79058598962764
2025-01-14 09:00:00+00:00,bdg2_0,19.400705895595337,52.65267422029357,1011.4202115120323,54.8,23.8,20.186829758986015
2025-01-14 10:00:00+00:00,bdg2_0,18.82926843577996,55.498352473489824,1011.8339397806822,54.8,23.8,22.469703220561147
2025-01-14 11:00:00+00:00,bdg2_0,16.39370857569146,57.0555638660225,1011.8116562795936,54.8,23.8,23.347315976822085
2025-01-14 12:00:00+00:00,bdg2_0,15.301517955063398,60.47164790062862,1011.8649060578831,54.8,23.8,22.967460211178377
2025-01-14 13:00:00+00:00,bdg2_0,13.728813180792985,65.69241612115793,1011.5990901147559,54.8,23.8,24.81719624432706
2025-01-14 14:00:00+00:00,bdg2_0,11.819464659709928,65.3015104013492,1011.4204707413967,54.8,23.8,28.717716255875334
2025-01-14 15:00:00+00:00,bdg2_0,9.358562855451064,69.5614243072942,1011.3852957536816,54.8,23.8,29.997801888708224
2025-01-14 16:00:00+00:00,bdg2_0,9.196098406530169,70.00621235065293,1012.1904194558248,54.8,23.8,29.912214406405496
2025-01-14 17:00:00+00:00,bdg2_0,8.65346640469209,72.83279705790714,1012.4969079976507,54.8,23.8,29.35224746921267
2025-01-14 18:00:00+00:00,bdg2_0,8.332039773763686,70.03301342698576,1012.8344837504318,54.8,23.8,30.87300583731553
2025-01-14 19:00:00+00:00,bdg2_0,8.935559737226733,70.70794050471605,1012.535371027746,54.8,23.8,30.687915132327554
2025-01-14 20:00:00+00:00,bdg2_0,9.096751113060074,69.75230391935555,1012.706538734995,54.8,23.8,29.398159053590593
2025-01-14 21:00:00+00:00,bdg2_0,10.548104502399415,67.5425875451064,1012.8338504744746,54.8,23.8,28.828465031613312
2025-01-14 22:00:00+00:00,bdg2_0,11.87866406214858,65.8906616321821,1012.8394670370268,54.8,23.8,27.429050325099105
2025-01-14 23:00:00+00:00,bdg2_0,13.2052996155592,63.11836728536661,1012.7244541414801,54.8,23.8,29.12139501957231
2025-01-15 00:00:00+00:00,bdg2_0,14.578044256031074,58.239885140501904,1012.6021866936054,54.8,23.8,24.289947451006967
2025-01-15 01:00:00+00:00,bdg2_0,16.817451601295293,59.04057065553381,1013.9563654743265,54.8,23.8,23.943229138450633
2025-01-15 02:00:00+00:00,bdg2_0,17.250893642870164,54.57653902961199,1012.5688629979467,54.8,23.8,21.999298424812498
2025-01-15 03:00:00+00:00,bdg2_0,19.37488607423523,52.15315249517804,1013.0225897060113,54.8,23.8,22.236585771507983
2025-01-15 04:00:00+00:00,bdg2_0,21.300829024687022,49.24759080445754,1013.4874069838296,54.8,23.8,21.587292747480042
2025-01-15 05:00:00+00:00,bdg2_0,21.575414826085385,49.78231841277109,1013.548076818145,54.8,23.8,20.43976832135954
2025-01-15 06:00:00+00:00,bdg2_0,22.39962043556776,49.99729878536839,1013.9279689013078,54.8,23.8,20.058371883962998
2025-01-15 07:00:00+00:00,bdg2_0,22.12182375140456,46.09071862840149,1014.5959379368845,54.8,23.8,18.844879602859674
2025-01-15 08:00:00+00:00,bdg2_0,21.51403254310007,48.76144925876863,1014.1378913155023,54.8,23.8,20.553305557021044
2025-01-15 09:00:00+00:00,bdg2_0,20.10154234784021,50.313538066411304,1012.9105231837157,54.8,23.8,21.87112174341581
2025-01-15 10:00:00+00:00,bdg2_0,18.199747830687876,53.02704634859761,1013.7333615047082,54.8,23.8,24.484411248885106
2025-01-15 11:00:00+00:00,bdg2_0,16.52063709665444,57.3843909274484,1013.6194544760245,54.8,23.8,25.229001488415406
2025-01-15 12:00:00+00:00,bdg2_0,14.721866015691965,56.09903728633019,1015.6576261543003,54.8,23.8,23.90185136744271
2025-01-15 13:00:00+00:00,bdg2_0,13.842732851423143,64.20543738204385,1014.7278957027266,54.8,23.8,26.06261039514175
2025-01-15 14:00:00+00:00,bdg2_0,11.594599375912617,67.83590401337523,1014.3495346419003,54.8,23.8,27.751309632086226
2025-01-15 15:00:00+00:00,bdg2_0,10.514397639156714,68.61036463009242,1014.3836046319967,54.8,23.8,29.98721281425066
2025-01-15 16:00:00+00:00,bdg2_0,9.108666472945403,70.20454584853266,1014.302012762205,54.8,23.8,28.3245297969662
2025-01-15 17:00:00+00:00,bdg2_0,8.685411268667043,73.01501204481889,1013.6961050271819,54.8,23.8,29.214137492019585
2025-01-15 18:00:00+00:00,bdg2_0,8.482444068434813,75.63645992889677,1015.9456463093726,54.8,23.8,30.941866175242126
2025-01-15 19:00:00+00:00,bdg2_0,8.925185443539558,70.79998073001835,1015.3441294955988,54.8,23.8,28.592464430513974
2025-01-15 20:00:00+00:00,bdg2_0,8.656884000374491,70.87376147031642,1016.1244867483379,54.8,23.8,30.07809034826003
2025-01-15 21:00:00+00:00,bdg2_0,10.187166077027412,68.23015603020987,1014.4600988578885,54.8,23.8,29.13839690822011
2025-01-15 22:00:00+00:00,bdg2_0,11.325453151708388,66.35856705844567,1014.7544901585022,54.8,23.8,27.621254953703573
2025-01-15 23:00:00+00:00,bdg2_0,12.41975225081254,63.86168787001486,1015.9337781254224,54.8,23.8,27.208046040391743
2025-01-01 00:00:00+00:00,bdg2_1,16.05691187955972,60.48683027389361,1013.2526817207563,54.82,23.82,25.514864837855843
2025-01-01 01:00:00+00:00,bdg2_1,16.371868414911532,60.12402166266418,1013.6064626250333,54.82,23.82,23.463078353013213
2025-01-01 02:00:00+00:00,bdg2_1,18.04858412874811,54.87226392486218,1013.6529640575544,54.82,23.82,22.63788486790983
2025-01-01 03:00:00+00:00,bdg2_1,20.042784726862507,51.23254337561498,1013.3345197304459,54.82,23.82,22.799607421785893
2025-01-01 04:00:00+00:00,bdg2_1,21.762486769393416,47.35742982934455,1013.5165662357966,54.82,23.82,19.465771631408106
2025-01-01 05:00:00+00:00,bdg2_1,21.093633058174174,49.28781926431044,1013.1369501525005,54.82,23.82,17.01701341836361
2025-01-01 06:00:00+00:00,bdg2_1,22.32257632656429,49.92321274513398,1014.6869513716582,54.82,23.82,19.603706708157357
2025-01-01 07:00:00+00:00,bdg2_1,22.484203438029926,44.47737263081918,1013.2547573318557,54.82,23.82,20.689340239963006
2025-01-01 08:00:00+00:00,bdg2_1,21.297944960534714,51.58832202368447,1014.3626102680487,54.82,23.82,20.588302961426105
2025-01-01 09:00:00+00:00,bdg2_1,20.714371400006552,52.5444425859589,1014.8493815523937,54.82,23.82,20.66018910134405
2025-01-01 10:00:00+00:00,bdg2_1,18.650126838160094,53.355606489149515,1014.4989797267685,54.82,23.82,22.280447832905836
2025-01-01 11:00:00+00:00,bdg2_1,16.685807217092606,54.90443698710457,1014.3537781398775,54.82,23.82,24.8213941485822
2025-01-01 12:00:00+00:00,bdg2_1,15.504097805455132,55.47595202218605,1013.4918283704422,54.82,23.82,27.00514052554659
2025-01-01 13:00:00+00:00,bdg2_1,13.09445350972674,62.88241669751354,1014.9844736053888,54.82,23.82,26.49074052047951
2025-01-01 14:00:00+00:00,bdg2_1,11.183704928805216,65.68522957720963,1015.4485803436929,54.82,23.82,26.11860884687813
2025-01-01 15:00:00+00:00,bdg2_1,10.700864950558751,68.01669320145142,1014.4604818719858,54.82,23.82,30.398446995706205
2025-01-01 16:00:00+00:00,bdg2_1,8.616385376049115,71.64489239345498,1014.5084334487935,54.82,23.82,27.898059992773284
2025-01-01 17:00:00+00:00,bdg2_1,8.15550928112919,73.34449947696062,1014.6885144679094,54.82,23.82,30.37905095842552
2025-01-01 18:00:00+00:00,bdg2_1,8.094276657640082,72.07024703699616,1014.661720494209,54.82,23.82,30.131782300517525
2025-01-01 19:00:00+00:00,bdg2_1,7.222072489976621,70.91862743203139,1014.0548904211764,54.82,23.82,30.099327978255115
2025-01-01 20:00:00+00:00,bdg2_1,9.11515241670689,69.19820697117026,1015.4411720175415,54.82,23.82,29.725957570058338
2025-01-01 21:00:00+00:00,bdg2_1,10.197038575318295,67.94317558343586,1015.357716845402,54.82,23.82,29.589740941568504
2025-01-01 22:00:00+00:00,bdg2_1,11.169778404619919,64.77473336120971,1015.7936609940188,54.82,23.82,25.1815715223126
2025-01-01 23:00:00+00:00,bdg2_1,11.87962163708838,60.383737909879365,1015.3647856843511,54.82,23.82,26.44646943283151
2025-01-02 00:00:00+00:00,bdg2_1,15.248252519179138,60.113965935634084,1016.1141843512696,54.82,23.82,26.575783445862164
2025-01-02 01:00:00+00:00,bdg2_1,17.391238635149126,55.160471051538444,1015.5955822822953,54.82,23.82,22.839702093786453
2025-01-02 02:00:00+00:00,bdg2_1,18.249644817203237,52.46495669776973,1015.4840725362619,54.82,23.82,23.044124083587555
2025-01-02 03:00:00+00:00,bdg2_1,19.98909349322617,49.72466559021704,1014.7771550036936,54.82,23.82,20.70238128882213
2025-01-02 04:00:00+00:00,bdg2_1,20.673358647803095,50.78410490524736,1015.4384357819793,54.82,23.82,20.48120664217269
2025-01-02 05:00:00+00:00,bdg2_1,21.683013250532063,50.05416230631539,1016.4704037415938,54.82,23.82,20.59742940572884
2025-01-02 06:00:00+00:00,bdg2_1,21.875847083406537,50.10375228942846,1015.922027300216,54.82,23.82,19.578903114934185
2025-01-02 07:00:00+00:00,bdg2_1,22.26676763967225,48.71973500354843,1015.0326714031338,54.82,23.82,20.79727717452495
2025-01-02 08:00:00+00:00,bdg2_1,21.21209042737872,46.82273302125063,1014.7170996683307,54.82,23.82,20.806173986448076
2025-01-02 09:00:00+00:00,bdg2_1,20.291425595595463,52.427588700952974,1015.1511601039729,54.82,23.82,21.117456144955682
2025-01-02 10:00:00+00:00,bdg2_1,18.833294959514294,51.696371686812164,1015.9093599084481,54.82,23.82,22.713329269397654
2025-01-02 11:00:00+00:00,bdg2_1,17.27361130024963,53.21333356327285,1015.9702711423678,54.82,23.82,25.72402662682776
2025-01-02 12:00:00+00:00,bdg2_1,14.689396330604465,59.52564100855166,1016.4017798516546,54.82,23.82,24.23685739891732
2025-01-02 13:00:00+00:00,bdg2_1,13.766744126581372,63.916628283097154,1015.160662707133,54.82,23.82,26.394688643192325
2025-01-02 14:00:00+00:00,bdg2_1,10.770509020506516,67.42882172764723,1015.1261552422898,54.82,23.82,25.688246285280858
2025-01-02 15:00:00+00:00,bdg2_1,9.481600326057118,67.28067237500834,1016.6386070234388,54.82,23.82,28.517276370758687
2025-01-02 16:00:00+00:00,bdg2_1,9.083324444694124,72.00465446823092,1015.6427064414802,54.82,23.82,28.75180130190241
2025-01-02 17:00:00+00:00,bdg2_1,7.81479294705167,72.76846688654987,1016.8145402191547,54.82,23.82,30.088371625757603
2025-01-02 18:00:00+00:00,bdg2_1,7.688360003144242,71.21945845929496,1015.4438428548968,54.82,23.82,30.731145369558565
2025-01-02 19:00:00+00:00,bdg2_1,7.707054834790345,71.20916031727042,1015.4134214419655,54.82,23.82,27.930166031823894
2025-01-02 20:00:00+00:00,bdg2_1,7.66784447185609,69.0573625799317,1016.1006506404366,54.82,23.82,29.012311452607413
2025-01-02 21:00:00+00:00,bdg2_1,9.93846508796656,66.87821155365852,1015.5152958486,54.82,23.82,27.467831563038384
2025-01-02 22:00:00+00:00,bdg2_1,11.60561683058001,69.07148225571535,1015.8983062237971,54.82,23.82,26.130719594786683
2025-01-02 23:00:00+00:00,bdg2_1,13.8245783499296,61.607978919046445,1016.2264657403886,54.82,23.82,25.851439815842454
2025-01-03 00:00:00+00:00,bdg2_1,15.04054160289896,65.14899514769334,1015.5510206022557,54.82,23.82,24.413319560302547
2025-01-03 01:00:00+00:00,bdg2_1,16.999351041268927,56.861251313022855,1015.6947420282694,54.82,23.82,23.017497231318806
2025-01-03 02:00:00+00:00,bdg2_1,18.795246933100156,55.61606485143957,1015.390676381534,54.82,23.82,21.3635668986823
2025-01-03 03:00:00+00:00,bdg2_1,20.864700587329406,49.37698436736787,1016.1893167154775,54.82,23.82,21.90359346728607
2025-01-03 04:00:00+00:00,bdg2_1,20.510693052028888,50.74693554407938,1015.2410130727961,54.82,23.82,19.580321882614765
2025-01-03 05:00:00+00:00,bdg2_1,21.066705664788216,49.66031489240881,1015.5250138438337,54.82,23.82,21.255622188924605
2025-01-03 06:00:00+00:00,bdg2_1,21.594929984678146,48.92199387918804,1016.4066119010362,54.82,23.82,19.91398648690686
2025-01-03 07:00:00+00:00,bdg2_1,21.198754410898378,47.89503367106261,1016.2807149159545,54.82,23.82,20.909464704797283
2025-01-03 08:00:00+00:00,bdg2_1,20.8691837797267,46.99113659275589,1015.9558446038817,54.82,23.82,22.300779235158178
2025-01-03 09:00:00+00:00,bdg2_1,20.774044506831384,52.163903925213226,1015.4446580119851,54.82,23.82,20.67834482382709
2025-01-03 10:00:00+00:00,bdg2_1,18.213699091344683,51.52537454397799,1016.5459921024043,54.82,23.82,22.47303561071697
2025-01-03 11:00:00+00:00,bdg2_1,18.003935884951584,56.782425335709966,1014.6046343734951,54.82,23.82,25.567469876764882
2025-01-03 12:00:00+00:00,bdg2_1,14.570086488066263,59.34313768347674,1016.1697699924019,54.82,23.82,26.45877321076626
2025-01-03 13:00:00+00:00,bdg2_1,12.175163476365432,63.10741069614298,1014.7291476668856,54.82,23.82,26.83323344758316
2025-01-03 14:00:00+00:00,bdg2_1,12.406088545797516,65.22376526630703,1015.9457670158166,54.82,23.82,26.57135572462064
2025-01-03 15:00:00+00:00,bdg2_1,11.136387789604896,67.24680053784277,1014.8896513596414,54.82,23.82,28.832491273690046
2025-01-03 16:00:00+00:00,bdg2_1,8.23752495017461,72.71671812523014,1014.5055097612483,54.82,23.82,29.94407858300201
2025-01-03 17:00:00+00:00,bdg2_1,7.5939541962390615,71.75578433463734,1014.9515991461238,54.82,23.82,29.441388224456134
2025-01-03 18:00:00+00:00,bdg2_1,8.244609596878247,70.32475161414563,1015.63140228891,54.82,23.82,30.20244735691398
2025-01-03 19:00:00+00:00,bdg2_1,6.842797197015604,74.59945227930079,1015.0078173678387,54.82,23.82,31.38319435300745
2025-01-03 20:00:00+00:00,bdg2_1,8.849353894896245,66.99838185589486,1014.4801012392345,54.82,23.82,28.104057057682475
2025-01-03 21:00:00+00:00,bdg2_1,10.03101130055177,67.76119108069025,1014.700602369581,54.82,23.82,26.77112582530203
2025-01-03 22:00:00+00:00,bdg2_1,11.52689120221354,65.31062725024145,1014.8167544353893,54.82,23.82,25.807697451149615
2025-01-03 23:00:00+00:00,bdg2_1,12.97573119640457,65.59342755094212,1013.8112744359503,54.82,23.82,27.0321489108719
2025-01-04 00:00:00+00:00,bdg2_1,15.665253057597424,59.98486534746522,1014.7959065384622,54.82,23.82,26.041439634377145
2025-01-04 01:00:00+00:00,bdg2_1,17.59661107067372,56.342423156720955,1014.1435265312656,54.82,23.82,24.510027625507885
2025-01-04 02:00:00+00:00,bdg2_1,18.127177975164877,54.07207605999971,1013.7467377420743,54.82,23.82,20.170958877573
2025-01-04 03:00:00+00:00,bdg2_1,20.117205040189365,54.06836369612334,1013.8048048453605,54.82,23.82,21.548763484977552
2025-01-04 04:00:00+00:00,bdg2_1,20.8356253508021,48.49625014067721,1013.9523177551754,54.82,23.82,21.742804079074606
2025-01-04 05:00:00+00:00,bdg2_1,22.869402451947437,49.648604920133835,1013.2957752340268,54.82,23.82,18.743355239843034
2025-01-04 06:00:00+00:00,bdg2_1,22.653415292883725,48.47507248730801,1013.3623311801477,54.82,23.82,18.94382786359419
2025-01-04 07:00:00+00:00,bdg2_1,21.357619600675946,50.259027448480076,1013.5465551354773,54.82,23.82,18.769900891430254
2025-01-04 08:00:00+00:00,bdg2_1,21.498467321356934,50.072849048784285,1013.3015607131314,54.82,23.82,21.277588229550098
2025-01-04 09:00:00+00:00,bdg2_1,19.53590548966934,52.960575521924355,1012.6234629774827,54.82,23.82,20.561023367707758
2025-01-04 10:00:00+00:00,bdg2_1,17.811558479497087,53.37516141018911,1012.8454647640577,54.82,23.82,22.13735408123256
2025-01-04 11:00:00+00:00,bdg2_1,16.814117231605792,57.7255502686329,1013.1854396192115,54.82,23.82,23.957764477740906
2025-01-04 12:00:00+00:00,bdg2_1,15.802161971558176,59.600264158640854,1012.270832030318,54.82,23.82,25.95138181247994
2025-01-04 13:00:00+00:00,bdg2_1,14.106201457052315,63.38676158243974,1013.3075935285641,54.82,23.82,25.63847853836626
2025-01-04 14:00:00+00:00,bdg2_1,11.592837676879451,66.95553797819227,1012.9650975076387,54.82,23.82,26.960302347186808
2025-01-04 15:00:00+00:00,bdg2_1,10.865567427763702,68.74450550039403,1013.1292056744603,54.82,23.82,28.941312892561275
2025-01-04 16:00:00+00:00,bdg2_1,9.37465928484244,71.79218479029224,1012.4447956267717,54.82,23.82,30.163805831784714
2025-01-04 17:00:00+00:00,bdg2_1,9.318747079406162,74.58959793631448,1012.8242858885353,54.82,23.82,31.516884354600542
2025-01-04 18:00:00+00:00,bdg2_1,7.346014328168156,74.20859446009285,1012.3698752470754,54.82,23.82,28.213064596220217
2025-01-04 19:00:00+00:00,bdg2_1,8.321124509241148,73.05555436259073,1011.8755290290444,54.82,23.82,31.766760712069654
2025-01-04 20:00:00+00:00,bdg2_1,9.612436012640273,68.47963404840803,1012.6202796081034,54.82,23.82,29.44209970641873
2025-01-04 21:00:00+00:00,bdg2_1,9.774412409788654,68.01033391036039,1011.7866653127766,54.82,23.82,27.319262883350607
2025-01-04 22:00:00+00:00,bdg2_1,11.275838446638707,67.03903336745176,1012.6169479406495,54.82,23.82,28.958338336752494
2025-01-04 23:00:00+00:00,bdg2_1,12.901586319653799,62.9299570255359,1011.3706382685817,54.82,23.82,27.32409771407931
2025-01-05 00:00:00+00:00,bdg2_1,14.175923540696191,57.95508516443231,1011.3804254333555,54.82,23.82,25.251473444471205
2025-01-05 01:00:00+00:00,bdg2_1,16.651159325690976,56.94376731736398,1011.6219614262634,54.82,23.82,23.939184501543455
2025-01-05 02:00:00+00:00,bdg2_1,17.982768509400014,53.490960344128105,1011.7888061678858,54.82,23.82,22.780229155715674
2025-01-05 03:00:00+00:00,bdg2_1,20.496400784814494,50.3953822126415,1011.8570344771633,54.82,23.82,22.931090834339976
2025-01-05 04:00:00+00:00,bdg2_1,20.990882680576252,50.006590371139104,1011.4226345429589,54.82,23.82,21.20554357044762
2025-01-05 05:00:00+00:00,bdg2_1,21.955441341473634,50.61312164624077,1011.4752219110861,54.82,23.82,21.03487257207722
2025-01-05 06:00:00+00:00,bdg2_1,22.165763365250353,46.437344576968066,1011.3462107704761,54.82,23.82,19.770043977354113
2025-01-05 07:00:00+00:00,bdg2_1,21.44393707444988,47.06733411881784,1011.0079392258783,54.82,23.82,19.562906766621893
2025-01-05 08:00:00+00:00,bdg2_1,22.082013959344383,52.002853001619215,1010.8260166388624,54.82,23.82,21.37903015295086
2025-01-05 09:00:00+00:00,bdg2_1,20.52822871683494,51.25545956791824,1011.8027963404243,54.82,23.82,22.38657646220783
2025-01-05 10:00:00+00:00,bdg2_1,18.44914544311943,51.301051305672914,1010.3178667803942,54.82,23.82,22.81869254278046
2025-01-05 11:00:00+00:00,bdg2_1,16.59260134120725,56.86304156637208,1010.3324280595795,54.82,23.82,23.95282750562614
2025-01-05 12:00:00+00:00,bdg2_1,14.77084898099763,57.67094118784236,1010.4836839269465,54.82,23.82,24.4279741127869
2025-01-05 13:00:00+00:00,bdg2_1,12.412437864686467,65.24059432071886,1010.5481811776225,54.82,23.82,25.96722914679704
2025-01-05 14:00:00+00:00,bdg2_1,11.875187405746237,65.8761071415575,1010.9049304902957,54.82,23.82,26.01934538071974
2025-01-05 15:00:00+00:00,bdg2_1,9.531924597913267,69.30312276071584,1011.2057760827628,54.82,23.82,28.565545432104415
2025-01-05 16:00:00+00:00,bdg2_1,9.046039305683571,69.15713898912321,1010.3869558502291,54.82,23.82,28.621190305281612
2025-01-05 17:00:00+00:00,bdg2_1,8.15840015808168,72.67453010092089,1009.3482718473995,54.82,23.82,30.042654857840198
2025-01-05 18:00:00+00:00,bdg2_1,7.597729207323279,71.03012667692792,1010.8661797809333,54.82,23.82,30.29543966465864
2025-01-05 19:00:00+00:00,bdg2_1,8.70533403008097,68.94544784184188,1010.0452048227543,54.82,23.82,29.375962006722336
2025-01-05 20:00:00+00:00,bdg2_1,8.643107337883377,71.0526566019836,1010.6553394946528,54.82,23.82,28.22334814904074
2025-01-05 21:00:00+00:00,bdg2_1,9.56892124950416,66.6073452256276,1010.7421533463782,54.82,23.82,28.020798983864424
2025-01-05 22:00:00+00:00,bdg2_1,11.449309609399638,65.50168398088437,1009.6514532901911,54.82,23.82,27.87326097365045
2025-01-05 23:00:00+00:00,bdg2_1,13.37978011916094,64.51781691805459,1009.9895124799538,54.82,23.82,25.997007804288728
2025-01-06 00:00:00+00:00,bdg2_1,14.70723912661111,62.23221235015967,1010.5789997561536,54.82,23.82,24.959614792116408
2025-01-06 01:00:00+00:00,bdg2_1,17.13622011872767,56.015405837709324,1011.0795379612928,54.82,23.82,23.114338524220667
2025-01-06 02:00:00+00:00,bdg2_1,18.310155522274865,53.44345272315781,1010.8841250039961,54.82,23.82,22.647602435986816
2025-01-06 03:00:00+00:00,bdg2_1,20.491956750022254,51.349573188283465,1009.4123758847319,54.82,23.82,22.239946267939295
2025-01-06 04:00:00+00:00,bdg2_1,20.74894955332604,47.62991138747993,1009.8003508363764,54.82,23.82,21.301530082068687
2025-01-06 05:00:00+00:00,bdg2_1,22.643623313429757,46.32767318278878,1008.9025688901504,54.82,23.82,21.100527865946358
2025-01-06 06:00:00+00:00,bdg2_1,22.15002562947467,47.15479063413977,1010.2091809583168,54.82,23.82,20.72944307378099
2025-01-06 07:00:00+00:00,bdg2_1,22.717515157292024,48.213377186108175,1010.6419979714501,54.82,23.82,19.718614926959575
2025-01-06 08:00:00+00:00,bdg2_1,20.80734345618421,50.24335529987847,1009.4509048563588,54.82,23.82,19.367913955061834
2025-01-06 09:00:00+00:00,bdg2_1,20.431344016876054,48.57010602383851,1010.0755374979069,54.82,23.82,21.139723830026288
2025-01-06 10:00:00+00:00,bdg2_1,18.313489903842477,52.00154205972535,1009.0155563038211,54.82,23.82,21.839091523939924
2025-01-06 11:00:00+00:00,bdg2_1,16.22912431470262,56.25604292156232,1010.0963186283625,54.82,23.82,22.96414454298486
2025-01-06 12:00:00+00:00,bdg2_1,14.463737349004505,60.43506204653328,1009.6942989181653,54.82,23.82,24.040468177105076
2025-01-06 13:00:00+00:00,bdg2_1,13.038690048851953,63.53406569547295,1011.1565967361321,54.82,23.82,27.907656776604874
2025-01-06 14:00:00+00:00,bdg2_1,10.868309529466789,64.01362617422951,1010.1656402687353,54.82,23.82,28.05699894017249
2025-01-06 15:00:00+00:00,bdg2_1,9.984399750407025,71.7437805686217,1010.756885119185,54.82,23.82,30.175591273581805
2025-01-06 16:00:00+00:00,bdg2_1,8.728886864617975,69.04698546578909,1009.6722346082693,54.82,23.82,29.216345454608444
2025-01-06 17:00:00+00:00,bdg2_1,7.609344257335025,70.64042183492379,1010.034928362694,54.82,23.82,30.773913860644633
2025-01-06 18:00:00+00:00,bdg2_1,7.763562220485223,69.88940383425371,1010.073356759928,54.82,23.82,30.188582912377708
2025-01-06 19:00:00+00:00,bdg2_1,8.518978245183192,70.20862133369813,1010.6713413774119,54.82,23.82,31.216454725386388
2025-01-06 20:00:00+00:00,bdg2_1,9.182580482579823,70.7504986316977,1010.1778678855999,54.82,23.82,28.719332016073782
2025-01-06 21:00:00+00:00,bdg2_1,9.035279997101494,69.39720125337233,1010.2827729605352,54.82,23.82,28.688115396054254
2025-01-06 22:00:00+00:00,bdg2_1,11.750637424520436,64.82039584395693,1011.0297815198883,54.82,23.82,27.613110581874018
2025-01-06 23:00:00+00:00,bdg2_1,13.936764308112972,63.35923504301469,1010.74551900836,54.82,23.82,26.020718087116997
2025-01-07 00:00:00+00:00,bdg2_1,15.738206996422337,56.84476082729727,1010.3880895720356,54.82,23.82,24.69494600605196
2025-01-07 01:00:00+00:00,bdg2_1,16.046522948165006,55.70211748113139,1009.6400234753312,54.82,23.82,23.896292011762032
2025-01-07 02:00:00+00:00,bdg2_1,17.79738622796183,54.5547907105806,1010.6699535365298,54.82,23.82,21.667286487215236
2025-01-07 03:00:00+00:00,bdg2_1,19.172856163307273,50.4904468590838,1011.033991566548,54.82,23.82,21.33901890020068
2025-01-07 04:00:00+00:00,bdg2_1,21.39529972613411,48.42519975180302,1011.76247854747,54.82,23.82,20.431919564713283
2025-01-07 05:00:00+00:00,bdg2_1,21.338883069491356,50.37412893161837,1011.7219210051471,54.82,23.82,20.080201551465226
2025-01-07 06:00:00+00:00,bdg2_1,21.757848941666744,49.36511195840345,1010.6824621103422,54.82,23.82,20.9351915417928
2025-01-07 07:00:00+00:00,bdg2_1,21.067890524043094,48.283800175176104,1011.2244171968761,54.82,23.82,21.3784703296952
2025-01-07 08:00:00+00:00,bdg2_1,20.147568009616137,49.95935023753853,1011.2496845924211,54.82,23.82,20.672781268235884
2025-01-07 09:00:00+00:00,bdg2_1,19.507694695404947,49.5618763800255,1011.1723352395786,54.82,23.82,21.222802309396993
2025-01-07 10:00:00+00:00,bdg2_1,19.237591739154418,54.16707246529716,1011.4978618726647,54.82,23.82,23.19834629261439
2025-01-07 11:00:00+00:00,bdg2_1,16.005805995263746,57.9780211294963,1012.0558821858345,54.82,23.82,24.613048642042013
2025-01-07 12:00:00+00:00,bdg2_1,14.833502968860046,58.14712500610441,1011.2058845298501,54.82,23.82,25.247453868946693
2025-01-07 13:00:00+00:00,bdg2_1,13.456649106901029,65.02065320450136,1012.561040949548,54.82,23.82,27.165343506401864
2025-01-07 14:00:00+00:00,bdg2_1,11.516964399195716,66.39737993506527,1011.7863207420233,54.82,23.82,28.55486845217148
2025-01-07 15:00:00+00:00,bdg2_1,10.34738830636224,68.80907088277948,1011.3813625451145,54.82,23.82,29.582195290890535
2025-01-07 16:00:00+00:00,bdg2_1,8.17437899069707,72.23997812648408,1012.6080492287557,54.82,23.82,27.74305819883597
2025-01-07 17:00:00+00:00,bdg2_1,8.214287047955096,69.72901852557575,1012.1512332047561,54.82,23.82,30.384799104964436
2025-01-07 18:00:00+00:00,bdg2_1,7.931680950146611,69.95419796306935,1012.4628508367257,54.82,23.82,30.25948770656642
2025-01-07 19:00:00+00:00,bdg2_1,8.22490181069627,70.0234014532796,1012.2673743474955,54.82,23.82,30.098156299863717
2025-01-07 20:00:00+00:00,bdg2_1,8.86029726285807,73.56123802437281,1012.6809129201974,54.82,23.82,29.123365684863842
2025-01-07 21:00:00+00:00,bdg2_1,10.291551507456216,66.82713284439703,1012.8744841716167,54.82,23.82,30.15232813345619
2025-01-07 22:00:00+00:00,bdg2_1,11.058114340713344,66.44825252860262,1013.1593662674632,54.82,23.82,25.806651291927885
2025-01-07 23:00:00+00:00,bdg2_1,14.007711149641814,61.53833125762788,1012.7202993883527,54.82,23.82,26.674767403150703
2025-01-08 00:00:00+00:00,bdg2_1,14.88369855795949,61.20440500067471,1013.0754627084876,54.82,23.82,25.569751291004675
2025-01-08 01:00:00+00:00,bdg2_1,16.849220027569327,59.10217388062155,1012.1044245783323,54.82,23.82,24.069999021101136
2025-01-08 02:00:00+00:00,bdg2_1,18.349692436099637,52.56145107452891,1012.8183852754728,54.82,23.82,21.928020021820537
2025-01-08 03:00:00+00:00,bdg2_1,20.23895273667221,50.17052297139174,1013.2543016401291,54.82,23.82,21.73971496418307
2025-01-08 04:00:00+00:00,bdg2_1,20.484282000941413,51.27621813346671,1014.6579214504974,54.82,23.82,19.995855673871336
2025-01-08 05:00:00+00:00,bdg2_1,22.221204376232585,47.94437086390161,1013.8244185497023,54.82,23.82,19.98866567306838
2025-01-08 06:00:00+00:00,bdg2_1,23.104330814990554,47.51350227657475,1014.0645280064404,54.82,23.82,20.607366152617693
2025-01-08 07:00:00+00:00,bdg2_1,21.219500715581166,45.16848596495721,1014.0660007431825,54.82,23.82,21.014889308131536
2025-01-08 08:00:00+00:00,bdg2_1,20.79382511738745,48.65763315328022,1014.3726671510137,54.82,23.82,21.522706405990593
2025-01-08 09:00:00+00:00,bdg2_1,20.427685791988047,51.9068216790718,1013.5966989553044,54.82,23.82,20.24649271437268
2025-01-08 10:00:00+00:00,bdg2_1,17.50343172713387,53.91347736314348,1015.055607452496,54.82,23.82,22.97789455603833
2025-01-08 11:00:00+00:00,bdg2_1,16.77186319394775,54.6130521338204,1013.8657110396738,54.82,23.82,23.710843550110944
2025-01-08 12:00:00+00:00,bdg2_1,14.888890262160984,61.3625095352539,1014.2223478324058,54.82,23.82,25.695305995239362
2025-01-08 13:00:00+00:00,bdg2_1,13.131157554216692,62.82117779156463,1015.031372649619,54.82,23.82,25.542117791301642
2025-01-08 14:00:00+00:00,bdg2_1,11.358473566039287,64.0608938960632,1014.5483696772984,54.82,23.82,28.569501001033778
2025-01-08 15:00:00+00:00,bdg2_1,10.390953486760976,69.58629908911692,1015.1226174175573,54.82,23.82,29.160752092900044
2025-01-08 16:00:00+00:00,bdg2_1,9.316951889583551,70.99789096102964,1014.2022659015054,54.82,23.82,29.856222118589404
2025-01-08 17:00:00+00:00,bdg2_1,8.711462403388584,70.25324543264074,1014.8994555472366,54.82,23.82,30.91244220301645
2025-01-08 18:00:00+00:00,bdg2_1,7.813261772305711,70.0183401395162,1014.9012363915076,54.82,23.82,31.593685559521685
2025-01-08 19:00:00+00:00,bdg2_1,7.7820465063379505,71.43302480986043,1014.5813467602452,54.82,23.82,29.47066183738829
2025-01-08 20:00:00+00:00,bdg2_1,9.05520781403438,72.60752525835254,1014.6821962003286,54.82,23.82,28.621472024693865
2025-01-08 21:00:00+00:00,bdg2_1,9.614001311500122,66.84459570600683,1014.3539703134536,54.82,23.82,27.684271706922207
2025-01-08 22:00:00+00:00,bdg2_1,11.447093365261708,66.06129807979258,1015.7853802092499,54.82,23.82,26.678399515427195
2025-01-08 23:00:00+00:00,bdg2_1,12.79829762228621,61.970572680446004,1015.3717881289638,54.82,23.82,26.13562280885261
2025-01-09 00:00:00+00:00,bdg2_1,15.388604397555596,58.81628878977592,1015.8021238737011,54.82,23.82,25.94251314301395
2025-01-09 01:00:00+00:00,bdg2_1,16.680499464683503,55.960365278356214,1015.5043778840394,54.82,23.82,22.914371009007812
2025-01-09 02:00:00+00:00,bdg2_1,19.496102367838695,54.21133095466682,1015.8749367072298,54.82,23.82,21.232892699497825
2025-01-09 03:00:00+00:00,bdg2_1,19.07436867591073,52.54561793353695,1015.7981159571628,54.82,23.82,20.703861337154056
2025-01-09 04:00:00+00:00,bdg2_1,20.778790001589734,48.58777945342208,1015.7119896687835,54.82,23.82,21.593725109083316
2025-01-09 05:00:00+00:00,bdg2_1,20.989050679053072,49.12700778128163,1015.2152623200782,54.82,23.82,19.639438904252458
2025-01-09 06:00:00+00:00,bdg2_1,21.919782395961985,45.95781893977747,1017.1248758885769,54.82,23.82,22.42497747453344
2025-01-09 07:00:00+00:00,bdg2_1,22.137615713535517,49.39291285665898,1015.2278816713169,54.82,23.82,22.547719744438343
2025-01-09 08:00:00+00:00,bdg2_1,21.071336458926762,49.4226018895883,1016.3946180354741,54.82,23.82,20.930673046663625
2025-01-09 09:00:00+00:00,bdg2_1,19.561445662701583,51.18633648001514,1015.6436071012987,54.82,23.82,21.529121787436925
2025-01-09 10:00:00+00:00,bdg2_1,18.77722876943723,54.799138355764235,1016.5173193632515,54.82,23.82,22.495896935784724
2025-01-09 11:00:00+00:00,bdg2_1,17.290767574850676,59.45416422099296,1015.2847661749682,54.82,23.82,24.418475337977906
2025-01-09 12:00:00+00:00,bdg2_1,14.463833944903788,57.739386613937704,1016.7171147563391,54.82,23.82,26.135483968795995
2025-01-09 13:00:00+00:00,bdg2_1,13.449953156238784,62.39043144476367,1016.6994800317551,54.82,23.82,24.926927500473745
2025-01-09 14:00:00+00:00,bdg2_1,11.533696459909462,66.7277663304938,1016.6100559452769,54.82,23.82,25.973572300626426
2025-01-09 15:00:00+00:00,bdg2_1,8.518181853641659,68.65833684416789,1016.139850207352,54.82,23.82,28.70921417860979
2025-01-09 16:00:00+00:00,bdg2_1,8.499198742853123,70.32606364565301,1015.2215718558728,54.82,23.82,29.750720410607308
2025-01-09 17:00:00+00:00,bdg2_1,8.684813413891744,70.49306208856103,1014.9959312304526,54.82,23.82,29.699847421190206
2025-01-09 18:00:00+00:00,bdg2_1,7.9007498402996506,71.87908950851063,1016.6517877257288,54.82,23.82,30.138595479118532
2025-01-09 19:00:00+00:00,bdg2_1,9.280580639821967,72.16222509543366,1015.4542852790315,54.82,23.82,30.9632425897238
2025-01-09 20:00:00+00:00,bdg2_1,8.892649989703257,69.65914855941571,1016.1313120671543,54.82,23.82,29.44491083032283
2025-01-09 21:00:00+00:00,bdg2_1,9.270955435285618,67.21100320961635,1016.5571399146871,54.82,23.82,28.711461798392577
2025-01-09 22:00:00+00:00,bdg2_1,11.819492976846572,67.53022896677308,1016.8627990144917,54.82,23.82,26.86090349980323
2025-01-09 23:00:00+00:00,bdg2_1,12.836569155019335,61.7190641494078,1015.647474148922,54.82,23.82,25.381508458383074
2025-01-10 00:00:00+00:00,bdg2_1,14.992499633751077,59.83765084661843,1016.2154028724059,54.82,23.82,23.809348766439133
2025-01-10 01:00:00+00:00,bdg2_1,16.484821054060962,57.43336305724677,1016.2471014676594,54.82,23.82,21.38928746406921
2025-01-10 02:00:00+00:00,bdg2_1,18.198964688822333,53.6195694156091,1014.8461413276899,54.82,23.82,22.94870035677319
2025-01-10 03:00:00+00:00,bdg2_1,20.55181123143525,48.600069507307026,1015.0491856069389,54.82,23.82,22.41664822080767
2025-01-10 04:00:00+00:00,bdg2_1,21.629847440550602,47.69853169838898,1015.2988108895806,54.82,23.82,21.329291787813478
2025-01-10 05:00:00+00:00,bdg2_1,21.6399689181767,47.626915438370155,1016.5467554574266,54.82,23.82,20.468169907015632
2025-01-10 06:00:00+00:00,bdg2_1,21.090275578897767,48.37997085858419,1015.0002777737022,54.82,23.82,20.742056579716028
2025-01-10 07:00:00+00:00,bdg2_1,22.252477612883055,49.066733081664744,1016.1162561069837,54.82,23.82,22.13465032581037
2025-01-10 08:00:00+00:00,bdg2_1,21.42551780950883,49.049755243328576,1015.0514242569689,54.82,23.82,20.894323715771566
2025-01-10 09:00:00+00:00,bdg2_1,19.43222838317047,49.35660071612569,1015.3092478452144,54.82,23.82,19.686147968935582
2025-01-10 10:00:00+00:00,bdg2_1,17.849763108537022,54.75173458649639,1015.2410886862657,54.82,23.82,22.19336561929739
2025-01-10 11:00:00+00:00,bdg2_1,16.798775266388617,53.962883735181485,1015.5069052120591,54.82,23.82,23.702074831420884
2025-01-10 12:00:00+00:00,bdg2_1,14.977396765144881,60.51426946589285,1014.263030662701,54.82,23.82,26.911829512041187
2025-01-10 13:00:00+00:00,bdg2_1,13.03659112689385,60.95450796574654,1015.3296801087063,54.82,23.82,25.02292750242318
2025-01-10 14:00:00+00:00,bdg2_1,11.53319634992282,66.8109033481366,1014.5397072017729,54.82,23.82,28.345426429123897
2025-01-10 15:00:00+00:00,bdg2_1,10.115798631531659,69.00890690056053,1015.3233543961335,54.82,23.82,29.04796805273841
2025-01-10 16:00:00+00:00,bdg2_1,9.498003073296497,71.68298651708116,1015.2839733900497,54.82,23.82,28.565787392652595
2025-01-10 17:00:00+00:00,bdg2_1,8.381684767211123,70.75435898386004,1014.2324860969986,54.82,23.82,29.78825225623432
2025-01-10 18:00:00+00:00,bdg2_1,7.54359495162462,73.70271207867981,1014.8516148084759,54.82,23.82,30.045262568720712
2025-01-10 19:00:00+00:00,bdg2_1,8.626122275273048,70.96392403259362,1014.6531631275153,54.82,23.82,30.99430029374428
2025-01-10 20:00:00+00:00,bdg2_1,8.245982872724966,69.09187201776504,1014.6231132380713,54.82,23.82,30.114916209982518
2025-01-10 21:00:00+00:00,bdg2_1,10.175148768668583,66.74900611765179,1014.1362092442838,54.82,23.82,30.2299939257307
2025-01-10 22:00:00+00:00,bdg2_1,11.658134640695165,65.07233816637928,1014.2578612397135,54.82,23.82,31.24024890370461
2025-01-10 23:00:00+00:00,bdg2_1,13.85840263944698,60.651117524812406,1014.1724183970481,54.82,23.82,27.016917908912877
2025-01-11 00:00:00+00:00,bdg2_1,14.86225945851757,61.70857994325074,1015.1837760068719,54.82,23.82,25.007560395037363
2025-01-11 01:00:00+00:00,bdg2_1,16.95910307314861,56.641178028653826,1014.6410756060126,54.82,23.82,25.20582993798949
2025-01-11 02:00:00+00:00,bdg2_1,18.96719768699093,52.37553359143229,1014.4732046080113,54.82,23.82,21.921246066670438
2025-01-11 03:00:00+00:00,bdg2_1,20.823928451383203,52.229144349321885,1014.5199015530237,54.82,23.82,21.44340670798342
2025-01-11 04:00:00+00:00,bdg2_1,21.04600887037102,50.25386160372947,1013.868864867202,54.82,23.82,22.248786886019374
2025-01-11 05:00:00+00:00,bdg2_1,21.190382633567694,49.43701475605956,1013.4831272370875,54.82,23.82,21.031417110960735
2025-01-11 06:00:00+00:00,bdg2_1,21.101441953822892,49.92918937267828,1013.5128784126696,54.82,23.82,18.766326847518535
2025-01-11 07:00:00+00:00,bdg2_1,22.119822939153263,48.121224819444585,1013.6963042372766,54.82,23.82,21.398279566729943
2025-01-11 08:00:00+00:00,bdg2_1,20.516582548113988,48.503129452170725,1013.4873303637235,54.82,23.82,21.23738837959658
2025-01-11 09:00:00+00:00,bdg2_1,19.597939980377642,50.32500065311936,1013.7215610744333,54.82,23.82,22.448104736282946
2025-01-11 10:00:00+00:00,bdg2_1,19.19863662925499,53.55729701102321,1011.9330728819332,54.82,23.82,23.023390284769484
2025-01-11 11:00:00+00:00,bdg2_1,17.19169936698239,54.69393673403962,1013.1573637060515,54.82,23.82,23.98121305403363
2025-01-11 12:00:00+00:00,bdg2_1,15.170177481126672,59.3029582967631,1013.0417165973817,54.82,23.82,25.600394496115193
2025-01-11 13:00:00+00:00,bdg2_1,12.300179963211413,64.47245219273123,1012.70490809018,54.82,23.82,27.058597344709348
2025-01-11 14:00:00+00:00,bdg2_1,11.1486898612844,63.43235270240936,1013.3663790834535,54.82,23.82,29.141136185707534
2025-01-11 15:00:00+00:00,bdg2_1,9.11998716308534,66.54686644218545,1012.7111931506134,54.82,23.82,27.486173584306016
2025-01-11 16:00:00+00:00,bdg2_1,9.317948047020657,69.19670899699298,1012.294082938506,54.82,23.82,29.541561987913795
2025-01-11 17:00:00+00:00,bdg2_1,7.149406667313761,71.11122603477679,1013.449589615511,54.82,23.82,30.416513876801883
2025-01-11 18:00:00+00:00,bdg2_1,7.500445243559368,73.56902268127453,1013.3640299175232,54.82,23.82,31.274668477177375
2025-01-11 19:00:00+00:00,bdg2_1,7.946213797335787,70.6047157057546,1012.0383044375089,54.82,23.82,28.78057576520172
2025-01-11 20:00:00+00:00,bdg2_1,8.952430069142178,68.8837708645154,1011.6781147831948,54.82,23.82,29.650945790731402
2025-01-11 21:00:00+00:00,bdg2_1,9.768441502601942,68.17870415269017,1013.0832519358521,54.82,23.82,28.90375339496644
2025-01-11 22:00:00+00:00,bdg2_1,12.095161616720349,66.65687719827118,1012.2054664356826,54.82,23.82,26.150824793036215
2025-01-11 23:00:00+00:00,bdg2_1,12.914780727762867,62.712447730823435,1011.5770106018149,54.82,23.82,26.09118672092894
2025-01-12 00:00:00+00:00,bdg2_1,15.079950871639733,59.66608138582819,1012.0431451911063,54.82,23.82,24.752202493892444
2025-01-12 01:00:00+00:00,bdg2_1,17.353709304817492,56.874528341752004,1011.300855986321,54.82,23.82,22.454514017618393
2025-01-12 02:00:00+00:00,bdg2_1,18.115308187785377,53.61853392641788,1012.1010296755032,54.82,23.82,21.228126421585404
2025-01-12 03:00:00+00:00,bdg2_1,20.469823837933298,51.37707233572433,1010.9881812302788,54.82,23.82,20.145374864058788
2025-01-12 04:00:00+00:00,bdg2_1,21.336675389085173,46.748345886056136,1011.0792833405468,54.82,23.82,20.229511049797864
2025-01-12 05:00:00+00:00,bdg2_1,21.679918280917036,49.28066750099729,1010.911218980821,54.82,23.82,20.2907132965625
2025-01-12 06:00:00+00:00,bdg2_1,21.39107697462041,48.086538138866544,1011.4337082827697,54.82,23.82,19.648308123876422
2025-01-12 07:00:00+00:00,bdg2_1,21.94581363052143,48.56583856954184,1010.8709931915255,54.82,23.82,20.109553394019134
2025-01-12 08:00:00+00:00,bdg2_1,20.964667388171524,46.64632351062982,1010.209900355798,54.82,23.82,21.102725208456107
2025-01-12 09:00:00+00:00,bdg2_1,18.905573947463665,53.25229131825906,1010.1736940874544,54.82,23.82,21.494991381958368
2025-01-12 10:00:00+00:00,bdg2_1,18.736067957950553,53.044897463714115,1011.3821386578985,54.82,23.82,21.12914645121164
2025-01-12 11:00:00+00:00,bdg2_1,17.265116504381897,57.11700628269563,1010.6504919196234,54.82,23.82,24.717600720254286
2025-01-12 12:00:00+00:00,bdg2_1,15.26962691136361,58.19328384513757,1011.3604108557853,54.82,23.82,26.003996403322642
2025-01-12 13:00:00+00:00,bdg2_1,13.240170524826675,63.33035983438935,1011.2543250197017,54.82,23.82,27.95226747976916
2025-01-12 14:00:00+00:00,bdg2_1,11.80632924335277,64.25606784842094,1010.5814087503051,54.82,23.82,28.32001990552675
2025-01-12 15:00:00+00:00,bdg2_1,9.633003363966308,66.67648100649959,1010.4627165981677,54.82,23.82,28.647897751587458
2025-01-12 16:00:00+00:00,bdg2_1,9.12673706915791,72.23775386263792,1009.3107110888922,54.82,23.82,29.429988466945737
2025-01-12 17:00:00+00:00,bdg2_1,8.135680354097465,71.61473378394862,1010.4313704468767,54.82,23.82,30.855378679251974
2025-01-12 18:00:00+00:00,bdg2_1,8.279466367857191,71.93145011516694,1010.3416521613226,54.82,23.82,30.10535739192515
2025-01-12 19:00:00+00:00,bdg2_1,8.172036325046445,73.57413059221683,1009.2941940894052,54.82,23.82,28.428132943335232
2025-01-12 20:00:00+00:00,bdg2_1,9.736640654931804,71.25278486179418,1010.5226995903301,54.82,23.82,30.488313871662697
2025-01-12 21:00:00+00:00,bdg2_1,9.041075005846764,70.64398447803947,1009.5851179345092,54.82,23.82,27.55279493588059
2025-01-12 22:00:00+00:00,bdg2_1,12.018121387880315,64.26642606882623,1010.3987421890348,54.82,23.82,28.92732938693686
2025-01-12 23:00:00+00:00,bdg2_1,12.863469910202822,62.22220831430524,1010.4382368051238,54.82,23.82,27.190416872381462
2025-01-13 00:00:00+00:00,bdg2_1,15.170862610661713,57.627947992213684,1010.8803182749496,54.82,23.82,25.622494930787894
2025-01-13 01:00:00+00:00,bdg2_1,15.63330086183217,55.54449021913354,1009.522283449764,54.82,23.82,22.928207155924248
2025-01-13 02:00:00+00:00,bdg2_1,18.62802619306526,52.927151788842814,1010.6459810284886,54.82,23.82,23.608737925665928
2025-01-13 03:00:00+00:00,bdg2_1,19.9868728093575,49.93487816550246,1010.0185568677828,54.82,23.82,21.871225819817447
2025-01-13 04:00:00+00:00,bdg2_1,21.64340651996953,48.91125400106979,1010.0482495893316,54.82,23.82,19.67313320977239
2025-01-13 05:00:00+00:00,bdg2_1,21.530989597485817,50.16139733405681,1010.8001996252893,54.82,23.82,19.825396748150396
2025-01-13 06:00:00+00:00,bdg2_1,21.867930528555817,46.85900675174816,1009.2352010103127,54.82,23.82,20.372760482388287
2025-01-13 07:00:00+00:00,bdg2_1,21.99782594255354,49.315560705300314,1010.0151638754002,54.82,23.82,20.6995821728188
2025-01-13 08:00:00+00:00,bdg2_1,21.14486877647292,51.4743837476301,1010.1956766644345,54.82,23.82,22.12120809683833
2025-01-13 09:00:00+00:00,bdg2_1,20.485928403588265,52.053243441572825,1009.3977131144868,54.82,23.82,21.981738405037202
2025-01-13 10:00:00+00:00,bdg2_1,18.660380990327813,56.87792928960163,1010.4046783082024,54.82,23.82,21.36872879170872
2025-01-13 11:00:00+00:00,bdg2_1,16.415301448367877,58.34007684433303,1009.9557444491498,54.82,23.82,22.50301476251603
2025-01-13 12:00:00+00:00,bdg2_1,15.245380690750792,60.74047385571527,1010.0159453883999,54.82,23.82,25.861596237341722
2025-01-13 13:00:00+00:00,bdg2_1,13.136149721576972,65.90305155559967,1009.5534676198095,54.82,23.82,27.202017312425404
2025-01-13 14:00:00+00:00,bdg2_1,11.99549308551694,67.90029984659716,1010.0706544631909,54.82,23.82,27.087005661907327
2025-01-13 15:00:00+00:00,bdg2_1,10.920590063711936,69.30513502822912,1009.8757823691905,54.82,23.82,29.367885721370364
2025-01-13 16:00:00+00:00,bdg2_1,9.731363434478405,71.39187642960194,1009.8443887263911,54.82,23.82,30.30955200488212
2025-01-13 17:00:00+00:00,bdg2_1,7.469751795368781,72.756338841965,1010.7394770036915,54.82,23.82,29.60766023173474
2025-01-13 18:00:00+00:00,bdg2_1,8.138563250280576,72.2254204606102,1010.0291955652858,54.82,23.82,29.142399679797094
2025-01-13 19:00:00+00:00,bdg2_1,8.099178542146795,70.65809168395991,1011.1045741937509,54.82,23.82,28.474357667147704
2025-01-13 20:00:00+00:00,bdg2_1,9.837428078980171,70.0391884083582,1010.0164045319825,54.82,23.82,28.785881108148672
2025-01-13 21:00:00+00:00,bdg2_1,9.529771108032238,65.43703038862913,1010.8678219792212,54.82,23.82,28.381886580991342
2025-01-13 22:00:00+00:00,bdg2_1,11.080774854683753,64.04125056985221,1010.2398691548342,54.82,23.82,26.248500596459934
2025-01-13 23:00:00+00:00,bdg2_1,13.837552495169312,60.26141164559371,1010.1071002528139,54.82,23.82,25.411073495145768
2025-01-14 00:00:00+00:00,bdg2_1,15.237588696384508,60.380662211266625,1010.5821089953575,54.82,23.82,24.827775011162906
2025-01-14 01:00:00+00:00,bdg2_1,17.01076920965801,55.70101305665679,1010.9679171972462,54.82,23.82,22.38314235472162
2025-01-14 02:00:00+00:00,bdg2_1,18.770152758135062,53.239114195968575,1011.3650336556287,54.82,23.82,21.2766494284073
2025-01-14 03:00:00+00:00,bdg2_1,19.722995908848997,50.28336056860624,1011.3487891089995,54.82,23.82,20.053172627228367
2025-01-14 04:00:00+00:00,bdg2_1,21.50425172404874,50.30252098890165,1011.2424683894035,54.82,23.82,19.981713673851857
2025-01-14 05:00:00+00:00,bdg2_1,21.999151042664195,51.034972791804606,1010.6974834969743,54.82,23.82,20.42356041667201
2025-01-14 06:00:00+00:00,bdg2_1,21.86845937353126,46.34948040578146,1010.7171167974457,54.82,23.82,20.524850945250073
2025-01-14 07:00:00+00:00,bdg2_1,21.738789505675268,44.72951029033035,1011.4846835331402,54.82,23.82,19.85278154072452
2025-01-14 08:00:00+00:00,bdg2_1,21.52105138242807,48.6422439042337,1012.4635034627947,54.82,23.82,19.721123729068704
2025-01-14 09:00:00+00:00,bdg2_1,20.33286056364956,49.901528900956414,1011.501381577849,54.82,23.82,20.316956036393037
2025-01-14 10:00:00+00:00,bdg2_1,19.127424376756043,53.96834427090519,1012.2473845912643,54.82,23.82,22.40271415469835
2025-01-14 11:00:00+00:00,bdg2_1,15.99955383413471,55.62949546363048,1011.4021096275237,54.82,23.82,25.087404190072185
2025-01-14 12:00:00+00:00,bdg2_1,16.364731067722595,59.828764397995535,1011.8573572131221,54.82,23.82,26.25011222621868
2025-01-14 13:00:00+00:00,bdg2_1,12.61761252335411,62.63242372712751,1012.1351202749966,54.82,23.82,26.64722847998786
2025-01-14 14:00:00+00:00,bdg2_1,11.457838733652029,64.53389893496576,1011.9560719148371,54.82,23.82,28.212877299456004
2025-01-14 15:00:00+00:00,bdg2_1,9.691042053243095,68.59699701662318,1013.0540332726592,54.82,23.82,29.012870565622958
2025-01-14 16:00:00+00:00,bdg2_1,9.23438395669699,68.83802199582533,1011.8402966519656,54.82,23.82,29.012660848330775
2025-01-14 17:00:00+00:00,bdg2_1,7.819180512089266,69.77745922750651,1011.4406554422355,54.82,23.82,29.621749293642758
2025-01-14 18:00:00+00:00,bdg2_1,8.416409371760855,72.92517084537097,1012.670577953449,54.82,23.82,30.912086858151024
2025-01-14 19:00:00+00:00,bdg2_1,7.809107640605415,70.56620383784824,1012.3244723525379,54.82,23.82,28.938371492533484
2025-01-14 20:00:00+00:00,bdg2_1,9.06265768094571,69.39757109846947,1013.1098495724119,54.82,23.82,28.452275476393332
2025-01-14 21:00:00+00:00,bdg2_1,10.331523423456614,71.00342197347963,1012.0564938626245,54.82,23.82,27.984210761488058
2025-01-14 22:00:00+00:00,bdg2_1,11.115920761812983,64.40958927176196,1012.9061539596959,54.82,23.82,28.000319519486634
2025-01-14 23:00:00+00:00,bdg2_1,12.821862965672556,62.337104602958945,1013.0090317933841,54.82,23.82,26.608056968468034
2025-01-15 00:00:00+00:00,bdg2_1,14.444313533846065,63.45245175417132,1012.8832794755843,54.82,23.82,25.088119704462002
2025-01-15 01:00:00+00:00,bdg2_1,16.497698809388186,56.50612830462332,1012.6600292634572,54.82,23.82,25.33414348250524
2025-01-15 02:00:00+00:00,bdg2_1,17.576406244559063,53.72257595329319,1013.5547475124956,54.82,23.82,20.902785755742247
2025-01-15 03:00:00+00:00,bdg2_1,20.180255450177395,53.489478229824606,1013.4840782641999,54.82,23.82,21.464473606288532
2025-01-15 04:00:00+00:00,bdg2_1,21.045072426444776,49.185446173760695,1013.7372156208849,54.82,23.82,19.806346384559756
2025-01-15 05:00:00+00:00,bdg2_1,21.92488731501221,47.90110149681886,1013.2669233963562,54.82,23.82,19.013995276260523
2025-01-15 06:00:00+00:00,bdg2_1,22.3372641096697,47.114031931847244,1014.2063227929692,54.82,23.82,19.97195458107768
2025-01-15 07:00:00+00:00,bdg2_1,21.759934665044696,46.7620810206842,1013.2763992753341,54.82,23.82,20.71736909820012
2025-01-15 08:00:00+00:00,bdg2_1,21.014083979871586,49.69580880050332,1014.2097727760535,54.82,23.82,21.19171781752512
2025-01-15 09:00:00+00:00,bdg2_1,19.771831316421423,55.856297913201814,1015.5583608559094,54.82,23.82,21.9047792031845
2025-01-15 10:00:00+00:00,bdg2_1,17.78040282047798,52.65958478799087,1014.386892717584,54.82,23.82,21.92339311337911
2025-01-15 11:00:00+00:00,bdg2_1,16.770882181512942,53.899053150392746,1014.4177668309097,54.82,23.82,24.91434737866895
2025-01-15 12:00:00+00:00,bdg2_1,14.392813318261878,59.48474996159932,1014.1221409137429,54.82,23.82,22.515104591444963
2025-01-15 13:00:00+00:00,bdg2_1,12.950441645653774,62.25208170761187,1013.705027401333,54.82,23.82,25.419554704823085
2025-01-15 14:00:00+00:00,bdg2_1,11.623426635542904,66.51208357061294,1014.6624342761191,54.82,23.82,26.924047803846378
2025-01-15 15:00:00+00:00,bdg2_1,9.637800271944995,68.70336333741407,1014.3995251502662,54.82,23.82,29.571950916518528
2025-01-15 16:00:00+00:00,bdg2_1,9.519976497070779,69.68338515603543,1013.8732166948623,54.82,23.82,29.513486782057814
2025-01-15 17:00:00+00:00,bdg2_1,7.904071466163695,72.82455552094717,1015.1315103155857,54.82,23.82,28.779019772267265
2025-01-15 18:00:00+00:00,bdg2_1,8.52411527968071,74.08841601038822,1015.0635813470255,54.82,23.82,30.610146036650466
2025-01-15 19:00:00+00:00,bdg2_1,7.978055193383361,70.30236931821678,1015.5843056695472,54.82,23.82,30.07073824849251
2025-01-15 20:00:00+00:00,bdg2_1,8.891984573691895,70.28891731616811,1015.4168989459662,54.82,23.82,29.11447575271311
2025-01-15 21:00:00+00:00,bdg2_1,9.801038581151387,68.02816596552145,1015.040071743048,54.82,23.82,28.049062553864548
2025-01-15 22:00:00+00:00,bdg2_1,11.544141155332648,65.26260205968516,1014.9716916941784,54.82,23.82,29.486539197727144
2025-01-15 23:00:00+00:00,bdg2_1,13.191896926275245,65.66780781260852,1014.7715328654662,54.82,23.82,27.04891195979372
2025-01-01 00:00:00+00:00,bdg2_2,15.005659003562487,62.53651502747739,1012.7674068264362,54.839999999999996,23.84,26.79232298935285
2025-01-01 01:00:00+00:00,bdg2_2,16.517410266468467,56.90561263108904,1012.5341306162262,54.839999999999996,23.84,23.671353622866143
2025-01-01 02:00:00+00:00,bdg2_2,18.396588448180882,52.33592126592495,1012.3011920046869,54.839999999999996,23.84,23.396406942349167
2025-01-01 03:00:00+00:00,bdg2_2,20.19731625741426,50.47021085005846,1013.2824966100752,54.839999999999996,23.84,20.7392622484035
2025-01-01 04:00:00+00:00,bdg2_2,20.993140498318024,49.98275918770979,1013.6236846270635,54.839999999999996,23.84,20.168896107461777
2025-01-01 05:00:00+00:00,bdg2_2,21.656578595529886,49.18306541123115,1013.2280715959904,54.839999999999996,23.84,19.614813753097252
2025-01-01 06:00:00+00:00,bdg2_2,22.04092510429867,48.74214337289101,1013.4555879262489,54.839999999999996,23.84,20.79653079865309
2025-01-01 07:00:00+00:00,bdg2_2,21.726448726025446,47.399776289074936,1013.8236648389307,54.839999999999996,23.84,18.713680574526595
2025-01-01 08:00:00+00:00,bdg2_2,20.144228305845644,50.11623284900259,1012.996103853349,54.839999999999996,23.84,19.867925897876145
2025-01-01 09:00:00+00:00,bdg2_2,20.449082762755527,52.01225972215361,1013.5658537518341,54.839999999999996,23.84,21.449475665405334
2025-01-01 10:00:00+00:00,bdg2_2,17.7830521359585,52.291214528886556,1014.012114024814,54.839999999999996,23.84,23.087449551426594
2025-01-01 11:00:00+00:00,bdg2_2,16.79486855521732,56.76773005811131,1013.8745039078241,54.839999999999996,23.84,23.780423017017505
2025-01-01 12:00:00+00:00,bdg2_2,15.398008907736918,61.65562203519234,1014.473037922863,54.839999999999996,23.84,25.12197818894065
2025-01-01 13:00:00+00:00,bdg2_2,13.365853023184224,63.89386885324381,1014.1609176977863,54.839999999999996,23.84,25.92498330955611
2025-01-01 14:00:00+00:00,bdg2_2,11.168277512988666,65.05680086029491,1015.4415147681615,54.839999999999996,23.84,28.284937722295258
2025-01-01 15:00:00+00:00,bdg2_2,9.707882678857365,68.54875654310014,1014.7498408308711,54.839999999999996,23.84,28.445575473411473
2025-01-01 16:00:00+00:00,bdg2_2,8.455944976553663,72.56209780899609,1014.0957478716748,54.839999999999996,23.84,30.198467400082386
2025-01-01 17:00:00+00:00,bdg2_2,8.26553769414876,70.37090220812449,1014.700708499446,54.839999999999996,23.84,27.979129998664323
2025-01-01 18:00:00+00:00,bdg2_2,8.137486284720252,73.09269690985523,1014.6054389283938,54.839999999999996,23.84,30.297857928006685
2025-01-01 19:00:00+00:00,bdg2_2,6.98907207862115,70.79401660331449,1014.2881614387685,54.839999999999996,23.84,30.75492173494177
2025-01-01 20:00:00+00:00,bdg2_2,9.034978767129436,70.32144847766219,1014.9459038642909,54.839999999999996,23.84,29.087238633035874
2025-01-01 21:00:00+00:00,bdg2_2,10.442783770768553,66.92265216691023,1015.5874469071873,54.839999999999996,23.84,29.235122800813322
2025-01-01 22:00:00+00:00,bdg2_2,12.015377165531321,65.4780949973588,1015.7398985757446,54.839999999999996,23.84,28.500785925774466
2025-01-01 23:00:00+00:00,bdg2_2,13.413065530239328,64.79013315992333,1015.053264347595,54.839999999999996,23.84,26.22094733354894
2025-01-02 00:00:00+00:00,bdg2_2,15.673799789814463,63.02608557032971,1014.5221770566149,54.839999999999996,23.84,25.937043436892587
2025-01-02 01:00:00+00:00,bdg2_2,16.182675355950273,57.20960871094522,1015.1198442880493,54.839999999999996,23.84,23.911593815205205
2025-01-02 02:00:00+00:00,bdg2_2,18.350880675301937,54.591110177610446,1015.8035886682608,54.839999999999996,23.84,22.151844184373886
2025-01-02 03:00:00+00:00,bdg2_2,20.284029166311903,51.08335518600496,1015.8825823261059,54.839999999999996,23.84,22.641920487957567
2025-01-02 04:00:00+00:00,bdg2_2,21.14472036838118,49.95736410913677,1014.6967151861411,54.839999999999996,23.84,19.897982502813953
2025-01-02 05:00:00+00:00,bdg2_2,21.450152494795653,48.182900663323615,1014.9523347370655,54.839999999999996,23.84,18.869304789797173
2025-01-02 06:00:00+00:00,bdg2_2,21.961446521566298,48.31173790096949,1016.1960045678438,54.839999999999996,23.84,21.43275642662214
2025-01-02 07:00:00+00:00,bdg2_2,22.025610033781124,47.857292122295206,1016.0955471972946,54.839999999999996,23.84,19.37202412028979
2025-01-02 08:00:00+00:00,bdg2_2,21.169086690115055,52.2926590488963,1016.5294082120205,54.839999999999996,23.84,20.367487578812653
2025-01-02 09:00:00+00:00,bdg2_2,20.43492932054044,50.932843094972384,1015.5240969857314,54.839999999999996,23.84,19.855128726346553
2025-01-02 10:00:00+00:00,bdg2_2,18.76844508155458,54.45891117624883,1016.3589654259443,54.839999999999996,23.84,23.305922147436434
2025-01-02 11:00:00+00:00,bdg2_2,16.661973148795457,58.18882387341542,1016.8381428561793,54.839999999999996,23.84,26.007188536366247
2025-01-02 12:00:00+00:00,bdg2_2,15.38622790228283,60.43271383239809,1016.1191157800166,54.839999999999996,23.84,25.083389668652675
2025-01-02 13:00:00+00:00,bdg2_2,12.900482242620866,65.47176564402828,1016.3289526546876,54.839999999999996,23.84,26.44059192521292
2025-01-02 14:00:00+00:00,bdg2_2,12.24381048417316,67.25959721316923,1015.3383533726083,54.839999999999996,23.84,28.736638766654277
2025-01-02 15:00:00+00:00,bdg2_2,9.845536900736686,66.50890831692645,1016.1260663304262,54.839999999999996,23.84,28.22533700559928
2025-01-02 16:00:00+00:00,bdg2_2,8.565585770980801,72.76762578292318,1016.0214724792617,54.839999999999996,23.84,29.277903030765216
2025-01-02 17:00:00+00:00,bdg2_2,8.11283664316302,71.0016364161146,1016.0922917161946,54.839999999999996,23.84,29.50848538828151
2025-01-02 18:00:00+00:00,bdg2_2,9.619171598376187,70.41843744613392,1016.058621591056,54.839999999999996,23.84,29.529726722434088
2025-01-02 19:00:00+00:00,bdg2_2,7.887248945280902,70.58920214076466,1016.0117296412106,54.839999999999996,23.84,30.76082384211081
2025-01-02 20:00:00+00:00,bdg2_2,9.53507537985474,71.43726713251193,1015.7797705063228,54.839999999999996,23.84,31.251865186839034
2025-01-02 21:00:00+00:00,bdg2_2,10.939119329923239,71.13001879956293,1015.7454100498281,54.839999999999996,23.84,29.156968548674516
2025-01-02 22:00:00+00:00,bdg2_2,11.855127141237206,66.87739909962544,1016.2508698766848,54.839999999999996,23.84,28.049022707734377
2025-01-02 23:00:00+00:00,bdg2_2,13.03705095385472,64.91680408698056,1016.6365327278156,54.839999999999996,23.84,26.93037915553053
2025-01-03 00:00:00+00:00,bdg2_2,15.027648676749525,60.608725675369676,1016.549012378039,54.839999999999996,23.84,24.872518389078074
2025-01-03 01:00:00+00:00,bdg2_2,17.161451149018284,55.7912957687273,1016.0873855285477,54.839999999999996,23.84,22.431242953967374
2025-01-03 02:00:00+00:00,bdg2_2,17.93154308896527,57.13272270682363,1015.9325418259785,54.839999999999996,23.84,23.6037148180302
2025-01-03 03:00:00+00:00,bdg2_2,18.61132678013208,51.15817093025799,1015.7437583610459,54.839999999999996,23.84,20.90622755351715
2025-01-03 04:00:00+00:00,bdg2_2,21.132005610608317,48.30817727692949,1016.420551817643,54.839999999999996,23.84,21.32880586907114
2025-01-03 05:00:00+00:00,bdg2_2,21.18930291402437,49.135872161042194,1015.906946719159,54.839999999999996,23.84,21.78125234593734
2025-01-03 06:00:00+00:00,bdg2_2,22.527934301091523,46.322520244680675,1015.3143189427346,54.839999999999996,23.84,20.994435002355907
2025-01-03 07:00:00+00:00,bdg2_2,21.100724094847727,49.30874314719384,1015.3131721470169,54.839999999999996,23.84,20.679315941406983
2025-01-03 08:00:00+00:00,bdg2_2,21.331310236156956,50.16949564020343,1015.2246675910254,54.839999999999996,23.84,20.703410848392693
2025-01-03 09:00:00+00:00,bdg2_2,20.55985870744418,51.237818876874414,1015.7635097788342,54.839999999999996,23.84,23.113213889141107
2025-01-03 10:00:00+00:00,bdg2_2,19.45476434577629,56.33203421202375,1015.550105159515,54.839999999999996,23.84,22.602803356902324
2025-01-03 11:00:00+00:00,bdg2_2,16.723433253483332,56.12607008513881,1015.3318182326879,54.839999999999996,23.84,22.294938802876086
2025-01-03 12:00:00+00:00,bdg2_2,15.289012471867602,59.573047270866375,1015.9111268828042,54.839999999999996,23.84,26.0500034382632
2025-01-03 13:00:00+00:00,bdg2_2,13.884774561068392,61.940614453333694,1015.1605774898969,54.839999999999996,23.84,25.56388240284372
2025-01-03 14:00:00+00:00,bdg2_2,10.720452418763113,64.99469554634508,1014.8027853074111,54.839999999999996,23.84,28.63060517736339
2025-01-03 15:00:00+00:00,bdg2_2,8.680681662212272,69.25075384147854,1014.9945106831435,54.839999999999996,23.84,28.077871238250644
2025-01-03 16:00:00+00:00,bdg2_2,8.78480392514019,71.09094117904966,1014.9915303880417,54.839999999999996,23.84,31.708366639690738
2025-01-03 17:00:00+00:00,bdg2_2,8.336942098343627,70.88484495065283,1014.6920245494221,54.839999999999996,23.84,29.6134534500287
2025-01-03 18:00:00+00:00,bdg2_2,8.795278364956717,72.81467058217007,1015.558988133904,54.839999999999996,23.84,28.735789026010345
2025-01-03 19:00:00+00:00,bdg2_2,7.994948092611258,71.69555271983714,1014.6812064737006,54.839999999999996,23.84,30.532602072394678
2025-01-03 20:00:00+00:00,bdg2_2,9.463572532201697,69.84311995526005,1013.2539350490473,54.839999999999996,23.84,28.40730783175414
2025-01-03 21:00:00+00:00,bdg2_2,9.449998379727258,69.35906220921147,1015.6178312195116,54.839999999999996,23.84,28.87860872454757
2025-01-03 22:00:00+00:00,bdg2_2,12.409886543104916,66.50702536767551,1015.0614873781024,54.839999999999996,23.84,27.824113062376064
2025-01-03 23:00:00+00:00,bdg2_2,13.56595385138768,61.71533983016628,1014.2467584960581,54.839999999999996,23.84,27.80220679715285
2025-01-04 00:00:00+00:00,bdg2_2,15.464854602343289,57.96721435932651,1014.8392090632713,54.839999999999996,23.84,26.231669344536748
2025-01-04 01:00:00+00:00,bdg2_2,16.67393218389977,57.39523681236899,1013.9126458924712,54.839999999999996,23.84,24.0143020365581
2025-01-04 02:00:00+00:00,bdg2_2,18.578558164212524,53.422045628155686,1014.075759371534,54.839999999999996,23.84,21.957462633094167
2025-01-04 03:00:00+00:00,bdg2_2,20.294232360675256,50.54837914633807,1014.1678584380277,54.839999999999996,23.84,21.745276389399354
2025-01-04 04:00:00+00:00,bdg2_2,20.668103617110773,49.00947733997537,1014.0405223193885,54.839999999999996,23.84,22.044297665812593
2025-01-04 05:00:00+00:00,bdg2_2,21.44122955589941,48.223107807332994,1013.6833309135019,54.839999999999996,23.84,18.41696395551091
2025-01-04 06:00:00+00:00,bdg2_2,21.926056515533933,49.12788132208083,1014.0582222233633,54.839999999999996,23.84,19.519965263589313
2025-01-04 07:00:00+00:00,bdg2_2,22.02933566620343,48.03561235196495,1013.7365007027753,54.839999999999996,23.84,21.106345776518978
2025-01-04 08:00:00+00:00,bdg2_2,20.730301823948995,50.32730053335056,1012.6272074178892,54.839999999999996,23.84,21.645211594149636
2025-01-04 09:00:00+00:00,bdg2_2,19.176847044730724,51.41912204368965,1013.2410715988489,54.839999999999996,23.84,22.326136484176494
2025-01-04 10:00:00+00:00,bdg2_2,19.394592712727313,53.717977131869944,1013.2284845859851,54.839999999999996,23.84,21.441353017060017
2025-01-04 11:00:00+00:00,bdg2_2,17.094320670266022,58.391137315405565,1013.7004590841489,54.839999999999996,23.84,22.70982004760761
2025-01-04 12:00:00+00:00,bdg2_2,14.563255445624257,61.35692928556889,1013.4695863359451,54.839999999999996,23.84,22.950006771492976
2025-01-04 13:00:00+00:00,bdg2_2,12.77998595169391,59.81348957067584,1012.7922346225088,54.839999999999996,23.84,26.4357842682709
2025-01-04 14:00:00+00:00,bdg2_2,11.674566976245679,66.67810382997045,1013.1044408753927,54.839999999999996,23.84,27.399272391356693
2025-01-04 15:00:00+00:00,bdg2_2,9.294311629317658,68.80593458054817,1013.0396901110787,54.839999999999996,23.84,27.12307506079856
2025-01-04 16:00:00+00:00,bdg2_2,8.453930247305816,72.1941179601893,1013.3679491681825,54.839999999999996,23.84,28.865068426221033
2025-01-04 17:00:00+00:00,bdg2_2,7.586365459229573,70.69357372847378,1012.0277875197888,54.839999999999996,23.84,29.372401450978764
2025-01-04 18:00:00+00:00,bdg2_2,8.41138051939855,69.11686916296112,1011.3106626352235,54.839999999999996,23.84,31.94295389355845
2025-01-04 19:00:00+00:00,bdg2_2,7.836301133643849,73.36659659062371,1011.3009173983892,54.839999999999996,23.84,30.688233066825184
2025-01-04 20:00:00+00:00,bdg2_2,8.23085210248861,68.91127852500881,1011.4174043798695,54.839999999999996,23.84,29.874852849384826
2025-01-04 21:00:00+00:00,bdg2_2,9.529655751276332,66.98764739197507,1012.3459894942434,54.839999999999996,23.84,30.10342920354339
2025-01-04 22:00:00+00:00,bdg2_2,11.714660592283716,66.39156200464701,1012.293901628944,54.839999999999996,23.84,29.167778232658893
2025-01-04 23:00:00+00:00,bdg2_2,13.064107187385442,61.63905806334442,1012.7218711795274,54.839999999999996,23.84,27.70899637903206
2025-01-05 00:00:00+00:00,bdg2_2,14.392935393739982,61.219892191087204,1011.9021067859518,54.839999999999996,23.84,24.928989136082595
2025-01-05 01:00:00+00:00,bdg2_2,16.2355458809025,54.77792356364234,1011.3244123263571,54.839999999999996,23.84,23.633865157336828
2025-01-05 02:00:00+00:00,bdg2_2,19.320524599361388,51.90161252002041,1012.0091115793692,54.839999999999996,23.84,22.71290878678855
2025-01-05 03:00:00+00:00,bdg2_2,20.357710222296546,54.54858228707218,1011.1821178299937,54.839999999999996,23.84,21.602373783214023
2025-01-05 04:00:00+00:00,bdg2_2,20.22132823860665,48.60294212812055,1012.0908998614308,54.839999999999996,23.84,22.694538884515254
2025-01-05 05:00:00+00:00,bdg2_2,21.84507034148135,48.33059027974974,1011.4489539354844,54.839999999999996,23.84,20.467397467724176
2025-01-05 06:00:00+00:00,bdg2_2,23.12627653038043,46.48438507694955,1010.2870535366808,54.839999999999996,23.84,19.255013499973415
2025-01-05 07:00:00+00:00,bdg2_2,21.072603235615865,48.579222591503395,1011.0713096300718,54.839999999999996,23.84,18.67709655755966
2025-01-05 08:00:00+00:00,bdg2_2,21.045706882248428,49.167029735086146,1011.079417536168,54.839999999999996,23.84,20.02893552580006
2025-01-05 09:00:00+00:00,bdg2_2,19.749493786193895,51.08290143483502,1011.5431358163735,54.839999999999996,23.84,20.329407892438226
2025-01-05 10:00:00+00:00,bdg2_2,18.20875321716675,54.09726187146468,1010.7645343394971,54.839999999999996,23.84,23.656329143421644
2025-01-05 11:00:00+00:00,bdg2_2,16.660066455780328,57.41389444284395,1010.742463982521,54.839999999999996,23.84,22.852023700384624
2025-01-05 12:00:00+00:00,bdg2_2,14.84630329802426,59.956883841473335,1010.2549876195579,54.839999999999996,23.84,27.596253592278398
2025-01-05 13:00:00+00:00,bdg2_2,13.299989914887249,64.67417960923622,1011.4190917078379,54.839999999999996,23.84,28.29847182929418
2025-01-05 14:00:00+00:00,bdg2_2,10.598447800567884,65.03847844299804,1009.820646719638,54.839999999999996,23.84,27.009355982077984
2025-01-05 15:00:00+00:00,bdg2_2,9.87197222965966,66.27760132748898,1011.0149963406241,54.839999999999996,23.84,29.81029228651658
2025-01-05 16:00:00+00:00,bdg2_2,8.584213294675973,71.41306692769392,1010.828949208944,54.839999999999996,23.84,29.991682795230048
2025-01-05 17:00:00+00:00,bdg2_2,7.559468485495602,75.25917697979091,1011.391260690697,54.839999999999996,23.84,29.340393742706098
2025-01-05 18:00:00+00:00,bdg2_2,7.7684079323124555,70.00384617675002,1010.6045112824922,54.839999999999996,23.84,29.99680742917122
2025-01-05 19:00:00+00:00,bdg2_2,8.479522310917698,70.95945807230454,1009.6191397905416,54.839999999999996,23.84,28.868708763574634
2025-01-05 20:00:00+00:00,bdg2_2,8.629184737772295,70.61614591847264,1010.0935986069294,54.839999999999996,23.84,30.10905284742463
2025-01-05 21:00:00+00:00,bdg2_2,10.389334147629649,69.8863142879687,1010.3166570673086,54.839999999999996,23.84,30.391504833016903
2025-01-05 22:00:00+00:00,bdg2_2,12.571992956674954,65.26291349065963,1009.604476947608,54.839999999999996,23.84,28.266948467267632
2025-01-05 23:00:00+00:00,bdg2_2,13.481938207171957,64.30961856237343,1009.853340696752,54.839999999999996,23.84,25.2697948131314
2025-01-06 00:00:00+00:00,bdg2_2,14.921675757960307,62.60483493668286,1009.9741224432138,54.839999999999996,23.84,25.69608236948172
2025-01-06 01:00:00+00:00,bdg2_2,16.530281285572077,55.57455215236736,1009.6520386601584,54.839999999999996,23.84,21.454324335282163
2025-01-06 02:00:00+00:00,bdg2_2,18.17225918301347,55.32516326808046,1010.0551677447284,54.839999999999996,23.84,21.653992445194863
2025-01-06 03:00:00+00:00,bdg2_2,19.922953134844185,51.90443894777304,1010.4350295430594,54.839999999999996,23.84,20.7331328804796
2025-01-06 04:00:00+00:00,bdg2_2,21.05838428411985,50.10702603843016,1010.5351265850159,54.839999999999996,23.84,19.419194918016558
2025-01-06 05:00:00+00:00,bdg2_2,21.608573636512585,45.710632393909826,1009.5822730379235,54.839999999999996,23.84,20.507505110933515
2025-01-06 06:00:00+00:00,bdg2_2,22.854603848649727,47.64272247067743,1009.7992027773453,54.839999999999996,23.84,19.000537714774364
2025-01-06 07:00:00+00:00,bdg2_2,21.078085933421228,47.116316209150895,1010.3124566396629,54.839999999999996,23.84,18.074504164773764
2025-01-06 08:00:00+00:00,bdg2_2,20.959148629351358,48.58295808921367,1009.4856340683679,54.839999999999996,23.84,20.907756659469165
2025-01-06 09:00:00+00:00,bdg2_2,19.5536143151,49.883314447730505,1009.7270752975452,54.839999999999996,23.84,19.919978962914566
2025-01-06 10:00:00+00:00,bdg2_2,17.677690595219573,52.80500637549913,1009.4609224660207,54.839999999999996,23.84,23.391121190677914
2025-01-06 11:00:00+00:00,bdg2_2,16.770776908518016,55.14808661187555,1009.9992861433859,54.839999999999996,23.84,24.407037701664947
2025-01-06 12:00:00+00:00,bdg2_2,15.288200945433905,62.57198263991002,1009.6738904038733,54.839999999999996,23.84,26.282932454837287
2025-01-06 13:00:00+00:00,bdg2_2,13.003715031309046,63.22033949771006,1009.672998080578,54.839999999999996,23.84,25.255924915879284
2025-01-06 14:00:00+00:00,bdg2_2,12.408388959733623,68.83693101239339,1010.2812184088967,54.839999999999996,23.84,28.33435634225538
2025-01-06 15:00:00+00:00,bdg2_2,10.157643522760148,70.8582510969269,1009.2779560495092,54.839999999999996,23.84,30.165686040978844
2025-01-06 16:00:00+00:00,bdg2_2,8.097761666626669,72.79088098903107,1011.2773379731505,54.839999999999996,23.84,28.077007771774337
2025-01-06 17:00:00+00:00,bdg2_2,7.8841054674838436,71.5726483714556,1010.6676361849799,54.839999999999996,23.84,27.660450694473944
2025-01-06 18:00:00+00:00,bdg2_2,7.921482261338183,72.9993167170558,1010.6899178524284,54.839999999999996,23.84,30.650194709772542
2025-01-06 19:00:00+00:00,bdg2_2,8.01225681142404,70.97467464422326,1010.0656861824313,54.839999999999996,23.84,32.358757023698566
2025-01-06 20:00:00+00:00,bdg2_2,8.422460167577015,70.75616612043564,1010.2434180623146,54.839999999999996,23.84,29.166391557948717
2025-01-06 21:00:00+00:00,bdg2_2,10.210788967651155,67.61276795598206,1010.4786234651735,54.839999999999996,23.84,28.08651971677909
2025-01-06 22:00:00+00:00,bdg2_2,11.866647225214281,65.39902146244295,1010.550083074159,54.839999999999996,23.84,27.50521394201162
2025-01-06 23:00:00+00:00,bdg2_2,14.130749350271326,65.88674620037908,1009.9865087607793,54.839999999999996,23.84,25.49557990857659
2025-01-07 00:00:00+00:00,bdg2_2,14.269440255776079,59.416539627334984,1010.5906290414771,54.839999999999996,23.84,24.268541840680466
2025-01-07 01:00:00+00:00,bdg2_2,16.967670764237273,56.06895511508605,1010.680602462634,54.839999999999996,23.84,21.80318797247643
2025-01-07 02:00:00+00:00,bdg2_2,18.800016119474936,52.48479203220721,1010.5563021965387,54.839999999999996,23.84,23.078704673197354
2025-01-07 03:00:00+00:00,bdg2_2,19.21558813833343,53.00066551145786,1010.9947963970628,54.839999999999996,23.84,21.68581467702404
2025-01-07 04:00:00+00:00,bdg2_2,20.34204526841721,47.550068120110446,1010.9767190282334,54.839999999999996,23.84,20.33439239848286
2025-01-07 05:00:00+00:00,bdg2_2,21.453459554195017,48.170213035007485,1010.5778034400762,54.839999999999996,23.84,19.986916392559227
2025-01-07 06:00:00+00:00,bdg2_2,22.251009486391357,46.608543965135205,1010.6903410579788,54.839999999999996,23.84,19.841474899112256
2025-01-07 07:00:00+00:00,bdg2_2,21.51075271087677,48.23046138039008,1011.2304240111235,54.839999999999996,23.84,18.4031487680532
2025-01-07 08:00:00+00:00,bdg2_2,21.832892579217994,49.24171838709577,1011.3283959900969,54.839999999999996,23.84,19.427993042169923
2025-01-07 09:00:00+00:00,bdg2_2,19.79942074959115,50.994279574785146,1010.8612270477812,54.839999999999996,23.84,21.18832509265687
2025-01-07 10:00:00+00:00,bdg2_2,17.701344751820443,57.3357312230768,1011.5835029044589,54.839999999999996,23.84,22.9343230758629
2025-01-07 11:00:00+00:00,bdg2_2,16.927053567049025,55.61230009146873,1011.6089439572268,54.839999999999996,23.84,20.9955110340199
2025-01-07 12:00:00+00:00,bdg2_2,14.466599556573534,60.79330128105868,1011.5430669528612,54.839999999999996,23.84,22.77660401807082
2025-01-07 13:00:00+00:00,bdg2_2,12.439853312087141,64.30761872066408,1010.8980004843237,54.839999999999996,23.84,26.316696354386384
2025-01-07 14:00:00+00:00,bdg2_2,10.565069730120884,67.28741126421681,1012.1475469386249,54.839999999999996,23.84,28.388690139785187
2025-01-07 15:00:00+00:00,bdg2_2,9.861958017651766,69.00176256275854,1012.0994653991094,54.839999999999996,23.84,27.2007306125932
2025-01-07 16:00:00+00:00,bdg2_2,8.968661741750092,69.3260819152879,1011.4901291870312,54.839999999999996,23.84,28.161187425488947
2025-01-07 17:00:00+00:00,bdg2_2,8.785885094274128,72.8063613196111,1012.0300175313146,54.839999999999996,23.84,27.756781039677467
2025-01-07 18:00:00+00:00,bdg2_2,8.28434871443234,73.72024609383332,1012.6426329053857,54.839999999999996,23.84,29.735936839632252
2025-01-07 19:00:00+00:00,bdg2_2,7.5224166702810065,71.44094666042176,1011.9862832830781,54.839999999999996,23.84,29.024936805436916
2025-01-07 20:00:00+00:00,bdg2_2,8.891811623651403,69.41647191352887,1012.581970085734,54.839999999999996,23.84,30.24420003255239
2025-01-07 21:00:00+00:00,bdg2_2,9.2916316645777,68.86422840335341,1012.8630395799908,54.839999999999996,23.84,28.231988633960597
2025-01-07 22:00:00+00:00,bdg2_2,10.472178354859643,64.66362274715605,1013.9089763796245,54.839999999999996,23.84,28.209205200719413
2025-01-07 23:00:00+00:00,bdg2_2,12.582209193544566,62.50769859183907,1012.6624409964222,54.839999999999996,23.84,26.37645836561045
2025-01-08 00:00:00+00:00,bdg2_2,15.144085881110973,61.17927371134757,1013.0564455766803,54.839999999999996,23.84,24.109053461881278
2025-01-08 01:00:00+00:00,bdg2_2,17.25342453248052,55.71252382374093,1013.379625109251,54.839999999999996,23.84,25.507521489085413
2025-01-08 02:00:00+00:00,bdg2_2,18.561418562458808,51.47599330453721,1013.5274911026205,54.839999999999996,23.84,22.88172253316767
2025-01-08 03:00:00+00:00,bdg2_2,19.41341491584573,52.434903089795206,1013.3580060969921,54.839999999999996,23.84,20.373514964643984
2025-01-08 04:00:00+00:00,bdg2_2,21.14235122130302,49.3346882641336,1012.5214342640454,54.839999999999996,23.84,20.87974881446986
2025-01-08 05:00:00+00:00,bdg2_2,20.958112844258924,49.09484723518243,1012.8334939720679,54.839999999999996,23.84,20.627122601536286
2025-01-08 06:00:00+00:00,bdg2_2,22.049809023383723,45.73149013338909,1013.8895574179909,54.839999999999996,23.84,21.028667566034073
2025-01-08 07:00:00+00:00,bdg2_2,20.96816942383007,46.96195957633965,1013.1946428791312,54.839999999999996,23.84,19.768931349248614
2025-01-08 08:00:00+00:00,bdg2_2,21.740187711958704,49.46345780911238,1014.5318910300233,54.839999999999996,23.84,20.37325744628391
2025-01-08 09:00:00+00:00,bdg2_2,20.53389151208695,50.44062481951112,1013.7401461765382,54.839999999999996,23.84,19.711052625604797
2025-01-08 10:00:00+00:00,bdg2_2,18.850064456194126,53.59494632183122,1013.8064280224552,54.839999999999996,23.84,21.359511999054675
2025-01-08 11:00:00+00:00,bdg2_2,17.06224145707671,57.23282226345858,1013.655132499764,54.839999999999996,23.84,24.98596287099035
2025-01-08 12:00:00+00:00,bdg2_2,14.950590581932069,59.5947765486533,1015.174185438549,54.839999999999996,23.84,24.819442022739636
2025-01-08 13:00:00+00:00,bdg2_2,13.087077796713556,62.516993802029795,1015.4750069753272,54.839999999999996,23.84,28.430500710950504
2025-01-08 14:00:00+00:00,bdg2_2,11.987114815813202,65.71531504903687,1014.1685760772813,54.839999999999996,23.84,27.913966535489806
2025-01-08 15:00:00+00:00,bdg2_2,10.066214944707292,66.09479239210542,1015.1680034591016,54.839999999999996,23.84,28.025997119320664
2025-01-08 16:00:00+00:00,bdg2_2,9.262219520168324,70.21436133523305,1014.65354971248,54.839999999999996,23.84,27.98669754730008
2025-01-08 17:00:00+00:00,bdg2_2,7.798496479975008,70.61061625407552,1014.7704541546192,54.839999999999996,23.84,30.16792894626693
2025-01-08 18:00:00+00:00,bdg2_2,7.855622468042128,70.8568693307182,1015.3970524844987,54.839999999999996,23.84,29.9908149477487
2025-01-08 19:00:00+00:00,bdg2_2,8.476399405744697,72.15202497466872,1014.5172304546161,54.839999999999996,23.84,29.19078139481822
2025-01-08 20:00:00+00:00,bdg2_2,9.365615583097522,73.32593524319913,1015.2771640000534,54.839999999999996,23.84,28.655044355087867
2025-01-08 21:00:00+00:00,bdg2_2,10.664505163826885,66.02225088247765,1014.7011543139423,54.839999999999996,23.84,29.806582139994084
2025-01-08 22:00:00+00:00,bdg2_2,11.286846214843333,68.27073361061656,1014.3408083299095,54.839999999999996,23.84,26.842916639910957
2025-01-08 23:00:00+00:00,bdg2_2,13.355283887925385,63.39541699209117,1015.4129550629306,54.839999999999996,23.84,26.261604683082822
2025-01-09 00:00:00+00:00,bdg2_2,14.686682514261303,61.49129661625786,1015.0135657508536,54.839999999999996,23.84,23.743974181567456
2025-01-09 01:00:00+00:00,bdg2_2,16.75641052996817,53.03678425091807,1015.8292909756088,54.839999999999996,23.84,24.19703206187636
2025-01-09 02:00:00+00:00,bdg2_2,18.463323287911162,52.966178872230856,1014.5745637152045,54.839999999999996,23.84,20.77556633252314
2025-01-09 03:00:00+00:00,bdg2_2,20.289585331928432,51.662329790031755,1015.7293548244415,54.839999999999996,23.84,21.32147077068989
2025-01-09 04:00:00+00:00,bdg2_2,21.214079078951876,47.2153507239642,1015.9199070630219,54.839999999999996,23.84,21.03075084761096
2025-01-09 05:00:00+00:00,bdg2_2,22.207142690939342,48.577546118261424,1015.1448940148427,54.839999999999996,23.84,20.644674833909807
2025-01-09 06:00:00+00:00,bdg2_2,21.41008755575615,49.48493560334327,1015.8617175538645,54.839999999999996,23.84,19.339503822306266
2025-01-09 07:00:00+00:00,bdg2_2,21.947536056404,50.79789258432571,1015.2572123138668,54.839999999999996,23.84,21.866764722416256
2025-01-09 08:00:00+00:00,bdg2_2,21.111092741760935,51.26569808231778,1015.9387080723407,54.839999999999996,23.84,21.151128773319346
2025-01-09 09:00:00+00:00,bdg2_2,20.848828742862562,51.79593849196351,1015.7572317868801,54.839999999999996,23.84,21.65289167092682
2025-01-09 10:00:00+00:00,bdg2_2,19.047843759250625,53.678955700267316,1015.4053295990049,54.839999999999996,23.84,22.27467867963824
2025-01-09 11:00:00+00:00,bdg2_2,17.098912138570284,56.87370607075875,1016.1048944118012,54.839999999999996,23.84,22.95318980544245
2025-01-09 12:00:00+00:00,bdg2_2,15.680188397577473,60.57956236058479,1016.1190414772,54.839999999999996,23.84,25.03052196582331
2025-01-09 13:00:00+00:00,bdg2_2,13.495125937552196,62.98244919830352,1015.875589606255,54.839999999999996,23.84,27.086472911321867
2025-01-09 14:00:00+00:00,bdg2_2,11.348864082243676,65.91548835841843,1015.273462601235,54.839999999999996,23.84,27.26249961753017
2025-01-09 15:00:00+00:00,bdg2_2,9.428182626212664,67.07737603903139,1015.6463163270539,54.839999999999996,23.84,30.440569493757884
2025-01-09 16:00:00+00:00,bdg2_2,9.493024288462898,70.87837892427389,1016.1441257834726,54.839999999999996,23.84,30.51652478156976
2025-01-09 17:00:00+00:00,bdg2_2,7.200687251241263,69.73208786015876,1015.9684757419141,54.839999999999996,23.84,29.055813129819846
2025-01-09 18:00:00+00:00,bdg2_2,7.350908387091479,71.36743148694791,1016.3114905630662,54.839999999999996,23.84,30.95177321372353
2025-01-09 19:00:00+00:00,bdg2_2,8.203597892065694,72.02615380292148,1016.3051789616748,54.839999999999996,23.84,27.242719165396444
2025-01-09 20:00:00+00:00,bdg2_2,9.25805437013438,67.27726792222926,1016.1518791867758,54.839999999999996,23.84,29.87207519474925
2025-01-09 21:00:00+00:00,bdg2_2,10.349225352031553,67.60827879245862,1016.2776330848527,54.839999999999996,23.84,29.121026652068654
2025-01-09 22:00:00+00:00,bdg2_2,11.981850348426294,63.65544444771176,1015.5509183843011,54.839999999999996,23.84,27.83329306855718
2025-01-09 23:00:00+00:00,bdg2_2,13.079860336536335,64.13841471716255,1016.1833774033101,54.839999999999996,23.84,26.5013904319394
2025-01-10 00:00:00+00:00,bdg2_2,15.222726523566745,60.2664812451539,1015.4866583154934,54.839999999999996,23.84,25.530069685056933
2025-01-10 01:00:00+00:00,bdg2_2,16.492432978894666,59.21989442230088,1016.4308487588153,54.839999999999996,23.84,23.016685806172767
2025-01-10 02:00:00+00:00,bdg2_2,18.57853814151991,51.85901552380756,1015.9134247562125,54.839999999999996,23.84,24.054828526589425
2025-01-10 03:00:00+00:00,bdg2_2,20.043156533547137,52.92894326331379,1016.4438713110235,54.839999999999996,23.84,21.60149735769969
2025-01-10 04:00:00+00:00,bdg2_2,21.620800785841613,49.29106219094265,1015.9047508765229,54.839999999999996,23.84,19.151079324833628
2025-01-10 05:00:00+00:00,bdg2_2,21.39341888934618,47.872278844264486,1016.0237657173675,54.839999999999996,23.84,19.055087258722246
2025-01-10 06:00:00+00:00,bdg2_2,22.07808629464415,45.600541358709734,1015.5034975890327,54.839999999999996,23.84,19.300057108097867
2025-01-10 07:00:00+00:00,bdg2_2,22.556902955887278,47.26036874284273,1015.5729922196903,54.839999999999996,23.84,21.061583692167865
2025-01-10 08:00:00+00:00,bdg2_2,20.70170410039225,50.248379362663805,1015.5381716927499,54.839999999999996,23.84,19.747646386447762
2025-01-10 09:00:00+00:00,bdg2_2,19.563137214211082,52.640502343787276,1015.2383950139877,54.839999999999996,23.84,22.218038559567518
2025-01-10 10:00:00+00:00,bdg2_2,18.51335446261786,52.717419590193906,1015.4412420628098,54.839999999999996,23.84,24.61453680022649
2025-01-10 11:00:00+00:00,bdg2_2,16.84340593197676,55.71285164142582,1015.5776832820547,54.839999999999996,23.84,23.317660213054936
2025-01-10 12:00:00+00:00,bdg2_2,14.302435561861147,60.55508217863068,1014.8467766713369,54.839999999999996,23.84,26.236734611731837
2025-01-10 13:00:00+00:00,bdg2_2,13.74641625563471,64.11868914591368,1015.2851411515476,54.839999999999996,23.84,25.42305775598511
2025-01-10 14:00:00+00:00,bdg2_2,11.643716783804877,64.85672275805646,1015.7345184115605,54.839999999999996,23.84,26.123348430634596
2025-01-10 15:00:00+00:00,bdg2_2,10.77611241824702,68.32326657119768,1014.7752328911461,54.839999999999996,23.84,27.388958650557505
2025-01-10 16:00:00+00:00,bdg2_2,9.221787471795457,71.02811187355277,1015.4100759307969,54.839999999999996,23.84,29.222134384525003
2025-01-10 17:00:00+00:00,bdg2_2,7.946378212753527,71.74585689631023,1014.348449767279,54.839999999999996,23.84,29.660725989175855
2025-01-10 18:00:00+00:00,bdg2_2,7.580442050870724,73.91978489502496,1015.1026304641931,54.839999999999996,23.84,29.5952314047741
2025-01-10 19:00:00+00:00,bdg2_2,7.979292644429933,73.17178487516077,1014.4638889633626,54.839999999999996,23.84,29.690318022993853
2025-01-10 20:00:00+00:00,bdg2_2,9.21990812455536,69.24044124159124,1015.3216397012836,54.839999999999996,23.84,29.588594899301665
2025-01-10 21:00:00+00:00,bdg2_2,10.840261329731373,68.495457355459,1015.9897769535213,54.839999999999996,23.84,28.94166650303033
2025-01-10 22:00:00+00:00,bdg2_2,11.593624031898019,64.00495564514183,1014.630271736823,54.839999999999996,23.84,26.114460885242053
2025-01-10 23:00:00+00:00,bdg2_2,13.04405637623106,62.611788592745086,1014.8486461282771,54.839999999999996,23.84,25.98502235280308
2025-01-11 00:00:00+00:00,bdg2_2,14.859952256831233,58.81974613091538,1014.1181823716008,54.839999999999996,23.84,24.44122726175707
2025-01-11 01:00:00+00:00,bdg2_2,17.71872061307621,55.608349365041356,1013.6244660248971,54.839999999999996,23.84,23.082326515639235
2025-01-11 02:00:00+00:00,bdg2_2,19.044055264207365,51.09035428464997,1014.7922063327702,54.839999999999996,23.84,21.569686401892852
2025-01-11 03:00:00+00:00,bdg2_2,19.45275690784534,49.52015689309129,1014.2144248212472,54.839999999999996,23.84,20.768338247822673
2025-01-11 04:00:00+00:00,bdg2_2,21.14133733837609,49.626752312685106,1012.6763216522562,54.839999999999996,23.84,20.578771992416524
2025-01-11 05:00:00+00:00,bdg2_2,21.951408425729063,46.47756766845071,1013.1049277923954,54.839999999999996,23.84,20.07700978660334
2025-01-11 06:00:00+00:00,bdg2_2,22.779672799594074,50.145884549000584,1014.5228276778372,54.839999999999996,23.84,19.12767683238512
2025-01-11 07:00:00+00:00,bdg2_2,22.03848837096135,47.60009174698983,1013.903552828843,54.839999999999996,23.84,20.078033595454496
2025-01-11 08:00:00+00:00,bdg2_2,20.13514769537667,50.46079547591277,1012.4081967756946,54.839999999999996,23.84,23.01748889303452
2025-01-11 09:00:00+00:00,bdg2_2,21.302809929371197,50.53767632548814,1013.311038716732,54.839999999999996,23.84,21.54425560288727
2025-01-11 10:00:00+00:00,bdg2_2,18.683961344325265,54.887601278021265,1012.3973553360591,54.839999999999996,23.84,21.469554019209806
2025-01-11 11:00:00+00:00,bdg2_2,17.23216384523388,57.56921024734072,1012.7822538965263,54.839999999999996,23.84,22.381982166087866
2025-01-11 12:00:00+00:00,bdg2_2,15.181923468411439,59.37137234449434,1013.4921758615777,54.839999999999996,23.84,26.065590620561572
2025-01-11 13:00:00+00:00,bdg2_2,13.539093900367588,63.585980315560704,1013.0322656202105,54.839999999999996,23.84,27.17669298805778
2025-01-11 14:00:00+00:00,bdg2_2,11.135017397304606,63.613175426682346,1013.0734043513031,54.839999999999996,23.84,27.773333791524816
2025-01-11 15:00:00+00:00,bdg2_2,10.199308672878974,68.28632651868135,1011.5385682973446,54.839999999999996,23.84,31.4291264577617
2025-01-11 16:00:00+00:00,bdg2_2,10.308899779350089,69.62697790149042,1012.9695487791254,54.839999999999996,23.84,29.419049145479093
2025-01-11 17:00:00+00:00,bdg2_2,8.365213522573194,72.1060485246038,1012.9790165984091,54.839999999999996,23.84,29.160579653311032
2025-01-11 18:00:00+00:00,bdg2_2,8.357676828602848,73.0614925026262,1011.0580788380281,54.839999999999996,23.84,31.468340471621623
2025-01-11 19:00:00+00:00,bdg2_2,8.56722892284218,70.71778401899861,1012.2474829181346,54.839999999999996,23.84,30.342096952594453
2025-01-11 20:00:00+00:00,bdg2_2,8.795662569307565,71.18042020047443,1011.0902964140028,54.839999999999996,23.84,29.542035595603483
2025-01-11 21:00:00+00:00,bdg2_2,10.605506471548551,69.61231287702402,1012.118096388705,54.839999999999996,23.84,27.7550168708923
2025-01-11 22:00:00+00:00,bdg2_2,11.535178953767327,64.22054573093105,1011.9642804725822,54.839999999999996,23.84,27.325585388660475
2025-01-11 23:00:00+00:00,bdg2_2,13.43798761635173,65.18909229119764,1012.2255949265955,54.839999999999996,23.84,25.462559341583965
2025-01-12 00:00:00+00:00,bdg2_2,14.516250993677922,58.70140725329232,1011.2631240092772,54.839999999999996,23.84,23.961465818149954
2025-01-12 01:00:00+00:00,bdg2_2,17.807490940700585,58.84361523308068,1011.30215781096,54.839999999999996,23.84,23.75556414442351
2025-01-12 02:00:00+00:00,bdg2_2,19.739002721391877,51.33195790832144,1011.6978765630056,54.839999999999996,23.84,24.503271757473748
2025-01-12 03:00:00+00:00,bdg2_2,20.02415908477104,50.68770612425814,1012.0388377343911,54.839999999999996,23.84,23.725213746025194
2025-01-12 04:00:00+00:00,bdg2_2,20.970719937438744,51.39787844663137,1010.8303739870095,54.839999999999996,23.84,20.933839545707553
2025-01-12 05:00:00+00:00,bdg2_2,22.080997566438228,47.731413211604256,1010.9536741481185,54.839999999999996,23.84,20.80328835229243
2025-01-12 06:00:00+00:00,bdg2_2,22.437498028680977,46.425946301744816,1010.8258546914284,54.839999999999996,23.84,20.418137791496754
2025-01-12 07:00:00+00:00,bdg2_2,20.99059093129457,46.871098568885024,1011.2061252101003,54.839999999999996,23.84,20.975515142859635
2025-01-12 08:00:00+00:00,bdg2_2,21.199047290111068,49.49378506275277,1011.8007208447634,54.839999999999996,23.84,20.87206015180795
2025-01-12 09:00:00+00:00,bdg2_2,19.685766506921,48.40782210173036,1011.1417622906257,54.839999999999996,23.84,21.014182969214772
2025-01-12 10:00:00+00:00,bdg2_2,18.325623227987194,53.84157192565566,1010.3699769983779,54.839999999999996,23.84,22.97313566900846
2025-01-12 11:00:00+00:00,bdg2_2,16.742292632998403,60.872380977935904,1010.3979613290801,54.839999999999996,23.84,23.985466734434606
2025-01-12 12:00:00+00:00,bdg2_2,14.69614244832868,61.09472041727602,1010.2109117778015,54.839999999999996,23.84,25.077327247017763
2025-01-12 13:00:00+00:00,bdg2_2,13.22497484722858,63.72986778644388,1009.6466066430935,54.839999999999996,23.84,26.869554071090793
2025-01-12 14:00:00+00:00,bdg2_2,11.55103120718144,67.77645557482856,1010.1238621537151,54.839999999999996,23.84,27.374096949048937
2025-01-12 15:00:00+00:00,bdg2_2,9.570079331552892,67.21941147561755,1010.7739982601181,54.839999999999996,23.84,29.072748393793955
2025-01-12 16:00:00+00:00,bdg2_2,8.867636676073094,70.60476735465949,1010.5579080949946,54.839999999999996,23.84,30.099212199916284
2025-01-12 17:00:00+00:00,bdg2_2,8.530662099958276,74.27399889336236,1010.3353382978611,54.839999999999996,23.84,31.319918930015767
2025-01-12 18:00:00+00:00,bdg2_2,7.839461426074807,72.84120903957697,1010.4324862377953,54.839999999999996,23.84,30.76666871144074
2025-01-12 19:00:00+00:00,bdg2_2,8.25519342213872,74.23196839521701,1009.2335203760116,54.839999999999996,23.84,30.689865271029557
2025-01-12 20:00:00+00:00,bdg2_2,9.28690639075488,71.54462471249457,1011.0832766958367,54.839999999999996,23.84,30.65619710752897
2025-01-12 21:00:00+00:00,bdg2_2,9.347802522152726,70.17298592859227,1009.9478153797074,54.839999999999996,23.84,28.75575808342436
2025-01-12 22:00:00+00:00,bdg2_2,11.72405555098077,64.73236416639791,1009.4480666378482,54.839999999999996,23.84,27.655500372337684
2025-01-12 23:00:00+00:00,bdg2_2,13.260521632783863,62.241887100054875,1009.645822370751,54.839999999999996,23.84,26.300082103618895
2025-01-13 00:00:00+00:00,bdg2_2,14.849830177265497,59.914482161624804,1010.9992323908898,54.839999999999996,23.84,25.58337653280099
2025-01-13 01:00:00+00:00,bdg2_2,17.480826032613383,55.96171522132619,1010.8546299456251,54.839999999999996,23.84,23.684433664863736
2025-01-13 02:00:00+00:00,bdg2_2,18.56644005697242,54.09229035793726,1010.2171659063454,54.839999999999996,23.84,20.952366772813974
2025-01-13 03:00:00+00:00,bdg2_2,19.950440618903684,52.536282935352716,1010.7330642264353,54.839999999999996,23.84,21.916806595088193
2025-01-13 04:00:00+00:00,bdg2_2,20.729457347913815,47.5400236456048,1010.1742854271446,54.839999999999996,23.84,18.862343318332254
2025-01-13 05:00:00+00:00,bdg2_2,21.693243425970202,49.21087475852274,1010.054388081131,54.839999999999996,23.84,19.909668408304075
2025-01-13 06:00:00+00:00,bdg2_2,21.052283099282814,47.93056798405208,1010.5293860949134,54.839999999999996,23.84,19.754338553056552
2025-01-13 07:00:00+00:00,bdg2_2,21.55415730594485,49.01548679305622,1010.353811771799,54.839999999999996,23.84,21.059193205511576
2025-01-13 08:00:00+00:00,bdg2_2,20.626742917313738,48.878912446871006,1010.1597598046741,54.839999999999996,23.84,21.66941571220927
2025-01-13 09:00:00+00:00,bdg2_2,20.653105103807135,50.60734116397258,1010.4659501165354,54.839999999999996,23.84,22.791331722449303
2025-01-13 10:00:00+00:00,bdg2_2,18.6432965324439,53.67357884486357,1009.5469407635971,54.839999999999996,23.84,23.579812790727782
2025-01-13 11:00:00+00:00,bdg2_2,16.808219293364367,59.08132269229168,1010.9468389222059,54.839999999999996,23.84,22.373340467147347
2025-01-13 12:00:00+00:00,bdg2_2,14.766061655617603,59.84552946931368,1009.5520120962647,54.839999999999996,23.84,24.183269706243603
2025-01-13 13:00:00+00:00,bdg2_2,13.9472600987732,62.17913499286852,1010.2336515852456,54.839999999999996,23.84,24.39366800952976
2025-01-13 14:00:00+00:00,bdg2_2,11.166983962641813,64.80939883211919,1009.7286462106232,54.839999999999996,23.84,27.372134802089487
2025-01-13 15:00:00+00:00,bdg2_2,9.98252536902895,66.26703046209725,1009.9218977225413,54.839999999999996,23.84,29.330481159040836
2025-01-13 16:00:00+00:00,bdg2_2,8.391715416437764,73.522076808179,1010.865705251787,54.839999999999996,23.84,28.86371314332157
2025-01-13 17:00:00+00:00,bdg2_2,7.169863126383661,68.35873565697915,1009.8751277283071,54.839999999999996,23.84,29.101592640806047
2025-01-13 18:00:00+00:00,bdg2_2,7.525530587800841,74.63070138175524,1010.7846949316232,54.839999999999996,23.84,30.91379972089294
2025-01-13 19:00:00+00:00,bdg2_2,7.885366865399549,72.85920079109887,1010.3469378000982,54.839999999999996,23.84,29.942917666308734
2025-01-13 20:00:00+00:00,bdg2_2,9.171872536074003,74.66397802169152,1009.6818194428926,54.839999999999996,23.84,29.16037545031872
2025-01-13 21:00:00+00:00,bdg2_2,9.147593109783168,69.39731442199697,1010.5689291785523,54.839999999999996,23.84,30.711004331773182
2025-01-13 22:00:00+00:00,bdg2_2,11.788524746344608,63.79022916076978,1009.8979049582753,54.839999999999996,23.84,29.286062882737173
2025-01-13 23:00:00+00:00,bdg2_2,12.034975427771348,64.59402993293068,1010.1283902326763,54.839999999999996,23.84,26.050197947352533
2025-01-14 00:00:00+00:00,bdg2_2,15.017406033605573,58.18993647936599,1010.26336624831,54.839999999999996,23.84,24.91744149086552
2025-01-14 01:00:00+00:00,bdg2_2,17.676402321273912,57.88158568621467,1010.3295330964735,54.839999999999996,23.84,23.688354505467075
2025-01-14 02:00:00+00:00,bdg2_2,18.099719681401286,54.24155779950336,1010.2828297503994,54.839999999999996,23.84,22.15955867579045
2025-01-14 03:00:00+00:00,bdg2_2,20.83753045856281,49.63291363633676,1011.2717875825277,54.839999999999996,23.84,21.185586019136736
2025-01-14 04:00:00+00:00,bdg2_2,21.408905851018066,49.40975997250865,1010.9393374842422,54.839999999999996,23.84,20.703551096950754
2025-01-14 05:00:00+00:00,bdg2_2,22.464914714875928,49.99189384523586,1011.1486855913315,54.839999999999996,23.84,21.616764670146924
2025-01-14 06:00:00+00:00,bdg2_2,22.59614697485325,49.6793273527684,1011.7450921346891,54.839999999999996,23.84,18.676828182501072
2025-01-14 07:00:00+00:00,bdg2_2,22.61907443359478,46.648530354072726,1011.1617780893915,54.839999999999996,23.84,20.874922514714157
2025-01-14 08:00:00+00:00,bdg2_2,20.018680191544043,49.722664837948386,1011.8418767290985,54.839999999999996,23.84,20.90027555485236
2025-01-14 09:00:00+00:00,bdg2_2,20.350172924865976,50.73749243548138,1010.6317493891694,54.839999999999996,23.84,21.574273363529088
2025-01-14 10:00:00+00:00,bdg2_2,17.902404656057122,53.566331610083,1011.067745665608,54.839999999999996,23.84,22.72702246677628
2025-01-14 11:00:00+00:00,bdg2_2,16.399732642030408,56.248502515033174,1012.7389005798108,54.839999999999996,23.84,23.697699055843213
2025-01-14 12:00:00+00:00,bdg2_2,14.904315212914437,61.89077351709189,1011.9477960371761,54.839999999999996,23.84,26.410003857206615
2025-01-14 13:00:00+00:00,bdg2_2,13.395917211854115,63.693765145496094,1011.689125674919,54.839999999999996,23.84,27.729498931863038
2025-01-14 14:00:00+00:00,bdg2_2,11.66736105945714,66.02814548425208,1012.9543434498321,54.839999999999996,23.84,25.425210233107766
2025-01-14 15:00:00+00:00,bdg2_2,9.737022524625178,69.76790485687563,1011.6019931589385,54.839999999999996,23.84,27.842636774556897
2025-01-14 16:00:00+00:00,bdg2_2,9.245478966705484,70.49700628546177,1012.4728322152503,54.839999999999996,23.84,28.709080376700946
2025-01-14 17:00:00+00:00,bdg2_2,8.241834578400942,70.84021371131517,1011.727154221005,54.839999999999996,23.84,28.84280832142735
2025-01-14 18:00:00+00:00,bdg2_2,8.379532149174041,68.53109704887046,1012.1708504349848,54.839999999999996,23.84,28.926088221941043
2025-01-14 19:00:00+00:00,bdg2_2,8.393452380168966,71.12545772753921,1012.7602067032648,54.839999999999996,23.84,30.257018887664447
2025-01-14 20:00:00+00:00,bdg2_2,8.03136182912153,71.17288560347343,1012.3571502545465,54.839999999999996,23.84,29.342482654903208
2025-01-14 21:00:00+00:00,bdg2_2,9.907088749390969,69.2192826178065,1013.8019354643568,54.839999999999996,23.84,28.42499194026555
2025-01-14 22:00:00+00:00,bdg2_2,12.627388540327352,65.08205350745827,1012.6103140949801,54.839999999999996,23.84,28.741963579131372
2025-01-14 23:00:00+00:00,bdg2_2,13.269321616361623,64.1716781949523,1013.0713285279303,54.839999999999996,23.84,27.960825316292173
2025-01-15 00:00:00+00:00,bdg2_2,14.318367493408795,58.526800929930054,1013.2043098845529,54.839999999999996,23.84,27.77705299314407
2025-01-15 01:00:00+00:00,bdg2_2,16.504449425414908,57.72524711747503,1014.0466843729488,54.839999999999996,23.84,24.696168792878257
2025-01-15 02:00:00+00:00,bdg2_2,19.65078055739051,51.61027872577721,1012.6710482214817,54.839999999999996,23.84,20.504615234971098
2025-01-15 03:00:00+00:00,bdg2_2,19.68951652455937,51.92367988534233,1012.9151708789865,54.839999999999996,23.84,21.765154822468215
2025-01-15 04:00:00+00:00,bdg2_2,21.210246881761513,48.546536743627165,1013.6974529673757,54.839999999999996,23.84,20.040271181248894
2025-01-15 05:00:00+00:00,bdg2_2,21.351152890009807,50.049879300054535,1014.5129721940448,54.839999999999996,23.84,21.103155946740447
2025-01-15 06:00:00+00:00,bdg2_2,21.73424619213529,48.831794649091606,1014.1538357869305,54.839999999999996,23.84,20.530842806684994
2025-01-15 07:00:00+00:00,bdg2_2,21.664015505716918,44.43736913742168,1014.1352039409088,54.839999999999996,23.84,20.19364240155358
2025-01-15 08:00:00+00:00,bdg2_2,21.11112451835667,48.68759679468449,1012.8088429847121,54.839999999999996,23.84,20.5288459781935
2025-01-15 09:00:00+00:00,bdg2_2,20.51769798974286,52.589217057566,1013.703584609391,54.839999999999996,23.84,21.514676268020487
2025-01-15 10:00:00+00:00,bdg2_2,18.31322225165704,50.97903257053904,1014.1801427945231,54.839999999999996,23.84,23.9834634079483
2025-01-15 11:00:00+00:00,bdg2_2,17.764792945626233,56.56812061866446,1014.4918649160655,54.839999999999996,23.84,21.868058006955927
2025-01-15 12:00:00+00:00,bdg2_2,14.40084763116139,60.60398278703626,1014.543704279459,54.839999999999996,23.84,23.466156479142356
2025-01-15 13:00:00+00:00,bdg2_2,12.751181108060527,61.911342800128764,1014.7733759640637,54.839999999999996,23.84,26.035053149098083
2025-01-15 14:00:00+00:00,bdg2_2,11.520894205646835,67.64886244742806,1014.7673115274367,54.839999999999996,23.84,26.489911442351737
2025-01-15 15:00:00+00:00,bdg2_2,10.083867472596713,66.87101605456847,1014.6591234755472,54.839999999999996,23.84,29.71067279814433
2025-01-15 16:00:00+00:00,bdg2_2,9.371546618223729,71.44089558059285,1014.9272138839392,54.839999999999996,23.84,30.289201993665497
2025-01-15 17:00:00+00:00,bdg2_2,8.379636077931222,72.73044081097761,1014.8588230085293,54.839999999999996,23.84,30.36170444711839
2025-01-15 18:00:00+00:00,bdg2_2,8.127484975825709,73.4890661819974,1015.4054277764577,54.839999999999996,23.84,29.46872020974805
2025-01-15 19:00:00+00:00,bdg2_2,7.721864396536146,71.31046783362804,1015.9048700910239,54.839999999999996,23.84,30.5104055551618
2025-01-15 20:00:00+00:00,bdg2_2,7.7799485295764015,71.49281215003745,1014.5673777989339,54.839999999999996,23.84,29.428298936352117
2025-01-15 21:00:00+00:00,bdg2_2,9.287722231363189,64.96758481359137,1015.9715952696215,54.839999999999996,23.84,29.539803895098586
2025-01-15 22:00:00+00:00,bdg2_2,12.282788393185765,66.92292746704409,1014.4668718485192,54.839999999999996,23.84,29.582492618352592
2025-01-15 23:00:00+00:00,bdg2_2,11.787485576019558,62.91278276405114,1014.9469970205956,54.839999999999996,23.84,25.600226217633224
2025-01-01 00:00:00+00:00,bdg2_3,13.856302350304912,57.79970832805256,1012.798956213608,54.86,23.86,26.418931322535855
2025-01-01 01:00:00+00:00,bdg2_3,16.33852366546632,57.631139161809266,1013.3805661509888,54.86,23.86,24.6441123725821
2025-01-01 02:00:00+00:00,bdg2_3,18.20935672865355,55.79363402582502,1012.6577032990044,54.86,23.86,23.150963512269147
2025-01-01 03:00:00+00:00,bdg2_3,19.59388728950635,50.35821843837035,1013.0362871673243,54.86,23.86,19.92429096335898
2025-01-01 04:00:00+00:00,bdg2_3,20.59004750619981,50.1213343861746,1013.7878462586789,54.86,23.86,20.544881230765657
2025-01-01 05:00:00+00:00,bdg2_3,22.26934564469886,46.11667420937312,1013.524683568702,54.86,23.86,20.90193580531729
2025-01-01 06:00:00+00:00,bdg2_3,22.421269312180524,48.00120452671781,1014.7890001300692,54.86,23.86,20.21872734260702
2025-01-01 07:00:00+00:00,bdg2_3,21.19031913882811,48.855474061702786,1013.0259626458592,54.86,23.86,21.194920376655453
2025-01-01 08:00:00+00:00,bdg2_3,20.90116456161073,48.9818308443732,1014.0259072662113,54.86,23.86,20.552945857306117
2025-01-01 09:00:00+00:00,bdg2_3,18.93959416275025,48.153184628463364,1013.826485856936,54.86,23.86,21.681146158823324
2025-01-01 10:00:00+00:00,bdg2_3,18.77419404040378,53.59617284596293,1013.6765109142592,54.86,23.86,22.606349723081703
2025-01-01 11:00:00+00:00,bdg2_3,16.38633244099182,56.92560520774114,1013.4320142998452,54.86,23.86,23.37487390511255
2025-01-01 12:00:00+00:00,bdg2_3,14.049799187113722,62.78934631929418,1014.0679218413669,54.86,23.86,25.96531771132756
2025-01-01 13:00:00+00:00,bdg2_3,12.953429187447648,63.05560583123871,1014.4549137464288,54.86,23.86,25.490261361503833
2025-01-01 14:00:00+00:00,bdg2_3,11.263902234805295,65.41762530412097,1014.8112597570852,54.86,23.86,26.72558589831742
2025-01-01 15:00:00+00:00,bdg2_3,10.232235303998117,69.46367208879191,1014.2313010108,54.86,23.86,28.631317107156743
2025-01-01 16:00:00+00:00,bdg2_3,9.23507816950203,71.21399752550596,1014.8474847629911,54.86,23.86,30.918689192168777
2025-01-01 17:00:00+00:00,bdg2_3,7.757442914264462,74.58991825860133,1014.2820062951649,54.86,23.86,29.172938536302926
2025-01-01 18:00:00+00:00,bdg2_3,8.318245359092638,75.38756632646691,1014.4191240630529,54.86,23.86,28.484432612789462
2025-01-01 19:00:00+00:00,bdg2_3,8.249206106889972,70.83691837364273,1015.9482440551178,54.86,23.86,30.223780114411806
2025-01-01 20:00:00+00:00,bdg2_3,8.588758345494298,71.64256478425659,1015.3963240521243,54.86,23.86,27.812975755539014
2025-01-01 21:00:00+00:00,bdg2_3,11.459796078972124,69.32530151645472,1015.1120909785085,54.86,23.86,28.407681561024503
2025-01-01 22:00:00+00:00,bdg2_3,12.458992793939682,66.509039323125,1015.3153033109785,54.86,23.86,25.69616911127343
2025-01-01 23:00:00+00:00,bdg2_3,12.869815316627129,60.596712286490956,1015.3783435636694,54.86,23.86,26.82738721571051
2025-01-02 00:00:00+00:00,bdg2_3,13.373482882511688,59.803803801163724,1014.4653364922584,54.86,23.86,25.49777780153764
2025-01-02 01:00:00+00:00,bdg2_3,17.016950975150674,55.20671609738747,1015.4188007118933,54.86,23.86,24.007493876424427
2025-01-02 02:00:00+00:00,bdg2_3,18.617190049579985,57.07800772091398,1015.6540946736613,54.86,23.86,21.16300240320466
2025-01-02 03:00:00+00:00,bdg2_3,19.981419559762003,51.740812954426396,1015.5050329040953,54.86,23.86,21.221785053554672
2025-01-02 04:00:00+00:00,bdg2_3,21.55399524825261,52.552861300979984,1016.347799769618,54.86,23.86,19.97554900136779
2025-01-02 05:00:00+00:00,bdg2_3,21.436059184170364,49.38066478276626,1015.8023902914847,54.86,23.86,22.25884785261811
2025-01-02 06:00:00+00:00,bdg2_3,22.28166082755328,46.75557527380479,1014.9693302417543,54.86,23.86,20.208221912482358
2025-01-02 07:00:00+00:00,bdg2_3,22.63697831910266,47.21831563179498,1015.7582908661725,54.86,23.86,20.345786354488215
2025-01-02 08:00:00+00:00,bdg2_3,20.751161184594928,51.22638899392604,1016.4245487493213,54.86,23.86,20.71348607462375
2025-01-02 09:00:00+00:00,bdg2_3,19.018617697365414,50.79414489620788,1015.8019084323238,54.86,23.86,21.552044235095497
2025-01-02 10:00:00+00:00,bdg2_3,18.487776988811817,54.18184492291916,1015.5085588751082,54.86,23.86,22.462593222227728
2025-01-02 11:00:00+00:00,bdg2_3,17.202072420823203,55.9092757764561,1016.20130985929,54.86,23.86,24.263188893939247
2025-01-02 12:00:00+00:00,bdg2_3,15.498805753900546,59.555172445245084,1014.9848256157973,54.86,23.86,25.464719972462753
2025-01-02 13:00:00+00:00,bdg2_3,14.03557585234168,65.46965806003581,1016.4256528426544,54.86,23.86,28.0261460820995
2025-01-02 14:00:00+00:00,bdg2_3,11.33772559420676,67.4217969835668,1015.664669466978,54.86,23.86,27.0231612161594
2025-01-02 15:00:00+00:00,bdg2_3,10.281093749755634,68.00930328677633,1015.5301117037542,54.86,23.86,29.349662294974323
2025-01-02 16:00:00+00:00,bdg2_3,9.045492890275128,72.53777764846987,1015.329811334293,54.86,23.86,28.909407203893068
2025-01-02 17:00:00+00:00,bdg2_3,7.979891990760832,71.24209399006168,1016.3585749642763,54.86,23.86,28.670365677808405
2025-01-02 18:00:00+00:00,bdg2_3,8.535416587332648,71.25153666995249,1016.5791256970114,54.86,23.86,31.501055353712438
2025-01-02 19:00:00+00:00,bdg2_3,9.160000111675345,70.07122113545799,1015.8096882816509,54.86,23.86,30.577250665579566
2025-01-02 20:00:00+00:00,bdg2_3,9.4096390579348,69.75396228428944,1016.3945003641642,54.86,23.86,29.386980203023327
2025-01-02 21:00:00+00:00,bdg2_3,9.774573385563698,67.57899874729719,1016.5986209727785,54.86,23.86,28.432423381010235
2025-01-02 22:00:00+00:00,bdg2_3,11.315572767117512,68.83885411551478,1016.0601670977295,54.86,23.86,26.265645848758695
2025-01-02 23:00:00+00:00,bdg2_3,13.240833825050364,62.77306934987849,1015.7777546237967,54.86,23.86,26.60375233102369
2025-01-03 00:00:00+00:00,bdg2_3,13.867344385667778,60.35244564357307,1015.4261785959387,54.86,23.86,25.530446937511
2025-01-03 01:00:00+00:00,bdg2_3,17.096932736855095,52.86648416475232,1016.1425510298156,54.86,23.86,24.34776491265833
2025-01-03 02:00:00+00:00,bdg2_3,18.616518781410022,52.85905236821653,1016.4885442928338,54.86,23.86,23.35027109471879
2025-01-03 03:00:00+00:00,bdg2_3,19.472679517187846,51.714685504276,1016.5295997682334,54.86,23.86,22.613298701550185
2025-01-03 04:00:00+00:00,bdg2_3,21.60697638578099,49.39665948153189,1016.3845806566745,54.86,23.86,22.225074566336897
2025-01-03 05:00:00+00:00,bdg2_3,22.785973154977818,49.43779220962281,1015.9700330892352,54.86,23.86,20.71843015904103
2025-01-03 06:00:00+00:00,bdg2_3,21.957351631656906,48.04717850939819,1015.7124060713237,54.86,23.86,19.50035125391412
2025-01-03 07:00:00+00:00,bdg2_3,21.75838265759113,48.16943736039635,1015.8775416937187,54.86,23.86,20.04987181706107
2025-01-03 08:00:00+00:00,bdg2_3,21.25496045069763,50.291834611878386,1015.7399423834,54.86,23.86,23.035474447825514
2025-01-03 09:00:00+00:00,bdg2_3,20.441089392474545,49.14127747915627,1014.9058777063764,54.86,23.86,22.407669419126872
2025-01-03 10:00:00+00:00,bdg2_3,19.04800823590355,53.55547966564029,1015.5929014541185,54.86,23.86,22.45480744893809
2025-01-03 11:00:00+00:00,bdg2_3,16.72674933206659,58.04849797822089,1014.919534355738,54.86,23.86,22.990058807294755
2025-01-03 12:00:00+00:00,bdg2_3,15.344178235895555,58.91549624764735,1015.3616186068007,54.86,23.86,25.33636815957519
2025-01-03 13:00:00+00:00,bdg2_3,12.183593291285266,64.17548919165228,1015.272817012769,54.86,23.86,28.188860285147435
2025-01-03 14:00:00+00:00,bdg2_3,12.749471714530918,63.70252387767251,1015.2137732494728,54.86,23.86,27.055943693900932
2025-01-03 15:00:00+00:00,bdg2_3,9.989046560786496,66.84435624833611,1014.5606634960311,54.86,23.86,26.578143317349795
2025-01-03 16:00:00+00:00,bdg2_3,8.598164604416876,71.10885185153707,1015.2405950496385,54.86,23.86,32.047513262057464
2025-01-03 17:00:00+00:00,bdg2_3,8.962790955248005,70.03029946166522,1014.8779471693662,54.86,23.86,31.267910623839505
2025-01-03 18:00:00+00:00,bdg2_3,8.366053889633422,72.33900325369633,1014.3194305418053,54.86,23.86,29.87007412650735
2025-01-03 19:00:00+00:00,bdg2_3,7.095631912489321,73.70955417469956,1015.1308607427819,54.86,23.86,30.459502400179236
2025-01-03 20:00:00+00:00,bdg2_3,8.819773477310301,68.5197222851298,1014.6376720781957,54.86,23.86,30.026022763880263
2025-01-03 21:00:00+00:00,bdg2_3,10.838272190844934,67.82357783503544,1013.8433976443853,54.86,23.86,29.135220597326303
2025-01-03 22:00:00+00:00,bdg2_3,11.996784094008037,65.9357036834174,1014.8211071377675,54.86,23.86,29.34703060201114
2025-01-03 23:00:00+00:00,bdg2_3,13.002767196606923,64.04298029292838,1014.6486075021872,54.86,23.86,26.986188266166057
2025-01-04 00:00:00+00:00,bdg2_3,15.122500225999394,61.57552853211998,1014.2531315632224,54.86,23.86,23.424185145897948
2025-01-04 01:00:00+00:00,bdg2_3,16.972241856704393,57.48010265767588,1014.1566452892015,54.86,23.86,23.32944571442902
2025-01-04 02:00:00+00:00,bdg2_3,18.63768460703091,51.79518553927868,1014.7594608430388,54.86,23.86,22.210583841852177
2025-01-04 03:00:00+00:00,bdg2_3,19.80435567329384,51.00474867135279,1013.289732167855,54.86,23.86,21.79084865183617
2025-01-04 04:00:00+00:00,bdg2_3,21.163883566859162,51.08743803981812,1013.9637072509464,54.86,23.86,20.91735986257451
2025-01-04 05:00:00+00:00,bdg2_3,22.726257640358217,48.03196851193421,1013.8596655395123,54.86,23.86,19.612263810412003
2025-01-04 06:00:00+00:00,bdg2_3,21.819971959213273,47.94566995927615,1012.925735566856,54.86,23.86,19.763714910776912
2025-01-04 07:00:00+00:00,bdg2_3,22.027512787767428,50.092437378326,1013.8533406668663,54.86,23.86,22.140663428152095
2025-01-04 08:00:00+00:00,bdg2_3,21.427724002376195,48.74080294644342,1013.3652756584753,54.86,23.86,21.678685835347
2025-01-04 09:00:00+00:00,bdg2_3,20.847635323623564,53.385536676226145,1013.6490804989605,54.86,23.86,23.032786854307034
2025-01-04 10:00:00+00:00,bdg2_3,18.745262416627483,54.69607801808263,1013.7246366742888,54.86,23.86,22.64780073279672
2025-01-04 11:00:00+00:00,bdg2_3,16.618260562898087,54.898214965179235,1012.7104381567617,54.86,23.86,23.9689452621011
2025-01-04 12:00:00+00:00,bdg2_3,14.916070755351464,62.70968632578191,1012.5711540802557,54.86,23.86,22.84467493925866
2025-01-04 13:00:00+00:00,bdg2_3,12.534904354346251,62.10935804655359,1012.3979776401077,54.86,23.86,25.802512277605445
2025-01-04 14:00:00+00:00,bdg2_3,11.610270116539663,65.57057261665553,1012.5525870237069,54.86,23.86,27.71233876041488
2025-01-04 15:00:00+00:00,bdg2_3,9.851546901680381,69.54478420170608,1012.6968148692788,54.86,23.86,28.30820255732607
2025-01-04 16:00:00+00:00,bdg2_3,9.182347696697235,69.09105007674486,1012.3203528959234,54.86,23.86,28.30738424499605
2025-01-04 17:00:00+00:00,bdg2_3,8.053480677655402,70.60579908705387,1012.3890151440373,54.86,23.86,28.750770193824906
2025-01-04 18:00:00+00:00,bdg2_3,7.4215852026905855,74.45767678224198,1013.4518186812004,54.86,23.86,31.563937724439228
2025-01-04 19:00:00+00:00,bdg2_3,8.308920017575906,68.56478549389321,1012.683072150825,54.86,23.86,29.785494789235553
2025-01-04 20:00:00+00:00,bdg2_3,8.729416515285951,71.1754944183034,1012.3964051202074,54.86,23.86,30.892558813201344
2025-01-04 21:00:00+00:00,bdg2_3,11.094666670634922,68.98087478368069,1011.69398837183,54.86,23.86,28.72977574360602
2025-01-04 22:00:00+00:00,bdg2_3,10.838084648209996,65.45085242351252,1011.3734120009198,54.86,23.86,28.438927119509483
2025-01-04 23:00:00+00:00,bdg2_3,13.825588466482731,62.72786167451998,1012.0447089369616,54.86,23.86,26.68474533686977
2025-01-05 00:00:00+00:00,bdg2_3,15.39676667702316,59.941541579773684,1012.2412690486991,54.86,23.86,24.474575232281865
2025-01-05 01:00:00+00:00,bdg2_3,17.337101667607396,58.72807188510625,1011.581505873622,54.86,23.86,24.158922664073863
2025-01-05 02:00:00+00:00,bdg2_3,18.546393167054276,54.89742749487885,1011.8381948429728,54.86,23.86,22.760471721221094
2025-01-05 03:00:00+00:00,bdg2_3,19.837737780768556,52.75222549767947,1011.6350606060128,54.86,23.86,23.847232213627603
2025-01-05 04:00:00+00:00,bdg2_3,20.523673536341764,52.52721872002032,1011.5196201322389,54.86,23.86,21.4751679722043
2025-01-05 05:00:00+00:00,bdg2_3,21.454026947842937,47.8062518718951,1011.4000985462851,54.86,23.86,20.201522425129443
2025-01-05 06:00:00+00:00,bdg2_3,21.310215523226194,48.12078957305135,1011.1738514101547,54.86,23.86,19.542355189957505
2025-01-05 07:00:00+00:00,bdg2_3,22.277039751854495,50.24338475209971,1010.6360355250811,54.86,23.86,19.868908265676172
2025-01-05 08:00:00+00:00,bdg2_3,20.78421381705858,49.87748695072332,1011.474635764157,54.86,23.86,21.113486123254667
2025-01-05 09:00:00+00:00,bdg2_3,19.86725015974419,50.75429866583481,1011.6411443744785,54.86,23.86,22.77065451778292
2025-01-05 10:00:00+00:00,bdg2_3,18.74701842471346,52.185482226248155,1011.2938833685627,54.86,23.86,22.647101223736037
2025-01-05 11:00:00+00:00,bdg2_3,16.324664865486746,59.01514695129065,1010.9970224075627,54.86,23.86,22.36401955243802
2025-01-05 12:00:00+00:00,bdg2_3,14.874223970708929,59.782567318797675,1010.3891991848602,54.86,23.86,25.629411112447716
2025-01-05 13:00:00+00:00,bdg2_3,13.71393703135092,62.55762233848145,1011.6025092744474,54.86,23.86,26.56173447380793
2025-01-05 14:00:00+00:00,bdg2_3,12.409005890016685,66.72033887517924,1011.040927803479,54.86,23.86,28.95787582148248
2025-01-05 15:00:00+00:00,bdg2_3,9.762178310701195,70.16139567059021,1010.0491424507948,54.86,23.86,28.500278398414892
2025-01-05 16:00:00+00:00,bdg2_3,8.999775339545703,71.67928014098325,1009.5364538002669,54.86,23.86,29.51570910931544
2025-01-05 17:00:00+00:00,bdg2_3,8.2286592733637,69.15887190692021,1009.4830516455921,54.86,23.86,29.55473990185562
2025-01-05 18:00:00+00:00,bdg2_3,7.249444272246934,72.45509183130703,1009.7579684826925,54.86,23.86,29.561221934472083
2025-01-05 19:00:00+00:00,bdg2_3,7.934576033388395,71.94917073439296,1010.4577598116109,54.86,23.86,27.733971284548026
2025-01-05 20:00:00+00:00,bdg2_3,7.8850139767821625,71.5743387086994,1009.6918224940262,54.86,23.86,29.771860530450518
2025-01-05 21:00:00+00:00,bdg2_3,10.225385941408373,68.76240277872436,1010.1940472848909,54.86,23.86,28.962046295062184
2025-01-05 22:00:00+00:00,bdg2_3,10.920253728147076,66.19535373230944,1010.3462679039696,54.86,23.86,28.29472985673541
2025-01-05 23:00:00+00:00,bdg2_3,13.528363991809709,62.83302252768125,1010.2017312645855,54.86,23.86,26.50287854769332
2025-01-06 00:00:00+00:00,bdg2_3,14.643400462186898,60.20911450187426,1010.1902133799751,54.86,23.86,24.61743757506057
2025-01-06 01:00:00+00:00,bdg2_3,16.879200833818665,58.64990458045733,1009.767358129845,54.86,23.86,26.066517362856388
2025-01-06 02:00:00+00:00,bdg2_3,18.581817177323554,54.946859044641414,1010.5355310132134,54.86,23.86,22.837558639083472
2025-01-06 03:00:00+00:00,bdg2_3,19.639871251633043,51.26676436928798,1010.3620376106458,54.86,23.86,21.943344064059353
2025-01-06 04:00:00+00:00,bdg2_3,19.702208781012544,52.159063357537356,1009.8612075964772,54.86,23.86,20.037182373732037
2025-01-06 05:00:00+00:00,bdg2_3,22.056806242288022,47.28948609142501,1010.2443560312366,54.86,23.86,19.279089536486694
2025-01-06 06:00:00+00:00,bdg2_3,21.96247052024457,47.986525921912865,1010.4795469924462,54.86,23.86,20.662567652288732
2025-01-06 07:00:00+00:00,bdg2_3,21.61439678028172,45.264389985779445,1009.6089056909718,54.86,23.86,20.60043338298289
2025-01-06 08:00:00+00:00,bdg2_3,21.436483432219113,48.054599187326005,1010.0790871155093,54.86,23.86,20.40374480690882
2025-01-06 09:00:00+00:00,bdg2_3,20.686535467684124,53.367389820434745,1010.2301191693228,54.86,23.86,19.50227998493907
2025-01-06 10:00:00+00:00,bdg2_3,18.392971237009668,53.37235592114861,1010.0610198872823,54.86,23.86,21.05925124449384
2025-01-06 11:00:00+00:00,bdg2_3,17.403668384926622,59.24278180543188,1009.9428259964185,54.86,23.86,23.455111587092727
2025-01-06 12:00:00+00:00,bdg2_3,14.797746837953714,59.996531907818245,1010.3755334832101,54.86,23.86,26.534579698986562
2025-01-06 13:00:00+00:00,bdg2_3,13.213490199333746,63.11247582014266,1010.8052466403107,54.86,23.86,25.12474765806206
2025-01-06 14:00:00+00:00,bdg2_3,11.999597430007677,67.50939844343223,1010.4616970140632,54.86,23.86,26.88238274784556
2025-01-06 15:00:00+00:00,bdg2_3,10.360253612046787,69.36999085547714,1011.0385050162594,54.86,23.86,28.366094329857592
2025-01-06 16:00:00+00:00,bdg2_3,9.271961148275498,68.72967720759372,1010.3348561278066,54.86,23.86,29.3009224210125
2025-01-06 17:00:00+00:00,bdg2_3,7.94196361138928,71.10537649465805,1011.2100043718007,54.86,23.86,30.326512837577937
2025-01-06 18:00:00+00:00,bdg2_3,8.059303048901839,70.3440390059715,1010.0485777532836,54.86,23.86,30.312940757298197
2025-01-06 19:00:00+00:00,bdg2_3,8.35160174864521,73.7857734004132,1010.3602857483028,54.86,23.86,29.690837541453817
2025-01-06 20:00:00+00:00,bdg2_3,8.929324004868285,70.53786852295875,1010.3710022690871,54.86,23.86,29.497781190632185
2025-01-06 21:00:00+00:00,bdg2_3,10.377206200390546,70.43892399074596,1010.2547427128037,54.86,23.86,27.204449767840146
2025-01-06 22:00:00+00:00,bdg2_3,11.808675083894535,68.35378092050809,1010.4802401616167,54.86,23.86,28.18188068121904
2025-01-06 23:00:00+00:00,bdg2_3,12.825379520435284,63.412428129593266,1010.3646033314997,54.86,23.86,25.978014412667257
2025-01-07 00:00:00+00:00,bdg2_3,14.694315656872677,59.38958048999312,1010.4699314842081,54.86,23.86,25.180657118052476
2025-01-07 01:00:00+00:00,bdg2_3,16.879270592007675,58.34710444740321,1010.6789263996207,54.86,23.86,22.758276722451907
2025-01-07 02:00:00+00:00,bdg2_3,18.382853820796306,52.36291486222025,1011.2994325051261,54.86,23.86,23.586480784625177
2025-01-07 03:00:00+00:00,bdg2_3,19.30023429506609,49.55831928503127,1011.4699575553215,54.86,23.86,21.034945013205384
2025-01-07 04:00:00+00:00,bdg2_3,21.10338717909674,46.39842601467502,1011.582915723789,54.86,23.86,22.47518484136424
2025-01-07 05:00:00+00:00,bdg2_3,21.919921928670345,46.95154429679619,1011.8665197892036,54.86,23.86,20.3167681443323
2025-01-07 06:00:00+00:00,bdg2_3,21.878786250853967,51.03599378645594,1010.6716994850094,54.86,23.86,20.64647735110895
2025-01-07 07:00:00+00:00,bdg2_3,21.161520115659048,49.58458540564698,1010.949585621205,54.86,23.86,18.953289826186268
2025-01-07 08:00:00+00:00,bdg2_3,22.068606155248467,49.755495363470736,1010.8387541316956,54.86,23.86,19.144588001765406
2025-01-07 09:00:00+00:00,bdg2_3,19.574160487500258,53.244466685561214,1011.3574963214547,54.86,23.86,20.352929331448827
2025-01-07 10:00:00+00:00,bdg2_3,19.276678565689082,52.45865310828489,1011.4641433835277,54.86,23.86,22.94552528306672
2025-01-07 11:00:00+00:00,bdg2_3,16.750803765548508,57.18044493353091,1010.462114552306,54.86,23.86,20.791405857130297
2025-01-07 12:00:00+00:00,bdg2_3,15.195467592862165,58.251392260774345,1012.1042770179478,54.86,23.86,24.037151220820075
2025-01-07 13:00:00+00:00,bdg2_3,12.404286535315507,62.87790744977706,1011.5841334720758,54.86,23.86,26.258332664727046
2025-01-07 14:00:00+00:00,bdg2_3,12.256409970108775,64.8360082238939,1011.7680925271336,54.86,23.86,28.519646021444427
2025-01-07 15:00:00+00:00,bdg2_3,9.832630714120045,66.96209657372891,1012.102117829192,54.86,23.86,29.098686959289147
2025-01-07 16:00:00+00:00,bdg2_3,7.728335461139784,69.31707488073003,1012.403255697945,54.86,23.86,29.8108631695647
2025-01-07 17:00:00+00:00,bdg2_3,8.423575636865017,71.34743805045025,1011.5722889364594,54.86,23.86,29.63751371864001
2025-01-07 18:00:00+00:00,bdg2_3,8.830369376823091,73.30306860069011,1011.3248531081787,54.86,23.86,29.003095060647752
2025-01-07 19:00:00+00:00,bdg2_3,7.721393820054904,72.91039149677475,1012.7985175931068,54.86,23.86,31.601816306979025
2025-01-07 20:00:00+00:00,bdg2_3,9.56088369566113,68.64686649426947,1012.5836603170623,54.86,23.86,28.753666996443943
2025-01-07 21:00:00+00:00,bdg2_3,9.25378428196639,69.5588097648418,1013.126532371323,54.86,23.86,28.169386994204523
2025-01-07 22:00:00+00:00,bdg2_3,12.260814345318057,67.94693201397584,1012.649052671405,54.86,23.86,27.117537282457924
2025-01-07 23:00:00+00:00,bdg2_3,13.674802215149496,64.71039945119693,1012.6156190467349,54.86,23.86,26.231024184429938
2025-01-08 00:00:00+00:00,bdg2_3,15.446909429098426,62.756873984755245,1013.2923392631681,54.86,23.86,26.604546236063246
2025-01-08 01:00:00+00:00,bdg2_3,17.09503985308924,55.7301897747807,1013.65461792695,54.86,23.86,25.947894235481243
2025-01-08 02:00:00+00:00,bdg2_3,18.037622358189036,55.693334843119004,1012.6597946464666,54.86,23.86,21.775262377916896
2025-01-08 03:00:00+00:00,bdg2_3,20.261533072697308,53.671668321874044,1013.4729643497178,54.86,23.86,20.959997079407408
2025-01-08 04:00:00+00:00,bdg2_3,21.615513324505848,50.64765131205065,1013.630812965018,54.86,23.86,19.129128222979382
2025-01-08 05:00:00+00:00,bdg2_3,21.820290588100324,47.200216817340056,1012.773093212534,54.86,23.86,19.870582752702454
2025-01-08 06:00:00+00:00,bdg2_3,22.963135899032462,49.22671902019854,1013.6878145565577,54.86,23.86,20.058993418173976
2025-01-08 07:00:00+00:00,bdg2_3,21.737540605627792,49.00674362592284,1013.6430275527081,54.86,23.86,19.10633855296841
2025-01-08 08:00:00+00:00,bdg2_3,20.75095603942543,50.5521322462732,1014.1255522225781,54.86,23.86,19.596924138820107
2025-01-08 09:00:00+00:00,bdg2_3,19.889484663441674,52.40541765500477,1013.5925639442414,54.86,23.86,23.097524264772574
2025-01-08 10:00:00+00:00,bdg2_3,18.054444910883824,53.45305602404608,1014.9369834051442,54.86,23.86,22.091866315800356
2025-01-08 11:00:00+00:00,bdg2_3,16.07260667495064,55.67828872118131,1013.8468240970665,54.86,23.86,24.611338563938244
2025-01-08 12:00:00+00:00,bdg2_3,15.144377724808553,59.7817587616654,1014.2646134257677,54.86,23.86,25.17425317077234
2025-01-08 13:00:00+00:00,bdg2_3,13.854681452745004,62.5270289175696,1014.0107705125472,54.86,23.86,26.009453625365076
2025-01-08 14:00:00+00:00,bdg2_3,11.30296056283831,66.46107378085198,1014.309670718563,54.86,23.86,27.1809714129759
2025-01-08 15:00:00+00:00,bdg2_3,9.69636134575945,67.36870061328004,1014.3567492188242,54.86,23.86,28.803295783573752
2025-01-08 16:00:00+00:00,bdg2_3,9.256655001112716,70.78391434755962,1013.9587451011656,54.86,23.86,30.49563797628901
2025-01-08 17:00:00+00:00,bdg2_3,9.665731256701468,71.14991150084,1014.2600118611474,54.86,23.86,30.058696852779196
2025-01-08 18:00:00+00:00,bdg2_3,8.582842790688284,71.28771847791685,1015.2275836045038,54.86,23.86,30.031853177798673
2025-01-08 19:00:00+00:00,bdg2_3,8.893386202377494,72.40532901149994,1015.1427598809455,54.86,23.86,28.250040424575815
2025-01-08 20:00:00+00:00,bdg2_3,8.739869364288316,70.92349304670284,1016.1716857534941,54.86,23.86,30.153809252675227
2025-01-08 21:00:00+00:00,bdg2_3,10.297639915279667,66.78863706727242,1015.0204179906981,54.86,23.86,26.495581996101148
2025-01-08 22:00:00+00:00,bdg2_3,10.728297133862668,64.42526912991512,1014.7745808683743,54.86,23.86,27.005287217248757
2025-01-08 23:00:00+00:00,bdg2_3,12.624551568227796,63.24279645082534,1014.6631440486789,54.86,23.86,26.97927789546364
2025-01-09 00:00:00+00:00,bdg2_3,14.587978346401723,59.70478451561225,1015.2001546757044,54.86,23.86,24.11273588713068
2025-01-09 01:00:00+00:00,bdg2_3,17.070550364649325,55.70756001785519,1015.5994479940504,54.86,23.86,23.12422439908864
2025-01-09 02:00:00+00:00,bdg2_3,18.495938336213015,53.133441067852836,1016.2961383986091,54.86,23.86,23.395244210120445
2025-01-09 03:00:00+00:00,bdg2_3,21.315170123769253,49.45274876283411,1016.4241116665746,54.86,23.86,21.87471940342142
2025-01-09 04:00:00+00:00,bdg2_3,21.373643143144847,49.624280330331885,1015.6340064411779,54.86,23.86,20.36737122244844
2025-01-09 05:00:00+00:00,bdg2_3,22.233163626402455,48.38725559750353,1016.0538712103601,54.86,23.86,20.497282219281615
2025-01-09 06:00:00+00:00,bdg2_3,22.955478779742766,48.5476141413828,1016.307264616767,54.86,23.86,19.67677838248493
2025-01-09 07:00:00+00:00,bdg2_3,21.419719937771454,48.89280819744377,1015.6926315228638,54.86,23.86,20.050194206287145
2025-01-09 08:00:00+00:00,bdg2_3,20.907390726025977,48.95440554241306,1016.696974584214,54.86,23.86,19.8581270073621
2025-01-09 09:00:00+00:00,bdg2_3,20.0762877008485,48.3750670156872,1016.2524229323752,54.86,23.86,21.978952584322233
2025-01-09 10:00:00+00:00,bdg2_3,19.003691614926804,53.00727870686825,1015.0883952001744,54.86,23.86,22.17456232342105
2025-01-09 11:00:00+00:00,bdg2_3,18.01312170215035,56.710564787627405,1016.0795915070784,54.86,23.86,23.423344629947778
2025-01-09 12:00:00+00:00,bdg2_3,15.433187585601488,58.514885033904896,1015.976882707178,54.86,23.86,25.263517418381603
2025-01-09 13:00:00+00:00,bdg2_3,13.826232255116249,65.66896892220262,1014.8269274319716,54.86,23.86,26.05513229131477
2025-01-09 14:00:00+00:00,bdg2_3,10.738995117699979,64.89993988797977,1016.3000044104894,54.86,23.86,28.655079341442264
2025-01-09 15:00:00+00:00,bdg2_3,10.66889187467729,65.66389368764335,1015.3091215942825,54.86,23.86,27.24854879313873
2025-01-09 16:00:00+00:00,bdg2_3,8.546320340305908,70.34869870489202,1016.2271886051874,54.86,23.86,29.275499410398126
2025-01-09 17:00:00+00:00,bdg2_3,8.036826544706809,73.45912759345688,1015.5094912141531,54.86,23.86,29.550394199783643
2025-01-09 18:00:00+00:00,bdg2_3,7.403928792181616,71.18146058424324,1016.3120585611914,54.86,23.86,28.15788299406766
2025-01-09 19:00:00+00:00,bdg2_3,7.905855855557215,70.66911668307424,1015.7844979261299,54.86,23.86,29.820642617767668
2025-01-09 20:00:00+00:00,bdg2_3,8.694421362579059,69.4159557295202,1015.9426199501825,54.86,23.86,29.162301153604954
2025-01-09 21:00:00+00:00,bdg2_3,9.248081356989001,65.81648179128861,1015.6948561092181,54.86,23.86,29.235479947667578
2025-01-09 22:00:00+00:00,bdg2_3,11.401646870962988,64.88032209411564,1016.4353665449535,54.86,23.86,24.87459876310605
2025-01-09 23:00:00+00:00,bdg2_3,13.561349101363357,64.11699356429686,1016.4548331695622,54.86,23.86,26.213380992627073
2025-01-10 00:00:00+00:00,bdg2_3,14.88917613266391,59.030461334180586,1016.6118260652187,54.86,23.86,24.08708947209371
2025-01-10 01:00:00+00:00,bdg2_3,17.05158890437886,58.00772158903095,1016.0135514254642,54.86,23.86,22.798941035444386
2025-01-10 02:00:00+00:00,bdg2_3,19.740972621563216,54.33992919136481,1015.7977602991973,54.86,23.86,21.95845075759055
2025-01-10 03:00:00+00:00,bdg2_3,19.547451468684805,52.910659703923294,1016.6031825958057,54.86,23.86,22.84625299408217
2025-01-10 04:00:00+00:00,bdg2_3,20.978843447525,47.119820843070265,1015.515446667152,54.86,23.86,21.17655645269704
2025-01-10 05:00:00+00:00,bdg2_3,21.837718689966824,47.850318378318434,1015.1911637493004,54.86,23.86,19.742556138636576
2025-01-10 06:00:00+00:00,bdg2_3,22.46959190448104,46.61893513240191,1015.4815879325345,54.86,23.86,20.680653690387764
2025-01-10 07:00:00+00:00,bdg2_3,21.24339388087693,45.78222026695025,1015.9194177182172,54.86,23.86,20.87020356750373
2025-01-10 08:00:00+00:00,bdg2_3,21.168593361378697,47.44301404621132,1015.5352608705562,54.86,23.86,22.2462292816271
2025-01-10 09:00:00+00:00,bdg2_3,19.23147828820769,51.93070770422326,1015.2578665952849,54.86,23.86,21.674697715452524
2025-01-10 10:00:00+00:00,bdg2_3,17.8935939483315,51.47444861136234,1015.7531858302184,54.86,23.86,22.633089616003353
2025-01-10 11:00:00+00:00,bdg2_3,16.928416370393943,54.6675608415452,1015.6297355636268,54.86,23.86,24.97375646140084
2025-01-10 12:00:00+00:00,bdg2_3,14.729806502796272,60.5047359853313,1015.0952549646147,54.86,23.86,25.890586317337842
2025-01-10 13:00:00+00:00,bdg2_3,12.775017785397951,62.91800987788593,1015.7023745419992,54.86,23.86,26.755924654355745
2025-01-10 14:00:00+00:00,bdg2_3,11.025326424805304,65.94173378908842,1016.3853538852908,54.86,23.86,27.40106304746404
2025-01-10 15:00:00+00:00,bdg2_3,11.184182063994694,67.8793606483615,1014.8244728676358,54.86,23.86,28.86220975724425
2025-01-10 16:00:00+00:00,bdg2_3,9.527879319559078,69.00131425143122,1014.9041618800733,54.86,23.86,31.162899711994957
2025-01-10 17:00:00+00:00,bdg2_3,8.114915338958337,73.4065450281748,1015.9921250000845,54.86,23.86,27.840294243977816
2025-01-10 18:00:00+00:00,bdg2_3,8.045763439894094,68.43540066094916,1013.961359520413,54.86,23.86,29.767973456588635
2025-01-10 19:00:00+00:00,bdg2_3,8.86692495298973,70.65763974801432,1015.5264042644847,54.86,23.86,29.75423878419193
2025-01-10 20:00:00+00:00,bdg2_3,9.081487487916297,70.37698907928376,1015.2658657069253,54.86,23.86,29.249724893305512
2025-01-10 21:00:00+00:00,bdg2_3,10.68408985851733,67.18595099351906,1014.165930877224,54.86,23.86,28.361687681985682
2025-01-10 22:00:00+00:00,bdg2_3,10.929583961437435,64.30924517834606,1014.7921464575328,54.86,23.86,27.711545494515484
2025-01-10 23:00:00+00:00,bdg2_3,12.67317405960705,64.88446624192828,1014.1188709240663,54.86,23.86,26.543247532774686
2025-01-11 00:00:00+00:00,bdg2_3,14.410608149834616,59.28975025354487,1014.8338212083589,54.86,23.86,26.267505308297913
2025-01-11 01:00:00+00:00,bdg2_3,16.272582891423276,56.15011936559836,1013.9680919408025,54.86,23.86,23.10127521446896
2025-01-11 02:00:00+00:00,bdg2_3,18.910344190054293,53.4286402336491,1014.7541015939012,54.86,23.86,20.86599970213734
2025-01-11 03:00:00+00:00,bdg2_3,20.188586182366105,52.98384125157237,1013.5838792560522,54.86,23.86,21.151021838115476
2025-01-11 04:00:00+00:00,bdg2_3,20.49133734536886,48.43401578509981,1013.3767641144021,54.86,23.86,21.741422242120386
2025-01-11 05:00:00+00:00,bdg2_3,21.335547813155173,51.00176276439142,1014.3620967437395,54.86,23.86,19.555429706241274
2025-01-11 06:00:00+00:00,bdg2_3,21.90838446196345,45.997416353657606,1012.7939577860714,54.86,23.86,20.81606477267351
2025-01-11 07:00:00+00:00,bdg2_3,21.99959595334023,48.76150746651629,1014.2720811983506,54.86,23.86,20.21378293879259
2025-01-11 08:00:00+00:00,bdg2_3,20.998730601223617,49.65959231907569,1014.0395367316852,54.86,23.86,19.360348646149514
2025-01-11 09:00:00+00:00,bdg2_3,19.85634646773036,54.46870814100404,1013.410926105835,54.86,23.86,20.94040121648512
2025-01-11 10:00:00+00:00,bdg2_3,19.39233300170029,54.0478617307592,1013.7848342523112,54.86,23.86,22.13426203339844
2025-01-11 11:00:00+00:00,bdg2_3,17.201655401086107,56.27518972510229,1013.3727587723405,54.86,23.86,24.64906139721502
2025-01-11 12:00:00+00:00,bdg2_3,14.390613422725608,59.00073447438416,1013.2362135879877,54.86,23.86,25.661290974360472
2025-01-11 13:00:00+00:00,bdg2_3,13.007255377101874,64.42104063990492,1013.7348520726403,54.86,23.86,25.91773533270429
2025-01-11 14:00:00+00:00,bdg2_3,11.04001267410755,66.59566755267993,1012.7397891883556,54.86,23.86,27.70531701707472
2025-01-11 15:00:00+00:00,bdg2_3,10.616285003783435,68.03515939611201,1013.1370399926824,54.86,23.86,29.504107572673494
2025-01-11 16:00:00+00:00,bdg2_3,8.648932272604855,67.9430400671101,1011.6813352873936,54.86,23.86,30.73810968460557
2025-01-11 17:00:00+00:00,bdg2_3,9.804534080046773,72.28682906661274,1012.7195125089578,54.86,23.86,30.62884527558319
2025-01-11 18:00:00+00:00,bdg2_3,7.873203708350312,72.13153595161603,1012.001961367469,54.86,23.86,30.549570458054703
2025-01-11 19:00:00+00:00,bdg2_3,8.624485883225518,72.62899201510977,1011.6685384261394,54.86,23.86,31.16168051121202
2025-01-11 20:00:00+00:00,bdg2_3,9.262216993471185,70.39139825476441,1012.1801353241324,54.86,23.86,28.15196217173942
2025-01-11 21:00:00+00:00,bdg2_3,10.013200446742024,68.41585270718757,1012.637621352847,54.86,23.86,28.591600994607923
2025-01-11 22:00:00+00:00,bdg2_3,11.437134171680283,66.074069569632,1011.9292105311513,54.86,23.86,26.89743036423161
2025-01-11 23:00:00+00:00,bdg2_3,13.405429445364236,61.978531538330664,1011.6130706717682,54.86,23.86,24.718748239459988
2025-01-12 00:00:00+00:00,bdg2_3,15.152306478989644,60.11626553696007,1011.1953209007027,54.86,23.86,24.555932267036102
2025-01-12 01:00:00+00:00,bdg2_3,17.39230431422634,56.490536114567966,1010.766668476478,54.86,23.86,25.34203468439488
2025-01-12 02:00:00+00:00,bdg2_3,19.16002867382009,53.8664471584422,1011.2497654880185,54.86,23.86,21.564375064175586
2025-01-12 03:00:00+00:00,bdg2_3,19.890011529807175,51.38300391493899,1010.6648921884564,54.86,23.86,21.58970630651181
2025-01-12 04:00:00+00:00,bdg2_3,21.16009399509526,50.93782773229225,1011.3170015775835,54.86,23.86,18.575492312307258
2025-01-12 05:00:00+00:00,bdg2_3,21.568720045662808,46.29543093003779,1011.2567601758399,54.86,23.86,19.757874222268054
2025-01-12 06:00:00+00:00,bdg2_3,22.241394991455664,48.99904457032841,1011.18198551909,54.86,23.86,18.43649488272868
2025-01-12 07:00:00+00:00,bdg2_3,22.240802209951873,46.09593164054978,1010.8841291268748,54.86,23.86,18.747601024095115
2025-01-12 08:00:00+00:00,bdg2_3,20.97740740778452,51.80006148891693,1011.3344748810231,54.86,23.86,21.008104436887237
2025-01-12 09:00:00+00:00,bdg2_3,19.79216201814268,52.221875065325335,1010.0060388239518,54.86,23.86,20.186179453084655
2025-01-12 10:00:00+00:00,bdg2_3,18.878151439397996,53.35626596360784,1011.4419370058304,54.86,23.86,21.172014898911673
2025-01-12 11:00:00+00:00,bdg2_3,17.504249207908675,57.337246472474135,1011.0706304323805,54.86,23.86,24.036672074783443
2025-01-12 12:00:00+00:00,bdg2_3,16.50637728411866,58.35212555605479,1010.2684241744613,54.86,23.86,24.28624118965813
2025-01-12 13:00:00+00:00,bdg2_3,14.045385047813795,63.833073002701646,1010.6065955681811,54.86,23.86,24.617830424811913
2025-01-12 14:00:00+00:00,bdg2_3,11.944184250468439,67.43426360410376,1011.4453795945559,54.86,23.86,27.215971064647892
2025-01-12 15:00:00+00:00,bdg2_3,9.653061850736075,68.65222601897584,1010.3175135726971,54.86,23.86,27.364831947987433
2025-01-12 16:00:00+00:00,bdg2_3,9.499981549440397,73.3530614860719,1010.7937259645905,54.86,23.86,29.08688702711579
2025-01-12 17:00:00+00:00,bdg2_3,7.874487121534305,72.09062602520535,1009.7933276837452,54.86,23.86,30.496227403143266
2025-01-12 18:00:00+00:00,bdg2_3,7.88232785859748,70.95682376081682,1010.4679791500681,54.86,23.86,29.966803472991007
2025-01-12 19:00:00+00:00,bdg2_3,8.038539214839814,72.61294515214027,1009.9414596371118,54.86,23.86,28.848518116462138
2025-01-12 20:00:00+00:00,bdg2_3,8.102175263583343,74.62498816596117,1009.6680370778766,54.86,23.86,29.750530396738963
2025-01-12 21:00:00+00:00,bdg2_3,10.651654258833629,65.73582735877736,1009.9239427193714,54.86,23.86,29.690299974414433
2025-01-12 22:00:00+00:00,bdg2_3,11.357490856040151,67.74412567691631,1010.0656845087562,54.86,23.86,27.7937664707026
2025-01-12 23:00:00+00:00,bdg2_3,13.910995029711653,61.24048553219269,1009.1957136680056,54.86,23.86,27.331155583793034
2025-01-13 00:00:00+00:00,bdg2_3,16.047962530279047,59.699721460670375,1010.1457949166681,54.86,23.86,24.411423938201544
2025-01-13 01:00:00+00:00,bdg2_3,17.205577177145706,57.886045403378176,1010.3486233921504,54.86,23.86,22.503789391805896
2025-01-13 02:00:00+00:00,bdg2_3,18.27044228081132,54.39308803901004,1010.7289861153535,54.86,23.86,21.55181345453821
2025-01-13 03:00:00+00:00,bdg2_3,18.983895244264072,52.5888510636535,1010.3709351399965,54.86,23.86,21.196420168921215
2025-01-13 04:00:00+00:00,bdg2_3,20.527947827717117,45.34028876356355,1009.9792189746196,54.86,23.86,20.98640294171325
2025-01-13 05:00:00+00:00,bdg2_3,21.419624118996854,48.090128651715794,1009.4180268274505,54.86,23.86,19.763357739488097
2025-01-13 06:00:00+00:00,bdg2_3,21.833071939441272,46.60482691903932,1009.7572998613292,54.86,23.86,19.139385256001763
2025-01-13 07:00:00+00:00,bdg2_3,22.203642237739217,49.145656009746205,1009.4931483315928,54.86,23.86,18.81796847969986
2025-01-13 08:00:00+00:00,bdg2_3,21.501141631150478,50.700905619027886,1009.825993091038,54.86,23.86,19.470647667287928
2025-01-13 09:00:00+00:00,bdg2_3,19.216521008097743,50.48009949232039,1009.9701323895285,54.86,23.86,21.010714582079387
2025-01-13 10:00:00+00:00,bdg2_3,18.82227238954308,53.23409544879572,1009.8546252372239,54.86,23.86,24.69295900908291
2025-01-13 11:00:00+00:00,bdg2_3,16.529297167828698,57.33580006164304,1009.6495967304317,54.86,23.86,24.733532109033163
2025-01-13 12:00:00+00:00,bdg2_3,14.54320734732922,60.00936621310512,1010.0978427420333,54.86,23.86,26.35997426776114
2025-01-13 13:00:00+00:00,bdg2_3,12.645587479170494,62.84707380458276,1009.3954068417381,54.86,23.86,27.585071126255926
2025-01-13 14:00:00+00:00,bdg2_3,12.0486773469972,67.14588118225613,1009.5559438735055,54.86,23.86,28.753404199509223
2025-01-13 15:00:00+00:00,bdg2_3,10.231696618052009,70.87481190914205,1010.2767339132713,54.86,23.86,29.635743144891325
2025-01-13 16:00:00+00:00,bdg2_3,8.80873523271503,70.94565240517952,1010.1184157211533,54.86,23.86,28.607581627677845
2025-01-13 17:00:00+00:00,bdg2_3,8.597453548727415,72.82708268901783,1008.7578951642547,54.86,23.86,27.429447169842497
2025-01-13 18:00:00+00:00,bdg2_3,8.898801763168862,74.26343215889885,1010.3909272659176,54.86,23.86,30.003641128371573
2025-01-13 19:00:00+00:00,bdg2_3,8.86256309144885,71.4881937613001,1011.1699500291983,54.86,23.86,30.86671523539685
2025-01-13 20:00:00+00:00,bdg2_3,9.32355205477799,69.5966600382537,1010.7916752982646,54.86,23.86,28.18115093755731
2025-01-13 21:00:00+00:00,bdg2_3,10.40751035376918,68.41776674038852,1009.8638976344538,54.86,23.86,27.366605914001205
2025-01-13 22:00:00+00:00,bdg2_3,11.571640120093527,65.45073802600147,1010.7723765120701,54.86,23.86,27.775823845710953
2025-01-13 23:00:00+00:00,bdg2_3,12.710235496659248,62.87499981352071,1010.9143461480821,54.86,23.86,26.5345836857406
2025-01-14 00:00:00+00:00,bdg2_3,14.959507728677023,61.55358301312683,1011.2443465769894,54.86,23.86,25.819973400295687
2025-01-14 01:00:00+00:00,bdg2_3,16.24008615420509,56.50870907698806,1010.92386462161,54.86,23.86,21.94408059622448
2025-01-14 02:00:00+00:00,bdg2_3,18.73970700819868,53.5515959328444,1011.6203189362003,54.86,23.86,23.10522042995066
2025-01-14 03:00:00+00:00,bdg2_3,20.010486157918052,52.1686660522281,1010.56237860326,54.86,23.86,22.237023995461616
2025-01-14 04:00:00+00:00,bdg2_3,21.990635483746246,52.610893179651235,1011.0280109185143,54.86,23.86,20.22369663748705
2025-01-14 05:00:00+00:00,bdg2_3,22.46618675443523,48.409610354245316,1011.097110175593,54.86,23.86,19.432024273097063
2025-01-14 06:00:00+00:00,bdg2_3,22.616138330766365,44.73940004772278,1010.1190269241558,54.86,23.86,19.348824181603163
2025-01-14 07:00:00+00:00,bdg2_3,21.691130908499694,47.00897678488389,1010.8070287746714,54.86,23.86,20.59892064962143
2025-01-14 08:00:00+00:00,bdg2_3,21.917028254405082,47.274406474614715,1011.6057266377986,54.86,23.86,21.031075762605504
2025-01-14 09:00:00+00:00,bdg2_3,20.62374026355327,50.04912285640069,1010.868919275151,54.86,23.86,20.76594235691774
2025-01-14 10:00:00+00:00,bdg2_3,18.08134530449141,53.54775938986954,1011.8411819894209,54.86,23.86,22.001458116208394
2025-01-14 11:00:00+00:00,bdg2_3,16.58142601754117,58.70487687895607,1010.9567241559234,54.86,23.86,23.425721298362642
2025-01-14 12:00:00+00:00,bdg2_3,14.607267170490724,57.388907199564784,1011.601029463637,54.86,23.86,24.479485190549664
2025-01-14 13:00:00+00:00,bdg2_3,13.072101798440382,63.10277036446745,1011.0750656860453,54.86,23.86,25.974793900796133
2025-01-14 14:00:00+00:00,bdg2_3,11.156394380095227,64.82185371157063,1012.0293510455891,54.86,23.86,26.272728735110935
2025-01-14 15:00:00+00:00,bdg2_3,9.78216266171267,67.38023552826705,1012.0279951536552,54.86,23.86,30.574361790249895
2025-01-14 16:00:00+00:00,bdg2_3,8.778113001906691,71.10121475252936,1012.1225007278994,54.86,23.86,28.08836774336108
2025-01-14 17:00:00+00:00,bdg2_3,7.6985499213981,72.9830196159569,1012.116659313802,54.86,23.86,29.033725739714374
2025-01-14 18:00:00+00:00,bdg2_3,8.076452530337354,70.4440310032833,1012.4957954649699,54.86,23.86,29.667248745347433
2025-01-14 19:00:00+00:00,bdg2_3,8.27557582182792,69.04183872869956,1012.5430933939612,54.86,23.86,31.31529211172234
2025-01-14 20:00:00+00:00,bdg2_3,9.518706144998962,70.53385927850448,1012.2897271260008,54.86,23.86,28.970374685779046
2025-01-14 21:00:00+00:00,bdg2_3,9.524421110121528,68.74101486412317,1012.0537476048474,54.86,23.86,27.347996811326446
2025-01-14 22:00:00+00:00,bdg2_3,11.42800319107462,66.77989097877148,1013.1050345134405,54.86,23.86,27.45453334840607
2025-01-14 23:00:00+00:00,bdg2_3,13.442072104658136,64.55951609201438,1012.5709720815164,54.86,23.86,25.892015213103768
2025-01-15 00:00:00+00:00,bdg2_3,14.525921375974995,59.305825501829254,1013.5420133749869,54.86,23.86,23.72852159404188
2025-01-15 01:00:00+00:00,bdg2_3,17.82438923044178,54.78466761178748,1013.2526996527034,54.86,23.86,24.81816849860105
2025-01-15 02:00:00+00:00,bdg2_3,19.131412602127934,53.98294225433957,1014.08750483567,54.86,23.86,22.46232291337609
2025-01-15 03:00:00+00:00,bdg2_3,20.698288100483264,52.46318004414738,1013.7091657264738,54.86,23.86,21.238855367135553
2025-01-15 04:00:00+00:00,bdg2_3,21.256584839315018,50.668636016562886,1013.4509771596387,54.86,23.86,18.95048111531954
2025-01-15 05:00:00+00:00,bdg2_3,21.631883407852303,48.13276601796858,1013.215664130496,54.86,23.86,22.78437852952471
2025-01-15 06:00:00+00:00,bdg2_3,21.831969374812534,45.6129442070767,1013.7032781148662,54.86,23.86,18.86723215153693
2025-01-15 07:00:00+00:00,bdg2_3,21.74588077244188,48.976977071393755,1012.9458858753883,54.86,23.86,18.536853720965155
2025-01-15 08:00:00+00:00,bdg2_3,21.21659245545056,51.44929911794996,1013.8106769894164,54.86,23.86,19.65619320202408
2025-01-15 09:00:00+00:00,bdg2_3,20.16093529528077,50.16576040290036,1013.6303303924809,54.86,23.86,23.116745288422845
2025-01-15 10:00:00+00:00,bdg2_3,18.505059071195607,54.22113850902143,1014.3192222320038,54.86,23.86,22.837877842543126
2025-01-15 11:00:00+00:00,bdg2_3,16.510423014818926,57.83867860945355,1013.8913970180373,54.86,23.86,24.347699297242904
2025-01-15 12:00:00+00:00,bdg2_3,14.420791980744704,60.43559922465473,1013.9604680936153,54.86,23.86,26.681414660957465
2025-01-15 13:00:00+00:00,bdg2_3,12.239067279797624,62.62063176418794,1014.3565941282329,54.86,23.86,27.385699616288814
2025-01-15 14:00:00+00:00,bdg2_3,11.767568680734923,66.80102662492416,1013.4543332161271,54.86,23.86,28.54732309453022
2025-01-15 15:00:00+00:00,bdg2_3,10.612022790641278,70.2280073032703,1014.8746503501494,54.86,23.86,27.86473474692823
2025-01-15 16:00:00+00:00,bdg2_3,8.692107587449753,68.98910222757145,1014.7909132885059,54.86,23.86,30.37310043164109
2025-01-15 17:00:00+00:00,bdg2_3,8.368865251729304,71.36659113278341,1015.115721106952,54.86,23.86,31.79896228206339
2025-01-15 18:00:00+00:00,bdg2_3,7.714777457458287,72.36248915285135,1014.8887415461392,54.86,23.86,27.715465462340216
2025-01-15 19:00:00+00:00,bdg2_3,9.006213763702252,73.52830021559043,1015.1825240598699,54.86,23.86,30.077288876958953
2025-01-15 20:00:00+00:00,bdg2_3,9.11003683977706,70.46575316792517,1014.9960821773486,54.86,23.86,28.328529144297022
2025-01-15 21:00:00+00:00,bdg2_3,10.187571033284785,67.80846894419453,1015.17375818539,54.86,23.86,29.925122096395466
2025-01-15 22:00:00+00:00,bdg2_3,11.141197920555317,65.83227950450105,1014.402304308127,54.86,23.86,27.920005232913308
2025-01-15 23:00:00+00:00,bdg2_3,13.29037333343005,62.55839605888448,1014.9125800129879,54.86,23.86,27.6587330534268
